plant_id,original_species_name,verbatim_scientific_name,canonical_candidate_name,authorship_candidate,canonical_lookup_key,family_name,common_name,classification,purpose,reference,detail_url,source_batch_id,raw_hash,species_name
1,Abelmoschus manihot,Abelmoschus manihot,Abelmoschus manihot,,abelmoschus manihot,Malvaceae,,plants(vegetables),medicinal,"Roosita,J.Ethnopharmacol.,115,(2008),72",https://www.knapsackfamily.com/knapsack_core/result.php?sname=organism&word=Abelmoschus%20manihot,knapsack_world_id_2026_04_17,0099957a674ae34ac20da21a9e8ca4b0c225ed2910614037590f1a667def0f03,Abelmoschus manihot
2,Abelmoschus moschatus (L.) Medic.,Abelmoschus moschatus (L.) Medic.,Abelmoschus moschatus,(L.) Medic.,abelmoschus moschatus,Malvaceae,,plants,medicinal,"Atlas Tumbuhan Obat by dr.Setiawan Dalimartha (2000),Vol 2,ISBN 979-661-065-5.",https://www.knapsackfamily.com/knapsack_core/result.php?sname=organism&word=Abelmoschus%20moschatus,knapsack_world_id_2026_04_17,7de06db7349ad60d42a350f007bdeb51f26588804729fec442b95a35b8876d1a,Abelmoschus moschatus (L.) Medic.
3,Abrus fruticulosus Wight & Arn.,Abrus fruticulosus Wight & Arn.,Abrus fruticulosus,Wight & Arn.,abrus fruticulosus,Fabaceae,,plants,medicinal,"de Padua et al.(1999), Plant Resources of South-East Asia 12,(1) Medicinal and poisonous plants 1, Bogor, Indonesia",https://www.knapsackfamily.com/knapsack_core/result.php?sname=organism&word=Abrus%20fruticulosus,knapsack_world_id_2026_04_17,52348645be8057f1d946752ff3b202247a5ac23ee8a755dd0524ebc790ea280f,Abrus fruticulosus Wight & Arn.
4,Abrus precatorius,Abrus precatorius,Abrus precatorius,,abrus precatorius,Fabaceae,Jequirity | Crab's eye | Indian liquorice,plants(vegetables),medicinal,"JAMU in Indonesian Daily Life and Industry by Suwidjiyo Pramono Roosita,J.Ethnopharmacol.,115,(2008),72 Herbal Indonesia Berkhasiat by Bukti Ilmiah & Cara Racik,Vol 8,ISBN 979-688-236-6.",https://www.knapsackfamily.com/knapsack_core/result.php?sname=organism&word=Abrus%20precatorius,knapsack_world_id_2026_04_17,06b4c75e1fe50bdd882d114a928e6d63019cd0dd63f5b3737c1b7a09188a7484,Abrus precatorius
5,Abutilon indicum (L.) Sweet,Abutilon indicum (L.) Sweet,Abutilon indicum,(L.) Sweet,abutilon indicum,Malvaceae,,plants,medicinal,"Utami,Buku Pintar Tanaman Obat,431 jenis tanaman penggempur aneka penyakit,Redaksi AgroMedia,(2008)",https://www.knapsackfamily.com/knapsack_core/result.php?sname=organism&word=Abutilon%20indicum,knapsack_world_id_2026_04_17,f70ac22701711653df7125304b16ce136d7f53bc36c896c44b650b10e86b365e,Abutilon indicum (L.) Sweet
6,Acalypha hispida,Acalypha hispida,Acalypha hispida,,acalypha hispida,Euphorbiaceae,,plants,medicinal,"Herbal Indonesia Berkhasiat by Bukti Ilmiah & Cara Racik,Vol 8,ISBN 979-688-236-6.",https://www.knapsackfamily.com/knapsack_core/result.php?sname=organism&word=Acalypha%20hispida,knapsack_world_id_2026_04_17,79013e2ae304c01bd350e185600b2a8d1a15b791e2a3802dccb96b74d1d49b51,Acalypha hispida
7,Acalypha indica L.,Acalypha indica L.,Acalypha indica,L.,acalypha indica,Euphorbiaceae,,plants,medicinal,"Atlas Tumbuhan Obat by dr.Setiawan Dalimartha (2000),Vol 2,ISBN 979-661-065-5. Utami,Buku Pintar Tanaman Obat,431 jenis tanaman penggempur aneka penyakit,Redaksi AgroMedia,(2008)",https://www.knapsackfamily.com/knapsack_core/result.php?sname=organism&word=Acalypha%20indica,knapsack_world_id_2026_04_17,ef4a6f8b89923c3ca776800feb9223d407607b331908c9ddfb98c6ee1babf9ea,Acalypha indica L.
8,Acanthus ilicifolius L.,Acanthus ilicifolius L.,Acanthus ilicifolius,L.,acanthus ilicifolius,Acanthaceae,,plants,medicinal,"Utami,Buku Pintar Tanaman Obat,431 jenis tanaman penggempur aneka penyakit,Redaksi AgroMedia,(2008)",https://www.knapsackfamily.com/knapsack_core/result.php?sname=organism&word=Acanthus%20ilicifolius,knapsack_world_id_2026_04_17,c5ccc0e79dca6d611e847c7c03c9e72b62536454aae480eaf06c71746aa32ab1,Acanthus ilicifolius L.
9,Achyranthes aspera L.,Achyranthes aspera L.,Achyranthes aspera,L.,achyranthes aspera,Amaranthaceae,,plants,medicinal,"Atlas Tumbuhan Obat by dr.Setiawan Dalimartha (2008),Vol 5,ISBN 978-979-1480-18-5. Utami,Buku Pintar Tanaman Obat,431 jenis tanaman penggempur aneka penyakit,Redaksi AgroMedia,(2008)",https://www.knapsackfamily.com/knapsack_core/result.php?sname=organism&word=Achyranthes%20aspera,knapsack_world_id_2026_04_17,3d97f1587396a0e6d56e3cf087afc3d808cd05772dfaceb12f9705ea5f9e8dde,Achyranthes aspera L.
10,Acorus calamus,Acorus calamus,Acorus calamus,,acorus calamus,Acoraceae,Sweet flag | Calamus | Myrtle flag,plants,medicinal,"JAMU in Indonesian Daily Life and Industry by Suwidjiyo Pramono Herbal Indonesia Berkhasiat by Bukti Ilmiah & Cara Racik,Vol 8,ISBN 979-688-236-6.",https://www.knapsackfamily.com/knapsack_core/result.php?sname=organism&word=Acorus%20calamus,knapsack_world_id_2026_04_17,de7ce2df16c5aec13e00ee71ab60cd236f1e06062795dc0a64095aee5a589179,Acorus calamus
11,Aegle marmelos Correa.,Aegle marmelos Correa.,Aegle marmelos,Correa.,aegle marmelos,Rutaceae,,plants,medicinal,"Tumbuhan Obat & Khasiatnya by Drs.H.Arief Hariana (2005),Vol.2,ISBN 979-489-957-7.",https://www.knapsackfamily.com/knapsack_core/result.php?sname=organism&word=Aegle%20marmelos,knapsack_world_id_2026_04_17,0775acc1f54da2fe539802b9ec55f9be245dd3ceb7f89d8637081dfa4a658614,Aegle marmelos Correa.
12,Aerva lanata (L.) A. L. Juss. ex Schultes,Aerva lanata (L.) A. L. Juss. ex Schultes,Aerva lanata,(L.) A. L. Juss. ex Schultes,aerva lanata,Amaranthaceae,,plants,medicinal,"Utami,Buku Pintar Tanaman Obat,431 jenis tanaman penggempur aneka penyakit,Redaksi AgroMedia,(2008) de Padua et al.(1999), Plant Resources of South-East Asia 12,(1) Medicinal and poisonous plants 1, Bogor, Indonesia",https://www.knapsackfamily.com/knapsack_core/result.php?sname=organism&word=Aerva%20lanata,knapsack_world_id_2026_04_17,489b449e5c56e5e2c3271c5202d022bfb0b5de048f6d801823a9ad413cc36165,Aerva lanata (L.) A. L. Juss. ex Schultes
13,Agathis dammara (Lamb.) L.C.Richard.,Agathis dammara (Lamb.) L.C.Richard.,Agathis dammara,(Lamb.) L.C.Richard.,agathis dammara,Araucariaceae,,plants,medicinal,"Taksonomi Koleksi Tanaman Obat Kebun Tanaman Obat Citeureup,vol.kedua(2009),ISBN 978-979-3707-42-6.",https://www.knapsackfamily.com/knapsack_core/result.php?sname=organism&word=Agathis%20dammara,knapsack_world_id_2026_04_17,45bdf028fd89ebf8f0afb7deecc4194fd01e3d0fe20fb6c89462a44394e299d5,Agathis dammara (Lamb.) L.C.Richard.
14,Ageratum conyzoides,Ageratum conyzoides,Ageratum conyzoides,,ageratum conyzoides,Asteraceae,,plants(scenting),medicinal,"Roosita,J.Ethnopharmacol.,115,(2008),72 Herbal Indonesia Berkhasiat by Bukti Ilmiah & Cara Racik,Vol 8,ISBN 979-688-236-6. Tumbuhan Obat & Khasiatnya by Drs.H.Arief Hariana (2004),Vol.1,ISBN 979-489-816-3.",https://www.knapsackfamily.com/knapsack_core/result.php?sname=organism&word=Ageratum%20conyzoides,knapsack_world_id_2026_04_17,68dd56c8678437cb773a76f7a6524f2991cbe8ae2f25a7e59fc3d411fe518092,Ageratum conyzoides
15,Ageratum houstonianum Miller,Ageratum houstonianum Miller,Ageratum houstonianum,Miller,ageratum houstonianum,Asteraceae,,plants,medicinal,"de Padua et al.(1999), Plant Resources of South-East Asia 12,(1) Medicinal and poisonous plants 1, Bogor, Indonesia",https://www.knapsackfamily.com/knapsack_core/result.php?sname=organism&word=Ageratum%20houstonianum,knapsack_world_id_2026_04_17,a81c58a5b97146eb9a9da13666cd8044989494780363d212372fc9c852e3d719,Ageratum houstonianum Miller
16,Aglaia odorata L.,Aglaia odorata L.,Aglaia odorata,L.,aglaia odorata,Meliaceae,,plants,medicinal,"Hariana,Tubuhan Obat dan Khasiatnya Seri 2,Penebar Sadaya,(2002) Utami,Buku Pintar Tanaman Obat,431 jenis tanaman penggempur aneka penyakit,Redaksi AgroMedia,(2008)",https://www.knapsackfamily.com/knapsack_core/result.php?sname=organism&word=Aglaia%20odorata,knapsack_world_id_2026_04_17,17648671135dc85a3463954674ceda8d8180be456f6a43f689c0cd3c91f9cfd6,Aglaia odorata L.
17,Albizia chinensis,Albizia chinensis,Albizia chinensis,,albizia chinensis,Fabaceae Mimosaceae,,plants,medicinal,"Medicinal Plants From the East by Christophe Wiart,ISBN 978-1-904761-85-3.",https://www.knapsackfamily.com/knapsack_core/result.php?sname=organism&word=Albizia%20chinensis,knapsack_world_id_2026_04_17,6d1646addab5b2b511dcb0e9e8c1159efd906087eedb5bb30ae6549d22bbdc9e,Albizia chinensis
18,Aleurites moluccana,Aleurites moluccana,Aleurites moluccana,,aleurites moluccana,Euphorbiaceae,,plants,medicinal,"Utami,Buku Pintar Tanaman Obat,431 jenis tanaman penggempur aneka penyakit,Redaksi AgroMedia,(2008) 高橋澄子,ジャムウ インドネシアの伝統治療薬、平河出版社(1988)[Takahasi, S.,Traditional remedy of Indonesia,(1988), in Japanese]",https://www.knapsackfamily.com/knapsack_core/result.php?sname=organism&word=Aleurites%20moluccana,knapsack_world_id_2026_04_17,63a6ca2970cd23254cff03abf5ee061de025a4ab0aef13d13cd912fb5c295afb,Aleurites moluccana
19,Allamanda cathartica L.,Allamanda cathartica L.,Allamanda cathartica,L.,allamanda cathartica,Apocynaceae,,plants,medicinal,"Atlas Tumbuhan Obat by dr.Setiawan Dalimartha (2008),Vol 5,ISBN 978-979-1480-18-5.",https://www.knapsackfamily.com/knapsack_core/result.php?sname=organism&word=Allamanda%20cathartica,knapsack_world_id_2026_04_17,7a2267ac4462afa291dd5aad42e80b6aa79ee7a154c4adca940f7bfbe938cd27,Allamanda cathartica L.
20,Allium cepa,Allium cepa,Allium cepa,,allium cepa,Amaryllidaceae Alliaceae Liliaceae,Onion,plants,medicinal,"Herbal Indonesia Berkhasiat by Bukti Ilmiah & Cara Racik,Vol 8,ISBN 979-688-236-6.",https://www.knapsackfamily.com/knapsack_core/result.php?sname=organism&word=Allium%20cepa,knapsack_world_id_2026_04_17,4f0c3a4100a32ef14f3877bd7380134f5471555e42e569e6c6632204be40d397,Allium cepa
21,Allium chinense G.Don,Allium chinense G.Don,Allium chinense,G.Don,allium chinense,Amaryllidaceae Alliaceae Liliaceae,,plants,medicinal,"de Padua et al.(1999), Plant Resources of South-East Asia 12,(1) Medicinal and poisonous plants 1, Bogor, Indonesia",https://www.knapsackfamily.com/knapsack_core/result.php?sname=organism&word=Allium%20chinense,knapsack_world_id_2026_04_17,702be84c2f6ad6c328ce2b5d6f64af3a02cb0f3b3b35598c8f11757aa8bb7220,Allium chinense G.Don
22,Allium fistulosum L.,Allium fistulosum L.,Allium fistulosum,L.,allium fistulosum,Amaryllidaceae Alliaceae Liliaceae,,plants,medicinal,"de Padua et al.(1999), Plant Resources of South-East Asia 12,(1) Medicinal and poisonous plants 1, Bogor, Indonesia",https://www.knapsackfamily.com/knapsack_core/result.php?sname=organism&word=Allium%20fistulosum,knapsack_world_id_2026_04_17,af84418c1a8ccc5842158d20a6a8e79619253857e39ca1c4821d340bd8b339ef,Allium fistulosum L.
23,Allium sativum,Allium sativum,Allium sativum,,allium sativum,Amaryllidaceae Alliaceae Liliaceae,Garlic,plants,medicinal,"Roosita,J.Ethnopharmacol.,115,(2008),72 Herbal Indonesia Berkhasiat by Bukti Ilmiah & Cara Racik,Vol 8,ISBN 979-688-236-6.",https://www.knapsackfamily.com/knapsack_core/result.php?sname=organism&word=Allium%20sativum,knapsack_world_id_2026_04_17,ec5c8a69faf8a24162d3c68101b15b9f9c2741056715adaa8fc1c3e09df76df8,Allium sativum
24,Allium tuberosum Rottler ex Sprengel,Allium tuberosum Rottler ex Sprengel,Allium tuberosum,Rottler ex Sprengel,allium tuberosum,Amaryllidaceae Alliaceae Liliaceae,,plants,medicinal,"de Padua et al.(1999), Plant Resources of South-East Asia 12,(1) Medicinal and poisonous plants 1, Bogor, Indonesia",https://www.knapsackfamily.com/knapsack_core/result.php?sname=organism&word=Allium%20tuberosum,knapsack_world_id_2026_04_17,dac1c0fef4ea0fb69256973c1c4e11281edd074766e56addf5ed2f18597e2bb6,Allium tuberosum Rottler ex Sprengel
25,Alocasia macrorrhiza (L.) G.Don.,Alocasia macrorrhiza (L.) G.Don.,Alocasia macrorrhiza,(L.) G.Don.,alocasia macrorrhiza,Araceae,,plants,medicinal,"Tumbuhan Obat & Khasiatnya by Drs.H.Arief Hariana (2006),Vol.3,ISBN 979-002-008-2.",https://www.knapsackfamily.com/knapsack_core/result.php?sname=organism&word=Alocasia%20macrorrhiza,knapsack_world_id_2026_04_17,36db0a2748049d2b30e4a378168244b3bbae500d7bd427488d65d380dfab1794,Alocasia macrorrhiza (L.) G.Don.
26,Aloe vera,Aloe vera,Aloe vera,,aloe vera,Xanthorrhoeaceae Asphodelaceae Liliaceae,aloe | Barbados aloe | Curacao aloe,plants,medicinal,"Herbal Indonesia Berkhasiat by Bukti Ilmiah & Cara Racik,Vol 8,ISBN 979-688-236-6.",https://www.knapsackfamily.com/knapsack_core/result.php?sname=organism&word=Aloe%20vera,knapsack_world_id_2026_04_17,22f25ccb62c4a66cc824a63368a86a8b10fe8fe75fbbe75c6b47d458f7c0f28f,Aloe vera
27,Alpinia galanga,Alpinia galanga,Alpinia galanga,,alpinia galanga,Zingiberaceae,Galangal | Greater galingal | Siamese ginger,"plants(spice,flavouring,food,vegetable)",medicinal,"Herbal Indonesia Berkhasiat by Bukti Ilmiah & Cara Racik,Vol 8,ISBN 979-688-236-6.",https://www.knapsackfamily.com/knapsack_core/result.php?sname=organism&word=Alpinia%20galanga,knapsack_world_id_2026_04_17,84ab7952ec21dba32acbf79e0731ae90610d158bf002db9eba2ee22a1aea27ab,Alpinia galanga
28,Alpinia officinarum Hance,Alpinia officinarum Hance,Alpinia officinarum,Hance,alpinia officinarum,Zingiberaceae,,plants,medicinal,"高橋澄子,ジャムウ インドネシアの伝統治療薬、平河出版社(1988)[Takahasi, S.,Traditional remedy of Indonesia,(1988), in Japanese]",https://www.knapsackfamily.com/knapsack_core/result.php?sname=organism&word=Alpinia%20officinarum,knapsack_world_id_2026_04_17,307848c178e06bce7fb60170a30291a1053cff3d11da870cfde3b10a25c4e907,Alpinia officinarum Hance
29,Alstonia scholaris,Alstonia scholaris,Alstonia scholaris,,alstonia scholaris,Apocynaceae,Devil tree | Dita bark | Milky pine,plants,medicinal,"Herbal Indonesia Berkhasiat by Bukti Ilmiah & Cara Racik,Vol 8,ISBN 979-688-236-6.",https://www.knapsackfamily.com/knapsack_core/result.php?sname=organism&word=Alstonia%20scholaris,knapsack_world_id_2026_04_17,24c632564adf6f7f1e7227975ce1977029af70bfe4ac540ebb3bc706d11d82c5,Alstonia scholaris
30,Alternanthera philoxeroides (Mart.) Griseb.,Alternanthera philoxeroides (Mart.) Griseb.,Alternanthera philoxeroides,(Mart.) Griseb.,alternanthera philoxeroides,Amaranthaceae,,plants,medicinal,"de Padua et al.(1999), Plant Resources of South-East Asia 12,(1) Medicinal and poisonous plants 1, Bogor, Indonesia",https://www.knapsackfamily.com/knapsack_core/result.php?sname=organism&word=Alternanthera%20philoxeroides,knapsack_world_id_2026_04_17,ff7399820dffd6766bf428e71cfc266e2b9e421b4fdf14a366c4fefe64a99059,Alternanthera philoxeroides (Mart.) Griseb.
31,Alternanthera sessilis,Alternanthera sessilis,Alternanthera sessilis,,alternanthera sessilis,Amaranthaceae,,plants,medicinal,"Utami,Buku Pintar Tanaman Obat,431 jenis tanaman penggempur aneka penyakit,Redaksi AgroMedia,(2008)",https://www.knapsackfamily.com/knapsack_core/result.php?sname=organism&word=Alternanthera%20sessilis,knapsack_world_id_2026_04_17,6eae4f858a4c5541c43ea88c692644cde71edf54e4891ee2f3d423260d20c926,Alternanthera sessilis
32,Amaranthus spinosus L.,Amaranthus spinosus L.,Amaranthus spinosus,L.,amaranthus spinosus,Amaranthaceae,,plants,medicinal,"Atlas Tumbuhan Obat by dr.Setiawan Dalimartha (1999),Vol 1,ISBN 979-661-050-7. JAMU in Indonesian Daily Life and Industry by Suwidjiyo Pramono Tanaman Obat Tradisional by Thomas A.N.S. (1989),Vol.1,ISBN 978-979-413-091-9. Tumbuhan Obat & Khasiatnya by Drs.H.Arief Hariana (2004),Vol.1,ISBN 979-489-816-3. Utami,Buku Pintar Tanaman Obat,431 jenis tanaman penggempur aneka penyakit,Redaksi AgroMedia,(2008) de Padua et al.(1999), Plant Resources of South-East Asia 12,(1) Medicinal and poisonous plants 1, Bogor, Indonesia",https://www.knapsackfamily.com/knapsack_core/result.php?sname=organism&word=Amaranthus%20spinosus,knapsack_world_id_2026_04_17,034c7f6052ecae80f026bdd3f0620a9b960858b1e266ab2d14c3b9aac2389208,Amaranthus spinosus L.
33,Amaranthus tricolor L.,Amaranthus tricolor L.,Amaranthus tricolor,L.,amaranthus tricolor,Amaranthaceae,,plants,medicinal,"Atlas Tumbuhan Obat by dr.Setiawan Dalimartha (2000),Vol 2,ISBN 979-661-065-5. Utami,Buku Pintar Tanaman Obat,431 jenis tanaman penggempur aneka penyakit,Redaksi AgroMedia,(2008)",https://www.knapsackfamily.com/knapsack_core/result.php?sname=organism&word=Amaranthus%20tricolor,knapsack_world_id_2026_04_17,499c1a0a654b8f3476520a47352e9170e0801bb6f0ee6ba2cd91cee29b16f5ee,Amaranthus tricolor L.
34,Amomum aculeatum,Amomum aculeatum,Amomum aculeatum,,amomum aculeatum,Zingiberaceae,,plants,medicinal,"Chin,J.Nat.Prod.,71,(2008),390",https://www.knapsackfamily.com/knapsack_core/result.php?sname=organism&word=Amomum%20aculeatum,knapsack_world_id_2026_04_17,a5433ab0986db628a8136571abda5900ea6c38d622366123ba5cf8051fdf4ea5,Amomum aculeatum
35,Anacardium occidentale L.,Anacardium occidentale L.,Anacardium occidentale,L.,anacardium occidentale,Anacardiaceae,,plants,medicinal,"Atlas Tumbuhan Obat by dr.Setiawan Dalimartha (2000),Vol 2,ISBN 979-661-065-5. JAMU in Indonesian Daily Life and Industry by Suwidjiyo Pramono Joshi, S.G.,Medicinal Plants,Mohan Primlani for Oxfor & IBH Publishing Co.Pvt.Ltd.,New Delhi (2003) 高橋澄子,ジャムウ インドネシアの伝統治療薬、平河出版社(1988)[Takahasi, S.,Traditional remedy of Indonesia,(1988), in Japanese] Utami,Buku Pintar Tanaman Obat,431 jenis tanaman penggempur aneka penyakit,Redaksi AgroMedia,(2008) Taksonomi Koleksi Tanaman Obat Kebun Tanaman Obat Citeureup,vol.Pertama(2008),ISBN 978-979-3707-42-6. Tanaman Obat Tradisional by Thomas A.N.S. (1989),Vol.1,ISBN 978-979-413-091-9.",https://www.knapsackfamily.com/knapsack_core/result.php?sname=organism&word=Anacardium%20occidentale,knapsack_world_id_2026_04_17,658b20447be696c66b49e9ebd294107397e903f3e542ed07caef89acdeddff0c,Anacardium occidentale L.
36,Ananas comosus,Ananas comosus,Ananas comosus,,ananas comosus,Bromeliaceae,pineapple,plants,medicinal,"Medicinal Plants of the World by Ivan A.Ross,Vol.2,ISBN 0-89603-877-7.",https://www.knapsackfamily.com/knapsack_core/result.php?sname=organism&word=Ananas%20comosus,knapsack_world_id_2026_04_17,411ebd607aaaeb7c9140044093cea7515d1b02b43d68d1ee552f5932bb2707de,Ananas comosus
37,Andrographis paniculata,Andrographis paniculata,Andrographis paniculata,,andrographis paniculata,Acanthaceae,,plants,medicinal,"Roosita,J.Ethnopharmacol.,115,(2008),72 Herbal Indonesia Berkhasiat by Bukti Ilmiah & Cara Racik,Vol 8,ISBN 979-688-236-6.",https://www.knapsackfamily.com/knapsack_core/result.php?sname=organism&word=Andrographis%20paniculata,knapsack_world_id_2026_04_17,bb899bdf9ac07f611b1f68b9cc7f4e1fd127f05dd6143ea667fcf602fd93c3a6,Andrographis paniculata
38,Angelica keiskei,Angelica keiskei,Angelica keiskei,,angelica keiskei,Apiaceae,ashitaba,plants,medicinal,"Herbal Indonesia Berkhasiat by Bukti Ilmiah & Cara Racik,Vol 8,ISBN 979-688-236-6.",https://www.knapsackfamily.com/knapsack_core/result.php?sname=organism&word=Angelica%20keiskei,knapsack_world_id_2026_04_17,1146a461185a941694803b66b39532570f535ecd0cfca248f2d8db7bfc5a2d8d,Angelica keiskei
39,Annona muricata,Annona muricata,Annona muricata,,annona muricata,Annonaceae,Soursop,plants,medicinal,"Roosita,J.Ethnopharmacol.,115,(2008),72 Herbal Indonesia Berkhasiat by Bukti Ilmiah & Cara Racik,Vol 8,ISBN 979-688-236-6.",https://www.knapsackfamily.com/knapsack_core/result.php?sname=organism&word=Annona%20muricata,knapsack_world_id_2026_04_17,0cff9d462eb37ed57eb5da877fcea4edb3ba506c0f4d2249a5ae200226f3b9af,Annona muricata
40,Annona reticulata L.,Annona reticulata L.,Annona reticulata,L.,annona reticulata,Annonaceae,,plants,medicinal,"Utami,Buku Pintar Tanaman Obat,431 jenis tanaman penggempur aneka penyakit,Redaksi AgroMedia,(2008)",https://www.knapsackfamily.com/knapsack_core/result.php?sname=organism&word=Annona%20reticulata,knapsack_world_id_2026_04_17,eb2bd6a8d154d33330a69b6ddc9483ac603647da1531c918acf4be7aa5982a1d,Annona reticulata L.
41,Annona squamosa L.,Annona squamosa L.,Annona squamosa,L.,annona squamosa,Annonaceae,Sugar-apple,plants,medicinal,"Atlas Tumbuhan Obat by dr.Setiawan Dalimartha (2003),Vol 3,ISBN 979-3235-73-X. Taksonomi Koleksi Tanaman Obat Kebun Tanaman Obat Citeureup,vol.kedua(2009),ISBN 978-979-3707-42-6. Tumbuhan Obat & Khasiatnya by Drs.H.Arief Hariana (2006),Vol.3,ISBN JAMU in Indonesian Daily Life and Industry by Suwidjiyo Pramono 979-002-008-2. Utami,Buku Pintar Tanaman Obat,431 jenis tanaman penggempur aneka penyakit,Redaksi AgroMedia,(2008)",https://www.knapsackfamily.com/knapsack_core/result.php?sname=organism&word=Annona%20squamosa,knapsack_world_id_2026_04_17,be63dfad7fc5b58ec9b566d4b7a01420541f645c09c13c8fc243a41401bef0f2,Annona squamosa L.
42,Anredera cordifolia (Ten.) Steenis,Anredera cordifolia (Ten.) Steenis,Anredera cordifolia,(Ten.) Steenis,anredera cordifolia,Basellaceae,,plants,medicinal,"Taksonomi Koleksi Tanaman Obat Kebun Tanaman Obat Citeureup,vol.Pertama(2008),ISBN 978-979-3707-42-6.",https://www.knapsackfamily.com/knapsack_core/result.php?sname=organism&word=Anredera%20cordifolia,knapsack_world_id_2026_04_17,65065e1c2dde4da78ede2c018ba32ba6f62e14395e9bf1f9fe93e40cac238fa5,Anredera cordifolia (Ten.) Steenis
43,Antiaris toxicaria Lesch.,Antiaris toxicaria Lesch.,Antiaris toxicaria,Lesch.,antiaris toxicaria,Moraceae,,plants,medicinal,"de Padua et al.(1999), Plant Resources of South-East Asia 12,(1) Medicinal and poisonous plants 1, Bogor, Indonesia",https://www.knapsackfamily.com/knapsack_core/result.php?sname=organism&word=Antiaris%20toxicaria,knapsack_world_id_2026_04_17,39e954c5d5585b05279863e9fa98b5549d6358a4188362aef03502340e1039ac,Antiaris toxicaria Lesch.
44,Apium graveolens,Apium graveolens,Apium graveolens,,apium graveolens,Apiaceae,celery,plants,medicinal,"Herbal Indonesia Berkhasiat by Bukti Ilmiah & Cara Racik,Vol 8,ISBN 979-688-236-6.",https://www.knapsackfamily.com/knapsack_core/result.php?sname=organism&word=Apium%20graveolens,knapsack_world_id_2026_04_17,19c7a24e4221c3d1b51e5270d8818416ec4c5c5e03104a1cb6f7480f9bf8d023,Apium graveolens
45,Arachis hypogaea,Arachis hypogaea,Arachis hypogaea,,arachis hypogaea,Fabaceae,peanut,plants,medicinal,"Roosita,J.Ethnopharmacol.,115,(2008),72",https://www.knapsackfamily.com/knapsack_core/result.php?sname=organism&word=Arachis%20hypogaea,knapsack_world_id_2026_04_17,6f4ee8e49b49f3dd559d806c3bc73882bace0470622cb7cb9b7c3b26d22cc788,Arachis hypogaea
46,Arcangelisia flava (L.) Merr.,Arcangelisia flava (L.) Merr.,Arcangelisia flava,(L.) Merr.,arcangelisia flava,Menispermaceae,,plants,medicinal,"Hariana,Tubuhan Obat dan Khasiatnya Seri 2,Penebar Sadaya,(2002) 高橋澄子,ジャムウ インドネシアの伝統治療薬、平河出版社(1988)[Takahasi, S.,Traditional remedy of Indonesia,(1988), in Japanese] de Padua et al.(1999), Plant Resources of South-East Asia 12,(1) Medicinal and poisonous plants 1, Bogor, Indonesia Tumbuhan Obat & Khasiatnya by Drs.H.Arief Hariana (2005),Vol.2,ISBN 979-489-957-7.",https://www.knapsackfamily.com/knapsack_core/result.php?sname=organism&word=Arcangelisia%20flava,knapsack_world_id_2026_04_17,6414e5f00117e2f2aab5fbdce299b63017162247cb1a2c51cc6aa9db6d4f7d5c,Arcangelisia flava (L.) Merr.
47,Areca catechu,Areca catechu,Areca catechu,,areca catechu,Arecaceae,,plants,medicinal,"Herbal Indonesia Berkhasiat by Bukti Ilmiah & Cara Racik,Vol 8,ISBN 979-688-236-6.",https://www.knapsackfamily.com/knapsack_core/result.php?sname=organism&word=Areca%20catechu,knapsack_world_id_2026_04_17,9724cac1496df7cc29372e1fff8afa8b6871141c9a70fe392610e86ba22d1c27,Areca catechu
48,Artemisia abrotanum L.,Artemisia abrotanum L.,Artemisia abrotanum,L.,artemisia abrotanum,Asteraceae,,plants,medicinal,"Joshi, S.G.,Medicinal Plants,Mohan Primlani for Oxfor & IBH Publishing Co.Pvt.Ltd.,New Delhi (2003) 高橋澄子,ジャムウ インドネシアの伝統治療薬、平河出版社(1988)[Takahasi, S.,Traditional remedy of Indonesia,(1988), in Japanese]",https://www.knapsackfamily.com/knapsack_core/result.php?sname=organism&word=Artemisia%20abrotanum,knapsack_world_id_2026_04_17,be49c4a3b257d9be72f1a2cc666b45dfaaa06b58ae5a37f4f7cf129368b0d38b,Artemisia abrotanum L.
49,Artemisia cina Berg.,Artemisia cina Berg.,Artemisia cina,Berg.,artemisia cina,Asteraceae,,plants,medicinal,"Utami,Buku Pintar Tanaman Obat,431 jenis tanaman penggempur aneka penyakit,Redaksi AgroMedia,(2008)",https://www.knapsackfamily.com/knapsack_core/result.php?sname=organism&word=Artemisia%20cina,knapsack_world_id_2026_04_17,a710b469f34c76d165646c5494e6f43976f676ed0bab8d1e92b5baea90f2ba89,Artemisia cina Berg.
50,Artemisia lactiflora Wall.,Artemisia lactiflora Wall.,Artemisia lactiflora,Wall.,artemisia lactiflora,Asteraceae,,plants,medicinal,"Hariana,Tubuhan Obat dan Khasiatnya Seri 2,Penebar Sadaya,(2002) Utami,Buku Pintar Tanaman Obat,431 jenis tanaman penggempur aneka penyakit,Redaksi AgroMedia,(2008) Taksonomi Koleksi Tanaman Obat Kebun Tanaman Obat Citeureup,vol.kedua(2009),ISBN 978-979-3707-42-6.",https://www.knapsackfamily.com/knapsack_core/result.php?sname=organism&word=Artemisia%20lactiflora,knapsack_world_id_2026_04_17,223cdb9aa2acab9505dcdf4d5879cb58858d0c0b109653da5314e5aa15b62c3c,Artemisia lactiflora Wall.
51,Artemisia vulgaris,Artemisia vulgaris,Artemisia vulgaris,,artemisia vulgaris,Asteraceae,Mugwort | Felon herb | Chinese moxa,plants,medicinal,"Roosita,J.Ethnopharmacol.,115,(2008),72 Herbal Indonesia Berkhasiat by Bukti Ilmiah & Cara Racik,Vol 8,ISBN 979-688-236-6.",https://www.knapsackfamily.com/knapsack_core/result.php?sname=organism&word=Artemisia%20vulgaris,knapsack_world_id_2026_04_17,ada6e5ac0b1bd2e4cda4da7f40af5f262396924f4f3d74c0babb15c008c7c3e2,Artemisia vulgaris
52,Artocarpus altilis,Artocarpus altilis,Artocarpus altilis,,artocarpus altilis,Moraceae,,plants(vegetable),medicinal,"Wang,Phytochem.,68,(2007),1300",https://www.knapsackfamily.com/knapsack_core/result.php?sname=organism&word=Artocarpus%20altilis,knapsack_world_id_2026_04_17,3c059ee96201700db54c47e1058d276123aeac54f1699501a8fdcb44e82b85b2,Artocarpus altilis
53,Artocarpus communis,Artocarpus communis,Artocarpus communis,,artocarpus communis,Moraceae,,plants,medicinal,"Roosita,J.Ethnopharmacol.,115,(2008),72",https://www.knapsackfamily.com/knapsack_core/result.php?sname=organism&word=Artocarpus%20communis,knapsack_world_id_2026_04_17,bfb160ecd15e427688f22d3dd68f473c07e84fbd13aa8b3155563d1263f18257,Artocarpus communis
54,Artocarpus heterophyllus,Artocarpus heterophyllus,Artocarpus heterophyllus,,artocarpus heterophyllus,Moraceae,,plants,medicinal,"Roosita,J.Ethnopharmacol.,115,(2008),72",https://www.knapsackfamily.com/knapsack_core/result.php?sname=organism&word=Artocarpus%20heterophyllus,knapsack_world_id_2026_04_17,85779d910ebc3857fdcaf7fc00195e608252bd5cf39855f0f94431a524e399f9,Artocarpus heterophyllus
55,Asclepias curassavica L.,Asclepias curassavica L.,Asclepias curassavica,L.,asclepias curassavica,Asclepiadaceae Apocynaceae,,plants,medicinal,"Taksonomi Koleksi Tanaman Obat Kebun Tanaman Obat Citeureup,vol.kedua(2009),ISBN 978-979-3707-42-6.",https://www.knapsackfamily.com/knapsack_core/result.php?sname=organism&word=Asclepias%20curassavica,knapsack_world_id_2026_04_17,2320ba92934d9dd137deb22daa0a87b8db67108494404dfa74f4eb506e484550,Asclepias curassavica L.
56,Asparagus cochinchinensis (Lour.) Mrr.,Asparagus cochinchinensis (Lour.) Mrr.,Asparagus cochinchinensis,(Lour.) Mrr.,asparagus cochinchinensis,Asparagaceae Liliaceae,,plants,medicinal,"Tumbuhan Obat & Khasiatnya by Drs.H.Arief Hariana (2004),Vol.1,ISBN 979-489-816-3.",https://www.knapsackfamily.com/knapsack_core/result.php?sname=organism&word=Asparagus%20cochinchinensis,knapsack_world_id_2026_04_17,b12074884d04e9746f28cdaa9e8ab2241a2e86a8f869adb3f5ce229b7e992391,Asparagus cochinchinensis (Lour.) Mrr.
57,Atropa belladonna L.,Atropa belladonna L.,Atropa belladonna,L.,atropa belladonna,Solanaceae,,plants,medicinal,JAMU in Indonesian Daily Life and Industry by Suwidjiyo Pramono,https://www.knapsackfamily.com/knapsack_core/result.php?sname=organism&word=Atropa%20belladonna,knapsack_world_id_2026_04_17,53600245b1c0dd8ca63c03f689513e6408c90527a7455599aa556f79d72e909b,Atropa belladonna L.
58,Aucuba japonica L.,Aucuba japonica L.,Aucuba japonica,L.,aucuba japonica,Garryaceae Aucubaceae,,plants,medicinal,JAMU in Indonesian Daily Life and Industry by Suwidjiyo Pramono,https://www.knapsackfamily.com/knapsack_core/result.php?sname=organism&word=Aucuba%20japonica,knapsack_world_id_2026_04_17,0e1b27e18eb7864b67cf1f55a8a133ace5bce55f294aa9ba40ab61caa3ecb3c4,Aucuba japonica L.
59,Averrhoa bilimbi,Averrhoa bilimbi,Averrhoa bilimbi,,averrhoa bilimbi,Oxalidaceae,,plants,medicinal,"Tanaman Obat Tradisional by Thomas A.N.S. (1989),Vol.1,ISBN 978-979-413-091-9. Herbal Indonesia Berkhasiat by Bukti Ilmiah & Cara Racik,Vol 8,ISBN 979-688-236-6.",https://www.knapsackfamily.com/knapsack_core/result.php?sname=organism&word=Averrhoa%20bilimbi,knapsack_world_id_2026_04_17,4b6193430cd362a3592c4170096b06c3599f109b7fe307466a2c1bcaf6c453f8,Averrhoa bilimbi
60,Averrhoa carambola,Averrhoa carambola,Averrhoa carambola,,averrhoa carambola,Oxalidaceae,star fruit | carambola,plants,medicinal,"Tanaman Obat Tradisional by Thomas A.N.S. (1989),Vol.1,ISBN 978-979-413-091-9. Herbal Indonesia Berkhasiat by Bukti Ilmiah & Cara Racik,Vol 8,ISBN 979-688-236-6.",https://www.knapsackfamily.com/knapsack_core/result.php?sname=organism&word=Averrhoa%20carambola,knapsack_world_id_2026_04_17,b91807196e91dc0ef0b9459e830b04f99d95ec83d46e06bd962b8c61116a3268,Averrhoa carambola
61,Azadirachta indica,Azadirachta indica,Azadirachta indica,,azadirachta indica,Meliaceae,Neem | nimba | margosa,plants(eaten),medicinal,"Herbal Indonesia Berkhasiat by Bukti Ilmiah & Cara Racik,Vol 8,ISBN 979-688-236-6.",https://www.knapsackfamily.com/knapsack_core/result.php?sname=organism&word=Azadirachta%20indica,knapsack_world_id_2026_04_17,ed2e861becba8d96e398b2a41c49f04e59b95d528486b1f4b489b6f3fd88f491,Azadirachta indica
62,Baeckea frutescens L.,Baeckea frutescens L.,Baeckea frutescens,L.,baeckea frutescens,Myrtaceae,,plants,medicinal,"JAMU in Indonesian Daily Life and Industry by Suwidjiyo Pramono Utami,Buku Pintar Tanaman Obat,431 jenis tanaman penggempur aneka penyakit,Redaksi AgroMedia,(2008) 高橋澄子,ジャムウ インドネシアの伝統治療薬、平河出版社(1988)[Takahasi, S.,Traditional remedy of Indonesia,(1988), in Japanese]",https://www.knapsackfamily.com/knapsack_core/result.php?sname=organism&word=Baeckea%20frutescens,knapsack_world_id_2026_04_17,3fd286f417d1a7828a924a36355db64a4a96529aa46b45aa9e51cf5046a5b681,Baeckea frutescens L.
63,Barleria lupulina,Barleria lupulina,Barleria lupulina,,barleria lupulina,Acanthaceae,,plants,medicinal,"Herbal Indonesia Berkhasiat by Bukti Ilmiah & Cara Racik,Vol 8,ISBN 979-688-236-6.",https://www.knapsackfamily.com/knapsack_core/result.php?sname=organism&word=Barleria%20lupulina,knapsack_world_id_2026_04_17,8861930ba06dd0502c5eee4f579576d76dd9937787eb0d61e696684d601d8833,Barleria lupulina
64,Barleria prionitis,Barleria prionitis,Barleria prionitis,,barleria prionitis,Acanthaceae,,plants,medicinal,"Herbal Indonesia Berkhasiat by Bukti Ilmiah & Cara Racik,Vol 8,ISBN 979-688-236-6.",https://www.knapsackfamily.com/knapsack_core/result.php?sname=organism&word=Barleria%20prionitis,knapsack_world_id_2026_04_17,dc48fbc9a661c0519a09acda28aa1e63f77a6450a056aec47f22b1017bc25de0,Barleria prionitis
65,Basella rubra L.,Basella rubra L.,Basella rubra,L.,basella rubra,Basellaceae,,plants,medicinal,"Utami,Buku Pintar Tanaman Obat,431 jenis tanaman penggempur aneka penyakit,Redaksi AgroMedia,(2008)",https://www.knapsackfamily.com/knapsack_core/result.php?sname=organism&word=Basella%20rubra,knapsack_world_id_2026_04_17,cbab09881caf9cbc36009df6072f0d841c719824bc20c95c8a36bfa9a17469c1,Basella rubra L.
66,Bauhinia purpurea L.,Bauhinia purpurea L.,Bauhinia purpurea,L.,bauhinia purpurea,Fabaceae,,plants,medicinal,"Taksonomi Koleksi Tanaman Obat Kebun Tanaman Obat Citeureup,vol.kedua(2009),ISBN 978-979-3707-42-6.",https://www.knapsackfamily.com/knapsack_core/result.php?sname=organism&word=Bauhinia%20purpurea,knapsack_world_id_2026_04_17,e4eddb1030d5543d342b5e27aeac97b0eb17140eedbe27b064af824d7ff46fab,Bauhinia purpurea L.
67,Begonia sp.,Begonia sp.,Begonia sp.,,begonia sp,Begoniaceae,,plants,medicinal,"Utami,Buku Pintar Tanaman Obat,431 jenis tanaman penggempur aneka penyakit,Redaksi AgroMedia,(2008)",https://www.knapsackfamily.com/knapsack_core/result.php?sname=organism&word=Begonia%20sp.,knapsack_world_id_2026_04_17,22938b8907c192079bf099b4a1ed0ddf62f20fd99c1128ec382dd04745cedf5c,Begonia sp.
68,Beilschmiedia madang,Beilschmiedia madang,Beilschmiedia madang,,beilschmiedia madang,Lauraceae,,plants,medicinal,"Shibuya,Yakugaku Zasshi,116,(1996),911",https://www.knapsackfamily.com/knapsack_core/result.php?sname=organism&word=Beilschmiedia%20madang,knapsack_world_id_2026_04_17,aa3d7be7d116527c515d5b964fb668a69d087331c9014f98d08b1133ae97f24c,Beilschmiedia madang
69,Belamcanda chinensis (L.) DC.,Belamcanda chinensis (L.) DC.,Belamcanda chinensis,(L.) DC.,belamcanda chinensis,Iridaceae,,plants,medicinal,"Atlas Tumbuhan Obat by dr.Setiawan Dalimartha (2009),Vol 6,ISBN 978-979-1480-19-2. Taksonomi Koleksi Tanaman Obat Kebun Tanaman Obat Citeureup,vol.kedua(2009),ISBN 978-979-3707-42-6. Utami,Buku Pintar Tanaman Obat,431 jenis tanaman penggempur aneka penyakit,Redaksi AgroMedia,(2008) de Padua et al.(1999), Plant Resources of South-East Asia 12,(1) Medicinal and poisonous plants 1, Bogor, Indonesia",https://www.knapsackfamily.com/knapsack_core/result.php?sname=organism&word=Belamcanda%20chinensis,knapsack_world_id_2026_04_17,1089253f8ac1013d7ec09952b06cf69e5388e1f50ffa3ae9584e7bec65f761cd,Belamcanda chinensis (L.) DC.
70,Benincasa hispida (Thunb.) Cogn.,Benincasa hispida (Thunb.) Cogn.,Benincasa hispida,(Thunb.) Cogn.,benincasa hispida,Cucurbitaceae,,plants,medicinal,"Utami,Buku Pintar Tanaman Obat,431 jenis tanaman penggempur aneka penyakit,Redaksi AgroMedia,(2008)",https://www.knapsackfamily.com/knapsack_core/result.php?sname=organism&word=Benincasa%20hispida,knapsack_world_id_2026_04_17,4c0e94314e397688b299734fbe5853096de4407919db41a40d60dfd17f9955c9,Benincasa hispida (Thunb.) Cogn.
71,Bidens bipinnata (Lour.) Merr. & Sherff,Bidens bipinnata (Lour.) Merr. & Sherff,Bidens bipinnata,(Lour.) Merr. & Sherff,bidens bipinnata,Asteraceae,,plants,medicinal,"de Padua et al.(1999), Plant Resources of South-East Asia 12,(1) Medicinal and poisonous plants 1, Bogor, Indonesia",https://www.knapsackfamily.com/knapsack_core/result.php?sname=organism&word=Bidens%20bipinnata,knapsack_world_id_2026_04_17,f0192453774b7d44795cebafd4cf3d2baf2d7b29394dd4f93351f29fa84283ee,Bidens bipinnata (Lour.) Merr. & Sherff
72,Bidens pilosa L.,Bidens pilosa L.,Bidens pilosa,L.,bidens pilosa,Asteraceae,,plants,medicinal,"Tumbuhan Obat & Khasiatnya by Drs.H.Arief Hariana (2004),Vol.1,ISBN 979-489-816-3. Utami,Buku Pintar Tanaman Obat,431 jenis tanaman penggempur aneka penyakit,Redaksi AgroMedia,(2008) de Padua et al.(1999), Plant Resources of South-East Asia 12,(1) Medicinal and poisonous plants 1, Bogor, Indonesia",https://www.knapsackfamily.com/knapsack_core/result.php?sname=organism&word=Bidens%20pilosa,knapsack_world_id_2026_04_17,cc7e38fb0423bddcc5b6cda131e86d251e49e9bffafa113a3b4639b7f7a740fc,Bidens pilosa L.
73,Bixa orellana,Bixa orellana,Bixa orellana,,bixa orellana,Bixaceae,Annatto | Achiote | Lipstick tree,plants,medicinal,"Herbal Indonesia Berkhasiat by Bukti Ilmiah & Cara Racik,Vol 8,ISBN 979-688-236-6.",https://www.knapsackfamily.com/knapsack_core/result.php?sname=organism&word=Bixa%20orellana,knapsack_world_id_2026_04_17,56f945bb85e08c516183cf6d5b82c933a9c6a70c65b6933604fb79a572bb1652,Bixa orellana
74,Blumea balsamifera,Blumea balsamifera,Blumea balsamifera,,blumea balsamifera,Asteraceae,,plants,medicinal,"Herbal Indonesia Berkhasiat by Bukti Ilmiah & Cara Racik,Vol 8,ISBN 979-688-236-6. Roosita,J.Ethnopharmacol.,115,(2008),72",https://www.knapsackfamily.com/knapsack_core/result.php?sname=organism&word=Blumea%20balsamifera,knapsack_world_id_2026_04_17,24f30a20901bcc7bdf340b31589676b506c58a817bf279e1b4a8d513e5c7fabf,Blumea balsamifera
75,Blumea lacera (Burm.f.) DC.,Blumea lacera (Burm.f.) DC.,Blumea lacera,(Burm.f.) DC.,blumea lacera,Asteraceae,,plants,medicinal,"de Padua et al.(1999), Plant Resources of South-East Asia 12,(1) Medicinal and poisonous plants 1, Bogor, Indonesia",https://www.knapsackfamily.com/knapsack_core/result.php?sname=organism&word=Blumea%20lacera,knapsack_world_id_2026_04_17,9e42479cebf6591408c29b36f2417e6b4bf8350f96b208de389617ecdbdd2451,Blumea lacera (Burm.f.) DC.
76,Boesenbergia pandurata,Boesenbergia pandurata,Boesenbergia pandurata,,boesenbergia pandurata,Zingiberaceae,,plants,medicinal,"Herbal Indonesia Berkhasiat by Bukti Ilmiah & Cara Racik,Vol 8,ISBN 979-688-236-6.",https://www.knapsackfamily.com/knapsack_core/result.php?sname=organism&word=Boesenbergia%20pandurata,knapsack_world_id_2026_04_17,ca20eea9f4606c4b4a083298d2b6ea615e582b92cc5bc8c9dcffac1e5e3d02cd,Boesenbergia pandurata
77,Boesenbergia rotunda (L.) Mansf.,Boesenbergia rotunda (L.) Mansf.,Boesenbergia rotunda,(L.) Mansf.,boesenbergia rotunda,Zingiberaceae,,plants,medicinal,"Taksonomi Koleksi Tanaman Obat Kebun Tanaman Obat Citeureup,vol.kedua(2009),ISBN 978-979-3707-42-6.",https://www.knapsackfamily.com/knapsack_core/result.php?sname=organism&word=Boesenbergia%20rotunda,knapsack_world_id_2026_04_17,3860ffec516650cf36b2fe069fa50ed94751a097a108f335389fb15e455211e2,Boesenbergia rotunda (L.) Mansf.
78,Borassus flabellifer L.,Borassus flabellifer L.,Borassus flabellifer,L.,borassus flabellifer,Arecaceae,,plants,medicinal,"Utami,Buku Pintar Tanaman Obat,431 jenis tanaman penggempur aneka penyakit,Redaksi AgroMedia,(2008)",https://www.knapsackfamily.com/knapsack_core/result.php?sname=organism&word=Borassus%20flabellifer,knapsack_world_id_2026_04_17,05e07c3582fe526a59d8fbca541d65b19ef509f2b6fea10c83d00b6a7e2a2708,Borassus flabellifer L.
79,Bougainvillea glabra Choisy,Bougainvillea glabra Choisy,Bougainvillea glabra,Choisy,bougainvillea glabra,Nyctaginaceae,,plants,medicinal,"Atlas Tumbuhan Obat by dr.Setiawan Dalimartha (2008),Vol 5,ISBN 978-979-1480-18-5. Tumbuhan Obat & Khasiatnya by Drs.H.Arief Hariana (2004),Vol.1,ISBN 979-489-816-3.",https://www.knapsackfamily.com/knapsack_core/result.php?sname=organism&word=Bougainvillea%20glabra,knapsack_world_id_2026_04_17,4f3fbcbb67f540a4c2f29bc8b399cef872adc0e6c71a3a45414bbfc4cf1424aa,Bougainvillea glabra Choisy
80,Brassica oleracea L.,Brassica oleracea L.,Brassica oleracea,L.,brassica oleracea,Brassicaceae,,plants,medicinal,"Utami,Buku Pintar Tanaman Obat,431 jenis tanaman penggempur aneka penyakit,Redaksi AgroMedia,(2008)",https://www.knapsackfamily.com/knapsack_core/result.php?sname=organism&word=Brassica%20oleracea,knapsack_world_id_2026_04_17,ec423ccd999d0e482149bf1d01f753a4f6c6d857bfc0f9662cdf9f2dc858bb4f,Brassica oleracea L.
81,Brucea javanica,Brucea javanica,Brucea javanica,,brucea javanica,Simaroubaceae,Kusam seeds,plants,medicinal,"Herbal Indonesia Berkhasiat by Bukti Ilmiah & Cara Racik,Vol 8,ISBN 979-688-236-6.",https://www.knapsackfamily.com/knapsack_core/result.php?sname=organism&word=Brucea%20javanica,knapsack_world_id_2026_04_17,58910718cae440228e8f395df75d43c5112cbc939161423973c4984596dac6ad,Brucea javanica
82,Bryophyllum pinnatum (Lamk) Oken,Bryophyllum pinnatum (Lamk) Oken,Bryophyllum pinnatum,(Lamk) Oken,bryophyllum pinnatum,Crassulaceae,,plants,medicinal,"de Padua et al.(1999), Plant Resources of South-East Asia 12,(1) Medicinal and poisonous plants 1, Bogor, Indonesia",https://www.knapsackfamily.com/knapsack_core/result.php?sname=organism&word=Bryophyllum%20pinnatum,knapsack_world_id_2026_04_17,d2cfd0ea030562e60532cfd5876fffb48cbb3468871a649be3343195e56c90c3,Bryophyllum pinnatum (Lamk) Oken
83,Caesalpinia crista L.,Caesalpinia crista L.,Caesalpinia crista,L.,caesalpinia crista,Fabaceae,,plants,medicinal,"Awale,Chem.Pharm.Bull.,54,(2006),213 Utami,Buku Pintar Tanaman Obat,431 jenis tanaman penggempur aneka penyakit,Redaksi AgroMedia,(2008)",https://www.knapsackfamily.com/knapsack_core/result.php?sname=organism&word=Caesalpinia%20crista,knapsack_world_id_2026_04_17,d8467949ee8701f0c05e8e655fa7f96d96c33ca2985aa15ce9ef18b6b802cf48,Caesalpinia crista L.
84,Caesalpinia major,Caesalpinia major,Caesalpinia major,,caesalpinia major,Fabaceae,,plants,medicinal,"Medicinal Plants From the East by Christophe Wiart,ISBN 978-1-904761-85-3. Shibuya,Yakugaku Zasshi,116,(1996),911",https://www.knapsackfamily.com/knapsack_core/result.php?sname=organism&word=Caesalpinia%20major,knapsack_world_id_2026_04_17,717a6fdd3c302c578e5cfaf075ab76ccbc59be21dc047ae40517ab8663bbb72d,Caesalpinia major
85,Caesalpinia pulcherrima,Caesalpinia pulcherrima,Caesalpinia pulcherrima,,caesalpinia pulcherrima,Fabaceae,,plants,medicinal,"Herbal Indonesia Berkhasiat by Bukti Ilmiah & Cara Racik,Vol 8,ISBN 979-688-236-6.",https://www.knapsackfamily.com/knapsack_core/result.php?sname=organism&word=Caesalpinia%20pulcherrima,knapsack_world_id_2026_04_17,8fc9782de453b2d434b42e39fdb52c341c5a27cccacfdd4d1898bd9e7b9c9ec1,Caesalpinia pulcherrima
86,Caesalpinia sappan,Caesalpinia sappan,Caesalpinia sappan,,caesalpinia sappan,Fabaceae,,plants,medicinal,"Herbal Indonesia Berkhasiat by Bukti Ilmiah & Cara Racik,Vol 8,ISBN 979-688-236-6.",https://www.knapsackfamily.com/knapsack_core/result.php?sname=organism&word=Caesalpinia%20sappan,knapsack_world_id_2026_04_17,65ccccba8a30ac8f888e97fd9147d18f8d4149fffcaa2b10894a40263c56e2b3,Caesalpinia sappan
87,Cajanus cajan,Cajanus cajan,Cajanus cajan,,cajanus cajan,Fabaceae,,plants,medicinal,"Medicinal Plants From the East by Christophe Wiart,ISBN 978-1-904761-85-3.",https://www.knapsackfamily.com/knapsack_core/result.php?sname=organism&word=Cajanus%20cajan,knapsack_world_id_2026_04_17,bae16d116f88024fb96d3de4f96c73468e1b0785009200fe433cb865fd188043,Cajanus cajan
88,Callicarpa candicans,Callicarpa candicans,Callicarpa candicans,,callicarpa candicans,Verbenaceae,,plants,medicinal,"Medicinal Plants From the East by Christophe Wiart,ISBN 978-1-904761-85-3.",https://www.knapsackfamily.com/knapsack_core/result.php?sname=organism&word=Callicarpa%20candicans,knapsack_world_id_2026_04_17,0b33eb304d5f2896abd0a2d301e08da57ef1ca00e174622b355f9d5e3ac1d887,Callicarpa candicans
89,Calophyllum inophyllum L.,Calophyllum inophyllum L.,Calophyllum inophyllum,L.,calophyllum inophyllum,Calophyllaceae,,plants,medicinal,"Taksonomi Koleksi Tanaman Obat Kebun Tanaman Obat Citeureup,vol.Pertama(2008),ISBN 978-979-3707-42-6. Utami,Buku Pintar Tanaman Obat,431 jenis tanaman penggempur aneka penyakit,Redaksi AgroMedia,(2008)",https://www.knapsackfamily.com/knapsack_core/result.php?sname=organism&word=Calophyllum%20inophyllum,knapsack_world_id_2026_04_17,e7c86ae4abb157d06f93c0cdbc4de5c67b20574993832296256a27f43a3777a4,Calophyllum inophyllum L.
90,Calotropis gigantea (L.) Aiton f.,Calotropis gigantea (L.) Aiton f.,Calotropis gigantea,(L.) Aiton f.,calotropis gigantea,Apocynaceae,,plants,medicinal,"Tumbuhan Obat & Khasiatnya by Drs.H.Arief Hariana (2006),Vol.3,ISBN 979-002-008-2.",https://www.knapsackfamily.com/knapsack_core/result.php?sname=organism&word=Calotropis%20gigantea,knapsack_world_id_2026_04_17,93919bfd57c109028c216ebc4685c375f5cf6a3761978e356df65ed4262effe0,Calotropis gigantea (L.) Aiton f.
91,Camellia sinensis,Camellia sinensis,Camellia sinensis,,camellia sinensis,Theaceae,Tea | Tea plant | Camellia sinensis (L.)O. Kuntze,plants,medicinal,"Herbal Indonesia Berkhasiat by Bukti Ilmiah & Cara Racik,Vol 8,ISBN 979-688-236-6.",https://www.knapsackfamily.com/knapsack_core/result.php?sname=organism&word=Camellia%20sinensis,knapsack_world_id_2026_04_17,518e2aa68525af8e83571b740e4b5b7568e3740f254c1344b29cf311687350b9,Camellia sinensis
92,Cananga odorata (Lam.) Hook. f. & Thoms.,Cananga odorata (Lam.) Hook. f. & Thoms.,Cananga odorata,(Lam.) Hook. f. & Thoms.,cananga odorata,Annonaceae,,plants,medicinal,"Taksonomi Koleksi Tanaman Obat Kebun Tanaman Obat Citeureup,vol.kedua(2009),ISBN 978-979-3707-42-6.",https://www.knapsackfamily.com/knapsack_core/result.php?sname=organism&word=Cananga%20odorata,knapsack_world_id_2026_04_17,5657952cabd5facad8556f3751926cfa676b70b8048a836d9376b4c553b5d686,Cananga odorata (Lam.) Hook. f. & Thoms.
93,Canarium commune L.,Canarium commune L.,Canarium commune,L.,canarium commune,Burseraceae,,plants,medicinal,"Utami,Buku Pintar Tanaman Obat,431 jenis tanaman penggempur aneka penyakit,Redaksi AgroMedia,(2008)",https://www.knapsackfamily.com/knapsack_core/result.php?sname=organism&word=Canarium%20commune,knapsack_world_id_2026_04_17,bc1a2acd4fe7149128d7c367ccb81ab1d069cbf0c9006de2f7e613400754b589,Canarium commune L.
94,Cannabis sativa L.,Cannabis sativa L.,Cannabis sativa,L.,cannabis sativa,Cannabaceae,,plants,medicinal,"de Padua et al.(1999), Plant Resources of South-East Asia 12,(1) Medicinal and poisonous plants 1, Bogor, Indonesia",https://www.knapsackfamily.com/knapsack_core/result.php?sname=organism&word=Cannabis%20sativa,knapsack_world_id_2026_04_17,194631fe2d8380a22159dcba51b77189469f386dbe2974185089a877e5c59745,Cannabis sativa L.
95,Canna edulis,Canna edulis,Canna edulis,,canna edulis,Cannaceae,,plants(starch),medicinal,"Utami,Buku Pintar Tanaman Obat,431 jenis tanaman penggempur aneka penyakit,Redaksi AgroMedia,(2008)",https://www.knapsackfamily.com/knapsack_core/result.php?sname=organism&word=Canna%20edulis,knapsack_world_id_2026_04_17,bee3097119f2edebb5bda8532bc9b392add43e4fb98836981c59b1c5707c0500,Canna edulis
96,Capsicum annuum,Capsicum annuum,Capsicum annuum,,capsicum annuum,Solanaceae,red pepper | chilli pepper | chili pepper | Ornamental pepper,plants,medicinal,"Roosita,J.Ethnopharmacol.,115,(2008),72",https://www.knapsackfamily.com/knapsack_core/result.php?sname=organism&word=Capsicum%20annuum,knapsack_world_id_2026_04_17,074f1271e37c5189c7dfc048dcf039e56a8916b5ad6a9259e3cd1232916db65a,Capsicum annuum
97,Capsicum frutescens L.,Capsicum frutescens L.,Capsicum frutescens,L.,capsicum frutescens,Solanaceae,,plants,medicinal,"Atlas Tumbuhan Obat by dr.Setiawan Dalimartha (2000),Vol 2,ISBN 979-661-065-5. Taksonomi Koleksi Tanaman Obat Kebun Tanaman Obat Citeureup,vol.kedua(2009),ISBN 978-979-3707-42-6. Utami,Buku Pintar Tanaman Obat,431 jenis tanaman penggempur aneka penyakit,Redaksi AgroMedia,(2008)",https://www.knapsackfamily.com/knapsack_core/result.php?sname=organism&word=Capsicum%20frutescens,knapsack_world_id_2026_04_17,de88f2ce1cd44a859d882554aad14b12c5aa7a512df1664f562e889f67bf2ea4,Capsicum frutescens L.
98,Carica papaya L.,Carica papaya L.,Carica papaya,L.,carica papaya,Caricaceae,,plants,medicinal,"JAMU in Indonesian Daily Life and Industry by Suwidjiyo Pramono Joshi, S.G.,Medicinal Plants,Mohan Primlani for Oxfor & IBH Publishing Co.Pvt.Ltd.,New Delhi (2003) 高橋澄子,ジャムウ インドネシアの伝統治療薬、平河出版社(1988)[Takahasi, S.,Traditional remedy of Indonesia,(1988), in Japanese] Roosita,J.Ethnopharmacol.,115,(2008),72 Utami,Buku Pintar Tanaman Obat,431 jenis tanaman penggempur aneka penyakit,Redaksi AgroMedia,(2008) Medicinal Plants of the World by Ivan A.Ross,Vol.1,ISBN 1-58829-281-9. Atlas Tumbuhan Obat by dr.Setiawan Dalimartha (2009),Vol 6,ISBN 978-979-1480-19-2.",https://www.knapsackfamily.com/knapsack_core/result.php?sname=organism&word=Carica%20papaya,knapsack_world_id_2026_04_17,1396ddf125d486e594e671aabc9ab7916c107bd89fe0a3622f7227f97a893f67,Carica papaya L.
99,Carthamus tinctorius L.,Carthamus tinctorius L.,Carthamus tinctorius,L.,carthamus tinctorius,Asteraceae,,plants,medicinal,"Utami,Buku Pintar Tanaman Obat,431 jenis tanaman penggempur aneka penyakit,Redaksi AgroMedia,(2008)",https://www.knapsackfamily.com/knapsack_core/result.php?sname=organism&word=Carthamus%20tinctorius,knapsack_world_id_2026_04_17,78054fe9a575e34d768a524a617b42af351f1f688082b3b412bf72f0dbbf4b90,Carthamus tinctorius L.
100,Cassia alata,Cassia alata,Cassia alata,,cassia alata,Fabaceae,,plants,medicinal,"Roosita,J.Ethnopharmacol.,115,(2008),72",https://www.knapsackfamily.com/knapsack_core/result.php?sname=organism&word=Cassia%20alata,knapsack_world_id_2026_04_17,039e8019f1cf95d88b81f3193006b86c59ffd74558b4cda0df10229963deb7b0,Cassia alata
101,Cassia angustifolia Vahl.,Cassia angustifolia Vahl.,Cassia angustifolia,Vahl.,cassia angustifolia,Fabaceae,,plants,medicinal,"Utami,Buku Pintar Tanaman Obat,431 jenis tanaman penggempur aneka penyakit,Redaksi AgroMedia,(2008)",https://www.knapsackfamily.com/knapsack_core/result.php?sname=organism&word=Cassia%20angustifolia,knapsack_world_id_2026_04_17,4a71c8c72c31fd208fcf5e9c9c5f859d309d9cceeb04b42878daf40a407b1bda,Cassia angustifolia Vahl.
102,Cassia fistula,Cassia fistula,Cassia fistula,,cassia fistula,Fabaceae,,plants,medicinal,"Medicinal Plants From the East by Christophe Wiart,ISBN 978-1-904761-85-3.",https://www.knapsackfamily.com/knapsack_core/result.php?sname=organism&word=Cassia%20fistula,knapsack_world_id_2026_04_17,5f750ff18e3dc27cf03e4af2408fec5b039f76527dcd72bc8ceaa3b8be0d3071,Cassia fistula
103,Cassia javanica L.,Cassia javanica L.,Cassia javanica,L.,cassia javanica,Fabaceae,,plants,medicinal,"de Padua et al.(1999), Plant Resources of South-East Asia 12,(1) Medicinal and poisonous plants 1, Bogor, Indonesia",https://www.knapsackfamily.com/knapsack_core/result.php?sname=organism&word=Cassia%20javanica,knapsack_world_id_2026_04_17,d7f2187577ad6e5842c3833e15937cb46eabbe4c45802a167b777aad4c8def9c,Cassia javanica L.
104,Cassia occidentalis L.,Cassia occidentalis L.,Cassia occidentalis,L.,cassia occidentalis,Fabaceae,,plants,medicinal,"Atlas Tumbuhan Obat by dr.Setiawan Dalimartha (2009),Vol 6,ISBN 978-979-1480-19-2.",https://www.knapsackfamily.com/knapsack_core/result.php?sname=organism&word=Cassia%20occidentalis,knapsack_world_id_2026_04_17,00f80cbc294834bdc07768ea48b995b36ab7c0d84e3ef01b76479716233262a4,Cassia occidentalis L.
105,Cassia senna L.,Cassia senna L.,Cassia senna,L.,cassia senna,Fabaceae,,plants,medicinal,JAMU in Indonesian Daily Life and Industry by Suwidjiyo Pramono,https://www.knapsackfamily.com/knapsack_core/result.php?sname=organism&word=Cassia%20senna,knapsack_world_id_2026_04_17,ddbe3be4cc10cf03254f9a3c7e56caca2c28bf5fb32c7db81409b960c44049ba,Cassia senna L.
106,Cassia siamea,Cassia siamea,Cassia siamea,,cassia siamea,Fabaceae,,plants(vegetable),medicinal,"Herbal Indonesia Berkhasiat by Bukti Ilmiah & Cara Racik,Vol 8,ISBN 979-688-236-6. Medicinal Plants From the East by Christophe Wiart,ISBN 978-1-904761-85-3.",https://www.knapsackfamily.com/knapsack_core/result.php?sname=organism&word=Cassia%20siamea,knapsack_world_id_2026_04_17,16644acf4490f9571dda47715e7e55301736770d2983088e4dda433f22f00d6e,Cassia siamea
107,Cassia tora L.,Cassia tora L.,Cassia tora,L.,cassia tora,Fabaceae,,plants,medicinal,"Atlas Tumbuhan Obat by dr.Setiawan Dalimartha (2009),Vol 6,ISBN 978-979-1480-19-2. Hariana,Tubuhan Obat dan Khasiatnya Seri 2,Penebar Sadaya,(2002) Utami,Buku Pintar Tanaman Obat,431 jenis tanaman penggempur aneka penyakit,Redaksi AgroMedia,(2008) Taksonomi Koleksi Tanaman Obat Kebun Tanaman Obat Citeureup,vol.Pertama(2008),ISBN 978-979-3707-42-6. Tumbuhan Obat & Khasiatnya by Drs.H.Arief Hariana (2005),Vol.2,ISBN 979-489-957-7.",https://www.knapsackfamily.com/knapsack_core/result.php?sname=organism&word=Cassia%20tora,knapsack_world_id_2026_04_17,89e17bd3d3faabdfb573e7927bb604aef471bb15862658e77291594cce0018b8,Cassia tora L.
108,Cassytha filiformis L.,Cassytha filiformis L.,Cassytha filiformis,L.,cassytha filiformis,Lauraceae,,plants,medicinal,"Atlas Tumbuhan Obat by dr.Setiawan Dalimartha (2006),Vol 4,ISBN 979-1133-14-X. Tumbuhan Obat & Khasiatnya by Drs.H.Arief Hariana (2006),Vol.3,ISBN 979-002-008-2. Utami,Buku Pintar Tanaman Obat,431 jenis tanaman penggempur aneka penyakit,Redaksi AgroMedia,(2008)",https://www.knapsackfamily.com/knapsack_core/result.php?sname=organism&word=Cassytha%20filiformis,knapsack_world_id_2026_04_17,afae45bf6fa7ff588ca46d63321cf4d234d335c79ff48afd66f5959f67b66af8,Cassytha filiformis L.
109,Casuarina equisetifolia,Casuarina equisetifolia,Casuarina equisetifolia,,casuarina equisetifolia,Casuarinaceae,Australian beefwood,plants,medicinal,"Medicinal Plants From the East by Christophe Wiart,ISBN 978-1-904761-85-3.",https://www.knapsackfamily.com/knapsack_core/result.php?sname=organism&word=Casuarina%20equisetifolia,knapsack_world_id_2026_04_17,a714e353715d021974aff2fb7e515fdf34d13b7e3911b7ad815e43088732369c,Casuarina equisetifolia
110,Catharanthus roseus,Catharanthus roseus,Catharanthus roseus,,catharanthus roseus,Apocynaceae,Madagascar periwinkle | Rosy periwinkle | Cayenne jasmine,plants,medicinal,"Herbal Indonesia Berkhasiat by Bukti Ilmiah & Cara Racik,Vol 8,ISBN 979-688-236-6.",https://www.knapsackfamily.com/knapsack_core/result.php?sname=organism&word=Catharanthus%20roseus,knapsack_world_id_2026_04_17,32d3a2c5bea3026f8837d18474947cc64800cf20ea976faac281df14fb1f146c,Catharanthus roseus
111,Ceiba pentandra,Ceiba pentandra,Ceiba pentandra,,ceiba pentandra,Malvaceae Bombacaceae,Kapok | Silk-cotton tree,"plants(eaten,flavouring,colouring)",medicinal,"Roosita,J.Ethnopharmacol.,115,(2008),72",https://www.knapsackfamily.com/knapsack_core/result.php?sname=organism&word=Ceiba%20pentandra,knapsack_world_id_2026_04_17,b32bbdd7fa8718ea7f13ac00490c22c5b6c33981ed1d7d34a7187fd80d09390c,Ceiba pentandra
112,Celosia argentea L.,Celosia argentea L.,Celosia argentea,L.,celosia argentea,Amaranthaceae,,plants,medicinal,"Atlas Tumbuhan Obat by dr.Setiawan Dalimartha (2003),Vol 3,ISBN 979-3235-73-X. Tumbuhan Obat & Khasiatnya by Drs.H.Arief Hariana (2004),Vol.1,ISBN 979-489-816-3. Utami,Buku Pintar Tanaman Obat,431 jenis tanaman penggempur aneka penyakit,Redaksi AgroMedia,(2008)",https://www.knapsackfamily.com/knapsack_core/result.php?sname=organism&word=Celosia%20argentea,knapsack_world_id_2026_04_17,db1f204ad55ef899203e2d71e9270c9fa859d688c07485c851cafb8416249431,Celosia argentea L.
113,Celosia cristata L.,Celosia cristata L.,Celosia cristata,L.,celosia cristata,Amaranthaceae,,plants,medicinal,"Atlas Tumbuhan Obat by dr.Setiawan Dalimartha (2003),Vol 3,ISBN 979-3235-73-X. Tumbuhan Obat & Khasiatnya by Drs.H.Arief Hariana (2004),Vol.1,ISBN 979-489-816-3.",https://www.knapsackfamily.com/knapsack_core/result.php?sname=organism&word=Celosia%20cristata,knapsack_world_id_2026_04_17,fb9ada48bec19d065d71b29d92af0499d5f737f7726e45d1ec588c0e345c71c4,Celosia cristata L.
114,Centella asiatica,Centella asiatica,Centella asiatica,,centella asiatica,Apiaceae,Gotu kola | Indian pennywort | Tiger grass,plants,medicinal,"Roosita,J.Ethnopharmacol.,115,(2008),72 Herbal Indonesia Berkhasiat by Bukti Ilmiah & Cara Racik,Vol 8,ISBN 979-688-236-6. Tumbuhan Obat & Khasiatnya by Drs.H.Arief Hariana (2005),Vol.2,ISBN 979-489-957-7.",https://www.knapsackfamily.com/knapsack_core/result.php?sname=organism&word=Centella%20asiatica,knapsack_world_id_2026_04_17,1f143f53693f78cf379d346ff4464b9c25fff2987bf9f1f299428cf289520b4b,Centella asiatica
115,Cephaelis ipecacuanha,Cephaelis ipecacuanha,Cephaelis ipecacuanha,,cephaelis ipecacuanha,Rubiaceae,Ipecacuanha | Ipecac,plants,medicinal,"Rao,Agroforestry Sys.,61,(2004),107",https://www.knapsackfamily.com/knapsack_core/result.php?sname=organism&word=Cephaelis%20ipecacuanha,knapsack_world_id_2026_04_17,23b625f470f9c4c7889f5e50affbf8dbee8ae3925acafcc274f57510cd802fe7,Cephaelis ipecacuanha
116,Cerbera manghas L.,Cerbera manghas L.,Cerbera manghas,L.,cerbera manghas,Apocynaceae,,plants,medicinal,"Utami,Buku Pintar Tanaman Obat,431 jenis tanaman penggempur aneka penyakit,Redaksi AgroMedia,(2008) JAMU in Indonesian Daily Life and Industry by Suwidjiyo Pramono",https://www.knapsackfamily.com/knapsack_core/result.php?sname=organism&word=Cerbera%20manghas,knapsack_world_id_2026_04_17,1659e666644a67488718f408f96e0d35c42179a8532389b76b2525d8a3bbdec2,Cerbera manghas L.
117,Cibotium barometz (L.) J.Sm.,Cibotium barometz (L.) J.Sm.,Cibotium barometz,(L.) J.Sm.,cibotium barometz,Dicksoniaceae,,plants,medicinal,"Atlas Tumbuhan Obat by dr.Setiawan Dalimartha (2008),Vol 5,ISBN 978-979-1480-18-5. Tumbuhan Obat & Khasiatnya by Drs.H.Arief Hariana (2005),Vol.2,ISBN 979-489-957-7. Hariana,Tubuhan Obat dan Khasiatnya Seri 2,Penebar Sadaya,(2002)",https://www.knapsackfamily.com/knapsack_core/result.php?sname=organism&word=Cibotium%20barometz,knapsack_world_id_2026_04_17,d695954cfc0204196722f07fc661f7db611f1d2313f6d90b38af6f2fb0b7f1da,Cibotium barometz (L.) J.Sm.
118,Cinnamomum burmannii,Cinnamomum burmannii,Cinnamomum burmannii,,cinnamomum burmannii,Lauraceae,,plants,medicinal,"Herbal Indonesia Berkhasiat by Bukti Ilmiah & Cara Racik,Vol 8,ISBN 979-688-236-6.",https://www.knapsackfamily.com/knapsack_core/result.php?sname=organism&word=Cinnamomum%20burmannii,knapsack_world_id_2026_04_17,04175e1fec7a276b5ccd031532575d33a1fca366f51d8f516fa165fe4abf142f,Cinnamomum burmannii
119,Cinnamomum camphora L.,Cinnamomum camphora L.,Cinnamomum camphora,L.,cinnamomum camphora,Lauraceae,,plants,medicinal,JAMU in Indonesian Daily Life and Industry by Suwidjiyo Pramono,https://www.knapsackfamily.com/knapsack_core/result.php?sname=organism&word=Cinnamomum%20camphora,knapsack_world_id_2026_04_17,373116f933e03b2f2ec93cb756c04b0cae18a2f9f688a37594f966b8ea57e5dc,Cinnamomum camphora L.
120,Cinnamomum cassia Blume,Cinnamomum cassia Blume,Cinnamomum cassia,Blume,cinnamomum cassia,Lauraceae,,plants,medicinal,"Hariana,Tubuhan Obat dan Khasiatnya Seri 2,Penebar Sadaya,(2002) Takito,Medicinal plant,3rd edition (in JPN),Hirokawa Publishing CO.,(2007) Utami,Buku Pintar Tanaman Obat,431 jenis tanaman penggempur aneka penyakit,Redaksi AgroMedia,(2008)",https://www.knapsackfamily.com/knapsack_core/result.php?sname=organism&word=Cinnamomum%20cassia,knapsack_world_id_2026_04_17,ee05ca02b39fbcfe53259c568f54f15270a10fa89a7c6e8b438bdb73d0147fcf,Cinnamomum cassia Blume
121,Cinnamomum verum Presl.Syn.C.zeylanicum Bi.,Cinnamomum verum Presl.Syn.C.zeylanicum Bi.,Cinnamomum verum,Presl.Syn.C.zeylanicum Bi.,cinnamomum verum,Lauraceae,,plants,medicinal,"Abani,(2007),Medicinal Plants & Their Uses(2)Published(2007) by ABOSARBangladesh). ISBN 984-415-220-8",https://www.knapsackfamily.com/knapsack_core/result.php?sname=organism&word=Cinnamomum%20verum,knapsack_world_id_2026_04_17,433a5d60dac6f23bfc2d28e10ec91cde747510d7073d73ca96489d6032886f21,Cinnamomum verum Presl.Syn.C.zeylanicum Bi.
122,Cinnamomum zeylanicum (Nees) Blume,Cinnamomum zeylanicum (Nees) Blume,Cinnamomum zeylanicum,(Nees) Blume,cinnamomum zeylanicum,Lauraceae,,plants,medicinal,"Joshi, S.G.,Medicinal Plants,Mohan Primlani for Oxfor & IBH Publishing Co.Pvt.Ltd.,New Delhi (2003) 高橋澄子,ジャムウ インドネシアの伝統治療薬、平河出版社(1988)[Takahasi, S.,Traditional remedy of Indonesia,(1988), in Japanese]",https://www.knapsackfamily.com/knapsack_core/result.php?sname=organism&word=Cinnamomum%20zeylanicum,knapsack_world_id_2026_04_17,23775636dbc21c43897521afce91421dacfba95a547b23e2e5c372a9e5282985,Cinnamomum zeylanicum (Nees) Blume
123,Cissampelos pareira L.,Cissampelos pareira L.,Cissampelos pareira,L.,cissampelos pareira,Menispermaceae,,plants,medicinal,"de Padua et al.(1999), Plant Resources of South-East Asia 12,(1) Medicinal and poisonous plants 1, Bogor, Indonesia",https://www.knapsackfamily.com/knapsack_core/result.php?sname=organism&word=Cissampelos%20pareira,knapsack_world_id_2026_04_17,5cc7ba62be9273953873cd70aa88a4bc0657ee0008babc137d45bc0d5c3d5e02,Cissampelos pareira L.
124,Citrullus vulgaris Schrad.,Citrullus vulgaris Schrad.,Citrullus vulgaris,Schrad.,citrullus vulgaris,Cucurbitaceae,,plants,medicinal,"Atlas Tumbuhan Obat by dr.Setiawan Dalimartha (2003),Vol 3,ISBN 979-3235-73-X. Tumbuhan Obat & Khasiatnya by Drs.H.Arief Hariana (2006),Vol.3,ISBN 979-002-008-2. Utami,Buku Pintar Tanaman Obat,431 jenis tanaman penggempur aneka penyakit,Redaksi AgroMedia,(2008)",https://www.knapsackfamily.com/knapsack_core/result.php?sname=organism&word=Citrullus%20vulgaris,knapsack_world_id_2026_04_17,6e67a597deee09023bd8474dfc460e859da26e79eae4e3306a5ec81984607070,Citrullus vulgaris Schrad.
125,Citrus aurantifolia,Citrus aurantifolia,Citrus aurantifolia,,citrus aurantifolia,Rutaceae,lime,plants,medicinal,"Herbal Indonesia Berkhasiat by Bukti Ilmiah & Cara Racik,Vol 8,ISBN 979-688-236-6. Roosita,J.Ethnopharmacol.,115,(2008),72",https://www.knapsackfamily.com/knapsack_core/result.php?sname=organism&word=Citrus%20aurantifolia,knapsack_world_id_2026_04_17,8ac9d9173065fdd9d6204f4997949db3f6d83d84d0cc683009d33ff272f021c6,Citrus aurantifolia
126,Citrus aurantium L.Subsp.aurantifolia Swingle,Citrus aurantium L.Subsp.aurantifolia Swingle,Citrus aurantium,L.Subsp.aurantifolia Swingle,citrus aurantium,Rutaceae,,plants,medicinal,"Taksonomi Koleksi Tanaman Obat Kebun Tanaman Obat Citeureup,vol.Pertama(2008),ISBN 978-979-3707-42-6.",https://www.knapsackfamily.com/knapsack_core/result.php?sname=organism&word=Citrus%20aurantium,knapsack_world_id_2026_04_17,74549bce27152564c825edf085ffa830dec11d16d1cb167823c6e75611e53b5c,Citrus aurantium L.Subsp.aurantifolia Swingle
127,Citrus hystrix,Citrus hystrix,Citrus hystrix,,citrus hystrix,Rutaceae,Kaffir lime | Macrud lime,plants,medicinal,"Utami,Buku Pintar Tanaman Obat,431 jenis tanaman penggempur aneka penyakit,Redaksi AgroMedia,(2008) Herbal Indonesia Berkhasiat by Bukti Ilmiah & Cara Racik,Vol 8,ISBN 979-688-236-6.",https://www.knapsackfamily.com/knapsack_core/result.php?sname=organism&word=Citrus%20hystrix,knapsack_world_id_2026_04_17,c6f53036210cfc1aa0730345df28e7047bc7668d34bd0e3b365b2a255d7a97ed,Citrus hystrix
128,Citrus maxima,Citrus maxima,Citrus maxima,,citrus maxima,Rutaceae,Pummelo,plants,medicinal,"Roosita,J.Ethnopharmacol.,115,(2008),72",https://www.knapsackfamily.com/knapsack_core/result.php?sname=organism&word=Citrus%20maxima,knapsack_world_id_2026_04_17,5c1ecaa7a85eed10945c7ddef1fee5ce2a04054676dcf302e3097ee626d45baf,Citrus maxima
129,Citrus medica L.,Citrus medica L.,Citrus medica,L.,citrus medica,Rutaceae,,plants,medicinal,"Utami,Buku Pintar Tanaman Obat,431 jenis tanaman penggempur aneka penyakit,Redaksi AgroMedia,(2008)",https://www.knapsackfamily.com/knapsack_core/result.php?sname=organism&word=Citrus%20medica,knapsack_world_id_2026_04_17,a35f6055a7f9e35d647b7de4d24bc50dc5b32f647b30819d92f685b1ef8b5dd1,Citrus medica L.
130,Citrus nobilis,Citrus nobilis,Citrus nobilis,,citrus nobilis,Rutaceae,,plants,medicinal,"Herbal Indonesia Berkhasiat by Bukti Ilmiah & Cara Racik,Vol 8,ISBN 979-688-236-6.",https://www.knapsackfamily.com/knapsack_core/result.php?sname=organism&word=Citrus%20nobilis,knapsack_world_id_2026_04_17,a7222ae9ce1a81a98b3b3980cbdef7981dc97477d09bfafb51aa88a2be35950a,Citrus nobilis
131,Clausena excavata Burm. f.,Clausena excavata Burm. f.,Clausena excavata,Burm. f.,clausena excavata,Rutaceae,,plants,medicinal,"Taksonomi Koleksi Tanaman Obat Kebun Tanaman Obat Citeureup,vol.kedua(2009),ISBN 978-979-3707-42-6. Tumbuhan Obat & Khasiatnya by Drs.H.Arief Hariana (2006),Vol.3,ISBN 979-002-008-2. Takemura,Chem.Pharm.Bull.,48,(2000),582",https://www.knapsackfamily.com/knapsack_core/result.php?sname=organism&word=Clausena%20excavata,knapsack_world_id_2026_04_17,0540633f7b6ef7fd32db87d1f4eb9e889cd1543a65d68abb7bb7b8185287069b,Clausena excavata Burm. f.
132,Cleome spinosa L.,Cleome spinosa L.,Cleome spinosa,L.,cleome spinosa,Capparaceae Capparidaceae,,plants,medicinal,"Atlas Tumbuhan Obat by dr.Setiawan Dalimartha (2008),Vol 5,ISBN 978-979-1480-18-5. Utami,Buku Pintar Tanaman Obat,431 jenis tanaman penggempur aneka penyakit,Redaksi AgroMedia,(2008)",https://www.knapsackfamily.com/knapsack_core/result.php?sname=organism&word=Cleome%20spinosa,knapsack_world_id_2026_04_17,5d1d4204b858290d7b98804173a58870b3b4e8228e5b4c789a29552d963c57f6,Cleome spinosa L.
133,Clerodendron serratum,Clerodendron serratum,Clerodendron serratum,,clerodendron serratum,Verbenaceae,,plants,medicinal,"Roosita,J.Ethnopharmacol.,115,(2008),72 Herbal Indonesia Berkhasiat by Bukti Ilmiah & Cara Racik,Vol 8,ISBN 979-688-236-6.",https://www.knapsackfamily.com/knapsack_core/result.php?sname=organism&word=Clerodendron%20serratum,knapsack_world_id_2026_04_17,b924b065dc1c22a2364fd279ae7c5647f394898dc91dd4a7b1eb1c85427b52a4,Clerodendron serratum
134,Clerodendrum serratum,Clerodendrum serratum,Clerodendrum serratum,,clerodendrum serratum,Lamiaceae,,plants,medicinal,"Medicinal Plants From the East by Christophe Wiart,ISBN 978-1-904761-85-3.",https://www.knapsackfamily.com/knapsack_core/result.php?sname=organism&word=Clerodendrum%20serratum,knapsack_world_id_2026_04_17,3ed68c5fc8886b1057220363172fde85c9f96c327501b245217ce2922ac34f8f,Clerodendrum serratum
135,Clinacanthus nutans,Clinacanthus nutans,Clinacanthus nutans,,clinacanthus nutans,Acanthaceae,,plants,medicinal,"Roosita,J.Ethnopharmacol.,115,(2008),72",https://www.knapsackfamily.com/knapsack_core/result.php?sname=organism&word=Clinacanthus%20nutans,knapsack_world_id_2026_04_17,5b8059ddbf095b2c0832fdee372223ccaeba64affde159556203698169910a00,Clinacanthus nutans
136,Clitoria ternatea,Clitoria ternatea,Clitoria ternatea,,clitoria ternatea,Fabaceae,,plants,medicinal,"Medicinal Plants From the East by Christophe Wiart,ISBN 978-1-904761-85-3. Herbal Indonesia Berkhasiat by Bukti Ilmiah & Cara Racik,Vol 8,ISBN 979-688-236-6.",https://www.knapsackfamily.com/knapsack_core/result.php?sname=organism&word=Clitoria%20ternatea,knapsack_world_id_2026_04_17,335e11489c0997d0ca0554f07574538b4a14f0325e54ea5435ce3ef95d45addf,Clitoria ternatea
137,Cocos nucifera,Cocos nucifera,Cocos nucifera,,cocos nucifera,Arecaceae,Coconut palm | Coco palm,plants,medicinal,"Herbal Indonesia Berkhasiat by Bukti Ilmiah & Cara Racik,Vol 8,ISBN 979-688-236-6. Roosita,J.Ethnopharmacol.,115,(2008),72 Medicinal Plants of the World by Ivan A.Ross,Vol.3,ISBN 978-1-58829-129-5.",https://www.knapsackfamily.com/knapsack_core/result.php?sname=organism&word=Cocos%20nucifera,knapsack_world_id_2026_04_17,4bf51a7a88c8444378c07b90b4eea9dbe155f8e6bc5397796856564828f931d7,Cocos nucifera
138,Coffea arabica,Coffea arabica,Coffea arabica,,coffea arabica,Rubiaceae,Coffee | Arabian coffee,plants,medicinal,"Medicinal Plants From the East by Christophe Wiart,ISBN 978-1-904761-85-3.",https://www.knapsackfamily.com/knapsack_core/result.php?sname=organism&word=Coffea%20arabica,knapsack_world_id_2026_04_17,88bef4da653cff84ec3900263ebd508aac341c3e884b1655bd88aded096d56a1,Coffea arabica
139,Coffea canephora Pierre ex A.Froehner,Coffea canephora Pierre ex A.Froehner,Coffea canephora,Pierre ex A.Froehner,coffea canephora,Rubiaceae,,plants,medicinal,"Taksonomi Koleksi Tanaman Obat Kebun Tanaman Obat Citeureup,vol.kedua(2009),ISBN 978-979-3707-42-6.",https://www.knapsackfamily.com/knapsack_core/result.php?sname=organism&word=Coffea%20canephora,knapsack_world_id_2026_04_17,6d9c73345f0d9f6ff4af1ae894c6b73ae9249674f1aef44f1f6a783c9abe6f51,Coffea canephora Pierre ex A.Froehner
140,Coffea robusta L. ex De Willd.,Coffea robusta L. ex De Willd.,Coffea robusta,L. ex De Willd.,coffea robusta,Rubiaceae,,plants,medicinal,"Utami,Buku Pintar Tanaman Obat,431 jenis tanaman penggempur aneka penyakit,Redaksi AgroMedia,(2008)",https://www.knapsackfamily.com/knapsack_core/result.php?sname=organism&word=Coffea%20robusta,knapsack_world_id_2026_04_17,ffc60127e9cd8eda78807668dc0cb5948dff5958243514d1e1475d6462ad93b6,Coffea robusta L. ex De Willd.
141,Coix lacryma-jobi L.,Coix lacryma-jobi L.,Coix lacryma-jobi,L.,coix lacryma jobi,Poaceae,,plants,medicinal,"Utami,Buku Pintar Tanaman Obat,431 jenis tanaman penggempur aneka penyakit,Redaksi AgroMedia,(2008)",https://www.knapsackfamily.com/knapsack_core/result.php?sname=organism&word=Coix%20lacryma-jobi,knapsack_world_id_2026_04_17,e758230d8484bcb4f039010113bf6004d1ed57a3480f13c5a80486d3af33bd85,Coix lacryma-jobi L.
142,Cola acuminata Schott ET Endl.,Cola acuminata Schott ET Endl.,Cola acuminata,Schott ET Endl.,cola acuminata,Sterculiaceae Malvaceae,,plants,medicinal,"Taksonomi Koleksi Tanaman Obat Kebun Tanaman Obat Citeureup,vol.Pertama(2008),ISBN 978-979-3707-42-6.",https://www.knapsackfamily.com/knapsack_core/result.php?sname=organism&word=Cola%20acuminata,knapsack_world_id_2026_04_17,3fbc42d30047d784930c7702b9fe4686c46912949fc71bbdb78ec859c951593b,Cola acuminata Schott ET Endl.
143,Coleus amboinicus,Coleus amboinicus,Coleus amboinicus,,coleus amboinicus,Lamiaceae,,plants,medicinal,"Herbal Indonesia Berkhasiat by Bukti Ilmiah & Cara Racik,Vol 8,ISBN 979-688-236-6.",https://www.knapsackfamily.com/knapsack_core/result.php?sname=organism&word=Coleus%20amboinicus,knapsack_world_id_2026_04_17,a6415099d50a90764ba121947d6273dfe70219b09a5acb59d807413e7a131391,Coleus amboinicus
144,Coleus carnosus L.,Coleus carnosus L.,Coleus carnosus,L.,coleus carnosus,Lamiaceae,,plants,medicinal,JAMU in Indonesian Daily Life and Industry by Suwidjiyo Pramono,https://www.knapsackfamily.com/knapsack_core/result.php?sname=organism&word=Coleus%20carnosus,knapsack_world_id_2026_04_17,35c9702ba477a2358161d1a22d339abeb5624e05681651fe19b8c26baa3d8d5a,Coleus carnosus L.
145,Colocasia esculenta (L.) Schott,Colocasia esculenta (L.) Schott,Colocasia esculenta,(L.) Schott,colocasia esculenta,Araceae,,plants,medicinal,"Atlas Tumbuhan Obat by dr.Setiawan Dalimartha (2006),Vol 4,ISBN 979-1133-14-X.",https://www.knapsackfamily.com/knapsack_core/result.php?sname=organism&word=Colocasia%20esculenta,knapsack_world_id_2026_04_17,db55b3ed2a988d6416d77830d8f174cedc4cdf6c8201b25fcc9bcc6984ce36a8,Colocasia esculenta (L.) Schott
146,Coriandrum sativum,Coriandrum sativum,Coriandrum sativum,,coriandrum sativum,Apiaceae,Coriander | Cilantro,plants,medicinal,"Herbal Indonesia Berkhasiat by Bukti Ilmiah & Cara Racik,Vol 8,ISBN 979-688-236-6. Roosita,J.Ethnopharmacol.,115,(2008),72",https://www.knapsackfamily.com/knapsack_core/result.php?sname=organism&word=Coriandrum%20sativum,knapsack_world_id_2026_04_17,56c74ba1147514c551476eb0a12d4234636cf62157637ff6150d644151c635f2,Coriandrum sativum
147,Costus speciosus (Koen.ex.Retz.) Sm.,Costus speciosus (Koen.ex.Retz.) Sm.,Costus speciosus,(Koen.ex.Retz.) Sm.,costus speciosus,Costaceae Zingiberaceae,,plants,medicinal,"Hariana,Tubuhan Obat dan Khasiatnya Seri 2,Penebar Sadaya,(2002) Utami,Buku Pintar Tanaman Obat,431 jenis tanaman penggempur aneka penyakit,Redaksi AgroMedia,(2008)",https://www.knapsackfamily.com/knapsack_core/result.php?sname=organism&word=Costus%20speciosus,knapsack_world_id_2026_04_17,ca37694b6688af9933bb41f10a4c0c864cbf91b48f7b68670b8fc667d3f12809,Costus speciosus (Koen.ex.Retz.) Sm.
148,Crinum asiaticum L.,Crinum asiaticum L.,Crinum asiaticum,L.,crinum asiaticum,Amaryllidaceae,,plants,medicinal,"Tumbuhan Obat & Khasiatnya by Drs.H.Arief Hariana (2004),Vol.1,ISBN 979-489-816-3. Utami,Buku Pintar Tanaman Obat,431 jenis tanaman penggempur aneka penyakit,Redaksi AgroMedia,(2008)",https://www.knapsackfamily.com/knapsack_core/result.php?sname=organism&word=Crinum%20asiaticum,knapsack_world_id_2026_04_17,d26374cb8050141a1dd18ff7dc12c50bd8c570341340406e9883acc98649591a,Crinum asiaticum L.
149,Crocus sativus L.,Crocus sativus L.,Crocus sativus,L.,crocus sativus,Iridaceae,,plants(colouring and flavoring food and tea),medicinal,"Utami,Buku Pintar Tanaman Obat,431 jenis tanaman penggempur aneka penyakit,Redaksi AgroMedia,(2008)",https://www.knapsackfamily.com/knapsack_core/result.php?sname=organism&word=Crocus%20sativus,knapsack_world_id_2026_04_17,2f137c472f46690474b4d422c65cb830d2aa3e97e0492ebf645e9aec5d98c08a,Crocus sativus L.
150,Croton tiglium L.,Croton tiglium L.,Croton tiglium,L.,croton tiglium,Euphorbiaceae,,plants,medicinal,"Taksonomi Koleksi Tanaman Obat Kebun Tanaman Obat Citeureup,vol.Pertama(2008),ISBN 978-979-3707-42-6.",https://www.knapsackfamily.com/knapsack_core/result.php?sname=organism&word=Croton%20tiglium,knapsack_world_id_2026_04_17,b99563e05ce565ce5bfcf4d10b92c7185705b0114242057af5a3ef92e7ff161a,Croton tiglium L.
151,Cucumis sativus L.,Cucumis sativus L.,Cucumis sativus,L.,cucumis sativus,Cucurbitaceae,,plants,medicinal,"Atlas Tumbuhan Obat by dr.Setiawan Dalimartha (2008),Vol 5,ISBN 978-979-1480-18-5. JAMU in Indonesian Daily Life and Industry by Suwidjiyo Pramono Utami,Buku Pintar Tanaman Obat,431 jenis tanaman penggempur aneka penyakit,Redaksi AgroMedia,(2008)",https://www.knapsackfamily.com/knapsack_core/result.php?sname=organism&word=Cucumis%20sativus,knapsack_world_id_2026_04_17,36884858d0c1d93b63d19c36f986588206976f9914766c6eeb2f9fbf7650605b,Cucumis sativus L.
152,Cucurbita moschata Duch.,Cucurbita moschata Duch.,Cucurbita moschata,Duch.,cucurbita moschata,Cucurbitaceae,,plants,medicinal,"Utami,Buku Pintar Tanaman Obat,431 jenis tanaman penggempur aneka penyakit,Redaksi AgroMedia,(2008)",https://www.knapsackfamily.com/knapsack_core/result.php?sname=organism&word=Cucurbita%20moschata,knapsack_world_id_2026_04_17,1ca5513350c808fd27add826c8d6bb3059f78b9eb491f7b723d2ceb763681610,Cucurbita moschata Duch.
153,Cuminum cyminum L.,Cuminum cyminum L.,Cuminum cyminum,L.,cuminum cyminum,Apiaceae,,plants,medicinal,"Joshi, S.G.,Medicinal Plants,Mohan Primlani for Oxfor & IBH Publishing Co.Pvt.Ltd.,New Delhi (2003) 高橋澄子,ジャムウ インドネシアの伝統治療薬、平河出版社(1988)[Takahasi, S.,Traditional remedy of Indonesia,(1988), in Japanese] Utami,Buku Pintar Tanaman Obat,431 jenis tanaman penggempur aneka penyakit,Redaksi AgroMedia,(2008)",https://www.knapsackfamily.com/knapsack_core/result.php?sname=organism&word=Cuminum%20cyminum,knapsack_world_id_2026_04_17,c367ec8a245e7c681f12272f5acf6c0cf91070a185d8e0ccd752e5c3961ade0f,Cuminum cyminum L.
154,Curcuma aeruginosa,Curcuma aeruginosa,Curcuma aeruginosa,,curcuma aeruginosa,Zingiberaceae,,plants,medicinal,"Herbal Indonesia Berkhasiat by Bukti Ilmiah & Cara Racik,Vol 8,ISBN 979-688-236-6.",https://www.knapsackfamily.com/knapsack_core/result.php?sname=organism&word=Curcuma%20aeruginosa,knapsack_world_id_2026_04_17,61aabf83bea6d7a1a6aa9ef7fe675353f27447359523410ba41c8799b94d2919,Curcuma aeruginosa
155,Curcuma domestica,Curcuma domestica,Curcuma domestica,,curcuma domestica,Zingiberaceae,,plants(spice),medicinal,"Roosita,J.Ethnopharmacol.,115,(2008),72 Utami,Buku Pintar Tanaman Obat,431 jenis tanaman penggempur aneka penyakit,Redaksi AgroMedia,(2008) 高橋澄子,ジャムウ インドネシアの伝統治療薬、平河出版社(1988)[Takahasi, S.,Traditional remedy of Indonesia,(1988), in Japanese]",https://www.knapsackfamily.com/knapsack_core/result.php?sname=organism&word=Curcuma%20domestica,knapsack_world_id_2026_04_17,d79681a07986120cb55a71a296d76bf014712e59e2b4159ae062d5cba89528bc,Curcuma domestica
156,Curcuma heyneana,Curcuma heyneana,Curcuma heyneana,,curcuma heyneana,Zingiberaceae,,plants,medicinal,"Utami,Buku Pintar Tanaman Obat,431 jenis tanaman penggempur aneka penyakit,Redaksi AgroMedia,(2008) 高橋澄子,ジャムウ インドネシアの伝統治療薬、平河出版社(1988)[Takahasi, S.,Traditional remedy of Indonesia,(1988), in Japanese]",https://www.knapsackfamily.com/knapsack_core/result.php?sname=organism&word=Curcuma%20heyneana,knapsack_world_id_2026_04_17,f29fe77579bd38d0646f337d10e26865e95707d7693386ef599641822b04e93b,Curcuma heyneana
157,Curcuma longa,Curcuma longa,Curcuma longa,,curcuma longa,Zingiberaceae,Turmeric | Haridra,plants,medicinal,"Herbal Indonesia Berkhasiat by Bukti Ilmiah & Cara Racik,Vol 8,ISBN 979-688-236-6.",https://www.knapsackfamily.com/knapsack_core/result.php?sname=organism&word=Curcuma%20longa,knapsack_world_id_2026_04_17,a33c281048782e258642a81a2b945317b2068626f2fc38b24821f523e43ed392,Curcuma longa
158,Curcuma mangga,Curcuma mangga,Curcuma mangga,,curcuma mangga,Zingiberaceae,,plants,medicinal,"Utami,Buku Pintar Tanaman Obat,431 jenis tanaman penggempur aneka penyakit,Redaksi AgroMedia,(2008) 高橋澄子,ジャムウ インドネシアの伝統治療薬、平河出版社(1988)[Takahasi, S.,Traditional remedy of Indonesia,(1988), in Japanese]",https://www.knapsackfamily.com/knapsack_core/result.php?sname=organism&word=Curcuma%20mangga,knapsack_world_id_2026_04_17,4fcd22f3c5299ba27e671081673de4529daabda1a4f8292674a349e6f83825e8,Curcuma mangga
159,Curcuma soloensis Valeton,Curcuma soloensis Valeton,Curcuma soloensis,Valeton,curcuma soloensis,Zingiberaceae,,plants,medicinal,"de Padua et al.(1999), Plant Resources of South-East Asia 12,(1) Medicinal and poisonous plants 1, Bogor, Indonesia",https://www.knapsackfamily.com/knapsack_core/result.php?sname=organism&word=Curcuma%20soloensis,knapsack_world_id_2026_04_17,52d6ffccb8ef32e7a3bcf5368adad70ead3fc94a00f96db94a99ba30dac7cdc3,Curcuma soloensis Valeton
160,Curcuma xanthorrhiza,Curcuma xanthorrhiza,Curcuma xanthorrhiza,,curcuma xanthorrhiza,Zingiberaceae,,plants,medicinal,"Herbal Indonesia Berkhasiat by Bukti Ilmiah & Cara Racik,Vol 8,ISBN 979-688-236-6. Roosita,J.Ethnopharmacol.,115,(2008),72",https://www.knapsackfamily.com/knapsack_core/result.php?sname=organism&word=Curcuma%20xanthorrhiza,knapsack_world_id_2026_04_17,3e0dce713ea23d83e34080cceadc744ecb96dc8f720222694fb2de70fe623e37,Curcuma xanthorrhiza
161,Curcuma zanthorrhiza Roxb.,Curcuma zanthorrhiza Roxb.,Curcuma zanthorrhiza,Roxb.,curcuma zanthorrhiza,Zingiberaceae,,plants,medicinal,"Taksonomi Koleksi Tanaman Obat Kebun Tanaman Obat Citeureup,vol.kedua(2009),ISBN 978-979-3707-42-6.",https://www.knapsackfamily.com/knapsack_core/result.php?sname=organism&word=Curcuma%20zanthorrhiza,knapsack_world_id_2026_04_17,10913dbde04ae4178032c5dc0fb1277d8a64913be887037b294f8e23a09b6681,Curcuma zanthorrhiza Roxb.
162,Curcuma zedoaria,Curcuma zedoaria,Curcuma zedoaria,,curcuma zedoaria,Zingiberaceae,,plants(spice),medicinal,"Roosita,J.Ethnopharmacol.,115,(2008),72 Herbal Indonesia Berkhasiat by Bukti Ilmiah & Cara Racik,Vol 8,ISBN 979-688-236-6.",https://www.knapsackfamily.com/knapsack_core/result.php?sname=organism&word=Curcuma%20zedoaria,knapsack_world_id_2026_04_17,fe676843b7e66acc385e92001f147c65ada7e1e8c65ebca2d0bec76ddb641151,Curcuma zedoaria
163,Cycas revoluta Thunb.,Cycas revoluta Thunb.,Cycas revoluta,Thunb.,cycas revoluta,Cycadaceae,,plants,medicinal,"Atlas Tumbuhan Obat by dr.Setiawan Dalimartha (2006),Vol 4,ISBN 979-1133-14-X. Hariana,Tubuhan Obat dan Khasiatnya Seri 2,Penebar Sadaya,(2002) Utami,Buku Pintar Tanaman Obat,431 jenis tanaman penggempur aneka penyakit,Redaksi AgroMedia,(2008) Tumbuhan Obat & Khasiatnya by Drs.H.Arief Hariana (2005),Vol.2,ISBN 979-489-957-7.",https://www.knapsackfamily.com/knapsack_core/result.php?sname=organism&word=Cycas%20revoluta,knapsack_world_id_2026_04_17,ed5dd286a38c92245c6fd2376c76414e35a551c567523f05e81ef26a57ed4c9f,Cycas revoluta Thunb.
164,Cyclea barbata,Cyclea barbata,Cyclea barbata,,cyclea barbata,Menispermaceae,,plants,medicinal,"Roosita,J.Ethnopharmacol.,115,(2008),72 Herbal Indonesia Berkhasiat by Bukti Ilmiah & Cara Racik,Vol 8,ISBN 979-688-236-6.",https://www.knapsackfamily.com/knapsack_core/result.php?sname=organism&word=Cyclea%20barbata,knapsack_world_id_2026_04_17,4cd32081e80af80bd818b73963987b33ea4374f441dc0c463b563f38c5e63145,Cyclea barbata
165,Cymbopogon citratus,Cymbopogon citratus,Cymbopogon citratus,,cymbopogon citratus,Poaceae,Lemon grass,plants,medicinal,"Medicinal Plants of the World by Ivan A.Ross,Vol.1,ISBN 1-58829-281-9.",https://www.knapsackfamily.com/knapsack_core/result.php?sname=organism&word=Cymbopogon%20citratus,knapsack_world_id_2026_04_17,ca1f100f760ab9d4f7f7edeac90d384c1cb12a92915bce55c2c180eb0562320d,Cymbopogon citratus
166,Cymbopogon nardus (L.) Rendle,Cymbopogon nardus (L.) Rendle,Cymbopogon nardus,(L.) Rendle,cymbopogon nardus,Poaceae,,plants,medicinal,"Atlas Tumbuhan Obat by dr.Setiawan Dalimartha (2008),Vol 5,ISBN 978-979-1480-18-5. Taksonomi Koleksi Tanaman Obat Kebun Tanaman Obat Citeureup,vol.kedua(2009),ISBN 978-979-3707-42-6. Tumbuhan Obat & Khasiatnya by Drs.H.Arief Hariana (2006),Vol.3,ISBN 979-002-008-2. JAMU in Indonesian Daily Life and Industry by Suwidjiyo Pramono",https://www.knapsackfamily.com/knapsack_core/result.php?sname=organism&word=Cymbopogon%20nardus,knapsack_world_id_2026_04_17,444947399eab01d50059afeece66da04922343349ef37a932244bbe2576e35f9,Cymbopogon nardus (L.) Rendle
167,Cyperus iria L.,Cyperus iria L.,Cyperus iria,L.,cyperus iria,Cyperaceae,,plants,medicinal,"de Padua et al.(1999), Plant Resources of South-East Asia 12,(1) Medicinal and poisonous plants 1, Bogor, Indonesia",https://www.knapsackfamily.com/knapsack_core/result.php?sname=organism&word=Cyperus%20iria,knapsack_world_id_2026_04_17,c5ad69bcf4ea91cb05998b84cc0921a35075066de1355f7d4efc9b3ab70dc0c2,Cyperus iria L.
168,Cyperus rotundus,Cyperus rotundus,Cyperus rotundus,,cyperus rotundus,Cyperaceae,Nut grass | Sedge root | Coco grass,"plants(famine food,wheat flour)",medicinal,"Medicinal Plants of the World by Ivan A.Ross,Vol.1,ISBN 1-58829-281-9.",https://www.knapsackfamily.com/knapsack_core/result.php?sname=organism&word=Cyperus%20rotundus,knapsack_world_id_2026_04_17,104e1c2d80468731cf1202d0077abd56eeefa3b8175a078bfca0b8d106cd9f39,Cyperus rotundus
169,Datura metel,Datura metel,Datura metel,,datura metel,Solanaceae,,plants,medicinal,"Herbal Indonesia Berkhasiat by Bukti Ilmiah & Cara Racik,Vol 8,ISBN 979-688-236-6.",https://www.knapsackfamily.com/knapsack_core/result.php?sname=organism&word=Datura%20metel,knapsack_world_id_2026_04_17,aa3ab86e27db9cb460cdf68b42692e92b3882b1bf5b99e642f67457e209c270b,Datura metel
170,Datura stramonium L.,Datura stramonium L.,Datura stramonium,L.,datura stramonium,Solanaceae,,plants,medicinal,JAMU in Indonesian Daily Life and Industry by Suwidjiyo Pramono,https://www.knapsackfamily.com/knapsack_core/result.php?sname=organism&word=Datura%20stramonium,knapsack_world_id_2026_04_17,7ac971cab61dbff1dbcd6b98caac945555427ce8e46fd887ca4176f0dbe3f5b2,Datura stramonium L.
171,Datura tatula L.,Datura tatula L.,Datura tatula,L.,datura tatula,Solanaceae,,plants,medicinal,JAMU in Indonesian Daily Life and Industry by Suwidjiyo Pramono,https://www.knapsackfamily.com/knapsack_core/result.php?sname=organism&word=Datura%20tatula,knapsack_world_id_2026_04_17,617d189ccaf2c657d7f10bb93689b911931f836994bf2b3abef71e9ae26dde5d,Datura tatula L.
172,Daucus carota L.,Daucus carota L.,Daucus carota,L.,daucus carota,Apiaceae,,plants,medicinal,"Atlas Tumbuhan Obat by dr.Setiawan Dalimartha (2000),Vol 2,ISBN 979-661-065-5. Tanaman Obat Tradisional by Thomas A.N.S. (1992),Vol.2,ISBN 979-413-809-6. Utami,Buku Pintar Tanaman Obat,431 jenis tanaman penggempur aneka penyakit,Redaksi AgroMedia,(2008)",https://www.knapsackfamily.com/knapsack_core/result.php?sname=organism&word=Daucus%20carota,knapsack_world_id_2026_04_17,7fa927f3d94a81844f85fdf6357c2687182f682629bc9457f39fe0b075701abd,Daucus carota L.
173,Derris elliptica,Derris elliptica,Derris elliptica,,derris elliptica,Fabaceae,,plants,medicinal,"高橋澄子,ジャムウ インドネシアの伝統治療薬、平河出版社(1988)[Takahasi, S.,Traditional remedy of Indonesia,(1988), in Japanese]",https://www.knapsackfamily.com/knapsack_core/result.php?sname=organism&word=Derris%20elliptica,knapsack_world_id_2026_04_17,b502e519457802ef19358b6a3a919b13cd4ec230ac0b9593d664b9e74a6df612,Derris elliptica
174,Derris robusta (Roxb.ex DC.) Benth.,Derris robusta (Roxb.ex DC.) Benth.,Derris robusta,(Roxb.ex DC.) Benth.,derris robusta,Fabaceae,,plants,medicinal,"de Padua et al.(1999), Plant Resources of South-East Asia 12,(1) Medicinal and poisonous plants 1, Bogor, Indonesia",https://www.knapsackfamily.com/knapsack_core/result.php?sname=organism&word=Derris%20robusta,knapsack_world_id_2026_04_17,c9f500d1fe6e17dffeb18d152e5992c2f820a067aa61a433e9b26a387fa2f5fb,Derris robusta (Roxb.ex DC.) Benth.
175,Derris scandens (Roxb.) Benth.,Derris scandens (Roxb.) Benth.,Derris scandens,(Roxb.) Benth.,derris scandens,Fabaceae,,plants,medicinal,"de Padua et al.(1999), Plant Resources of South-East Asia 12,(1) Medicinal and poisonous plants 1, Bogor, Indonesia",https://www.knapsackfamily.com/knapsack_core/result.php?sname=organism&word=Derris%20scandens,knapsack_world_id_2026_04_17,06ca648c4f3aba426c88c121e15da232784203ba4f15a70ba4e3e18b7672312e,Derris scandens (Roxb.) Benth.
176,Derris trifoliata Lour.,Derris trifoliata Lour.,Derris trifoliata,Lour.,derris trifoliata,Fabaceae,,plants,medicinal,"de Padua et al.(1999), Plant Resources of South-East Asia 12,(1) Medicinal and poisonous plants 1, Bogor, Indonesia",https://www.knapsackfamily.com/knapsack_core/result.php?sname=organism&word=Derris%20trifoliata,knapsack_world_id_2026_04_17,7b559a6ca25b7789b4f59dbae53766db03ae70740c5ce8a251c7e234c30d784c,Derris trifoliata Lour.
177,Desmodium gangeticum (L.) DC.,Desmodium gangeticum (L.) DC.,Desmodium gangeticum,(L.) DC.,desmodium gangeticum,Fabaceae,,plants,medicinal,"de Padua et al.(1999), Plant Resources of South-East Asia 12,(1) Medicinal and poisonous plants 1, Bogor, Indonesia",https://www.knapsackfamily.com/knapsack_core/result.php?sname=organism&word=Desmodium%20gangeticum,knapsack_world_id_2026_04_17,6429bbf863aa93d381d0dc04f550e540f61b411fa376b7529e6c6b924f0d546d,Desmodium gangeticum (L.) DC.
178,Desmodium pulchellum,Desmodium pulchellum,Desmodium pulchellum,,desmodium pulchellum,Fabaceae,,plants,medicinal,"Medicinal Plants From the East by Christophe Wiart,ISBN 978-1-904761-85-3.",https://www.knapsackfamily.com/knapsack_core/result.php?sname=organism&word=Desmodium%20pulchellum,knapsack_world_id_2026_04_17,580bf00594fce6fd3ad3d09b2e8fee472f763207a7f3d8d896874b7e82d65049,Desmodium pulchellum
179,Desmodium styracifolium Merr.,Desmodium styracifolium Merr.,Desmodium styracifolium,Merr.,desmodium styracifolium,Fabaceae,,plants,medicinal,"de Padua et al.(1999), Plant Resources of South-East Asia 12,(1) Medicinal and poisonous plants 1, Bogor, Indonesia",https://www.knapsackfamily.com/knapsack_core/result.php?sname=organism&word=Desmodium%20styracifolium,knapsack_world_id_2026_04_17,aa45fca52b6769342b2ca1f4da518cb0dff9a198f9bdb8638c0d6107986f98ad,Desmodium styracifolium Merr.
180,Desmodium triflorum (L.) DC.,Desmodium triflorum (L.) DC.,Desmodium triflorum,(L.) DC.,desmodium triflorum,Fabaceae,,plants,medicinal,"de Padua et al.(1999), Plant Resources of South-East Asia 12,(1) Medicinal and poisonous plants 1, Bogor, Indonesia",https://www.knapsackfamily.com/knapsack_core/result.php?sname=organism&word=Desmodium%20triflorum,knapsack_world_id_2026_04_17,9764dc478266217fd3359c7bf9cac20401c783a3823f92ebffd960a5d19e450c,Desmodium triflorum (L.) DC.
181,Digitalis purpurea L.,Digitalis purpurea L.,Digitalis purpurea,L.,digitalis purpurea,Scrophulariaceae,,plants,medicinal,"Atlas Tumbuhan Obat by dr.Setiawan Dalimartha (2006),Vol 4,ISBN 979-1133-14-X.",https://www.knapsackfamily.com/knapsack_core/result.php?sname=organism&word=Digitalis%20purpurea,knapsack_world_id_2026_04_17,03c8fe9de76e5eb8607c6fe1c67c1ef268c498f7348975220b40f3253e683ef8,Digitalis purpurea L.
182,Dioscorea hispida Dennst.,Dioscorea hispida Dennst.,Dioscorea hispida,Dennst.,dioscorea hispida,Dioscoreaceae,,plants,medicinal,"Taksonomi Koleksi Tanaman Obat Kebun Tanaman Obat Citeureup,vol.kedua(2009),ISBN 978-979-3707-42-6. Tumbuhan Obat & Khasiatnya by Drs.H.Arief Hariana (2004),Vol.1,ISBN 979-489-816-3. JAMU in Indonesian Daily Life and Industry by Suwidjiyo Pramono",https://www.knapsackfamily.com/knapsack_core/result.php?sname=organism&word=Dioscorea%20hispida,knapsack_world_id_2026_04_17,0bb44b6e0099b7fe4c352a379428cc4636563fe6c8411f74ec54c0c29a354021,Dioscorea hispida Dennst.
183,Drymaria cordata Willd.,Drymaria cordata Willd.,Drymaria cordata,Willd.,drymaria cordata,Caryophyllaceae,,plants,medicinal,"Tumbuhan Obat & Khasiatnya by Drs.H.Arief Hariana (2004),Vol.1,ISBN 979-489-816-3.",https://www.knapsackfamily.com/knapsack_core/result.php?sname=organism&word=Drymaria%20cordata,knapsack_world_id_2026_04_17,9d1c606e35531bdd653d1456374e7807d176b4ee1483d4c5b7b4350867492e7e,Drymaria cordata Willd.
184,Dryobalanops aromatica,Dryobalanops aromatica,Dryobalanops aromatica,,dryobalanops aromatica,Dipterocarpaceae,Borneo camphor | borneol,plants,medicinal,"Utami,Buku Pintar Tanaman Obat,431 jenis tanaman penggempur aneka penyakit,Redaksi AgroMedia,(2008)",https://www.knapsackfamily.com/knapsack_core/result.php?sname=organism&word=Dryobalanops%20aromatica,knapsack_world_id_2026_04_17,7dc5f27b5e9c5ad77ac2693b2f58cda8c1259ffe6a27f91dbfad74a6b5ef8d86,Dryobalanops aromatica
185,Duranta erecta L.,Duranta erecta L.,Duranta erecta,L.,duranta erecta,Verbenaceae,,plants,medicinal,"Taksonomi Koleksi Tanaman Obat Kebun Tanaman Obat Citeureup,vol.kedua(2009),ISBN 978-979-3707-42-6.",https://www.knapsackfamily.com/knapsack_core/result.php?sname=organism&word=Duranta%20erecta,knapsack_world_id_2026_04_17,0e9930a52d48a6a8023a3b3769babeafd8c27c09c924799ac3e9b92a7eaf1174,Duranta erecta L.
186,Duranta repens L.,Duranta repens L.,Duranta repens,L.,duranta repens,Verbenaceae,,plants,medicinal,"Tumbuhan Obat & Khasiatnya by Drs.H.Arief Hariana (2006),Vol.3,ISBN 979-002-008-2.",https://www.knapsackfamily.com/knapsack_core/result.php?sname=organism&word=Duranta%20repens,knapsack_world_id_2026_04_17,2874787b3cf194acc2b55feff6b4a1757616351ea5ea986629b0383c287c3249,Duranta repens L.
187,Durio zibethinus,Durio zibethinus,Durio zibethinus,,durio zibethinus,Malvaceae,,plants(eaten),medicinal,"Roosita,J.Ethnopharmacol.,115,(2008),72",https://www.knapsackfamily.com/knapsack_core/result.php?sname=organism&word=Durio%20zibethinus,knapsack_world_id_2026_04_17,80ef1689fd2c6e91f380166b66a160a0592788716d6fc4e628d20383c5d811e5,Durio zibethinus
188,Dysoxylum acutangulum,Dysoxylum acutangulum,Dysoxylum acutangulum,,dysoxylum acutangulum,Meliaceae,,plants,medicinal,"Medicinal Plants From the East by Christophe Wiart,ISBN 978-1-904761-85-3.",https://www.knapsackfamily.com/knapsack_core/result.php?sname=organism&word=Dysoxylum%20acutangulum,knapsack_world_id_2026_04_17,9bfc25c8bcda976c04aa240c33b28bc11a80c6db9aa319c33feb28be225d023d,Dysoxylum acutangulum
189,Echinacea purpurea,Echinacea purpurea,Echinacea purpurea,,echinacea purpurea,Asteraceae,Purple coneflower | purple echinacea,plants,medicinal,"Herbal Indonesia Berkhasiat by Bukti Ilmiah & Cara Racik,Vol 8,ISBN 979-688-236-6.",https://www.knapsackfamily.com/knapsack_core/result.php?sname=organism&word=Echinacea%20purpurea,knapsack_world_id_2026_04_17,01433c9cc67b8d7f637a6672823c6fe6075787d8df0abad88e89d37f2705da11,Echinacea purpurea
190,Echinacea spp.,Echinacea spp.,Echinacea spp.,,echinacea spp,Asteraceae,,plants,medicinal,JAMU in Indonesian Daily Life and Industry by Suwidjiyo Pramono,https://www.knapsackfamily.com/knapsack_core/result.php?sname=organism&word=Echinacea%20spp.,knapsack_world_id_2026_04_17,16fee4839219f9e9adbcbd5b2b01d64565197967e6ccc82095842950af0c1a4f,Echinacea spp.
191,Eclipta alba (L.) Hassk.,Eclipta alba (L.) Hassk.,Eclipta alba,(L.) Hassk.,eclipta alba,Asteraceae,,plants,medicinal,"Utami,Buku Pintar Tanaman Obat,431 jenis tanaman penggempur aneka penyakit,Redaksi AgroMedia,(2008)",https://www.knapsackfamily.com/knapsack_core/result.php?sname=organism&word=Eclipta%20alba,knapsack_world_id_2026_04_17,e99f5c8332132c69b331fc54f003c974f0b95641b099ac286b895ae7cb78ae4f,Eclipta alba (L.) Hassk.
192,Eclipta prostrata (L) Hassk.,Eclipta prostrata (L) Hassk.,Eclipta prostrata,(L) Hassk.,eclipta prostrata,Asteraceae,,plants,medicinal,"高橋澄子,ジャムウ インドネシアの伝統治療薬、平河出版社(1988)[Takahasi, S.,Traditional remedy of Indonesia,(1988), in Japanese]",https://www.knapsackfamily.com/knapsack_core/result.php?sname=organism&word=Eclipta%20prostrata,knapsack_world_id_2026_04_17,ebb42970ff1154e005d572e3e48cfe16120cd4c1dca5e4427579c64971b51f2e,Eclipta prostrata (L) Hassk.
193,Eichhornia crassipes (Mart.) Solms,Eichhornia crassipes (Mart.) Solms,Eichhornia crassipes,(Mart.) Solms,eichhornia crassipes,Pontederiaceae,,plants,medicinal,"Atlas Tumbuhan Obat by dr.Setiawan Dalimartha (2009),Vol 6,ISBN 978-979-1480-19-2. Taksonomi Koleksi Tanaman Obat Kebun Tanaman Obat Citeureup,vol.kedua(2009),ISBN 978-979-3707-42-6.",https://www.knapsackfamily.com/knapsack_core/result.php?sname=organism&word=Eichhornia%20crassipes,knapsack_world_id_2026_04_17,5b89053266662cd8f993f1633a3c407b98d05aca61af130d4ea60c5d74680039,Eichhornia crassipes (Mart.) Solms
194,Elaeocarpus ganitrus,Elaeocarpus ganitrus,Elaeocarpus ganitrus,,elaeocarpus ganitrus,Elaeocarpaceae,,plants,medicinal,"高橋澄子,ジャムウ インドネシアの伝統治療薬、平河出版社(1988)[Takahasi, S.,Traditional remedy of Indonesia,(1988), in Japanese]",https://www.knapsackfamily.com/knapsack_core/result.php?sname=organism&word=Elaeocarpus%20ganitrus,knapsack_world_id_2026_04_17,3f329cea70eb127d1d51b27298dd1bbb5ea71862bd1198ab0d31f2d308e22b96,Elaeocarpus ganitrus
195,Elaeocarpus grandiflorus J. Sm.,Elaeocarpus grandiflorus J. Sm.,Elaeocarpus grandiflorus,J. Sm.,elaeocarpus grandiflorus,Elaeocarpaceae,,plants,medicinal,"Utami,Buku Pintar Tanaman Obat,431 jenis tanaman penggempur aneka penyakit,Redaksi AgroMedia,(2008)",https://www.knapsackfamily.com/knapsack_core/result.php?sname=organism&word=Elaeocarpus%20grandiflorus,knapsack_world_id_2026_04_17,fa12991a136f89cca1b603f6d24361121d98318338b548b0ad01957eb00f7d8d,Elaeocarpus grandiflorus J. Sm.
196,Elateriospermum tapos,Elateriospermum tapos,Elateriospermum tapos,,elateriospermum tapos,Euphorbiaceae,,plants,medicinal,"Medicinal Plants From the East by Christophe Wiart,ISBN 978-1-904761-85-3.",https://www.knapsackfamily.com/knapsack_core/result.php?sname=organism&word=Elateriospermum%20tapos,knapsack_world_id_2026_04_17,23bed595b8eb3f9a7b9739ab44e94116ebfff9da877d144518687fe656250254,Elateriospermum tapos
197,Elephantopus scaber,Elephantopus scaber,Elephantopus scaber,,elephantopus scaber,Asteraceae,,plants,medicinal,"Herbal Indonesia Berkhasiat by Bukti Ilmiah & Cara Racik,Vol 8,ISBN 979-688-236-6.",https://www.knapsackfamily.com/knapsack_core/result.php?sname=organism&word=Elephantopus%20scaber,knapsack_world_id_2026_04_17,fdf50ac9550f54c746f973f7adb5e31f0f59eb7fce75a4fca6f4c99c56c0f3ce,Elephantopus scaber
198,Elettaria cardamomum Maton,Elettaria cardamomum Maton,Elettaria cardamomum,Maton,elettaria cardamomum,Zingiberaceae,,plants,medicinal,"Joshi, S.G.,Medicinal Plants,Mohan Primlani for Oxfor & IBH Publishing Co.Pvt.Ltd.,New Delhi (2003) 高橋澄子,ジャムウ インドネシアの伝統治療薬、平河出版社(1988)[Takahasi, S.,Traditional remedy of Indonesia,(1988), in Japanese]",https://www.knapsackfamily.com/knapsack_core/result.php?sname=organism&word=Elettaria%20cardamomum,knapsack_world_id_2026_04_17,bd25bc2d5e56f182d246d59129a49df43c2fa98ceefcd04ed80aee1141cfc696,Elettaria cardamomum Maton
199,Eleutherine americana,Eleutherine americana,Eleutherine americana,,eleutherine americana,Iridaceae,,plants,medicinal,"Herbal Indonesia Berkhasiat by Bukti Ilmiah & Cara Racik,Vol 8,ISBN 979-688-236-6.",https://www.knapsackfamily.com/knapsack_core/result.php?sname=organism&word=Eleutherine%20americana,knapsack_world_id_2026_04_17,3fd2a6afc6b2ede04528246df7066622d2e0968600305f6db6b08edca99d0376,Eleutherine americana
200,Embelia ribes Burm.f.,Embelia ribes Burm.f.,Embelia ribes,Burm.f.,embelia ribes,Myrsinaceae,,plants,medicinal,"de Padua et al.(1999), Plant Resources of South-East Asia 12,(1) Medicinal and poisonous plants 1, Bogor, Indonesia",https://www.knapsackfamily.com/knapsack_core/result.php?sname=organism&word=Embelia%20ribes,knapsack_world_id_2026_04_17,41ae79fe3eeaf8878c6a44ddf79cb113bb6af08ddbe1e6ed9a0afbb77dc4a1cb,Embelia ribes Burm.f.
201,Emilia sonchifolia (L.) DC.,Emilia sonchifolia (L.) DC.,Emilia sonchifolia,(L.) DC.,emilia sonchifolia,Asteraceae,,plants,medicinal,"Atlas Tumbuhan Obat by dr.Setiawan Dalimartha (2009),Vol 6,ISBN 978-979-1480-19-2. Utami,Buku Pintar Tanaman Obat,431 jenis tanaman penggempur aneka penyakit,Redaksi AgroMedia,(2008)",https://www.knapsackfamily.com/knapsack_core/result.php?sname=organism&word=Emilia%20sonchifolia,knapsack_world_id_2026_04_17,67cea886c370e76f78728985bd17865cefe90c6eae64892278d3271666a5d4b9,Emilia sonchifolia (L.) DC.
202,Entada scandens,Entada scandens,Entada scandens,,entada scandens,Fabaceae,,plants,medicinal,"Utami,Buku Pintar Tanaman Obat,431 jenis tanaman penggempur aneka penyakit,Redaksi AgroMedia,(2008)",https://www.knapsackfamily.com/knapsack_core/result.php?sname=organism&word=Entada%20scandens,knapsack_world_id_2026_04_17,2b670cdd86e54290f7d7ab22dd675891cc51c595b7908a85f8906122be8e9dde,Entada scandens
203,Equisetum debile L.,Equisetum debile L.,Equisetum debile,L.,equisetum debile,Equisetaceae,,plants,medicinal,JAMU in Indonesian Daily Life and Industry by Suwidjiyo Pramono,https://www.knapsackfamily.com/knapsack_core/result.php?sname=organism&word=Equisetum%20debile,knapsack_world_id_2026_04_17,407de391c89456f72e0844bf898ff272c1cff882e51fea25cfa973c5eaf78d5c,Equisetum debile L.
204,Erigeron sumatrensis,Erigeron sumatrensis,Erigeron sumatrensis,,erigeron sumatrensis,Asteraceae,,plants,medicinal,"Roosita,J.Ethnopharmacol.,115,(2008),72",https://www.knapsackfamily.com/knapsack_core/result.php?sname=organism&word=Erigeron%20sumatrensis,knapsack_world_id_2026_04_17,846bc384e1b954b7e45ad1f33095c9a1a24cba0605ccb650b939b3f5f50d44cf,Erigeron sumatrensis
205,Ervatamia divaricata (L.) Burk.,Ervatamia divaricata (L.) Burk.,Ervatamia divaricata,(L.) Burk.,ervatamia divaricata,Apocynaceae,,plants,medicinal,"Atlas Tumbuhan Obat by dr.Setiawan Dalimartha (2003),Vol 3,ISBN 979-3235-73-X. Tumbuhan Obat & Khasiatnya by Drs.H.Arief Hariana (2005),Vol.2,ISBN 979-489-957-7. Hariana,Tubuhan Obat dan Khasiatnya Seri 2,Penebar Sadaya,(2002) Utami,Buku Pintar Tanaman Obat,431 jenis tanaman penggempur aneka penyakit,Redaksi AgroMedia,(2008)",https://www.knapsackfamily.com/knapsack_core/result.php?sname=organism&word=Ervatamia%20divaricata,knapsack_world_id_2026_04_17,b994201894a1d4dab070bf87311e5f718e8254ec871b77ff73255d4cfe3ad10b,Ervatamia divaricata (L.) Burk.
206,Eryngium foetidum,Eryngium foetidum,Eryngium foetidum,,eryngium foetidum,Apiaceae,Culantro | Fitweed | False coriander,plants,medicinal,"Roosita,J.Ethnopharmacol.,115,(2008),72",https://www.knapsackfamily.com/knapsack_core/result.php?sname=organism&word=Eryngium%20foetidum,knapsack_world_id_2026_04_17,4634a9186f1647e722bc658c5ff83b49012fd2fced633ec936da0ed83aadf278,Eryngium foetidum
207,Erythrina lithosperma,Erythrina lithosperma,Erythrina lithosperma,,erythrina lithosperma,Fabaceae,,plants,medicinal,"Roosita,J.Ethnopharmacol.,115,(2008),72",https://www.knapsackfamily.com/knapsack_core/result.php?sname=organism&word=Erythrina%20lithosperma,knapsack_world_id_2026_04_17,c5dbcc1274c0ce0a0952bb6bfb7c471b1b6458f81ac0ea180cdf0799c91e85ce,Erythrina lithosperma
208,Erythrina subumbrans (Hassk.) Merr.,Erythrina subumbrans (Hassk.) Merr.,Erythrina subumbrans,(Hassk.) Merr.,erythrina subumbrans,Fabaceae,,plants,medicinal,"Taksonomi Koleksi Tanaman Obat Kebun Tanaman Obat Citeureup,vol.kedua(2009),ISBN 978-979-3707-42-6. Utami,Buku Pintar Tanaman Obat,431 jenis tanaman penggempur aneka penyakit,Redaksi AgroMedia,(2008)",https://www.knapsackfamily.com/knapsack_core/result.php?sname=organism&word=Erythrina%20subumbrans,knapsack_world_id_2026_04_17,b0f37483416446afb45cbe276e846b7d6b47db127327686c1282992b1e89a07b,Erythrina subumbrans (Hassk.) Merr.
209,Erythrina variegata L.,Erythrina variegata L.,Erythrina variegata,L.,erythrina variegata,Fabaceae,,plants,medicinal,"Utami,Buku Pintar Tanaman Obat,431 jenis tanaman penggempur aneka penyakit,Redaksi AgroMedia,(2008)",https://www.knapsackfamily.com/knapsack_core/result.php?sname=organism&word=Erythrina%20variegata,knapsack_world_id_2026_04_17,7497b2120d5a9737f7a9e5f5a023d4eead81fc75aa81cd585c4fc05f872beed4,Erythrina variegata L.
210,Eucalyptus globulus L.,Eucalyptus globulus L.,Eucalyptus globulus,L.,eucalyptus globulus,Myrtaceae,,plants,medicinal,JAMU in Indonesian Daily Life and Industry by Suwidjiyo Pramono,https://www.knapsackfamily.com/knapsack_core/result.php?sname=organism&word=Eucalyptus%20globulus,knapsack_world_id_2026_04_17,06e629e092c9ba647fa266fb970f763ba2d6d9c403785ba73a24f235e08c3c41,Eucalyptus globulus L.
211,Euchresta horsfieldii,Euchresta horsfieldii,Euchresta horsfieldii,,euchresta horsfieldii,Fabaceae,,plants,medicinal,"Herbal Indonesia Berkhasiat by Bukti Ilmiah & Cara Racik,Vol 8,ISBN 979-688-236-6.",https://www.knapsackfamily.com/knapsack_core/result.php?sname=organism&word=Euchresta%20horsfieldii,knapsack_world_id_2026_04_17,6008a91f1324024fec6e0527dc660891e15790b931a089dc6929dd3569be560b,Euchresta horsfieldii
212,Eugenia aromatica O.K.,Eugenia aromatica O.K.,Eugenia aromatica,O.K.,eugenia aromatica,Myrtaceae,,plants,medicinal,"Tanaman Obat Tradisional by Thomas A.N.S. (1992),Vol.2,ISBN 979-413-809-6.",https://www.knapsackfamily.com/knapsack_core/result.php?sname=organism&word=Eugenia%20aromatica,knapsack_world_id_2026_04_17,56a809cf7b7242397ace9b56cd6ef6bea4d799af91ee8b0032f913de7da3008c,Eugenia aromatica O.K.
213,Eugenia caryophyllata L.,Eugenia caryophyllata L.,Eugenia caryophyllata,L.,eugenia caryophyllata,Myrtaceae,,plants,medicinal,JAMU in Indonesian Daily Life and Industry by Suwidjiyo Pramono,https://www.knapsackfamily.com/knapsack_core/result.php?sname=organism&word=Eugenia%20caryophyllata,knapsack_world_id_2026_04_17,bff6297c863621558768ad05703a81586b06c48bfc02bad090d9b90dd8d6cefb,Eugenia caryophyllata L.
214,Eupatorium riparium Regel.,Eupatorium riparium Regel.,Eupatorium riparium,Regel.,eupatorium riparium,Asteraceae,,plants,medicinal,"Taksonomi Koleksi Tanaman Obat Kebun Tanaman Obat Citeureup,vol.kedua(2009),ISBN 978-979-3707-42-6.",https://www.knapsackfamily.com/knapsack_core/result.php?sname=organism&word=Eupatorium%20riparium,knapsack_world_id_2026_04_17,89dd25950c17a20911b452ecc16512541d75dd929b87b53d86d58ab814afd049,Eupatorium riparium Regel.
215,Eupatorium triplinerve Vahl.,Eupatorium triplinerve Vahl.,Eupatorium triplinerve,Vahl.,eupatorium triplinerve,Asteraceae,,plants,medicinal,"Atlas Tumbuhan Obat by dr.Setiawan Dalimartha (1999),Vol 1,ISBN 979-661-050-7. Taksonomi Koleksi Tanaman Obat Kebun Tanaman Obat Citeureup,vol.kedua(2009),ISBN 978-979-3707-42-6. Tumbuhan Obat & Khasiatnya by Drs.H.Arief Hariana (2004),Vol.1,ISBN 979-489-816-3. Utami,Buku Pintar Tanaman Obat,431 jenis tanaman penggempur aneka penyakit,Redaksi AgroMedia,(2008)",https://www.knapsackfamily.com/knapsack_core/result.php?sname=organism&word=Eupatorium%20triplinerve,knapsack_world_id_2026_04_17,37bf926920aea9e95f1c4a6bc45fd444e7e7a200cbbcb602208598057ad010aa,Eupatorium triplinerve Vahl.
216,Euphorbia antiquorum L.,Euphorbia antiquorum L.,Euphorbia antiquorum,L.,euphorbia antiquorum,Euphorbiaceae,,plants,medicinal,"de Padua et al.(1999), Plant Resources of South-East Asia 12,(1) Medicinal and poisonous plants 1, Bogor, Indonesia",https://www.knapsackfamily.com/knapsack_core/result.php?sname=organism&word=Euphorbia%20antiquorum,knapsack_world_id_2026_04_17,e21cf87adfafbced4701fcd85476af237ac3c3311698acaee764bb07e9e19ddd,Euphorbia antiquorum L.
217,Euphorbia heterophylla L.,Euphorbia heterophylla L.,Euphorbia heterophylla,L.,euphorbia heterophylla,Euphorbiaceae,,plants,medicinal,"Taksonomi Koleksi Tanaman Obat Kebun Tanaman Obat Citeureup,vol.kedua(2009),ISBN 978-979-3707-42-6.",https://www.knapsackfamily.com/knapsack_core/result.php?sname=organism&word=Euphorbia%20heterophylla,knapsack_world_id_2026_04_17,148af2b4e456138553c8428ce78432db5597585d99616cf02b4b4577434a4003,Euphorbia heterophylla L.
218,Euphorbia hirta,Euphorbia hirta,Euphorbia hirta,,euphorbia hirta,Euphorbiaceae,Asthma weed | pill-bearing spurge,plants,medicinal,"Roosita,J.Ethnopharmacol.,115,(2008),72",https://www.knapsackfamily.com/knapsack_core/result.php?sname=organism&word=Euphorbia%20hirta,knapsack_world_id_2026_04_17,dee319e92394ce4546ae681aab69c89e68e546ccccd84dad64047b7bf054cf45,Euphorbia hirta
219,Euphorbia milii Ch. Des Moulins,Euphorbia milii Ch. Des Moulins,Euphorbia milii,Ch. Des Moulins,euphorbia milii,Euphorbiaceae,,plants,medicinal,"Utami,Buku Pintar Tanaman Obat,431 jenis tanaman penggempur aneka penyakit,Redaksi AgroMedia,(2008) Atlas Tumbuhan Obat by dr.Setiawan Dalimartha (2003),Vol 3,ISBN 979-3235-73-X.",https://www.knapsackfamily.com/knapsack_core/result.php?sname=organism&word=Euphorbia%20milii,knapsack_world_id_2026_04_17,13ca216ca88c8d012acf34f7d676430bff5d818d8a9f07d9623fa48ebc27cd16,Euphorbia milii Ch. Des Moulins
220,Euphorbia neriifolia L.,Euphorbia neriifolia L.,Euphorbia neriifolia,L.,euphorbia neriifolia,Euphorbiaceae,,plants,medicinal,"de Padua et al.(1999), Plant Resources of South-East Asia 12,(1) Medicinal and poisonous plants 1, Bogor, Indonesia",https://www.knapsackfamily.com/knapsack_core/result.php?sname=organism&word=Euphorbia%20neriifolia,knapsack_world_id_2026_04_17,d93736a55a3d12ae78afe54e43dc31d5cf47f37f1919a25894e2d78ad2fcca43,Euphorbia neriifolia L.
221,Euphorbia prostrata Aiton,Euphorbia prostrata Aiton,Euphorbia prostrata,Aiton,euphorbia prostrata,Euphorbiaceae,,plants,medicinal,"de Padua et al.(1999), Plant Resources of South-East Asia 12,(1) Medicinal and poisonous plants 1, Bogor, Indonesia",https://www.knapsackfamily.com/knapsack_core/result.php?sname=organism&word=Euphorbia%20prostrata,knapsack_world_id_2026_04_17,307e7af3e5258f566d8a1c4289ba8e0be0ee478c2b989e7930927c4d1db66384,Euphorbia prostrata Aiton
222,Euphorbia pulcherrima Willd. ex Klotzsch,Euphorbia pulcherrima Willd. ex Klotzsch,Euphorbia pulcherrima,Willd. ex Klotzsch,euphorbia pulcherrima,Euphorbiaceae,,plants,medicinal,"Utami,Buku Pintar Tanaman Obat,431 jenis tanaman penggempur aneka penyakit,Redaksi AgroMedia,(2008) Atlas Tumbuhan Obat by dr.Setiawan Dalimartha (2003),Vol 3,ISBN 979-3235-73-X. Tumbuhan Obat & Khasiatnya by Drs.H.Arief Hariana (2005),Vol.2,ISBN 979-489-957-7. Hariana,Tubuhan Obat dan Khasiatnya Seri 2,Penebar Sadaya,(2002)",https://www.knapsackfamily.com/knapsack_core/result.php?sname=organism&word=Euphorbia%20pulcherrima,knapsack_world_id_2026_04_17,638d2bbcf44d1168a62d55d3cd8210c376a92cd383d263b062e6601fafc2f9fa,Euphorbia pulcherrima Willd. ex Klotzsch
223,Euphorbia tirucalli,Euphorbia tirucalli,Euphorbia tirucalli,,euphorbia tirucalli,Euphorbiaceae,,plants,medicinal,"Herbal Indonesia Berkhasiat by Bukti Ilmiah & Cara Racik,Vol 8,ISBN 979-688-236-6. 高橋澄子,ジャムウ インドネシアの伝統治療薬、平河出版社(1988)[Takahasi, S.,Traditional remedy of Indonesia,(1988), in Japanese]",https://www.knapsackfamily.com/knapsack_core/result.php?sname=organism&word=Euphorbia%20tirucalli,knapsack_world_id_2026_04_17,df8f01d66d1d9b3f9fae93a298ade226d644d89a9d42da1be06fb3d7ab412884,Euphorbia tirucalli
224,Eurycoma longifolia,Eurycoma longifolia,Eurycoma longifolia,,eurycoma longifolia,Simaroubaceae,,plants,medicinal,"Herbal Indonesia Berkhasiat by Bukti Ilmiah & Cara Racik,Vol 8,ISBN 979-688-236-6.",https://www.knapsackfamily.com/knapsack_core/result.php?sname=organism&word=Eurycoma%20longifolia,knapsack_world_id_2026_04_17,ab400d856575ce05f5d14808c6b3e0354a08ccb2bef388bc8552d15ee1391357,Eurycoma longifolia
225,Excoecaria agallocha L.,Excoecaria agallocha L.,Excoecaria agallocha,L.,excoecaria agallocha,Euphorbiaceae,,plants,medicinal,"Utami,Buku Pintar Tanaman Obat,431 jenis tanaman penggempur aneka penyakit,Redaksi AgroMedia,(2008)",https://www.knapsackfamily.com/knapsack_core/result.php?sname=organism&word=Excoecaria%20agallocha,knapsack_world_id_2026_04_17,17eaa4b2a1131d04b9fd8423e60d37b5ab8d359c929ca60cd0dad8cc7b572fbf,Excoecaria agallocha L.
226,Excoecaria cochinchinensis,Excoecaria cochinchinensis,Excoecaria cochinchinensis,,excoecaria cochinchinensis,Euphorbiaceae,Chinese croton | blindness tree | buta buta | jungle fire plant,plants,medicinal,"Herbal Indonesia Berkhasiat by Bukti Ilmiah & Cara Racik,Vol 8,ISBN 979-688-236-6. Medicinal Plants From the East by Christophe Wiart,ISBN 978-1-904761-85-3.",https://www.knapsackfamily.com/knapsack_core/result.php?sname=organism&word=Excoecaria%20cochinchinensis,knapsack_world_id_2026_04_17,c5b5e9ae1b9f8e906fd3f08193b05d49cc0ff68edb6c4274bace346e774e2482,Excoecaria cochinchinensis
227,Fagara rhetza,Fagara rhetza,Fagara rhetza,,fagara rhetza,Rutaceae,,plants,medicinal,"Shibuya,Yakugaku Zasshi,116,(1996),911",https://www.knapsackfamily.com/knapsack_core/result.php?sname=organism&word=Fagara%20rhetza,knapsack_world_id_2026_04_17,804939f87dc669ee2ec901e2ef60719a0c22768990195b3a28f6a297cbb4a34a,Fagara rhetza
228,Ficus carica,Ficus carica,Ficus carica,,ficus carica,Moraceae,fig tree,plants,medicinal,"Herbal Indonesia Berkhasiat by Bukti Ilmiah & Cara Racik,Vol 8,ISBN 979-688-236-6.",https://www.knapsackfamily.com/knapsack_core/result.php?sname=organism&word=Ficus%20carica,knapsack_world_id_2026_04_17,9bb590b8b17493b27048960661d727473ea1303655bf644ef5d443deab591430,Ficus carica
229,Ficus microcarpa L.f.,Ficus microcarpa L.f.,Ficus microcarpa,L.f.,ficus microcarpa,Moraceae,,plants,medicinal,"de Padua et al.(1999), Plant Resources of South-East Asia 12,(1) Medicinal and poisonous plants 1, Bogor, Indonesia",https://www.knapsackfamily.com/knapsack_core/result.php?sname=organism&word=Ficus%20microcarpa,knapsack_world_id_2026_04_17,f745b8ba6b9459aae224b1d7bef1c3929937430f985445368bcb4bf66cabbca6,Ficus microcarpa L.f.
230,Ficus pumila L.,Ficus pumila L.,Ficus pumila,L.,ficus pumila,Moraceae,,plants,medicinal,"de Padua et al.(1999), Plant Resources of South-East Asia 12,(1) Medicinal and poisonous plants 1, Bogor, Indonesia",https://www.knapsackfamily.com/knapsack_core/result.php?sname=organism&word=Ficus%20pumila,knapsack_world_id_2026_04_17,9c06b13ce7019a35960739c8c02141a49e39848aa282917e71d83d3dc3472095,Ficus pumila L.
231,Ficus septica Burm.f.,Ficus septica Burm.f.,Ficus septica,Burm.f.,ficus septica,Moraceae,,plants,medicinal,"Taksonomi Koleksi Tanaman Obat Kebun Tanaman Obat Citeureup,vol.kedua(2009),ISBN 978-979-3707-42-6. de Padua et al.(1999), Plant Resources of South-East Asia 12,(1) Medicinal and poisonous plants 1, Bogor, Indonesia",https://www.knapsackfamily.com/knapsack_core/result.php?sname=organism&word=Ficus%20septica,knapsack_world_id_2026_04_17,09e7e97375b2b0ffdb587ce464d5061d1c651c1347cd4f33c084152f809699c1,Ficus septica Burm.f.
232,Ficus variegata Bl.,Ficus variegata Bl.,Ficus variegata,Bl.,ficus variegata,Moraceae,,plants,medicinal,"Utami,Buku Pintar Tanaman Obat,431 jenis tanaman penggempur aneka penyakit,Redaksi AgroMedia,(2008)",https://www.knapsackfamily.com/knapsack_core/result.php?sname=organism&word=Ficus%20variegata,knapsack_world_id_2026_04_17,3fd897f765ff9347e9b5fc1ada44dbadc68ad3acbd92698243b96f040638a0cd,Ficus variegata Bl.
233,Foeniculum vulgare,Foeniculum vulgare,Foeniculum vulgare,,foeniculum vulgare,Apiaceae,Fennel,plants,medicinal,"Herbal Indonesia Berkhasiat by Bukti Ilmiah & Cara Racik,Vol 8,ISBN 979-688-236-6.",https://www.knapsackfamily.com/knapsack_core/result.php?sname=organism&word=Foeniculum%20vulgare,knapsack_world_id_2026_04_17,b4b7b7fadf0bb924ba56d165075d4b4252cc5e9689313c8c3ad6acab1d041e45,Foeniculum vulgare
234,Ganoderma lucidum,Ganoderma lucidum,Ganoderma lucidum,,ganoderma lucidum,Polyporaceae Ganodermataceae,Lacquered braket fungus | Reishi,mushrooms,medicinal,"Herbal Indonesia Berkhasiat by Bukti Ilmiah & Cara Racik,Vol 8,ISBN 979-688-236-6.",https://www.knapsackfamily.com/knapsack_core/result.php?sname=organism&word=Ganoderma%20lucidum,knapsack_world_id_2026_04_17,a616fafe1ec3408b9046297acdb88c06504d546780516937246d77fbba3fcf88,Ganoderma lucidum
235,Garcinia dulcis Kurz.,Garcinia dulcis Kurz.,Garcinia dulcis,Kurz.,garcinia dulcis,Clusiaceae,,plants,medicinal,"Deachathai,Phytochem.,66,(2005),2368 Hariana,Tubuhan Obat dan Khasiatnya Seri 2,Penebar Sadaya,(2002) Utami,Buku Pintar Tanaman Obat,431 jenis tanaman penggempur aneka penyakit,Redaksi AgroMedia,(2008) Tumbuhan Obat & Khasiatnya by Drs.H.Arief Hariana (2005),Vol.2,ISBN 979-489-957-7.",https://www.knapsackfamily.com/knapsack_core/result.php?sname=organism&word=Garcinia%20dulcis,knapsack_world_id_2026_04_17,e1bdaab9454f0e953d999a53b21954b35b570b3aceddbe34622e1bd8c342adfc,Garcinia dulcis Kurz.
236,Garcinia mangostana,Garcinia mangostana,Garcinia mangostana,,garcinia mangostana,Clusiaceae,Mangosteen,plants,medicinal,"Herbal Indonesia Berkhasiat by Bukti Ilmiah & Cara Racik,Vol 8,ISBN 979-688-236-6.",https://www.knapsackfamily.com/knapsack_core/result.php?sname=organism&word=Garcinia%20mangostana,knapsack_world_id_2026_04_17,81d8926330bf5ee87b08f9ca8a743b6ce933c13078be1957f1dabbf690f8b13b,Garcinia mangostana
237,Gardenia jasminoides Ellis,Gardenia jasminoides Ellis,Gardenia jasminoides,Ellis,gardenia jasminoides,Rubiaceae,Gardenia | Cape jasmine,plants,medicinal,"Taksonomi Koleksi Tanaman Obat Kebun Tanaman Obat Citeureup,vol.kedua(2009),ISBN 978-979-3707-42-6. Tanaman Obat Tradisional by Thomas A.N.S. (1992),Vol.2,ISBN 979-413-809-6.",https://www.knapsackfamily.com/knapsack_core/result.php?sname=organism&word=Gardenia%20jasminoides,knapsack_world_id_2026_04_17,6dec9fd2927e71d79607fad32663d93829db463aef7a8554537c34f6ef313355,Gardenia jasminoides Ellis
238,Gaultheria procumbens,Gaultheria procumbens,Gaultheria procumbens,,gaultheria procumbens,Ericaceae,Wintergreen | Checkerberry | Teaberry,plants,medicinal,"高橋澄子,ジャムウ インドネシアの伝統治療薬、平河出版社(1988)[Takahasi, S.,Traditional remedy of Indonesia,(1988), in Japanese]",https://www.knapsackfamily.com/knapsack_core/result.php?sname=organism&word=Gaultheria%20procumbens,knapsack_world_id_2026_04_17,72103b1a78dc504502576af07399f1b5072bb162cb7dd9a943d4eb1bd0494870,Gaultheria procumbens
239,Ginkgo biloba L.,Ginkgo biloba L.,Ginkgo biloba,L.,ginkgo biloba,Ginkgoaceae,,plants,medicinal,"Atlas Tumbuhan Obat by dr.Setiawan Dalimartha (2008),Vol 5,ISBN 978-979-1480-18-5.",https://www.knapsackfamily.com/knapsack_core/result.php?sname=organism&word=Ginkgo%20biloba,knapsack_world_id_2026_04_17,1b715bb8f04a2bad21e62a3472f6733c2cceff7108919baa96c48337bd95a551,Ginkgo biloba L.
240,Glochidion rubrum Bl.,Glochidion rubrum Bl.,Glochidion rubrum,Bl.,glochidion rubrum,Phyllanthaceae,,plants,medicinal,"Utami,Buku Pintar Tanaman Obat,431 jenis tanaman penggempur aneka penyakit,Redaksi AgroMedia,(2008)",https://www.knapsackfamily.com/knapsack_core/result.php?sname=organism&word=Glochidion%20rubrum,knapsack_world_id_2026_04_17,d623f46d3fbcb28cbed3bfcb2114a75899ccbf3aef4ec3a88b84942346304d01,Glochidion rubrum Bl.
241,Gloriosa superba L.,Gloriosa superba L.,Gloriosa superba,L.,gloriosa superba,Liliaceae,,plants,medicinal,"Utami,Buku Pintar Tanaman Obat,431 jenis tanaman penggempur aneka penyakit,Redaksi AgroMedia,(2008) de Padua et al.(1999), Plant Resources of South-East Asia 12,(1) Medicinal and poisonous plants 1, Bogor, Indonesia",https://www.knapsackfamily.com/knapsack_core/result.php?sname=organism&word=Gloriosa%20superba,knapsack_world_id_2026_04_17,841775287ab976bf5e0b33630fe2b5f4275cff925e4fb4837572d2b5f7e21e6a,Gloriosa superba L.
242,Glycine max,Glycine max,Glycine max,,glycine max,Fabaceae,soybean | edamame,plants,medicinal,"Roosita,J.Ethnopharmacol.,115,(2008),72",https://www.knapsackfamily.com/knapsack_core/result.php?sname=organism&word=Glycine%20max,knapsack_world_id_2026_04_17,3542dac1ba1fe8d1a94e4bf23c0fa1af6320a0bf9eafc7992986d32d5d37a224,Glycine max
243,Glycine soja (Linn.) Sieb dan Zucc.,Glycine soja (Linn.) Sieb dan Zucc.,Glycine soja,(Linn.) Sieb dan Zucc.,glycine soja,Fabaceae,,plants,medicinal,"Tanaman Obat Tradisional by Thomas A.N.S. (1992),Vol.2,ISBN 979-413-809-6.",https://www.knapsackfamily.com/knapsack_core/result.php?sname=organism&word=Glycine%20soja,knapsack_world_id_2026_04_17,37aa41a6d4434dfe4dea9a870a80d7bc48e31e0a972c48604d1e8a8dc8d2a5b2,Glycine soja (Linn.) Sieb dan Zucc.
244,Glycyrrhiza glabra L.,Glycyrrhiza glabra L.,Glycyrrhiza glabra,L.,glycyrrhiza glabra,Fabaceae,,plants,medicinal,"Joshi, S.G.,Medicinal Plants,Mohan Primlani for Oxfor & IBH Publishing Co.Pvt.Ltd.,New Delhi (2003) 高橋澄子,ジャムウ インドネシアの伝統治療薬、平河出版社(1988)[Takahasi, S.,Traditional remedy of Indonesia,(1988), in Japanese] Utami,Buku Pintar Tanaman Obat,431 jenis tanaman penggempur aneka penyakit,Redaksi AgroMedia,(2008) JAMU in Indonesian Daily Life and Industry by Suwidjiyo Pramono",https://www.knapsackfamily.com/knapsack_core/result.php?sname=organism&word=Glycyrrhiza%20glabra,knapsack_world_id_2026_04_17,6f286283d4be15414830765b25ebb0be7f41387f05050fbeb7de89f009461ea8,Glycyrrhiza glabra L.
245,Gnetum gnemon L.,Gnetum gnemon L.,Gnetum gnemon,L.,gnetum gnemon,Gnetaceae,,plants,medicinal,"Hariana,Tubuhan Obat dan Khasiatnya Seri 2,Penebar Sadaya,(2002) Roosita,J.Ethnopharmacol.,115,(2008),72 Tanaka,Chem.Pharm.Bull.,49,(2001),858 Utami,Buku Pintar Tanaman Obat,431 jenis tanaman penggempur aneka penyakit,Redaksi AgroMedia,(2008) Tumbuhan Obat & Khasiatnya by Drs.H.Arief Hariana (2005),Vol.2,ISBN 979-489-957-7.",https://www.knapsackfamily.com/knapsack_core/result.php?sname=organism&word=Gnetum%20gnemon,knapsack_world_id_2026_04_17,378378b1e9af4e7b3c85df1292b53953c11c45bc26873e3438a088caa7afc4fb,Gnetum gnemon L.
246,Gomphrena globosa L.,Gomphrena globosa L.,Gomphrena globosa,L.,gomphrena globosa,Amaranthaceae,,plants,medicinal,"Atlas Tumbuhan Obat by dr.Setiawan Dalimartha (2000),Vol 2,ISBN 979-661-065-5. Taksonomi Koleksi Tanaman Obat Kebun Tanaman Obat Citeureup,vol.kedua(2009),ISBN 978-979-3707-42-6. Tumbuhan Obat & Khasiatnya by Drs.H.Arief Hariana (2004),Vol.1,ISBN 979-489-816-3. Utami,Buku Pintar Tanaman Obat,431 jenis tanaman penggempur aneka penyakit,Redaksi AgroMedia,(2008)",https://www.knapsackfamily.com/knapsack_core/result.php?sname=organism&word=Gomphrena%20globosa,knapsack_world_id_2026_04_17,63dd81f9fb025afc38b805adad3d859ec8fe835726968cdfae3801c67b179faf,Gomphrena globosa L.
247,Goniothalamus macrophyllus,Goniothalamus macrophyllus,Goniothalamus macrophyllus,,goniothalamus macrophyllus,Annonaceae,,plants,medicinal,"Roosita,J.Ethnopharmacol.,115,(2008),72",https://www.knapsackfamily.com/knapsack_core/result.php?sname=organism&word=Goniothalamus%20macrophyllus,knapsack_world_id_2026_04_17,8baba459c0ca430b30707af7fd3b798b8d97d6cf1534e55ff44070b30e642529,Goniothalamus macrophyllus
248,Gossypium herbaceum L.,Gossypium herbaceum L.,Gossypium herbaceum,L.,gossypium herbaceum,Malvaceae,,plants,medicinal,"Atlas Tumbuhan Obat by dr.Setiawan Dalimartha (2003),Vol 3,ISBN 979-3235-73-X. Utami,Buku Pintar Tanaman Obat,431 jenis tanaman penggempur aneka penyakit,Redaksi AgroMedia,(2008)",https://www.knapsackfamily.com/knapsack_core/result.php?sname=organism&word=Gossypium%20herbaceum,knapsack_world_id_2026_04_17,cb7f58f4feb7f2432946b718e0f660c0d728c2514e7708cd46792d30ed1d5851,Gossypium herbaceum L.
249,Guazuma ulmifolia,Guazuma ulmifolia,Guazuma ulmifolia,,guazuma ulmifolia,Sterculiaceae,,plants,medicinal,"Herbal Indonesia Berkhasiat by Bukti Ilmiah & Cara Racik,Vol 8,ISBN 979-688-236-6.",https://www.knapsackfamily.com/knapsack_core/result.php?sname=organism&word=Guazuma%20ulmifolia,knapsack_world_id_2026_04_17,f4136d0c9e9aa3a381417c97c070440b3f8140d2c30494879303f4f55669b3ce,Guazuma ulmifolia
250,Gynandropsis gynandra (L.) Briq.,Gynandropsis gynandra (L.) Briq.,Gynandropsis gynandra,(L.) Briq.,gynandropsis gynandra,Capparaceae Capparidaceae,,plants,medicinal,"Atlas Tumbuhan Obat by dr.Setiawan Dalimartha (2009),Vol 6,ISBN 978-979-1480-19-2.",https://www.knapsackfamily.com/knapsack_core/result.php?sname=organism&word=Gynandropsis%20gynandra,knapsack_world_id_2026_04_17,a4539d2d1fbf87ff868e5cc9bbce79ce18f1c647fb56c1610877c4c725c4c8d2,Gynandropsis gynandra (L.) Briq.
251,Gynura segetum (L.) Merr.,Gynura segetum (L.) Merr.,Gynura segetum,(L.) Merr.,gynura segetum,Asteraceae,,plants,medicinal,"Utami,Buku Pintar Tanaman Obat,431 jenis tanaman penggempur aneka penyakit,Redaksi AgroMedia,(2008)",https://www.knapsackfamily.com/knapsack_core/result.php?sname=organism&word=Gynura%20segetum,knapsack_world_id_2026_04_17,b5b8c1a0406b9894be7105f5f3af029b81084e6ecfdbb775bc910594f1c57933,Gynura segetum (L.) Merr.
252,Hedychium coronarium J.Konig.,Hedychium coronarium J.Konig.,Hedychium coronarium,J.Konig.,hedychium coronarium,Zingiberaceae,,plants,medicinal,"Taksonomi Koleksi Tanaman Obat Kebun Tanaman Obat Citeureup,vol.kedua(2009),ISBN 978-979-3707-42-6.",https://www.knapsackfamily.com/knapsack_core/result.php?sname=organism&word=Hedychium%20coronarium,knapsack_world_id_2026_04_17,e378b504353d39fa47b76a663f184757dc58c2bf70c0c91d321771eb67beb776,Hedychium coronarium J.Konig.
253,Hedyotis corymbosa (L.) Lamk.,Hedyotis corymbosa (L.) Lamk.,Hedyotis corymbosa,(L.) Lamk.,hedyotis corymbosa,Rubiaceae,,plants,medicinal,"Atlas Tumbuhan Obat by dr.Setiawan Dalimartha (2008),Vol 5,ISBN 978-979-1480-18-5. Tumbuhan Obat & Khasiatnya by Drs.H.Arief Hariana (2006),Vol.3,ISBN 979-002-008-2.",https://www.knapsackfamily.com/knapsack_core/result.php?sname=organism&word=Hedyotis%20corymbosa,knapsack_world_id_2026_04_17,e3dadf0a49d95faf6d2eda5c0d001a9d2ded5d7164ca37586232325396d79798,Hedyotis corymbosa (L.) Lamk.
254,Helianthus annuus,Helianthus annuus,Helianthus annuus,,helianthus annuus,Asteraceae,Sunflower seeds | Common Sunflower,plants(tea),medicinal,JAMU in Indonesian Daily Life and Industry by Suwidjiyo Pramono,https://www.knapsackfamily.com/knapsack_core/result.php?sname=organism&word=Helianthus%20annuus,knapsack_world_id_2026_04_17,ae62ee24bfacec5e723ee97802662a01ba938e8e20bb8fd2df83717dfd32477e,Helianthus annuus
255,Helicteres isora L.,Helicteres isora L.,Helicteres isora,L.,helicteres isora,Malvaceae,,plants,medicinal,"Kamiya,Phytochem.,56,(2001),297 Utami,Buku Pintar Tanaman Obat,431 jenis tanaman penggempur aneka penyakit,Redaksi AgroMedia,(2008)",https://www.knapsackfamily.com/knapsack_core/result.php?sname=organism&word=Helicteres%20isora,knapsack_world_id_2026_04_17,b377d07bdc73640d0911eb8d2e436e4fd07198c80934694151b5d6f8a48da97a,Helicteres isora L.
256,Heliotropium indicum L.,Heliotropium indicum L.,Heliotropium indicum,L.,heliotropium indicum,Boraginaceae,,plants,medicinal,"Tumbuhan Obat & Khasiatnya by Drs.H.Arief Hariana (2006),Vol.3,ISBN 979-002-008-2. Utami,Buku Pintar Tanaman Obat,431 jenis tanaman penggempur aneka penyakit,Redaksi AgroMedia,(2008) de Padua et al.(1999), Plant Resources of South-East Asia 12,(1) Medicinal and poisonous plants 1, Bogor, Indonesia",https://www.knapsackfamily.com/knapsack_core/result.php?sname=organism&word=Heliotropium%20indicum,knapsack_world_id_2026_04_17,8fa6f1c0e715fd9bd2185283d690876abd26934e205437448bd584d7ceab7c3d,Heliotropium indicum L.
257,Hevea brasiliensis Muell.Arg,Hevea brasiliensis Muell.Arg,Hevea brasiliensis,Muell.Arg,hevea brasiliensis,Euphorbiaceae,,plants,medicinal,"Taksonomi Koleksi Tanaman Obat Kebun Tanaman Obat Citeureup,vol.kedua(2009),ISBN 978-979-3707-42-6.",https://www.knapsackfamily.com/knapsack_core/result.php?sname=organism&word=Hevea%20brasiliensis,knapsack_world_id_2026_04_17,b0aaef065e28c9c6952243eb872602451b50e732c3a8e6aff5a5e2906a106381,Hevea brasiliensis Muell.Arg
258,Hibiscus abelmoschus L.,Hibiscus abelmoschus L.,Hibiscus abelmoschus,L.,hibiscus abelmoschus,Malvaceae,,plants,medicinal,"Utami,Buku Pintar Tanaman Obat,431 jenis tanaman penggempur aneka penyakit,Redaksi AgroMedia,(2008)",https://www.knapsackfamily.com/knapsack_core/result.php?sname=organism&word=Hibiscus%20abelmoschus,knapsack_world_id_2026_04_17,cc345f6cf1a4fab9dfaf55c731ae8693d601ee726b4bbd86c3f507af36559220,Hibiscus abelmoschus L.
259,Hibiscus mutabilis L.,Hibiscus mutabilis L.,Hibiscus mutabilis,L.,hibiscus mutabilis,Malvaceae,,plants,medicinal,"Atlas Tumbuhan Obat by dr.Setiawan Dalimartha (2006),Vol 4,ISBN 979-1133-14-X. Taksonomi Koleksi Tanaman Obat Kebun Tanaman Obat Citeureup,vol.kedua(2009),ISBN 978-979-3707-42-6. Tumbuhan Obat & Khasiatnya by Drs.H.Arief Hariana (2006),Vol.3,ISBN 979-002-008-2.",https://www.knapsackfamily.com/knapsack_core/result.php?sname=organism&word=Hibiscus%20mutabilis,knapsack_world_id_2026_04_17,2816661ceae8ee47df7c3920b1c422cc09be6991136d44f9b4a29d6daaab71e7,Hibiscus mutabilis L.
260,Hibiscus rosa-sinensis,Hibiscus rosa-sinensis,Hibiscus rosa-sinensis,,hibiscus rosa sinensis,Malvaceae,Chinese hibiscus,"plants(food,tea,food colouring)",medicinal,"Medicinal Plants of the World by Ivan A.Ross,Vol.1,ISBN 1-58829-281-9.",https://www.knapsackfamily.com/knapsack_core/result.php?sname=organism&word=Hibiscus%20rosa-sinensis,knapsack_world_id_2026_04_17,5c4eabe2508d27a9275a0eade87ee8945e01e511b474f8370630c2d97809b590,Hibiscus rosa-sinensis
261,Hibiscus sabdariffa,Hibiscus sabdariffa,Hibiscus sabdariffa,,hibiscus sabdariffa,Malvaceae,Hibiscus | Jamaica sorrel | Karkade,plants,medicinal,"Herbal Indonesia Berkhasiat by Bukti Ilmiah & Cara Racik,Vol 8,ISBN 979-688-236-6.",https://www.knapsackfamily.com/knapsack_core/result.php?sname=organism&word=Hibiscus%20sabdariffa,knapsack_world_id_2026_04_17,7ab2488e18c00cd6b69407a57769f7c520494f7972e518fb66850274d60d4d6c,Hibiscus sabdariffa
262,Hibiscus tiliaceus,Hibiscus tiliaceus,Hibiscus tiliaceus,,hibiscus tiliaceus,Malvaceae,,plants,medicinal,"Herbal Indonesia Berkhasiat by Bukti Ilmiah & Cara Racik,Vol 8,ISBN 979-688-236-6.",https://www.knapsackfamily.com/knapsack_core/result.php?sname=organism&word=Hibiscus%20tiliaceus,knapsack_world_id_2026_04_17,c1433a63497862a4c38c2a8b687f688f68bba9facaff00e9271b5ae1f559b8f4,Hibiscus tiliaceus
263,Homalomena occulta (Lour.) Schott.,Homalomena occulta (Lour.) Schott.,Homalomena occulta,(Lour.) Schott.,homalomena occulta,Araceae,,plants,medicinal,"Atlas Tumbuhan Obat by dr.Setiawan Dalimartha (2003),Vol 3,ISBN 979-3235-73-X.",https://www.knapsackfamily.com/knapsack_core/result.php?sname=organism&word=Homalomena%20occulta,knapsack_world_id_2026_04_17,b2a7f29b19c3353c76c02d8e868e48456e22a53ae6b0e5980d58f1633f166087,Homalomena occulta (Lour.) Schott.
264,Hura crepitans L.,Hura crepitans L.,Hura crepitans,L.,hura crepitans,Euphorbiaceae,,plants,medicinal,"Taksonomi Koleksi Tanaman Obat Kebun Tanaman Obat Citeureup,vol.kedua(2009),ISBN 978-979-3707-42-6. Utami,Buku Pintar Tanaman Obat,431 jenis tanaman penggempur aneka penyakit,Redaksi AgroMedia,(2008)",https://www.knapsackfamily.com/knapsack_core/result.php?sname=organism&word=Hura%20crepitans,knapsack_world_id_2026_04_17,f18c40504f123f0ac7ee48de5a7f7de9971530f84a2af7416f617816bf26f33d,Hura crepitans L.
265,Hydrangea macrophylla (Thunb.) Seringe,Hydrangea macrophylla (Thunb.) Seringe,Hydrangea macrophylla,(Thunb.) Seringe,hydrangea macrophylla,Hydrangeaceae,,plants,medicinal,"Atlas Tumbuhan Obat by dr.Setiawan Dalimartha (2003),Vol 3,ISBN 979-3235-73-X. Utami,Buku Pintar Tanaman Obat,431 jenis tanaman penggempur aneka penyakit,Redaksi AgroMedia,(2008)",https://www.knapsackfamily.com/knapsack_core/result.php?sname=organism&word=Hydrangea%20macrophylla,knapsack_world_id_2026_04_17,0aa657af8771947023cb4c6b38ada6d9b9f2dbc26ef9d45e70cf9089949df970,Hydrangea macrophylla (Thunb.) Seringe
266,Hydrocotyle sibthorpioides L.,Hydrocotyle sibthorpioides L.,Hydrocotyle sibthorpioides,L.,hydrocotyle sibthorpioides,Apiaceae,,plants,medicinal,"Utami,Buku Pintar Tanaman Obat,431 jenis tanaman penggempur aneka penyakit,Redaksi AgroMedia,(2008)",https://www.knapsackfamily.com/knapsack_core/result.php?sname=organism&word=Hydrocotyle%20sibthorpioides,knapsack_world_id_2026_04_17,267b03be4ddcda4acf77ac2fe565b6c3c5da0bb29836b95212955cb2888590c0,Hydrocotyle sibthorpioides L.
267,Hylocereus undatus (Haw.) Britt. et Rose,Hylocereus undatus (Haw.) Britt. et Rose,Hylocereus undatus,(Haw.) Britt. et Rose,hylocereus undatus,Cactaceae,,plants,medicinal,"Utami,Buku Pintar Tanaman Obat,431 jenis tanaman penggempur aneka penyakit,Redaksi AgroMedia,(2008)",https://www.knapsackfamily.com/knapsack_core/result.php?sname=organism&word=Hylocereus%20undatus,knapsack_world_id_2026_04_17,e17eb4ec8a78fdc79407c1633361408409fad7412e17f81f25885feaf4d2734a,Hylocereus undatus (Haw.) Britt. et Rose
268,Hyptis brevipes,Hyptis brevipes,Hyptis brevipes,,hyptis brevipes,Lamiaceae,,plants,medicinal,"Medicinal Plants From the East by Christophe Wiart,ISBN 978-1-904761-85-3. Roosita,J.Ethnopharmacol.,115,(2008),72",https://www.knapsackfamily.com/knapsack_core/result.php?sname=organism&word=Hyptis%20brevipes,knapsack_world_id_2026_04_17,17cf96da498dddbb29d5c02722d34c43ae93a1a791751eb2201fa69d2b56a9e9,Hyptis brevipes
269,Hyptis pectinata,Hyptis pectinata,Hyptis pectinata,,hyptis pectinata,Lamiaceae,,plants,medicinal,"Taksonomi Koleksi Tanaman Obat Kebun Tanaman Obat Citeureup,vol.kedua(2009),ISBN 978-979-3707-42-6.",https://www.knapsackfamily.com/knapsack_core/result.php?sname=organism&word=Hyptis%20pectinata,knapsack_world_id_2026_04_17,0fc9538517ac2ffe60781af9d0dfae83d81cb8b8d6f4d71621bba15fe85eb04f,Hyptis pectinata
270,Hyptis suaveolens,Hyptis suaveolens,Hyptis suaveolens,,hyptis suaveolens,Lamiaceae,,plants,medicinal,"Roosita,J.Ethnopharmacol.,115,(2008),72",https://www.knapsackfamily.com/knapsack_core/result.php?sname=organism&word=Hyptis%20suaveolens,knapsack_world_id_2026_04_17,413acfb1b5b5c0e2fe39e54e1fabcded04285e96b61614884fe8b5453f157d21,Hyptis suaveolens
271,Impatiens balsamina L.,Impatiens balsamina L.,Impatiens balsamina,L.,impatiens balsamina,Balsaminaceae,,plants,medicinal,"Hariana,Tubuhan Obat dan Khasiatnya Seri 2,Penebar Sadaya,(2002) Utami,Buku Pintar Tanaman Obat,431 jenis tanaman penggempur aneka penyakit,Redaksi AgroMedia,(2008)",https://www.knapsackfamily.com/knapsack_core/result.php?sname=organism&word=Impatiens%20balsamina,knapsack_world_id_2026_04_17,12ff8375965c70bdc974d8f6ee78f2c7ce7779e1828979313c24c99203227679,Impatiens balsamina L.
272,Imperata cylindrica,Imperata cylindrica,Imperata cylindrica,,imperata cylindrica,Poaceae,Japanese blood grass,"plants(survival food,beer,sweet juice)",medicinal,"Roosita,J.Ethnopharmacol.,115,(2008),72",https://www.knapsackfamily.com/knapsack_core/result.php?sname=organism&word=Imperata%20cylindrica,knapsack_world_id_2026_04_17,3f9498c2a53962c5c7c0f0513720235a8d0f95763889d164c359fb42c0ac8a1b,Imperata cylindrica
273,Indigofera tinctoria L.,Indigofera tinctoria L.,Indigofera tinctoria,L.,indigofera tinctoria,Fabaceae,,plants,medicinal,"Hariana,Tubuhan Obat dan Khasiatnya Seri 2,Penebar Sadaya,(2002) Tumbuhan Obat & Khasiatnya by Drs.H.Arief Hariana (2005),Vol.2,ISBN 979-489-957-7. Tumbuhan Obat & Khasiatnya by Drs.H.Arief Hariana (2006),Vol.3,ISBN 979-002-008-2.",https://www.knapsackfamily.com/knapsack_core/result.php?sname=organism&word=Indigofera%20tinctoria,knapsack_world_id_2026_04_17,83d079507926e9a04333a5c0c7088279423e0cde178e676b83c0f3211267f878,Indigofera tinctoria L.
274,Intsia bijuga,Intsia bijuga,Intsia bijuga,,intsia bijuga,Fabaceae,,plants,medicinal,"Medicinal Plants From the East by Christophe Wiart,ISBN 978-1-904761-85-3.",https://www.knapsackfamily.com/knapsack_core/result.php?sname=organism&word=Intsia%20bijuga,knapsack_world_id_2026_04_17,e0b6a05d92af7148bff7edd0ff7cd51eeb823056221430a31c1d6038c96bc768,Intsia bijuga
275,Ipomoea aquatica,Ipomoea aquatica,Ipomoea aquatica,,ipomoea aquatica,Convolvulaceae,water spinach | kang kong | water convolvulus,plants,medicinal,"高橋澄子,ジャムウ インドネシアの伝統治療薬、平河出版社(1988)[Takahasi, S.,Traditional remedy of Indonesia,(1988), in Japanese]",https://www.knapsackfamily.com/knapsack_core/result.php?sname=organism&word=Ipomoea%20aquatica,knapsack_world_id_2026_04_17,2eec7924852efd9aea95547b948321f047565133611dca56d47d4eca9a213f84,Ipomoea aquatica
276,Ipomoea batatas L.,Ipomoea batatas L.,Ipomoea batatas,L.,ipomoea batatas,Convolvulaceae,,plants,medicinal,"Joshi, S.G.,Medicinal Plants,Mohan Primlani for Oxfor & IBH Publishing Co.Pvt.Ltd.,New Delhi (2003) 高橋澄子,ジャムウ インドネシアの伝統治療薬、平河出版社(1988)[Takahasi, S.,Traditional remedy of Indonesia,(1988), in Japanese]",https://www.knapsackfamily.com/knapsack_core/result.php?sname=organism&word=Ipomoea%20batatas,knapsack_world_id_2026_04_17,3ba67b1bfcceaf113b99003d25c99dd095b181465aa3cdbeb60e9654dec45d98,Ipomoea batatas L.
277,Ipomoea cairica (L.) Sweet,Ipomoea cairica (L.) Sweet,Ipomoea cairica,(L.) Sweet,ipomoea cairica,Convolvulaceae,,plants,medicinal,"Tumbuhan Obat & Khasiatnya by Drs.H.Arief Hariana (2006),Vol.3,ISBN 979-002-008-2.",https://www.knapsackfamily.com/knapsack_core/result.php?sname=organism&word=Ipomoea%20cairica,knapsack_world_id_2026_04_17,ba57a4666ddda09e24398984d3b504d7b4df6b5907cd33bdea84060aa2e2304f,Ipomoea cairica (L.) Sweet
278,Ipomoea pes-caprae (L.) Sweet,Ipomoea pes-caprae (L.) Sweet,Ipomoea pes-caprae,(L.) Sweet,ipomoea pes caprae,Convolvulaceae,,plants,medicinal,"Atlas Tumbuhan Obat by dr.Setiawan Dalimartha (2006),Vol 4,ISBN 979-1133-14-X. Tumbuhan Obat & Khasiatnya by Drs.H.Arief Hariana (2006),Vol.3,ISBN 979-002-008-2. Utami,Buku Pintar Tanaman Obat,431 jenis tanaman penggempur aneka penyakit,Redaksi AgroMedia,(2008)",https://www.knapsackfamily.com/knapsack_core/result.php?sname=organism&word=Ipomoea%20pes-caprae,knapsack_world_id_2026_04_17,38bbfe79dc4ed22daa6e12cac958a50efed18fad5d174cbabc434f89c766c5a6,Ipomoea pes-caprae (L.) Sweet
279,Ipomoea reptans Poir.,Ipomoea reptans Poir.,Ipomoea reptans,Poir.,ipomoea reptans,Convolvulaceae,,plants,medicinal,"Utami,Buku Pintar Tanaman Obat,431 jenis tanaman penggempur aneka penyakit,Redaksi AgroMedia,(2008)",https://www.knapsackfamily.com/knapsack_core/result.php?sname=organism&word=Ipomoea%20reptans,knapsack_world_id_2026_04_17,993a066078d02782484ca6e39bc9663a177ddae809643f3a081af8b5dbdb669d,Ipomoea reptans Poir.
280,Ipomoea sp.,Ipomoea sp.,Ipomoea sp.,,ipomoea sp,Convolvulaceae,,plants,medicinal,"Utami,Buku Pintar Tanaman Obat,431 jenis tanaman penggempur aneka penyakit,Redaksi AgroMedia,(2008)",https://www.knapsackfamily.com/knapsack_core/result.php?sname=organism&word=Ipomoea%20sp.,knapsack_world_id_2026_04_17,4af3ec8ab4325671c1308a37a5f7d106b55ecb13f232215ba85c294f162b74cd,Ipomoea sp.
281,Isotoma longiflora,Isotoma longiflora,Isotoma longiflora,,isotoma longiflora,Campanulaceae,,plants,medicinal,"Herbal Indonesia Berkhasiat by Bukti Ilmiah & Cara Racik,Vol 8,ISBN 979-688-236-6.",https://www.knapsackfamily.com/knapsack_core/result.php?sname=organism&word=Isotoma%20longiflora,knapsack_world_id_2026_04_17,e7e0d6ff1720356cb56fcbc7396afbc32e174f0ed0aed7c1be8c3e22265d658d,Isotoma longiflora
282,Ixora chinensis Lamk,Ixora chinensis Lamk,Ixora chinensis,Lamk,ixora chinensis,Rubiaceae,,plants,medicinal,"de Padua et al.(1999), Plant Resources of South-East Asia 12,(1) Medicinal and poisonous plants 1, Bogor, Indonesia",https://www.knapsackfamily.com/knapsack_core/result.php?sname=organism&word=Ixora%20chinensis,knapsack_world_id_2026_04_17,88fb06a6dcfef307682216f1553efd46e49fbb371bb69421a6824eec22c450b9,Ixora chinensis Lamk
283,Jasminum officinale,Jasminum officinale,Jasminum officinale,,jasminum officinale,Oleaceae,Jasmine | Common jasmine | Jessamine,"plants(eaten,flavour,essential oil)",medicinal,JAMU in Indonesian Daily Life and Industry by Suwidjiyo Pramono,https://www.knapsackfamily.com/knapsack_core/result.php?sname=organism&word=Jasminum%20officinale,knapsack_world_id_2026_04_17,85815882c241195ad970d38961b875a977c42db668a746f59149e4a832a20dc1,Jasminum officinale
284,Jasminum sambac L.,Jasminum sambac L.,Jasminum sambac,L.,jasminum sambac,Oleaceae,,plants,medicinal,JAMU in Indonesian Daily Life and Industry by Suwidjiyo Pramono,https://www.knapsackfamily.com/knapsack_core/result.php?sname=organism&word=Jasminum%20sambac,knapsack_world_id_2026_04_17,c1f0778582d0d8a42a662c7bb2a3408669f8214354bb126db9befd9743a21941,Jasminum sambac L.
285,Jatropha curcas,Jatropha curcas,Jatropha curcas,,jatropha curcas,Euphorbiaceae,,plants,medicinal,"Medicinal Plants of the World by Ivan A.Ross,Vol.1,ISBN 1-58829-281-9.",https://www.knapsackfamily.com/knapsack_core/result.php?sname=organism&word=Jatropha%20curcas,knapsack_world_id_2026_04_17,dcf3aa15b1ed37968acaefd650f3f45749d7c437e041402b5cdc1bf2128369bb,Jatropha curcas
286,Jatropha gossypifolia L.,Jatropha gossypifolia L.,Jatropha gossypifolia,L.,jatropha gossypifolia,Euphorbiaceae,,plants,medicinal,"Atlas Tumbuhan Obat by dr.Setiawan Dalimartha (2009),Vol 6,ISBN 978-979-1480-19-2. Tumbuhan Obat & Khasiatnya by Drs.H.Arief Hariana (2004),Vol.1,ISBN 979-489-816-3. Utami,Buku Pintar Tanaman Obat,431 jenis tanaman penggempur aneka penyakit,Redaksi AgroMedia,(2008)",https://www.knapsackfamily.com/knapsack_core/result.php?sname=organism&word=Jatropha%20gossypifolia,knapsack_world_id_2026_04_17,8f02e6283655a904656c8e3a99f92870453ff06ea2ea1d08664a5b83c47fedb6,Jatropha gossypifolia L.
287,Jatropha gossypiifolia,Jatropha gossypiifolia,Jatropha gossypiifolia,,jatropha gossypiifolia,Euphorbiaceae,,plants,medicinal,"Medicinal Plants From the East by Christophe Wiart,ISBN 978-1-904761-85-3.",https://www.knapsackfamily.com/knapsack_core/result.php?sname=organism&word=Jatropha%20gossypiifolia,knapsack_world_id_2026_04_17,8713721e41973000f793302c93654ddcf16dfa30decc2190c670d6e58c312588,Jatropha gossypiifolia
288,Jatropha multifida L.,Jatropha multifida L.,Jatropha multifida,L.,jatropha multifida,Euphorbiaceae,,plants,medicinal,"de Padua et al.(1999), Plant Resources of South-East Asia 12,(1) Medicinal and poisonous plants 1, Bogor, Indonesia",https://www.knapsackfamily.com/knapsack_core/result.php?sname=organism&word=Jatropha%20multifida,knapsack_world_id_2026_04_17,d1f564b1e45a9bc04a26a97a2122f98d37d4eab0800c0a4e29800c514cd786a3,Jatropha multifida L.
289,Jatropha podagrica Hook.,Jatropha podagrica Hook.,Jatropha podagrica,Hook.,jatropha podagrica,Euphorbiaceae,,plants,medicinal,"Atlas Tumbuhan Obat by dr.Setiawan Dalimartha (2008),Vol 5,ISBN 978-979-1480-18-5. Utami,Buku Pintar Tanaman Obat,431 jenis tanaman penggempur aneka penyakit,Redaksi AgroMedia,(2008)",https://www.knapsackfamily.com/knapsack_core/result.php?sname=organism&word=Jatropha%20podagrica,knapsack_world_id_2026_04_17,c7e6ece84fd23fd91eda5855025705635690ace35aba604884a0fc6efa76f9aa,Jatropha podagrica Hook.
290,Juniperus sp.,Juniperus sp.,Juniperus sp.,,juniperus sp,Cupressaceae,,plants,medicinal,"Utami,Buku Pintar Tanaman Obat,431 jenis tanaman penggempur aneka penyakit,Redaksi AgroMedia,(2008)",https://www.knapsackfamily.com/knapsack_core/result.php?sname=organism&word=Juniperus%20sp.,knapsack_world_id_2026_04_17,8eae3d30afa9cf9ec0ad396b7d24d3f67fbc44f009a6627acb56c172af04ff87,Juniperus sp.
291,Kaempferia galanga L.,Kaempferia galanga L.,Kaempferia galanga,L.,kaempferia galanga,Zingiberaceae,,plants,medicinal,"JAMU in Indonesian Daily Life and Industry by Suwidjiyo Pramono Joshi, S.G.,Medicinal Plants,Mohan Primlani for Oxfor & IBH Publishing Co.Pvt.Ltd.,New Delhi (2003) 高橋澄子,ジャムウ インドネシアの伝統治療薬、平河出版社(1988)[Takahasi, S.,Traditional remedy of Indonesia,(1988), in Japanese] Roosita,J.Ethnopharmacol.,115,(2008),72 Utami,Buku Pintar Tanaman Obat,431 jenis tanaman penggempur aneka penyakit,Redaksi AgroMedia,(2008) de Padua et al.(1999), Plant Resources of South-East Asia 12,(1) Medicinal and poisonous plants 1, Bogor, Indonesia",https://www.knapsackfamily.com/knapsack_core/result.php?sname=organism&word=Kaempferia%20galanga,knapsack_world_id_2026_04_17,f8c6fb0540671a124a5f98cb6cf3317f75703b29ceaff0c55cfa936ccbc1a06a,Kaempferia galanga L.
292,Kaempferia rotunda,Kaempferia rotunda,Kaempferia rotunda,,kaempferia rotunda,Zingiberaceae,,plants,medicinal,"Herbal Indonesia Berkhasiat by Bukti Ilmiah & Cara Racik,Vol 8,ISBN 979-688-236-6.",https://www.knapsackfamily.com/knapsack_core/result.php?sname=organism&word=Kaempferia%20rotunda,knapsack_world_id_2026_04_17,f657fcf3c2a222878932469408b0f5613b16e6bfcb08ecaa0af8625a59fc57e0,Kaempferia rotunda
293,Kalanchoe daigremontiana DC.,Kalanchoe daigremontiana DC.,Kalanchoe daigremontiana,DC.,kalanchoe daigremontiana,Crassulaceae,,plants,medicinal,"Taksonomi Koleksi Tanaman Obat Kebun Tanaman Obat Citeureup,vol.kedua(2009),ISBN 978-979-3707-42-6.",https://www.knapsackfamily.com/knapsack_core/result.php?sname=organism&word=Kalanchoe%20daigremontiana,knapsack_world_id_2026_04_17,37648b7bc3fda048843cb920da677a6cafda5bc076742189a3fcdf20df5f921b,Kalanchoe daigremontiana DC.
294,Kalanchoe pinnata,Kalanchoe pinnata,Kalanchoe pinnata,,kalanchoe pinnata,Crassulaceae,,plants,medicinal,"Roosita,J.Ethnopharmacol.,115,(2008),72",https://www.knapsackfamily.com/knapsack_core/result.php?sname=organism&word=Kalanchoe%20pinnata,knapsack_world_id_2026_04_17,3e2bb282d04f7918428edf46f8ea3bf0910325c7edc397428dbc51a5cb5b705c,Kalanchoe pinnata
295,Kyllinga brevifolia Rottb.,Kyllinga brevifolia Rottb.,Kyllinga brevifolia,Rottb.,kyllinga brevifolia,Cyperaceae,,plants,medicinal,"Atlas Tumbuhan Obat by dr.Setiawan Dalimartha (2006),Vol 4,ISBN 979-1133-14-X.",https://www.knapsackfamily.com/knapsack_core/result.php?sname=organism&word=Kyllinga%20brevifolia,knapsack_world_id_2026_04_17,0d4e4a3ecfc87f0a7616856848fd7c4ea2ea9ad7aa3adf92bf573be976afdb65,Kyllinga brevifolia Rottb.
296,Lactuca indica L.,Lactuca indica L.,Lactuca indica,L.,lactuca indica,Asteraceae,,plants,medicinal,"Tumbuhan Obat & Khasiatnya by Drs.H.Arief Hariana (2006),Vol.3,ISBN 979-002-008-2.",https://www.knapsackfamily.com/knapsack_core/result.php?sname=organism&word=Lactuca%20indica,knapsack_world_id_2026_04_17,04398a40cf6fa9fcad1af118f195f2ca6efe35ab8c9cf4be81d9743438731642,Lactuca indica L.
297,Lagerstroemia indica L.,Lagerstroemia indica L.,Lagerstroemia indica,L.,lagerstroemia indica,Lythraceae,,plants,medicinal,"Atlas Tumbuhan Obat by dr.Setiawan Dalimartha (2000),Vol 2,ISBN 979-661-065-5. Tumbuhan Obat & Khasiatnya by Drs.H.Arief Hariana (2004),Vol.1,ISBN 979-489-816-3. Utami,Buku Pintar Tanaman Obat,431 jenis tanaman penggempur aneka penyakit,Redaksi AgroMedia,(2008)",https://www.knapsackfamily.com/knapsack_core/result.php?sname=organism&word=Lagerstroemia%20indica,knapsack_world_id_2026_04_17,531caac21a1b64149c944244eeebcd92461ed77263406fe8fa7771e80b449cfb,Lagerstroemia indica L.
298,Lagerstroemia speciosa,Lagerstroemia speciosa,Lagerstroemia speciosa,,lagerstroemia speciosa,Lythraceae,Banaba,plants,medicinal,"Herbal Indonesia Berkhasiat by Bukti Ilmiah & Cara Racik,Vol 8,ISBN 979-688-236-6.",https://www.knapsackfamily.com/knapsack_core/result.php?sname=organism&word=Lagerstroemia%20speciosa,knapsack_world_id_2026_04_17,3ce8489195bbc8455bcf781534e5371438079b6690d0c844cefbc994c257b975,Lagerstroemia speciosa
299,Lansium domesticum,Lansium domesticum,Lansium domesticum,,lansium domesticum,Meliaceae,,plants,medicinal,"Medicinal Plants From the East by Christophe Wiart,ISBN 978-1-904761-85-3.",https://www.knapsackfamily.com/knapsack_core/result.php?sname=organism&word=Lansium%20domesticum,knapsack_world_id_2026_04_17,27c3cafa4bd3d09ad94c14c640e0f70d3bbb1a1695b7e7748f685e678dab8f72,Lansium domesticum
300,Lantana camara L.,Lantana camara L.,Lantana camara,L.,lantana camara,Verbenaceae,,plants,medicinal,"Medicinal Plants of the World by Ivan A.Ross,Vol.1,ISBN 1-58829-281-9. Roosita,J.Ethnopharmacol.,115,(2008),72 Utami,Buku Pintar Tanaman Obat,431 jenis tanaman penggempur aneka penyakit,Redaksi AgroMedia,(2008) de Padua et al.(1999), Plant Resources of South-East Asia 12,(1) Medicinal and poisonous plants 1, Bogor, Indonesia",https://www.knapsackfamily.com/knapsack_core/result.php?sname=organism&word=Lantana%20camara,knapsack_world_id_2026_04_17,7df4026318ffdc30a13947e2fd3951e8afdab65810fd4125f9f21d5896ed1e1f,Lantana camara L.
301,Lantana trifolia L.,Lantana trifolia L.,Lantana trifolia,L.,lantana trifolia,Verbenaceae,,plants,medicinal,"de Padua et al.(1999), Plant Resources of South-East Asia 12,(1) Medicinal and poisonous plants 1, Bogor, Indonesia",https://www.knapsackfamily.com/knapsack_core/result.php?sname=organism&word=Lantana%20trifolia,knapsack_world_id_2026_04_17,0d8b0e57f4a5f3e8a327463c54d6f3e32e40410d7130a58e570dcff867ec9009,Lantana trifolia L.
302,Laurentia longiflora (L.) Petermann,Laurentia longiflora (L.) Petermann,Laurentia longiflora,(L.) Petermann,laurentia longiflora,Campanulaceae,,plants,medicinal,"Taksonomi Koleksi Tanaman Obat Kebun Tanaman Obat Citeureup,vol.kedua(2009),ISBN 978-979-3707-42-6.",https://www.knapsackfamily.com/knapsack_core/result.php?sname=organism&word=Laurentia%20longiflora,knapsack_world_id_2026_04_17,08cd9ee03b6cfab22df0ed25e306dfb0a0f3c05c07735a2dd7d6f0fd1e67743e,Laurentia longiflora (L.) Petermann
303,Lawsonia inermis L.,Lawsonia inermis L.,Lawsonia inermis,L.,lawsonia inermis,Lythraceae,,plants,medicinal,"Taksonomi Koleksi Tanaman Obat Kebun Tanaman Obat Citeureup,vol.kedua(2009),ISBN 978-979-3707-42-6. Utami,Buku Pintar Tanaman Obat,431 jenis tanaman penggempur aneka penyakit,Redaksi AgroMedia,(2008)",https://www.knapsackfamily.com/knapsack_core/result.php?sname=organism&word=Lawsonia%20inermis,knapsack_world_id_2026_04_17,d5f60102e40db3d96ac6fa3e609bb7558132195df0f40795726275aef48fc30a,Lawsonia inermis L.
304,Leonurus heterophyllus Sweet.,Leonurus heterophyllus Sweet.,Leonurus heterophyllus,Sweet.,leonurus heterophyllus,Lamiaceae,,plants,medicinal,"Atlas Tumbuhan Obat by dr.Setiawan Dalimartha (2006),Vol 4,ISBN 979-1133-14-X.",https://www.knapsackfamily.com/knapsack_core/result.php?sname=organism&word=Leonurus%20heterophyllus,knapsack_world_id_2026_04_17,1371d21cbfd62fbeb3122f45eff54b4d363245c61de297cafd402dedfab1b47a,Leonurus heterophyllus Sweet.
305,Leonurus sibiricus L.,Leonurus sibiricus L.,Leonurus sibiricus,L.,leonurus sibiricus,Lamiaceae,Chinese motherwort,plants,medicinal,"Utami,Buku Pintar Tanaman Obat,431 jenis tanaman penggempur aneka penyakit,Redaksi AgroMedia,(2008)",https://www.knapsackfamily.com/knapsack_core/result.php?sname=organism&word=Leonurus%20sibiricus,knapsack_world_id_2026_04_17,3a17ed2dd01aead25eeed30988dd19209969b37ab0b284c7736e8672b262956e,Leonurus sibiricus L.
306,Lepidium sativum L.,Lepidium sativum L.,Lepidium sativum,L.,lepidium sativum,Brassicaceae,,plants,medicinal,"Utami,Buku Pintar Tanaman Obat,431 jenis tanaman penggempur aneka penyakit,Redaksi AgroMedia,(2008)",https://www.knapsackfamily.com/knapsack_core/result.php?sname=organism&word=Lepidium%20sativum,knapsack_world_id_2026_04_17,38b553e7a2aeec919018ada28565a63e003b190c70b0b16278cedc272839b706,Lepidium sativum L.
307,Leptospermum flavescens,Leptospermum flavescens,Leptospermum flavescens,,leptospermum flavescens,Myrtaceae,,plants,medicinal,"Medicinal Plants From the East by Christophe Wiart,ISBN 978-1-904761-85-3.",https://www.knapsackfamily.com/knapsack_core/result.php?sname=organism&word=Leptospermum%20flavescens,knapsack_world_id_2026_04_17,230904271604b0bed77be00532766f9480322571e4e19b6433fcf48243250740,Leptospermum flavescens
308,Leucaena glauca (L.) Benth.,Leucaena glauca (L.) Benth.,Leucaena glauca,(L.) Benth.,leucaena glauca,Fabaceae,,plants,medicinal,"Atlas Tumbuhan Obat by dr.Setiawan Dalimartha (2009),Vol 6,ISBN 978-979-1480-19-2. Hariana,Tubuhan Obat dan Khasiatnya Seri 2,Penebar Sadaya,(2002) 高橋澄子,ジャムウ インドネシアの伝統治療薬、平河出版社(1988)[Takahasi, S.,Traditional remedy of Indonesia,(1988), in Japanese] Tanaman Obat Tradisional by Thomas A.N.S. (1992),Vol.2,ISBN 979-413-809-6. Tumbuhan Obat & Khasiatnya by Drs.H.Arief Hariana (2005),Vol.2,ISBN 979-489-957-7.",https://www.knapsackfamily.com/knapsack_core/result.php?sname=organism&word=Leucaena%20glauca,knapsack_world_id_2026_04_17,e4dba28957933164d4a4fcf2b63c665f49f7577c61af8b2289a199cf15b54a63,Leucaena glauca (L.) Benth.
309,Leucaena leucocephala (Lamp.) de Wit.,Leucaena leucocephala (Lamp.) de Wit.,Leucaena leucocephala,(Lamp.) de Wit.,leucaena leucocephala,Fabaceae,,plants,medicinal,"Tanaman Obat Tradisional by Thomas A.N.S. (1992),Vol.2,ISBN 979-413-809-6.",https://www.knapsackfamily.com/knapsack_core/result.php?sname=organism&word=Leucaena%20leucocephala,knapsack_world_id_2026_04_17,71098af7abb009d72d3528eb0323d8df11dae7c7f11da8d462f0c955ae3f727d,Leucaena leucocephala (Lamp.) de Wit.
310,Litsea cubeba Pers.,Litsea cubeba Pers.,Litsea cubeba,Pers.,litsea cubeba,Lauraceae,,plants,medicinal,"Utami,Buku Pintar Tanaman Obat,431 jenis tanaman penggempur aneka penyakit,Redaksi AgroMedia,(2008)",https://www.knapsackfamily.com/knapsack_core/result.php?sname=organism&word=Litsea%20cubeba,knapsack_world_id_2026_04_17,e9b0f24f81e7fcaa22816cd62cc78606096f4d2b3c0ee5eb1a7e9652e8f90f38,Litsea cubeba Pers.
311,Litsea glutinosa (L.) C. D. Robins.,Litsea glutinosa (L.) C. D. Robins.,Litsea glutinosa,(L.) C. D. Robins.,litsea glutinosa,Lauraceae,,plants,medicinal,"Utami,Buku Pintar Tanaman Obat,431 jenis tanaman penggempur aneka penyakit,Redaksi AgroMedia,(2008)",https://www.knapsackfamily.com/knapsack_core/result.php?sname=organism&word=Litsea%20glutinosa,knapsack_world_id_2026_04_17,15b22ee085f3e9e7e6694aa25c52a092a958ac96ba9623380b30befad7d96eea,Litsea glutinosa (L.) C. D. Robins.
312,Ludwigia octovalvis,Ludwigia octovalvis,Ludwigia octovalvis,,ludwigia octovalvis,Onagraceae,,plants,medicinal,"Medicinal Plants From the East by Christophe Wiart,ISBN 978-1-904761-85-3.",https://www.knapsackfamily.com/knapsack_core/result.php?sname=organism&word=Ludwigia%20octovalvis,knapsack_world_id_2026_04_17,f9c49c1352b154e7b35a090672d5d99c31335b6d6b4f5e37701b2fb89a68c6e0,Ludwigia octovalvis
313,Luffa cylindrica (L.) Roem.,Luffa cylindrica (L.) Roem.,Luffa cylindrica,(L.) Roem.,luffa cylindrica,Cucurbitaceae,Luffa | Loofah | Loofa | Sponge gourd | Dishcloth gourd,plants(vegetables),medicinal,"Atlas Tumbuhan Obat by dr.Setiawan Dalimartha (2000),Vol 2,ISBN 979-661-065-5. Utami,Buku Pintar Tanaman Obat,431 jenis tanaman penggempur aneka penyakit,Redaksi AgroMedia,(2008)",https://www.knapsackfamily.com/knapsack_core/result.php?sname=organism&word=Luffa%20cylindrica,knapsack_world_id_2026_04_17,314d0c18f63c7119e75d211532e27bf6e40f340d08b9ae224039512ae77702c6,Luffa cylindrica (L.) Roem.
314,Luvunga sarmentosa (Bl.) Kurz,Luvunga sarmentosa (Bl.) Kurz,Luvunga sarmentosa,(Bl.) Kurz,luvunga sarmentosa,Rutaceae,,plants,medicinal,"Lien,Phytochem.,60,(2002),747",https://www.knapsackfamily.com/knapsack_core/result.php?sname=organism&word=Luvunga%20sarmentosa,knapsack_world_id_2026_04_17,d5dad4d76d7f4dd34cd3b1c9c17ad3d3246c42d7ea2f6cf9fb8a24ae54368dae,Luvunga sarmentosa (Bl.) Kurz
315,Madhuca indica Gmel.,Madhuca indica Gmel.,Madhuca indica,Gmel.,madhuca indica,Sapotaceae,,plants,medicinal,"Abani,(2007),Medicinal Plants & Their Uses(2)Published(2007) by ABOSARBangladesh). ISBN 984-415-220-8",https://www.knapsackfamily.com/knapsack_core/result.php?sname=organism&word=Madhuca%20indica,knapsack_world_id_2026_04_17,a9a3657c1b318ace8696a2bcc2360ce286165d8ed19012346fc2bb3c3d1af61a,Madhuca indica Gmel.
316,Mallotus philippensis,Mallotus philippensis,Mallotus philippensis,,mallotus philippensis,Euphorbiaceae,,plants,medicinal,"Medicinal Plants From the East by Christophe Wiart,ISBN 978-1-904761-85-3.",https://www.knapsackfamily.com/knapsack_core/result.php?sname=organism&word=Mallotus%20philippensis,knapsack_world_id_2026_04_17,efee10c2922c62a58e1d0a78982f3d494ef988773a236ddb873266c2c2c1df6b,Mallotus philippensis
317,Malus sylvestris Mill.,Malus sylvestris Mill.,Malus sylvestris,Mill.,malus sylvestris,Rosaceae,,plants,medicinal,"Tanaman Obat Tradisional by Thomas A.N.S. (1992),Vol.2,ISBN 979-413-809-6.",https://www.knapsackfamily.com/knapsack_core/result.php?sname=organism&word=Malus%20sylvestris,knapsack_world_id_2026_04_17,5eba45d4ee4b0ba0911f42faebb796bd78182bc4c18102f384e98b96fd5bf31a,Malus sylvestris Mill.
318,Manihot esculenta,Manihot esculenta,Manihot esculenta,,manihot esculenta,Euphorbiaceae,,"plants(flour,condiment,alcholic beverage)",medicinal,"Roosita,J.Ethnopharmacol.,115,(2008),72",https://www.knapsackfamily.com/knapsack_core/result.php?sname=organism&word=Manihot%20esculenta,knapsack_world_id_2026_04_17,aafc4793928fc26b1ebc9cb14eb0b0ddb11dd8bd15ac6ad9aa5ca899cbae3b36,Manihot esculenta
319,Manihot utilissima,Manihot utilissima,Manihot utilissima,,manihot utilissima,Euphorbiaceae,,"plants(flour,condiment,alcholic beverage)",medicinal,"高橋澄子,ジャムウ インドネシアの伝統治療薬、平河出版社(1988)[Takahasi, S.,Traditional remedy of Indonesia,(1988), in Japanese]",https://www.knapsackfamily.com/knapsack_core/result.php?sname=organism&word=Manihot%20utilissima,knapsack_world_id_2026_04_17,c39b4eaeeb33d5865a14e41350451cda0309c5b300070a41fbd8df5ab219e48e,Manihot utilissima
320,Manilkara zapota (L.) van Royen,Manilkara zapota (L.) van Royen,Manilkara zapota,(L.) van Royen,manilkara zapota,Sapotaceae,,plants,medicinal,"Taksonomi Koleksi Tanaman Obat Kebun Tanaman Obat Citeureup,vol.kedua(2009),ISBN 978-979-3707-42-6.",https://www.knapsackfamily.com/knapsack_core/result.php?sname=organism&word=Manilkara%20zapota,knapsack_world_id_2026_04_17,48b973da28c7a7cdf796df140d51e92bc154ef054631d50e68048afb56628a49,Manilkara zapota (L.) van Royen
321,Melaleuca leucadendra,Melaleuca leucadendra,Melaleuca leucadendra,,melaleuca leucadendra,Myrtaceae,,plants,medicinal,"Herbal Indonesia Berkhasiat by Bukti Ilmiah & Cara Racik,Vol 8,ISBN 979-688-236-6.",https://www.knapsackfamily.com/knapsack_core/result.php?sname=organism&word=Melaleuca%20leucadendra,knapsack_world_id_2026_04_17,8a646414a9c0beeaeb2dc2ffc95811dc7534b57e2878aa4075c49bc4b71a61b9,Melaleuca leucadendra
322,Melaleuca leucadendron L.,Melaleuca leucadendron L.,Melaleuca leucadendron,L.,melaleuca leucadendron,Myrtaceae,,plants,medicinal,"JAMU in Indonesian Daily Life and Industry by Suwidjiyo Pramono Joshi, S.G.,Medicinal Plants,Mohan Primlani for Oxfor & IBH Publishing Co.Pvt.Ltd.,New Delhi (2003) 高橋澄子,ジャムウ インドネシアの伝統治療薬、平河出版社(1988)[Takahasi, S.,Traditional remedy of Indonesia,(1988), in Japanese]",https://www.knapsackfamily.com/knapsack_core/result.php?sname=organism&word=Melaleuca%20leucadendron,knapsack_world_id_2026_04_17,c17b4e9e7e87b2e9c394871e5ba87fff22a090b44ffe7183864b7907ce124f4a,Melaleuca leucadendron L.
323,Melastoma malabathricum,Melastoma malabathricum,Melastoma malabathricum,,melastoma malabathricum,Melastomataceae,,plants(edible),medicinal,"Roosita,J.Ethnopharmacol.,115,(2008),72",https://www.knapsackfamily.com/knapsack_core/result.php?sname=organism&word=Melastoma%20malabathricum,knapsack_world_id_2026_04_17,3d8322bf00db19d36eeb6108aa41f91a691625f6f759ffcf25240f23100b8072,Melastoma malabathricum
324,Melia azedarach L.,Melia azedarach L.,Melia azedarach,L.,melia azedarach,Meliaceae,Chinabery | Bead tree | Persian lilac,plants(vegetables),medicinal,"Atlas Tumbuhan Obat by dr.Setiawan Dalimartha (2003),Vol 3,ISBN 979-3235-73-X. Hariana,Tubuhan Obat dan Khasiatnya Seri 2,Penebar Sadaya,(2002) Utami,Buku Pintar Tanaman Obat,431 jenis tanaman penggempur aneka penyakit,Redaksi AgroMedia,(2008) JAMU in Indonesian Daily Life and Industry by Suwidjiyo Pramono Taksonomi Koleksi Tanaman Obat Kebun Tanaman Obat Citeureup,vol.kedua(2009),ISBN 978-979-3707-42-6. Tumbuhan Obat & Khasiatnya by Drs.H.Arief Hariana (2005),Vol.2,ISBN 979-489-957-7.",https://www.knapsackfamily.com/knapsack_core/result.php?sname=organism&word=Melia%20azedarach,knapsack_world_id_2026_04_17,9ff13b8b02e8a5deab9861cff4360a1c4f06c8eb73ef7b986d4ad8b7e862376a,Melia azedarach L.
325,Melochia corchorifolia L.,Melochia corchorifolia L.,Melochia corchorifolia,L.,melochia corchorifolia,Malvaceae,,plants,medicinal,"de Padua et al.(1999), Plant Resources of South-East Asia 12,(1) Medicinal and poisonous plants 1, Bogor, Indonesia",https://www.knapsackfamily.com/knapsack_core/result.php?sname=organism&word=Melochia%20corchorifolia,knapsack_world_id_2026_04_17,029b3fcb6ad0850cf08434a7692883927564b2175d8fa77c07c2d468205a7d1a,Melochia corchorifolia L.
326,Mentha arvensis L.,Mentha arvensis L.,Mentha arvensis,L.,mentha arvensis,Lamiaceae,,plants(edible),medicinal,"JAMU in Indonesian Daily Life and Industry by Suwidjiyo Pramono Taksonomi Koleksi Tanaman Obat Kebun Tanaman Obat Citeureup,vol.Pertama(2008),ISBN 978-979-3707-42-6. de Padua et al.(1999), Plant Resources of South-East Asia 12,(1) Medicinal and poisonous plants 1, Bogor, Indonesia",https://www.knapsackfamily.com/knapsack_core/result.php?sname=organism&word=Mentha%20arvensis,knapsack_world_id_2026_04_17,02ce45cda92ea0eb81fe9a2797a25a870bee12d3d24a567dbfea76806496e4d2,Mentha arvensis L.
327,Mentha piperita L.,Mentha piperita L.,Mentha piperita,L.,mentha piperita,Lamiaceae,Peppermint,plants(flavouring),medicinal,JAMU in Indonesian Daily Life and Industry by Suwidjiyo Pramono,https://www.knapsackfamily.com/knapsack_core/result.php?sname=organism&word=Mentha%20piperita,knapsack_world_id_2026_04_17,96dacd4f02911c00ab587a5ee9cd6c87d2570a93afaef36b0885c5056c990fd1,Mentha piperita L.
328,Mesua ferrea L.,Mesua ferrea L.,Mesua ferrea,L.,mesua ferrea,Calophyllaceae Hypericaceae,,plants,medicinal,"Hariana,Tubuhan Obat dan Khasiatnya Seri 2,Penebar Sadaya,(2002) Utami,Buku Pintar Tanaman Obat,431 jenis tanaman penggempur aneka penyakit,Redaksi AgroMedia,(2008) Tumbuhan Obat & Khasiatnya by Drs.H.Arief Hariana (2005),Vol.2,ISBN 979-489-957-7.",https://www.knapsackfamily.com/knapsack_core/result.php?sname=organism&word=Mesua%20ferrea,knapsack_world_id_2026_04_17,4452b1b0c02c8883db60e6b6fbf9409e1102c37334f91e2cab4f0695340fed46,Mesua ferrea L.
329,Metroxylon sagu,Metroxylon sagu,Metroxylon sagu,,metroxylon sagu,Arecaceae,,plants,medicinal,"Roosita,J.Ethnopharmacol.,115,(2008),72",https://www.knapsackfamily.com/knapsack_core/result.php?sname=organism&word=Metroxylon%20sagu,knapsack_world_id_2026_04_17,62ad8bcafb5ccb68f18626bc15c21fa0943266e20505c9e84a2dcc5056299b06,Metroxylon sagu
330,Michelia alba DC.,Michelia alba DC.,Michelia alba,DC.,michelia alba,Magnoliaceae,,plants,medicinal,"Tumbuhan Obat & Khasiatnya by Drs.H.Arief Hariana (2004),Vol.1,ISBN 979-489-816-3. Utami,Buku Pintar Tanaman Obat,431 jenis tanaman penggempur aneka penyakit,Redaksi AgroMedia,(2008)",https://www.knapsackfamily.com/knapsack_core/result.php?sname=organism&word=Michelia%20alba,knapsack_world_id_2026_04_17,5a0d01bfcb61098c6e62bf92b27bf9b35dba7f69130e39d90d862253c1828bdb,Michelia alba DC.
331,Michelia champaca L.,Michelia champaca L.,Michelia champaca,L.,michelia champaca,Magnoliaceae,,plants,medicinal,"Taksonomi Koleksi Tanaman Obat Kebun Tanaman Obat Citeureup,vol.kedua(2009),ISBN 978-979-3707-42-6. Utami,Buku Pintar Tanaman Obat,431 jenis tanaman penggempur aneka penyakit,Redaksi AgroMedia,(2008) Tumbuhan Obat & Khasiatnya by Drs.H.Arief Hariana (2004),Vol.1,ISBN 979-489-816-3.",https://www.knapsackfamily.com/knapsack_core/result.php?sname=organism&word=Michelia%20champaca,knapsack_world_id_2026_04_17,56223c1f2f5beba6d54be20d2450896f19d53ad3e25772e366e89511c2f2a210,Michelia champaca L.
332,Mikania micrantha L.,Mikania micrantha L.,Mikania micrantha,L.,mikania micrantha,Asteraceae,,plants,medicinal,"Roosita,J.Ethnopharmacol.,115,(2008),72",https://www.knapsackfamily.com/knapsack_core/result.php?sname=organism&word=Mikania%20micrantha,knapsack_world_id_2026_04_17,0b1dcdf4b70302625d5ade8a2612ec139b9511f2920eed9fa23ececc93362c6a,Mikania micrantha L.
333,Millingtonia hortensis,Millingtonia hortensis,Millingtonia hortensis,,millingtonia hortensis,Bignoniaceae,,plants,medicinal,"Medicinal Plants From the East by Christophe Wiart,ISBN 978-1-904761-85-3.",https://www.knapsackfamily.com/knapsack_core/result.php?sname=organism&word=Millingtonia%20hortensis,knapsack_world_id_2026_04_17,18d28485e8499865576f050c678b17b4be9a2d4fc91e06adbbd4eed0e2efd7d7,Millingtonia hortensis
334,Mimosa pudica L.,Mimosa pudica L.,Mimosa pudica,L.,mimosa pudica,Fabaceae,,plants,medicinal,"Atlas Tumbuhan Obat by dr.Setiawan Dalimartha (2000),Vol 2,ISBN 979-661-065-5. Utami,Buku Pintar Tanaman Obat,431 jenis tanaman penggempur aneka penyakit,Redaksi AgroMedia,(2008) de Padua et al.(1999), Plant Resources of South-East Asia 12,(1) Medicinal and poisonous plants 1, Bogor, Indonesia",https://www.knapsackfamily.com/knapsack_core/result.php?sname=organism&word=Mimosa%20pudica,knapsack_world_id_2026_04_17,6275b1dbbf520f7c568460a23874c4341baf683e80fff7e04925e36cae29d1d1,Mimosa pudica L.
335,Mimusops elengi L.,Mimusops elengi L.,Mimusops elengi,L.,mimusops elengi,Sapotaceae,,plants,medicinal,"JAMU in Indonesian Daily Life and Industry by Suwidjiyo Pramono Taksonomi Koleksi Tanaman Obat Kebun Tanaman Obat Citeureup,vol.kedua(2009),ISBN 978-979-3707-42-6. Utami,Buku Pintar Tanaman Obat,431 jenis tanaman penggempur aneka penyakit,Redaksi AgroMedia,(2008)",https://www.knapsackfamily.com/knapsack_core/result.php?sname=organism&word=Mimusops%20elengi,knapsack_world_id_2026_04_17,ee7b7a4d32c49c53c50524f3aff619c2f9078db9c9f70c354f85dee6fcce7080,Mimusops elengi L.
336,Mirabilis jalapa L.,Mirabilis jalapa L.,Mirabilis jalapa,L.,mirabilis jalapa,Nyctaginaceae,,plants,medicinal,"Atlas Tumbuhan Obat by dr.Setiawan Dalimartha (2006),Vol 4,ISBN 979-1133-14-X. Hariana,Tubuhan Obat dan Khasiatnya Seri 2,Penebar Sadaya,(2002) Joshi, S.G.,Medicinal Plants,Mohan Primlani for Oxfor & IBH Publishing Co.Pvt.Ltd.,New Delhi (2003) 高橋澄子,ジャムウ インドネシアの伝統治療薬、平河出版社(1988)[Takahasi, S.,Traditional remedy of Indonesia,(1988), in Japanese] Utami,Buku Pintar Tanaman Obat,431 jenis tanaman penggempur aneka penyakit,Redaksi AgroMedia,(2008) Taksonomi Koleksi Tanaman Obat Kebun Tanaman Obat Citeureup,vol.Pertama(2008),ISBN 978-979-3707-42-6. Tumbuhan Obat & Khasiatnya by Drs.H.Arief Hariana (2005),Vol.2,ISBN 979-489-957-7.",https://www.knapsackfamily.com/knapsack_core/result.php?sname=organism&word=Mirabilis%20jalapa,knapsack_world_id_2026_04_17,1b90b26296c2c8080a043e86ca5fae8f4402def91028a48623a74f2d4cfb8e39,Mirabilis jalapa L.
337,Mollugo pentaphylla L.,Mollugo pentaphylla L.,Mollugo pentaphylla,L.,mollugo pentaphylla,Molluginaceae,,plants,medicinal,"Taksonomi Koleksi Tanaman Obat Kebun Tanaman Obat Citeureup,vol.kedua(2009),ISBN 978-979-3707-42-6.",https://www.knapsackfamily.com/knapsack_core/result.php?sname=organism&word=Mollugo%20pentaphylla,knapsack_world_id_2026_04_17,51a28d141816bbeb617f06c2d04098f0ec8d3b34cbc1d0dc927bc6ac19660d2d,Mollugo pentaphylla L.
338,Momordica charantia L.,Momordica charantia L.,Momordica charantia,L.,momordica charantia,Cucurbitaceae,,plants,medicinal,"Atlas Tumbuhan Obat by dr.Setiawan Dalimartha (2008),Vol 5,ISBN 978-979-1480-18-5. JAMU in Indonesian Daily Life and Industry by Suwidjiyo Pramono Joshi, S.G.,Medicinal Plants,Mohan Primlani for Oxfor & IBH Publishing Co.Pvt.Ltd.,New Delhi (2003) 高橋澄子,ジャムウ インドネシアの伝統治療薬、平河出版社(1988)[Takahasi, S.,Traditional remedy of Indonesia,(1988), in Japanese] Nakamura,Chem.Pharm.Bull.,54,(2006),1545 Utami,Buku Pintar Tanaman Obat,431 jenis tanaman penggempur aneka penyakit,Redaksi AgroMedia,(2008) de Padua et al.(1999), Plant Resources of South-East Asia 12,(1) Medicinal and poisonous plants 1, Bogor, Indonesia",https://www.knapsackfamily.com/knapsack_core/result.php?sname=organism&word=Momordica%20charantia,knapsack_world_id_2026_04_17,481b2c33a0c0acc06ab79adba2dd67eb03fc0b5cc15f0a971deaab205c2714b4,Momordica charantia L.
339,Momordica cochinchinensis (Lour.),Momordica cochinchinensis (Lour.),Momordica cochinchinensis,(Lour.),momordica cochinchinensis,Cucurbitaceae,,plants,medicinal,"de Padua et al.(1999), Plant Resources of South-East Asia 12,(1) Medicinal and poisonous plants 1, Bogor, Indonesia",https://www.knapsackfamily.com/knapsack_core/result.php?sname=organism&word=Momordica%20cochinchinensis,knapsack_world_id_2026_04_17,66ce6ea292d2ba39bdc78c49a77b23f42814a67dc9d9df61f4cd4db0ca28e926,Momordica cochinchinensis (Lour.)
340,Morinda citrifolia,Morinda citrifolia,Morinda citrifolia,,morinda citrifolia,Rubiaceae,Indian mulberry | Awl tree | Cheese fruit,plants,medicinal,"Medicinal Plants of the World by Ivan A.Ross,Vol.2,ISBN 0-89603-877-7. Herbal Indonesia Berkhasiat by Bukti Ilmiah & Cara Racik,Vol 8,ISBN 979-688-236-6.",https://www.knapsackfamily.com/knapsack_core/result.php?sname=organism&word=Morinda%20citrifolia,knapsack_world_id_2026_04_17,890638f53e1231a31bd29e3514d4e431698fdefbdd15b4190111fb7c6586f63c,Morinda citrifolia
341,Moringa oleifera,Moringa oleifera,Moringa oleifera,,moringa oleifera,Moringaceae,Horseradish tree | Ben,plants,medicinal,"Roosita,J.Ethnopharmacol.,115,(2008),72",https://www.knapsackfamily.com/knapsack_core/result.php?sname=organism&word=Moringa%20oleifera,knapsack_world_id_2026_04_17,df1383da4f46bb9ac28a2359f6199b5afff6ff22bbaca29f114dd5ccde8921ce,Moringa oleifera
342,Moringa pterygosperma,Moringa pterygosperma,Moringa pterygosperma,,moringa pterygosperma,Moringaceae,,"plants(eaten,vegetable)",medicinal,"Medicinal Plants of the World by Ivan A.Ross,Vol.1,ISBN 1-58829-281-9.",https://www.knapsackfamily.com/knapsack_core/result.php?sname=organism&word=Moringa%20pterygosperma,knapsack_world_id_2026_04_17,0543a05142fbd78769c51c12058e06bc1ac5c0f86a393f8170e0bcbf9a686b3f,Moringa pterygosperma
343,Morus alba L.,Morus alba L.,Morus alba,L.,morus alba,Moraceae,White mulberry,plants,medicinal,"Atlas Tumbuhan Obat by dr.Setiawan Dalimartha (1999),Vol 1,ISBN 979-661-050-7. Hariana,Tubuhan Obat dan Khasiatnya Seri 2,Penebar Sadaya,(2002) Utami,Buku Pintar Tanaman Obat,431 jenis tanaman penggempur aneka penyakit,Redaksi AgroMedia,(2008) de Padua et al.(1999), Plant Resources of South-East Asia 12,(1) Medicinal and poisonous plants 1, Bogor, Indonesia Taksonomi Koleksi Tanaman Obat Kebun Tanaman Obat Citeureup,vol.Pertama(2008),ISBN 978-979-3707-42-6. Tumbuhan Obat & Khasiatnya by Drs.H.Arief Hariana (2005),Vol.2,ISBN 979-489-957-7.",https://www.knapsackfamily.com/knapsack_core/result.php?sname=organism&word=Morus%20alba,knapsack_world_id_2026_04_17,8f9f630895e46a02c93ed4d87e6d7958dd977411acf273ad30d37b8afa00a43c,Morus alba L.
344,Morus australis L.,Morus australis L.,Morus australis,L.,morus australis,Moraceae,,plants,medicinal,JAMU in Indonesian Daily Life and Industry by Suwidjiyo Pramono,https://www.knapsackfamily.com/knapsack_core/result.php?sname=organism&word=Morus%20australis,knapsack_world_id_2026_04_17,b89ec631fa2462b6a38612f23a9a72d216b9dfffb41f3c3d25b34d591be8199f,Morus australis L.
345,Murraya paniculata,Murraya paniculata,Murraya paniculata,,murraya paniculata,Rutaceae,,plants,medicinal,"Herbal Indonesia Berkhasiat by Bukti Ilmiah & Cara Racik,Vol 8,ISBN 979-688-236-6.",https://www.knapsackfamily.com/knapsack_core/result.php?sname=organism&word=Murraya%20paniculata,knapsack_world_id_2026_04_17,c3c34a2d49080c3fb477392f3d85527e4e0ea8230fb629aec43fc7fcc657a499,Murraya paniculata
346,Musa paradisiaca,Musa paradisiaca,Musa paradisiaca,,musa paradisiaca,Musaceae,,"plants(famine food,vegetable)",medicinal,"Roosita,J.Ethnopharmacol.,115,(2008),72",https://www.knapsackfamily.com/knapsack_core/result.php?sname=organism&word=Musa%20paradisiaca,knapsack_world_id_2026_04_17,a64778ac054b555ba10c895c050ac709ef701ac909a3e7dcbad1154762ef5815,Musa paradisiaca
347,Musa sapientum,Musa sapientum,Musa sapientum,,musa sapientum,Musaceae,Banana,plants,medicinal,"Medicinal Plants of the World by Ivan A.Ross,Vol.2,ISBN 0-89603-877-7.",https://www.knapsackfamily.com/knapsack_core/result.php?sname=organism&word=Musa%20sapientum,knapsack_world_id_2026_04_17,8efc3a993231078c0aae88c37612ca3c948c7da6cafa9116da9864857bf5a7cf,Musa sapientum
348,Mussaenda pubescens Ait. f.,Mussaenda pubescens Ait. f.,Mussaenda pubescens,Ait. f.,mussaenda pubescens,Rubiaceae,,plants,medicinal,"Hariana,Tubuhan Obat dan Khasiatnya Seri 2,Penebar Sadaya,(2002) Atlas Tumbuhan Obat by dr.Setiawan Dalimartha (2009),Vol 6,ISBN 978-979-1480-19-2. Tumbuhan Obat & Khasiatnya by Drs.H.Arief Hariana (2005),Vol.2,ISBN 979-489-957-7.",https://www.knapsackfamily.com/knapsack_core/result.php?sname=organism&word=Mussaenda%20pubescens,knapsack_world_id_2026_04_17,f46c9a3d656bcad4fce30c668a05adaed3d430fb30c545ed313d6a58c57d8b31,Mussaenda pubescens Ait. f.
349,Myristica fragrans,Myristica fragrans,Myristica fragrans,,myristica fragrans,Myristicaceae,Nutmeg | Jatiphala,plants,medicinal,"Herbal Indonesia Berkhasiat by Bukti Ilmiah & Cara Racik,Vol 8,ISBN 979-688-236-6. Roosita,J.Ethnopharmacol.,115,(2008),72",https://www.knapsackfamily.com/knapsack_core/result.php?sname=organism&word=Myristica%20fragrans,knapsack_world_id_2026_04_17,dc07381809d18c6b77fa45dd01cff9a5e32a6a34ca4b987f4735e81066236d78,Myristica fragrans
350,Nelumbo nucifera Gaertn.,Nelumbo nucifera Gaertn.,Nelumbo nucifera,Gaertn.,nelumbo nucifera,Nelumbonaceae,,"plants(flavouring tea,starch)",medicinal,"Atlas Tumbuhan Obat by dr.Setiawan Dalimartha (2006),Vol 4,ISBN 979-1133-14-X.",https://www.knapsackfamily.com/knapsack_core/result.php?sname=organism&word=Nelumbo%20nucifera,knapsack_world_id_2026_04_17,ba9a5bd0a652a6681653d01e7af98e489600ced4e57f320bf6df24909dbfd066,Nelumbo nucifera Gaertn.
351,Nephelium lappaceum L.,Nephelium lappaceum L.,Nephelium lappaceum,L.,nephelium lappaceum,Sapindaceae,,plants,medicinal,"Atlas Tumbuhan Obat by dr.Setiawan Dalimartha (2003),Vol 3,ISBN 979-3235-73-X. Tumbuhan Obat & Khasiatnya by Drs.H.Arief Hariana (2006),Vol.3,ISBN 979-002-008-2. Utami,Buku Pintar Tanaman Obat,431 jenis tanaman penggempur aneka penyakit,Redaksi AgroMedia,(2008)",https://www.knapsackfamily.com/knapsack_core/result.php?sname=organism&word=Nephelium%20lappaceum,knapsack_world_id_2026_04_17,f0bb561cae02ac5752ee30b9ea9d5df5b720be4c87f9e4f8eded11743bf0ce12,Nephelium lappaceum L.
352,Nerium oleander L.,Nerium oleander L.,Nerium oleander,L.,nerium oleander,Apocynaceae,,plants,medicinal,JAMU in Indonesian Daily Life and Industry by Suwidjiyo Pramono,https://www.knapsackfamily.com/knapsack_core/result.php?sname=organism&word=Nerium%20oleander,knapsack_world_id_2026_04_17,b6ab11e2907038ce8a618f0ccdaabf77a868cf198a317ca7f637cb9688acd61c,Nerium oleander L.
353,Nicotiana tabacum L.,Nicotiana tabacum L.,Nicotiana tabacum,L.,nicotiana tabacum,Solanaceae,,plants,medicinal,"Tumbuhan Obat & Khasiatnya by Drs.H.Arief Hariana (2006),Vol.3,ISBN 979-002-008-2.",https://www.knapsackfamily.com/knapsack_core/result.php?sname=organism&word=Nicotiana%20tabacum,knapsack_world_id_2026_04_17,b9dd44136c15c56497bebc3046659c14cbdc625a9bf3943ec81bc78dfaf2f5de,Nicotiana tabacum L.
354,Nigella sativa L.,Nigella sativa L.,Nigella sativa,L.,nigella sativa,Ranunculaceae,,plants,medicinal,"Taksonomi Koleksi Tanaman Obat Kebun Tanaman Obat Citeureup,vol.Pertama(2008),ISBN 978-979-3707-42-6. Utami,Buku Pintar Tanaman Obat,431 jenis tanaman penggempur aneka penyakit,Redaksi AgroMedia,(2008)",https://www.knapsackfamily.com/knapsack_core/result.php?sname=organism&word=Nigella%20sativa,knapsack_world_id_2026_04_17,e886f81e9dd8a9e504b1b3a2b7a79763e72b8635d4dba4e002e4eb67809d47f9,Nigella sativa L.
355,Nyctanthes arbor-tristis,Nyctanthes arbor-tristis,Nyctanthes arbor-tristis,,nyctanthes arbor tristis,Oleaceae,,plants,medicinal,"Roosita,J.Ethnopharmacol.,115,(2008),72",https://www.knapsackfamily.com/knapsack_core/result.php?sname=organism&word=Nyctanthes%20arbor-tristis,knapsack_world_id_2026_04_17,2aa225fcc739435369985ce79defad411ec2d54769fa2d6d8eb8ae173231f273,Nyctanthes arbor-tristis
356,Nymphaea lotus L.,Nymphaea lotus L.,Nymphaea lotus,L.,nymphaea lotus,Nymphaeaceae,,plants,medicinal,"Tumbuhan Obat & Khasiatnya by Drs.H.Arief Hariana (2006),Vol.3,ISBN 979-002-008-2.",https://www.knapsackfamily.com/knapsack_core/result.php?sname=organism&word=Nymphaea%20lotus,knapsack_world_id_2026_04_17,921bdc5b79b88ce3fed0b9f06a86d401dd3c0fc432db5c4ff3ae6a7ece13f193,Nymphaea lotus L.
357,Ocimum basilicum,Ocimum basilicum,Ocimum basilicum,,ocimum basilicum,Lamiaceae,Basil | Sweet basil,plants,medicinal,"Herbal Indonesia Berkhasiat by Bukti Ilmiah & Cara Racik,Vol 8,ISBN 979-688-236-6.",https://www.knapsackfamily.com/knapsack_core/result.php?sname=organism&word=Ocimum%20basilicum,knapsack_world_id_2026_04_17,79de437354c986bb50e5d9d22f92095bc1bd63a44f9b057c8ca2f2eb89b9406a,Ocimum basilicum
358,Ocimum sanctum L.,Ocimum sanctum L.,Ocimum sanctum,L.,ocimum sanctum,Lamiaceae,,plants,medicinal,"Taksonomi Koleksi Tanaman Obat Kebun Tanaman Obat Citeureup,vol.Pertama(2008),ISBN 978-979-3707-42-6. Utami,Buku Pintar Tanaman Obat,431 jenis tanaman penggempur aneka penyakit,Redaksi AgroMedia,(2008) Hariana,Tubuhan Obat dan Khasiatnya Seri 2,Penebar Sadaya,(2002) Tumbuhan Obat & Khasiatnya by Drs.H.Arief Hariana (2005),Vol.2,ISBN 979-489-957-7.",https://www.knapsackfamily.com/knapsack_core/result.php?sname=organism&word=Ocimum%20sanctum,knapsack_world_id_2026_04_17,98e8305c8201ffc71b60c77321add7875fb38eb19052ac70df566b17103f8394,Ocimum sanctum L.
359,Oldenlandia corymbosa L.,Oldenlandia corymbosa L.,Oldenlandia corymbosa,L.,oldenlandia corymbosa,Rubiaceae,,plants,medicinal,"Taksonomi Koleksi Tanaman Obat Kebun Tanaman Obat Citeureup,vol.kedua(2009),ISBN 978-979-3707-42-6.",https://www.knapsackfamily.com/knapsack_core/result.php?sname=organism&word=Oldenlandia%20corymbosa,knapsack_world_id_2026_04_17,6bc3c351e65d780c679451d68a41fdf02e4cf785175600ecd054e421acf9b71a,Oldenlandia corymbosa L.
360,Ophiopogon japonicus Ker-Gawler,Ophiopogon japonicus Ker-Gawler,Ophiopogon japonicus,Ker-Gawler,ophiopogon japonicus,Liliaceae,,plants,medicinal,"Hariana,Tubuhan Obat dan Khasiatnya Seri 2,Penebar Sadaya,(2002) Utami,Buku Pintar Tanaman Obat,431 jenis tanaman penggempur aneka penyakit,Redaksi AgroMedia,(2008)",https://www.knapsackfamily.com/knapsack_core/result.php?sname=organism&word=Ophiopogon%20japonicus,knapsack_world_id_2026_04_17,2930c5a85f2af22f0852c3faf1218525d56caf361b231c80214d33360ace0404,Ophiopogon japonicus Ker-Gawler
361,Oroxylum indicum (L.) Kurz,Oroxylum indicum (L.) Kurz,Oroxylum indicum,(L.) Kurz,oroxylum indicum,Bignoniaceae,,plants,medicinal,"Utami,Buku Pintar Tanaman Obat,431 jenis tanaman penggempur aneka penyakit,Redaksi AgroMedia,(2008)",https://www.knapsackfamily.com/knapsack_core/result.php?sname=organism&word=Oroxylum%20indicum,knapsack_world_id_2026_04_17,0076775484795b170bf7aaee53b4d7c690fe547851d9407ec1b86ffa05ee8c23,Oroxylum indicum (L.) Kurz
362,Orthosiphon aristatus,Orthosiphon aristatus,Orthosiphon aristatus,,orthosiphon aristatus,Lamiaceae,,plants,medicinal,"Roosita,J.Ethnopharmacol.,115,(2008),72 Herbal Indonesia Berkhasiat by Bukti Ilmiah & Cara Racik,Vol 8,ISBN 979-688-236-6.",https://www.knapsackfamily.com/knapsack_core/result.php?sname=organism&word=Orthosiphon%20aristatus,knapsack_world_id_2026_04_17,00ff7b439db8613affbaa3a5b041e5da69b90d3889c47e2719cd72e3db0ec8e0,Orthosiphon aristatus
363,Orthosiphon spicatus B.B.S.,Orthosiphon spicatus B.B.S.,Orthosiphon spicatus,B.B.S.,orthosiphon spicatus,Lamiaceae,,plants,medicinal,"Atlas Tumbuhan Obat by dr.Setiawan Dalimartha (2000),Vol 2,ISBN 979-661-065-5. Taksonomi Koleksi Tanaman Obat Kebun Tanaman Obat Citeureup,vol.Pertama(2008),ISBN 978-979-3707-42-6.",https://www.knapsackfamily.com/knapsack_core/result.php?sname=organism&word=Orthosiphon%20spicatus,knapsack_world_id_2026_04_17,0eee72df989c9b41b0a797a068cb45768876efb2414944c315542a1d55413009,Orthosiphon spicatus B.B.S.
364,Orthosiphon stamineus,Orthosiphon stamineus,Orthosiphon stamineus,,orthosiphon stamineus,Lamiaceae,,plants,medicinal,"Herbal Indonesia Berkhasiat by Bukti Ilmiah & Cara Racik,Vol 8,ISBN 979-688-236-6. Mohamed,J.Ethnopharmacol.,133,(2011),647",https://www.knapsackfamily.com/knapsack_core/result.php?sname=organism&word=Orthosiphon%20stamineus,knapsack_world_id_2026_04_17,0271cf2845cdc1058c93140aaf31a00fdd3ea0b41aa6cddfdc4c030c4b7e8d6d,Orthosiphon stamineus
365,Oryza sativa,Oryza sativa,Oryza sativa,,oryza sativa,Poaceae,Rice | Sprouting brown rice,plants,medicinal,"Medicinal Plants of the World by Ivan A.Ross,Vol.3,ISBN 978-1-58829-129-5.",https://www.knapsackfamily.com/knapsack_core/result.php?sname=organism&word=Oryza%20sativa,knapsack_world_id_2026_04_17,ae605c763fa360ac325c0eb277298f1d036cbb0ec5ad4334cb607d991c7436ae,Oryza sativa
366,Oxalis corniculata L.,Oxalis corniculata L.,Oxalis corniculata,L.,oxalis corniculata,Oxalidaceae,,plants,medicinal,"Atlas Tumbuhan Obat by dr.Setiawan Dalimartha (2006),Vol 4,ISBN 979-1133-14-X. Taksonomi Koleksi Tanaman Obat Kebun Tanaman Obat Citeureup,vol.kedua(2009),ISBN 978-979-3707-42-6. Utami,Buku Pintar Tanaman Obat,431 jenis tanaman penggempur aneka penyakit,Redaksi AgroMedia,(2008) 高橋澄子,ジャムウ インドネシアの伝統治療薬、平河出版社(1988)[Takahasi, S.,Traditional remedy of Indonesia,(1988), in Japanese] de Padua et al.(1999), Plant Resources of South-East Asia 12,(1) Medicinal and poisonous plants 1, Bogor, Indonesia",https://www.knapsackfamily.com/knapsack_core/result.php?sname=organism&word=Oxalis%20corniculata,knapsack_world_id_2026_04_17,b08da27a9f39e54bad2ea885eaf6ea8239d18ac6d1e2839afd6e7514de318a24,Oxalis corniculata L.
367,Pachyrrhizus erosus,Pachyrrhizus erosus,Pachyrrhizus erosus,,pachyrrhizus erosus,Fabaceae,,plants,medicinal,"高橋澄子,ジャムウ インドネシアの伝統治療薬、平河出版社(1988)[Takahasi, S.,Traditional remedy of Indonesia,(1988), in Japanese]",https://www.knapsackfamily.com/knapsack_core/result.php?sname=organism&word=Pachyrrhizus%20erosus,knapsack_world_id_2026_04_17,2273d5537193d618df8b605e3c70bd074746ea56c521cbb3220dd22506f063e7,Pachyrrhizus erosus
368,Paederia foetida,Paederia foetida,Paederia foetida,,paederia foetida,Rubiaceae,,plants(vegetables),medicinal,"Roosita,J.Ethnopharmacol.,115,(2008),72",https://www.knapsackfamily.com/knapsack_core/result.php?sname=organism&word=Paederia%20foetida,knapsack_world_id_2026_04_17,65e4864ff4c749983f2561e1b4cbe1804beecdad9d135ba384b468ae48232139,Paederia foetida
369,Paederia scandens (L.) Merr.,Paederia scandens (L.) Merr.,Paederia scandens,(L.) Merr.,paederia scandens,Rubiaceae,,plants,medicinal,"Utami,Buku Pintar Tanaman Obat,431 jenis tanaman penggempur aneka penyakit,Redaksi AgroMedia,(2008)",https://www.knapsackfamily.com/knapsack_core/result.php?sname=organism&word=Paederia%20scandens,knapsack_world_id_2026_04_17,b0cf9ed87357796b45e0416e1f683f5411d2ff601e1d60835e76f6b4b578adbd,Paederia scandens (L.) Merr.
370,Pandanus amaryllifolius,Pandanus amaryllifolius,Pandanus amaryllifolius,,pandanus amaryllifolius,Pandanaceae,,plants,medicinal,"Roosita,J.Ethnopharmacol.,115,(2008),72",https://www.knapsackfamily.com/knapsack_core/result.php?sname=organism&word=Pandanus%20amaryllifolius,knapsack_world_id_2026_04_17,b14c0a94e41792b91aefc9cd4550199acff9139cfd3c5854246f3da8bf3b130e,Pandanus amaryllifolius
371,Pandanus conoideus,Pandanus conoideus,Pandanus conoideus,,pandanus conoideus,Pandanaceae,,plants,medicinal,"Herbal Indonesia Berkhasiat by Bukti Ilmiah & Cara Racik,Vol 8,ISBN 979-688-236-6.",https://www.knapsackfamily.com/knapsack_core/result.php?sname=organism&word=Pandanus%20conoideus,knapsack_world_id_2026_04_17,b1ee3605704e6a68ada990f5aee05250e48f57c8bbb3d68db92c83f0f1bcf11e,Pandanus conoideus
372,Pangium edule Reinw.,Pangium edule Reinw.,Pangium edule,Reinw.,pangium edule,Flacourtiaceae,,plants,medicinal,"Utami,Buku Pintar Tanaman Obat,431 jenis tanaman penggempur aneka penyakit,Redaksi AgroMedia,(2008) 高橋澄子,ジャムウ インドネシアの伝統治療薬、平河出版社(1988)[Takahasi, S.,Traditional remedy of Indonesia,(1988), in Japanese]",https://www.knapsackfamily.com/knapsack_core/result.php?sname=organism&word=Pangium%20edule,knapsack_world_id_2026_04_17,753ba28883ab8b7f59e027da2ad12d1feeb0a416872e8e59704537a3b986dec5,Pangium edule Reinw.
373,Papaver somniferum L.,Papaver somniferum L.,Papaver somniferum,L.,papaver somniferum,Papaveraceae,,plants,medicinal,"Utami,Buku Pintar Tanaman Obat,431 jenis tanaman penggempur aneka penyakit,Redaksi AgroMedia,(2008)",https://www.knapsackfamily.com/knapsack_core/result.php?sname=organism&word=Papaver%20somniferum,knapsack_world_id_2026_04_17,40bbc92dea78f53dba250b40d05832ca4795a39450e9014d13bed15711135c2f,Papaver somniferum L.
374,Parameria laevigata,Parameria laevigata,Parameria laevigata,,parameria laevigata,Apocynaceae,,plants,medicinal,"Herbal Indonesia Berkhasiat by Bukti Ilmiah & Cara Racik,Vol 8,ISBN 979-688-236-6.",https://www.knapsackfamily.com/knapsack_core/result.php?sname=organism&word=Parameria%20laevigata,knapsack_world_id_2026_04_17,347c55ceb8a93b94040abc00a356d5ec9b035caefb0813193b67b37577925eb4,Parameria laevigata
375,Parkia speciosa,Parkia speciosa,Parkia speciosa,,parkia speciosa,Fabaceae,,plants,medicinal,"Roosita,J.Ethnopharmacol.,115,(2008),72",https://www.knapsackfamily.com/knapsack_core/result.php?sname=organism&word=Parkia%20speciosa,knapsack_world_id_2026_04_17,e1ac66d1b8fd703560b9d7e6eb8f0894df302d558f352917cc1e56a9fc752599,Parkia speciosa
376,Passiflora foetida L.,Passiflora foetida L.,Passiflora foetida,L.,passiflora foetida,Passifloraceae,,plants,medicinal,"Atlas Tumbuhan Obat by dr.Setiawan Dalimartha (2003),Vol 3,ISBN 979-3235-73-X. Utami,Buku Pintar Tanaman Obat,431 jenis tanaman penggempur aneka penyakit,Redaksi AgroMedia,(2008)",https://www.knapsackfamily.com/knapsack_core/result.php?sname=organism&word=Passiflora%20foetida,knapsack_world_id_2026_04_17,ddc317469b43717f09afda48df242080694aae0ad99002b48f16b95452006ae1,Passiflora foetida L.
377,Pedilanthus tithymaloides (L.) Poit.,Pedilanthus tithymaloides (L.) Poit.,Pedilanthus tithymaloides,(L.) Poit.,pedilanthus tithymaloides,Euphorbiaceae,,plants,medicinal,"Hariana,Tubuhan Obat dan Khasiatnya Seri 2,Penebar Sadaya,(2002) Atlas Tumbuhan Obat by dr.Setiawan Dalimartha (2009),Vol 6,ISBN 978-979-1480-19-2. Tumbuhan Obat & Khasiatnya by Drs.H.Arief Hariana (2005),Vol.2,ISBN 979-489-957-7.",https://www.knapsackfamily.com/knapsack_core/result.php?sname=organism&word=Pedilanthus%20tithymaloides,knapsack_world_id_2026_04_17,64a9e36c49d53c47877e12cd0098d8ac2c1a477069921808882081815a9711ca,Pedilanthus tithymaloides (L.) Poit.
378,Peltophorum pterocarpum,Peltophorum pterocarpum,Peltophorum pterocarpum,,peltophorum pterocarpum,Fabaceae,,plants,medicinal,"Medicinal Plants From the East by Christophe Wiart,ISBN 978-1-904761-85-3.",https://www.knapsackfamily.com/knapsack_core/result.php?sname=organism&word=Peltophorum%20pterocarpum,knapsack_world_id_2026_04_17,9964803a53a30880f624b5d9483cde9c8e2d915d525da0f039c7993fb5ac099c,Peltophorum pterocarpum
379,Peperomia pellucida L.,Peperomia pellucida L.,Peperomia pellucida,L.,peperomia pellucida,Piperaceae,,plants,medicinal,"Roosita,J.Ethnopharmacol.,115,(2008),72",https://www.knapsackfamily.com/knapsack_core/result.php?sname=organism&word=Peperomia%20pellucida,knapsack_world_id_2026_04_17,d93ed2a28316b5dd4f52843b41c6a21d118e3747d291bfa7b6d0340943dcf309,Peperomia pellucida L.
380,Persea americana,Persea americana,Persea americana,,persea americana,Lauraceae,avocado | alligator pear,plants,medicinal,"Medicinal Plants of the World by Ivan A.Ross,Vol.1,ISBN 1-58829-281-9. Roosita,J.Ethnopharmacol.,115,(2008),72 Herbal Indonesia Berkhasiat by Bukti Ilmiah & Cara Racik,Vol 8,ISBN 979-688-236-6.",https://www.knapsackfamily.com/knapsack_core/result.php?sname=organism&word=Persea%20americana,knapsack_world_id_2026_04_17,748cdbe5a7740dd44b257f0784fe05683ce4e3b3262be542c79f5f5afb2df419,Persea americana
381,Persea gratissima Gaertn.,Persea gratissima Gaertn.,Persea gratissima,Gaertn.,persea gratissima,Lauraceae,,plants,medicinal,"Atlas Tumbuhan Obat by dr.Setiawan Dalimartha (2008),Vol 5,ISBN 978-979-1480-18-5. Utami,Buku Pintar Tanaman Obat,431 jenis tanaman penggempur aneka penyakit,Redaksi AgroMedia,(2008)",https://www.knapsackfamily.com/knapsack_core/result.php?sname=organism&word=Persea%20gratissima,knapsack_world_id_2026_04_17,4a93f0911a575897e654943a61b6894c0f1bbfe32ce331cdd0f041a0a05ff532,Persea gratissima Gaertn.
382,Phaleria macrocarpa,Phaleria macrocarpa,Phaleria macrocarpa,,phaleria macrocarpa,Thymelaeaceae,,plants,medicinal,"Herbal Indonesia Berkhasiat by Bukti Ilmiah & Cara Racik,Vol 8,ISBN 979-688-236-6.",https://www.knapsackfamily.com/knapsack_core/result.php?sname=organism&word=Phaleria%20macrocarpa,knapsack_world_id_2026_04_17,6a26f6cebf0c8e80e6ae695af994fdb21776779ce34b887ce599ca9b42adae81,Phaleria macrocarpa
383,Phaseolus mungo,Phaseolus mungo,Phaseolus mungo,,phaseolus mungo,Fabaceae,,plants,medicinal,"Medicinal Plants From the East by Christophe Wiart,ISBN 978-1-904761-85-3.",https://www.knapsackfamily.com/knapsack_core/result.php?sname=organism&word=Phaseolus%20mungo,knapsack_world_id_2026_04_17,46a39d17bc6dab6bef04cf27233bef3c0e3d3caa5a388ede1325e3c30e1b6875,Phaseolus mungo
384,Phaseolus radiatus,Phaseolus radiatus,Phaseolus radiatus,,phaseolus radiatus,Fabaceae,,plants,medicinal,"Utami,Buku Pintar Tanaman Obat,431 jenis tanaman penggempur aneka penyakit,Redaksi AgroMedia,(2008)",https://www.knapsackfamily.com/knapsack_core/result.php?sname=organism&word=Phaseolus%20radiatus,knapsack_world_id_2026_04_17,1bc292b8fd5b899f2fef2ffd28eccd172a20a8b5dea3dd33e2b9f372ea25bf5f,Phaseolus radiatus
385,Phaseolus vulgaris,Phaseolus vulgaris,Phaseolus vulgaris,,phaseolus vulgaris,Fabaceae,common bean | Kidney beans | sayaingen,plants,medicinal,"Roosita,J.Ethnopharmacol.,115,(2008),72",https://www.knapsackfamily.com/knapsack_core/result.php?sname=organism&word=Phaseolus%20vulgaris,knapsack_world_id_2026_04_17,0506a1644707a7a04622506b03436b9b62e7a432248001bfe1d7d652ce2d88c6,Phaseolus vulgaris
386,Phyllanthus acidus (L.) Skeels.,Phyllanthus acidus (L.) Skeels.,Phyllanthus acidus,(L.) Skeels.,phyllanthus acidus,Phyllanthaceae Euphorbiaceae,,plants,medicinal,"Atlas Tumbuhan Obat by dr.Setiawan Dalimartha (1999),Vol 1,ISBN 979-661-050-7. Tumbuhan Obat & Khasiatnya by Drs.H.Arief Hariana (2004),Vol.1,ISBN 979-489-816-3. Utami,Buku Pintar Tanaman Obat,431 jenis tanaman penggempur aneka penyakit,Redaksi AgroMedia,(2008) de Padua et al.(1999), Plant Resources of South-East Asia 12,(1) Medicinal and poisonous plants 1, Bogor, Indonesia",https://www.knapsackfamily.com/knapsack_core/result.php?sname=organism&word=Phyllanthus%20acidus,knapsack_world_id_2026_04_17,8f9db555e14b6cf261618a1c7f972cd1ec891f93b52a91dd6a6d9671d9afabb8,Phyllanthus acidus (L.) Skeels.
387,Phyllanthus amarus Schum.,Phyllanthus amarus Schum.,Phyllanthus amarus,Schum.,phyllanthus amarus,Phyllanthaceae Euphorbiaceae,,plants,medicinal,"de Padua et al.(1999), Plant Resources of South-East Asia 12,(1) Medicinal and poisonous plants 1, Bogor, Indonesia",https://www.knapsackfamily.com/knapsack_core/result.php?sname=organism&word=Phyllanthus%20amarus,knapsack_world_id_2026_04_17,6b74c49709404ddfa985737725f54b5965bf81159e8c202add1a701213dadc73,Phyllanthus amarus Schum.
388,Phyllanthus emblica L.,Phyllanthus emblica L.,Phyllanthus emblica,L.,phyllanthus emblica,Phyllanthaceae Euphorbiaceae,,plants,medicinal,"de Padua et al.(1999), Plant Resources of South-East Asia 12,(1) Medicinal and poisonous plants 1, Bogor, Indonesia",https://www.knapsackfamily.com/knapsack_core/result.php?sname=organism&word=Phyllanthus%20emblica,knapsack_world_id_2026_04_17,224df62b8f4b68400a63e0c67d64ae808c5dcd36a9a4668b60701174efc08860,Phyllanthus emblica L.
389,Phyllanthus niruri,Phyllanthus niruri,Phyllanthus niruri,,phyllanthus niruri,Phyllanthaceae Euphorbiaceae,,plants,medicinal,"Herbal Indonesia Berkhasiat by Bukti Ilmiah & Cara Racik,Vol 8,ISBN 979-688-236-6.",https://www.knapsackfamily.com/knapsack_core/result.php?sname=organism&word=Phyllanthus%20niruri,knapsack_world_id_2026_04_17,c255bdb29e539e3c1805ff4de2ecb99c12e52a446e9f6d0378d679790afb981e,Phyllanthus niruri
390,Phyllanthus reticulatus Poir.,Phyllanthus reticulatus Poir.,Phyllanthus reticulatus,Poir.,phyllanthus reticulatus,Phyllanthaceae Euphorbiaceae,,plants,medicinal,"Tumbuhan Obat & Khasiatnya by Drs.H.Arief Hariana (2006),Vol.3,ISBN 979-002-008-2.",https://www.knapsackfamily.com/knapsack_core/result.php?sname=organism&word=Phyllanthus%20reticulatus,knapsack_world_id_2026_04_17,c9187357caf0cbf1124eb4fd3f53fda23990a462ac1891a33cdf8eebcd902618,Phyllanthus reticulatus Poir.
391,Phyllanthus urinaria,Phyllanthus urinaria,Phyllanthus urinaria,,phyllanthus urinaria,Phyllanthaceae Euphorbiaceae,,plants,medicinal,"Roosita,J.Ethnopharmacol.,115,(2008),72",https://www.knapsackfamily.com/knapsack_core/result.php?sname=organism&word=Phyllanthus%20urinaria,knapsack_world_id_2026_04_17,28eaef7c68963acbcf5b6d39d5f4aca283dcea8a6888d8a99c9a6e647e2d1ad2,Phyllanthus urinaria
392,Physalis angulata,Physalis angulata,Physalis angulata,,physalis angulata,Solanaceae,,plants,medicinal,"Roosita,J.Ethnopharmacol.,115,(2008),72",https://www.knapsackfamily.com/knapsack_core/result.php?sname=organism&word=Physalis%20angulata,knapsack_world_id_2026_04_17,9e4a36298331ac2617dfa373bfb4da1c31e694191109a8cadd707f3841232dff,Physalis angulata
393,Physalis minima,Physalis minima,Physalis minima,,physalis minima,Solanaceae,,plants,medicinal,"Tanaman Obat Tradisional by Thomas A.N.S. (1992),Vol.2,ISBN 979-413-809-6.",https://www.knapsackfamily.com/knapsack_core/result.php?sname=organism&word=Physalis%20minima,knapsack_world_id_2026_04_17,3ff94991ecc32446ee56192cae826f5e8362dbd1d4de0e857c3f0ca5f886dbe4,Physalis minima
394,Physalis peruviana,Physalis peruviana,Physalis peruviana,,physalis peruviana,Solanaceae,,plants,medicinal,"Hariana,Tubuhan Obat dan Khasiatnya Seri 2,Penebar Sadaya,(2002) Herbal Indonesia Berkhasiat by Bukti Ilmiah & Cara Racik,Vol 8,ISBN 979-688-236-6.",https://www.knapsackfamily.com/knapsack_core/result.php?sname=organism&word=Physalis%20peruviana,knapsack_world_id_2026_04_17,f3c2a5138b19fd5b64b5aea6aa0d17c5035da222e459f3c468a7ce4a4b56699e,Physalis peruviana
395,Pimpinella anisum L.,Pimpinella anisum L.,Pimpinella anisum,L.,pimpinella anisum,Apiaceae,,plants,medicinal,"Utami,Buku Pintar Tanaman Obat,431 jenis tanaman penggempur aneka penyakit,Redaksi AgroMedia,(2008)",https://www.knapsackfamily.com/knapsack_core/result.php?sname=organism&word=Pimpinella%20anisum,knapsack_world_id_2026_04_17,8113a9548237e6710f61bce58dfb45b8db40ec282b793c897694c452f75ebd53,Pimpinella anisum L.
396,Piper betle L.,Piper betle L.,Piper betle,L.,piper betle,Piperaceae,,plants,medicinal,"Atlas Tumbuhan Obat by dr.Setiawan Dalimartha (2006),Vol 4,ISBN 979-1133-14-X. JAMU in Indonesian Daily Life and Industry by Suwidjiyo Pramono Joshi, S.G.,Medicinal Plants,Mohan Primlani for Oxfor & IBH Publishing Co.Pvt.Ltd.,New Delhi (2003) 高橋澄子,ジャムウ インドネシアの伝統治療薬、平河出版社(1988)[Takahasi, S.,Traditional remedy of Indonesia,(1988), in Japanese] Roosita,J.Ethnopharmacol.,115,(2008),72 Taksonomi Koleksi Tanaman Obat Kebun Tanaman Obat Citeureup,vol.kedua(2009),ISBN 978-979-3707-42-6. Tanaman Obat Tradisional by Thomas A.N.S. (1989),Vol.1,ISBN 978-979-413-091-9. Tumbuhan Obat & Khasiatnya by Drs.H.Arief Hariana (2006),Vol.3,ISBN 979-002-008-2. Utami,Buku Pintar Tanaman Obat,431 jenis tanaman penggempur aneka penyakit,Redaksi AgroMedia,(2008)",https://www.knapsackfamily.com/knapsack_core/result.php?sname=organism&word=Piper%20betle,knapsack_world_id_2026_04_17,e92c89a5c43885caceec9440efe8a7a70d57879a388eba4d2b151005e8146b69,Piper betle L.
397,Piper cubeba,Piper cubeba,Piper cubeba,,piper cubeba,Piperaceae,Cubeb | Tailed pepper,plants(spice),medicinal,"Herbal Indonesia Berkhasiat by Bukti Ilmiah & Cara Racik,Vol 8,ISBN 979-688-236-6.",https://www.knapsackfamily.com/knapsack_core/result.php?sname=organism&word=Piper%20cubeba,knapsack_world_id_2026_04_17,d518cb325c43ce8d35f1a69e43e7cf0267ec5492621e072b202cede78441c91d,Piper cubeba
398,Piper methysticum L.,Piper methysticum L.,Piper methysticum,L.,piper methysticum,Piperaceae,,plants,medicinal,JAMU in Indonesian Daily Life and Industry by Suwidjiyo Pramono,https://www.knapsackfamily.com/knapsack_core/result.php?sname=organism&word=Piper%20methysticum,knapsack_world_id_2026_04_17,a8937fb1d488a8dfb6b7825f37e9418757b8d00d93cec1a5c4a0c06540b527b5,Piper methysticum L.
399,Piper nigrum L.,Piper nigrum L.,Piper nigrum,L.,piper nigrum,Piperaceae,,plants,medicinal,"Hariana,Tubuhan Obat dan Khasiatnya Seri 2,Penebar Sadaya,(2002) Joshi, S.G.,Medicinal Plants,Mohan Primlani for Oxfor & IBH Publishing Co.Pvt.Ltd.,New Delhi (2003) 高橋澄子,ジャムウ インドネシアの伝統治療薬、平河出版社(1988)[Takahasi, S.,Traditional remedy of Indonesia,(1988), in Japanese] Roosita,J.Ethnopharmacol.,115,(2008),72 Utami,Buku Pintar Tanaman Obat,431 jenis tanaman penggempur aneka penyakit,Redaksi AgroMedia,(2008) JAMU in Indonesian Daily Life and Industry by Suwidjiyo Pramono",https://www.knapsackfamily.com/knapsack_core/result.php?sname=organism&word=Piper%20nigrum,knapsack_world_id_2026_04_17,b2da431de2693cc502fe58558ff7b4a6ca3fae10c9d0183e4da0e47b9ff90760,Piper nigrum L.
400,Piper retrofractum,Piper retrofractum,Piper retrofractum,,piper retrofractum,Piperaceae,,plants,medicinal,"Roosita,J.Ethnopharmacol.,115,(2008),72 Herbal Indonesia Berkhasiat by Bukti Ilmiah & Cara Racik,Vol 8,ISBN 979-688-236-6.",https://www.knapsackfamily.com/knapsack_core/result.php?sname=organism&word=Piper%20retrofractum,knapsack_world_id_2026_04_17,0742dab11d8e3efaa2bd2cb48fc623b5218b2f5052568ec5ea004cb26749ec26,Piper retrofractum
401,Plantago major,Plantago major,Plantago major,,plantago major,Plantaginaceae,Greater plantan | Rat-tail plantain | Common Plantain,plants,medicinal,"Herbal Indonesia Berkhasiat by Bukti Ilmiah & Cara Racik,Vol 8,ISBN 979-688-236-6.",https://www.knapsackfamily.com/knapsack_core/result.php?sname=organism&word=Plantago%20major,knapsack_world_id_2026_04_17,46b248efecbac4445286c1ae29730cfd8fbb1030566e7a8b67227dabded22462,Plantago major
402,Platycladus orientalis (L.) Franco,Platycladus orientalis (L.) Franco,Platycladus orientalis,(L.) Franco,platycladus orientalis,Cupressaceae,,plants,medicinal,"Taksonomi Koleksi Tanaman Obat Kebun Tanaman Obat Citeureup,vol.Pertama(2008),ISBN 978-979-3707-42-6.",https://www.knapsackfamily.com/knapsack_core/result.php?sname=organism&word=Platycladus%20orientalis,knapsack_world_id_2026_04_17,4d5cbb6d9bcccab581548d3151ec78e4081e91af61505e3fd61340c62cc2ee28,Platycladus orientalis (L.) Franco
403,Platycodon grandiflorum (Jacq.) A.DC.,Platycodon grandiflorum (Jacq.) A.DC.,Platycodon grandiflorum,(Jacq.) A.DC.,platycodon grandiflorum,Campanulaceae,,plants,medicinal,"Atlas Tumbuhan Obat by dr.Setiawan Dalimartha (2009),Vol 6,ISBN 978-979-1480-19-2.",https://www.knapsackfamily.com/knapsack_core/result.php?sname=organism&word=Platycodon%20grandiflorum,knapsack_world_id_2026_04_17,a4ec70ac60ca87baf256f0b8a412ab659fe836918723d8776bff962bdfa1409f,Platycodon grandiflorum (Jacq.) A.DC.
404,Pluchea indica,Pluchea indica,Pluchea indica,,pluchea indica,Asteraceae,,plants,medicinal,"Herbal Indonesia Berkhasiat by Bukti Ilmiah & Cara Racik,Vol 8,ISBN 979-688-236-6. Roosita,J.Ethnopharmacol.,115,(2008),72 高橋澄子,ジャムウ インドネシアの伝統治療薬、平河出版社(1988)[Takahasi, S.,Traditional remedy of Indonesia,(1988), in Japanese]",https://www.knapsackfamily.com/knapsack_core/result.php?sname=organism&word=Pluchea%20indica,knapsack_world_id_2026_04_17,1451e18e6fe1ebfdfc36db900a37b5b834ceb63a66d73d65a78d2015d7b2c040,Pluchea indica
405,Plumbago indica L.,Plumbago indica L.,Plumbago indica,L.,plumbago indica,Plumbaginaceae,,plants,medicinal,"Utami,Buku Pintar Tanaman Obat,431 jenis tanaman penggempur aneka penyakit,Redaksi AgroMedia,(2008) de Padua et al.(1999), Plant Resources of South-East Asia 12,(1) Medicinal and poisonous plants 1, Bogor, Indonesia",https://www.knapsackfamily.com/knapsack_core/result.php?sname=organism&word=Plumbago%20indica,knapsack_world_id_2026_04_17,288f2ed3983fb62a7f77360594f3fb046200fe25cbe6ce2f25540b12a392ff1a,Plumbago indica L.
406,Plumbago zeylanica L.,Plumbago zeylanica L.,Plumbago zeylanica,L.,plumbago zeylanica,Plumbaginaceae,,plants,medicinal,"Atlas Tumbuhan Obat by dr.Setiawan Dalimartha (1999),Vol 1,ISBN 979-661-050-7. Roosita,J.Ethnopharmacol.,115,(2008),72 Utami,Buku Pintar Tanaman Obat,431 jenis tanaman penggempur aneka penyakit,Redaksi AgroMedia,(2008) de Padua et al.(1999), Plant Resources of South-East Asia 12,(1) Medicinal and poisonous plants 1, Bogor, Indonesia Taksonomi Koleksi Tanaman Obat Kebun Tanaman Obat Citeureup,vol.Pertama(2008),ISBN 978-979-3707-42-6. Tumbuhan Obat & Khasiatnya by Drs.H.Arief Hariana (2004),Vol.1,ISBN 979-489-816-3.",https://www.knapsackfamily.com/knapsack_core/result.php?sname=organism&word=Plumbago%20zeylanica,knapsack_world_id_2026_04_17,0db7f488d4564d316fd328b102b4da4bed4391a48d7e3f9eabd3a29f40ffaa65,Plumbago zeylanica L.
407,Plumeria acutifolia Ait.,Plumeria acutifolia Ait.,Plumeria acutifolia,Ait.,plumeria acutifolia,Apocynaceae,,plants,medicinal,JAMU in Indonesian Daily Life and Industry by Suwidjiyo Pramono,https://www.knapsackfamily.com/knapsack_core/result.php?sname=organism&word=Plumeria%20acutifolia,knapsack_world_id_2026_04_17,b8cfde2b8fa137eeabe0b231579aba03c0082821977a977b49892ba4acb458d4,Plumeria acutifolia Ait.
408,Plumeria rubra L. cv. Acutifolia.,Plumeria rubra L. cv. Acutifolia.,Plumeria rubra,L. cv. Acutifolia.,plumeria rubra,Apocynaceae,,plants,medicinal,"Utami,Buku Pintar Tanaman Obat,431 jenis tanaman penggempur aneka penyakit,Redaksi AgroMedia,(2008)",https://www.knapsackfamily.com/knapsack_core/result.php?sname=organism&word=Plumeria%20rubra,knapsack_world_id_2026_04_17,e0bb89addb17e9c65494b32d17457851aac3b6d9f3fe1004a39af2d9055f5b9b,Plumeria rubra L. cv. Acutifolia.
409,Pogostemon cablin Bentham,Pogostemon cablin Bentham,Pogostemon cablin,Bentham,pogostemon cablin,Lamiaceae,,plants,medicinal,"Hariana,Tubuhan Obat dan Khasiatnya Seri 2,Penebar Sadaya,(2002) Takito,Medicinal plant,3rd edition (in JPN),Hirokawa Publishing CO.,(2007) 高橋澄子,ジャムウ インドネシアの伝統治療薬、平河出版社(1988)[Takahasi, S.,Traditional remedy of Indonesia,(1988), in Japanese]",https://www.knapsackfamily.com/knapsack_core/result.php?sname=organism&word=Pogostemon%20cablin,knapsack_world_id_2026_04_17,319c61938c9755dfe87263356d36969323dda6d1ea60075c766330474d1e683e,Pogostemon cablin Bentham
410,Pongamia pinnata Mell.,Pongamia pinnata Mell.,Pongamia pinnata,Mell.,pongamia pinnata,Fabaceae,,plants,medicinal,"Shibuya,Yakugaku Zasshi,116,(1996),911",https://www.knapsackfamily.com/knapsack_core/result.php?sname=organism&word=Pongamia%20pinnata,knapsack_world_id_2026_04_17,691bfaa0429428d5edf550de1a1c56f0dcb0ac24524db1fc3c603aaf90df00b2,Pongamia pinnata Mell.
411,Portulaca grandiflora Hook.,Portulaca grandiflora Hook.,Portulaca grandiflora,Hook.,portulaca grandiflora,Portulacaceae,,plants,medicinal,"Atlas Tumbuhan Obat by dr.Setiawan Dalimartha (2003),Vol 3,ISBN 979-3235-73-X.",https://www.knapsackfamily.com/knapsack_core/result.php?sname=organism&word=Portulaca%20grandiflora,knapsack_world_id_2026_04_17,09776644c42bb64ddf15818f64018aa529eec548c48c2351a385dd9202c32370,Portulaca grandiflora Hook.
412,Portulaca oleracea L.,Portulaca oleracea L.,Portulaca oleracea,L.,portulaca oleracea,Portulacaceae,,plants,medicinal,"Atlas Tumbuhan Obat by dr.Setiawan Dalimartha (2009),Vol 6,ISBN 978-979-1480-19-2. Hariana,Tubuhan Obat dan Khasiatnya Seri 2,Penebar Sadaya,(2002) Utami,Buku Pintar Tanaman Obat,431 jenis tanaman penggempur aneka penyakit,Redaksi AgroMedia,(2008) Taksonomi Koleksi Tanaman Obat Kebun Tanaman Obat Citeureup,vol.kedua(2009),ISBN 978-979-3707-42-6. Tumbuhan Obat & Khasiatnya by Drs.H.Arief Hariana (2005),Vol.2,ISBN 979-489-957-7.",https://www.knapsackfamily.com/knapsack_core/result.php?sname=organism&word=Portulaca%20oleracea,knapsack_world_id_2026_04_17,dd4e1447873a73fb5a7ab568aedf71162559af3347ae52e5a09e999affe99eb3,Portulaca oleracea L.
413,Premna corymbosa,Premna corymbosa,Premna corymbosa,,premna corymbosa,Lamiaceae,,plants,medicinal,"Medicinal Plants From the East by Christophe Wiart,ISBN 978-1-904761-85-3.",https://www.knapsackfamily.com/knapsack_core/result.php?sname=organism&word=Premna%20corymbosa,knapsack_world_id_2026_04_17,fc98739946f7399ae7e1b18198738cda16c06411d4f2b45eb6c52bfd834df65a,Premna corymbosa
414,Psidium guajava,Psidium guajava,Psidium guajava,,psidium guajava,Myrtaceae,,plants,medicinal,"Medicinal Plants of the World by Ivan A.Ross,Vol.1,ISBN 1-58829-281-9. Roosita,J.Ethnopharmacol.,115,(2008),72 Herbal Indonesia Berkhasiat by Bukti Ilmiah & Cara Racik,Vol 8,ISBN 979-688-236-6.",https://www.knapsackfamily.com/knapsack_core/result.php?sname=organism&word=Psidium%20guajava,knapsack_world_id_2026_04_17,db7e274a2c9b7e39e81579c2e32280107ce60aa5365eefd8075675e56f28a742,Psidium guajava
415,Psophocarpus tetragonolobus,Psophocarpus tetragonolobus,Psophocarpus tetragonolobus,,psophocarpus tetragonolobus,Fabaceae,Winged bean,plants,medicinal,"Medicinal Plants From the East by Christophe Wiart,ISBN 978-1-904761-85-3. Roosita,J.Ethnopharmacol.,115,(2008),72",https://www.knapsackfamily.com/knapsack_core/result.php?sname=organism&word=Psophocarpus%20tetragonolobus,knapsack_world_id_2026_04_17,170fcb97fd78c925bc59dd6bfd35db3f012759f3d4bba18cbead4cc841605628,Psophocarpus tetragonolobus
416,Pterocarpus indicus,Pterocarpus indicus,Pterocarpus indicus,,pterocarpus indicus,Fabaceae,,plants,medicinal,"Roosita,J.Ethnopharmacol.,115,(2008),72 Medicinal Plants From the East by Christophe Wiart,ISBN 978-1-904761-85-3.",https://www.knapsackfamily.com/knapsack_core/result.php?sname=organism&word=Pterocarpus%20indicus,knapsack_world_id_2026_04_17,4c29ebb53431eb55db2e94eeb34fb75d1661ffd319b9a6185b1bff1dcc825569,Pterocarpus indicus
417,Pueraria montana (Lour.) Merr.,Pueraria montana (Lour.) Merr.,Pueraria montana,(Lour.) Merr.,pueraria montana,Fabaceae,,plants,medicinal,"de Padua et al.(1999), Plant Resources of South-East Asia 12,(1) Medicinal and poisonous plants 1, Bogor, Indonesia",https://www.knapsackfamily.com/knapsack_core/result.php?sname=organism&word=Pueraria%20montana,knapsack_world_id_2026_04_17,5aea5a5d7473265fe4e0f2f08574e4bae493c87c1dd422b21727decf9305d40e,Pueraria montana (Lour.) Merr.
418,Punica granatum,Punica granatum,Punica granatum,,punica granatum,Punicaceae,Pomegranate,plants,medicinal,"Medicinal Plants of the World by Ivan A.Ross,Vol.1,ISBN 1-58829-281-9. Herbal Indonesia Berkhasiat by Bukti Ilmiah & Cara Racik,Vol 8,ISBN 979-688-236-6.",https://www.knapsackfamily.com/knapsack_core/result.php?sname=organism&word=Punica%20granatum,knapsack_world_id_2026_04_17,18adcc188e828eaa4e9b6df954b672748268bae19887e70a3c7cd07ebe2f7e73,Punica granatum
419,Pycnoporus sanguineus (L.) Murrill.,Pycnoporus sanguineus (L.) Murrill.,Pycnoporus sanguineus,(L.) Murrill.,pycnoporus sanguineus,Polyporaceae,,mushrooms,medicinal,"Utami,Buku Pintar Tanaman Obat,431 jenis tanaman penggempur aneka penyakit,Redaksi AgroMedia,(2008)",https://www.knapsackfamily.com/knapsack_core/result.php?sname=organism&word=Pycnoporus%20sanguineus,knapsack_world_id_2026_04_17,e60ceb2405051086e2ca83a04dc784b8694c2a7b2365ba027377c06992af9fee,Pycnoporus sanguineus (L.) Murrill.
420,Pyrus malus Linn.,Pyrus malus Linn.,Pyrus malus,Linn.,pyrus malus,Rosaceae,,plants,medicinal,"Tanaman Obat Tradisional by Thomas A.N.S. (1992),Vol.2,ISBN 979-413-809-6.",https://www.knapsackfamily.com/knapsack_core/result.php?sname=organism&word=Pyrus%20malus,knapsack_world_id_2026_04_17,255aead6102b4b7823c5b93e26f08693eb89fe3606b61c9c4d450b432fee7740,Pyrus malus Linn.
421,Quamoclit pennata (Desr.) Boj.,Quamoclit pennata (Desr.) Boj.,Quamoclit pennata,(Desr.) Boj.,quamoclit pennata,Convolvulaceae,,plants,medicinal,"Utami,Buku Pintar Tanaman Obat,431 jenis tanaman penggempur aneka penyakit,Redaksi AgroMedia,(2008) Atlas Tumbuhan Obat by dr.Setiawan Dalimartha (2009),Vol 6,ISBN 978-979-1480-19-2. Tumbuhan Obat & Khasiatnya by Drs.H.Arief Hariana (2006),Vol.3,ISBN 979-002-008-2.",https://www.knapsackfamily.com/knapsack_core/result.php?sname=organism&word=Quamoclit%20pennata,knapsack_world_id_2026_04_17,43c6a26dc47f196ed463505a4d246adb9e5521dd4d344b223b4cc9a7126917c4,Quamoclit pennata (Desr.) Boj.
422,Quassia amara L.,Quassia amara L.,Quassia amara,L.,quassia amara,Simaroubaceae,,plants,medicinal,"Tumbuhan Obat & Khasiatnya by Drs.H.Arief Hariana (2004),Vol.1,ISBN 979-489-816-3.",https://www.knapsackfamily.com/knapsack_core/result.php?sname=organism&word=Quassia%20amara,knapsack_world_id_2026_04_17,c0edb54e90bdfc64ea536fe67599dd45c524a1a6707bdc07a8b5c56c4828e644,Quassia amara L.
423,Quisqualis indica L.,Quisqualis indica L.,Quisqualis indica,L.,quisqualis indica,Combretaceae,,plants,medicinal,"Atlas Tumbuhan Obat by dr.Setiawan Dalimartha (2006),Vol 4,ISBN 979-1133-14-X. Tumbuhan Obat & Khasiatnya by Drs.H.Arief Hariana (2004),Vol.1,ISBN 979-489-816-3. Utami,Buku Pintar Tanaman Obat,431 jenis tanaman penggempur aneka penyakit,Redaksi AgroMedia,(2008) de Padua et al.(1999), Plant Resources of South-East Asia 12,(1) Medicinal and poisonous plants 1, Bogor, Indonesia",https://www.knapsackfamily.com/knapsack_core/result.php?sname=organism&word=Quisqualis%20indica,knapsack_world_id_2026_04_17,6623559df6f59c481911b4eb3ac8d01440ac8693169bbb93df3ad7f935521c2b,Quisqualis indica L.
424,Raphanus sativus L.,Raphanus sativus L.,Raphanus sativus,L.,raphanus sativus,Brassicaceae,,plants(vegetable),medicinal,"Utami,Buku Pintar Tanaman Obat,431 jenis tanaman penggempur aneka penyakit,Redaksi AgroMedia,(2008)",https://www.knapsackfamily.com/knapsack_core/result.php?sname=organism&word=Raphanus%20sativus,knapsack_world_id_2026_04_17,70854829a1b4a066d88717505893d578069b47e45b8e297de5855ceab86d2135,Raphanus sativus L.
425,Rauvolfia reflexa Teijsm.& Binnend.,Rauvolfia reflexa Teijsm.& Binnend.,Rauvolfia reflexa,Teijsm.& Binnend.,rauvolfia reflexa,Apocynaceae,,plants,medicinal,"de Padua et al.(1999), Plant Resources of South-East Asia 12,(1) Medicinal and poisonous plants 1, Bogor, Indonesia",https://www.knapsackfamily.com/knapsack_core/result.php?sname=organism&word=Rauvolfia%20reflexa,knapsack_world_id_2026_04_17,18c4760b8dc0daf9dbf264fead82bbdfa545479085c57437927837d1914ca52c,Rauvolfia reflexa Teijsm.& Binnend.
426,Rauvolfia serpentina (L.) Bentham ex. Ku.,Rauvolfia serpentina (L.) Bentham ex. Ku.,Rauvolfia serpentina,(L.) Bentham ex. Ku.,rauvolfia serpentina,Apocynaceae,,plants,medicinal,"Utami,Buku Pintar Tanaman Obat,431 jenis tanaman penggempur aneka penyakit,Redaksi AgroMedia,(2008)",https://www.knapsackfamily.com/knapsack_core/result.php?sname=organism&word=Rauvolfia%20serpentina,knapsack_world_id_2026_04_17,ec7e99d0f2c6962826797f3c6997a1ab103e149b5cac740ec30e2cd16c6b82e7,Rauvolfia serpentina (L.) Bentham ex. Ku.
427,Rauvolfia sumatrana Jack,Rauvolfia sumatrana Jack,Rauvolfia sumatrana,Jack,rauvolfia sumatrana,Apocynaceae,,plants,medicinal,"de Padua et al.(1999), Plant Resources of South-East Asia 12,(1) Medicinal and poisonous plants 1, Bogor, Indonesia",https://www.knapsackfamily.com/knapsack_core/result.php?sname=organism&word=Rauvolfia%20sumatrana,knapsack_world_id_2026_04_17,e32b577ab5133ec2fa5c009aa787beb08fbb91c43e311e1e69cea263d246055e,Rauvolfia sumatrana Jack
428,Rauvolfia verticillata (Lour.) Baillon,Rauvolfia verticillata (Lour.) Baillon,Rauvolfia verticillata,(Lour.) Baillon,rauvolfia verticillata,Apocynaceae,,plants,medicinal,"de Padua et al.(1999), Plant Resources of South-East Asia 12,(1) Medicinal and poisonous plants 1, Bogor, Indonesia",https://www.knapsackfamily.com/knapsack_core/result.php?sname=organism&word=Rauvolfia%20verticillata,knapsack_world_id_2026_04_17,96c351eb75eade986bba275c4a7335ca5ae472bc3e75692de973129e1e641368,Rauvolfia verticillata (Lour.) Baillon
429,Rauwolfia serpentina L.,Rauwolfia serpentina L.,Rauwolfia serpentina,L.,rauwolfia serpentina,Apocynaceae,,plants,medicinal,JAMU in Indonesian Daily Life and Industry by Suwidjiyo Pramono,https://www.knapsackfamily.com/knapsack_core/result.php?sname=organism&word=Rauwolfia%20serpentina,knapsack_world_id_2026_04_17,278e8759cb3f86034adfd528c59f21e0d563178114df91d6345f34ce1950fbd1,Rauwolfia serpentina L.
430,Rheum palmatum L.,Rheum palmatum L.,Rheum palmatum,L.,rheum palmatum,Polygonaceae,,plants,medicinal,"JAMU in Indonesian Daily Life and Industry by Suwidjiyo Pramono Utami,Buku Pintar Tanaman Obat,431 jenis tanaman penggempur aneka penyakit,Redaksi AgroMedia,(2008)",https://www.knapsackfamily.com/knapsack_core/result.php?sname=organism&word=Rheum%20palmatum,knapsack_world_id_2026_04_17,43084c0d0f31f061786bb3f600b77cbc1a9eba83748ca7bfbfc8329e227e42a3,Rheum palmatum L.
431,Rhinacanthus nasutus (L.) Kurz,Rhinacanthus nasutus (L.) Kurz,Rhinacanthus nasutus,(L.) Kurz,rhinacanthus nasutus,Acanthaceae,,plants,medicinal,"de Padua et al.(1999), Plant Resources of South-East Asia 12,(1) Medicinal and poisonous plants 1, Bogor, Indonesia",https://www.knapsackfamily.com/knapsack_core/result.php?sname=organism&word=Rhinacanthus%20nasutus,knapsack_world_id_2026_04_17,d2f4dd11fbb16f0e13fa83eb95418735c5f9b84b857026d067f894a0b5d46221,Rhinacanthus nasutus (L.) Kurz
432,Rhodomyrtus tomentosa,Rhodomyrtus tomentosa,Rhodomyrtus tomentosa,,rhodomyrtus tomentosa,Myrtaceae,,plants,medicinal,"Medicinal Plants From the East by Christophe Wiart,ISBN 978-1-904761-85-3.",https://www.knapsackfamily.com/knapsack_core/result.php?sname=organism&word=Rhodomyrtus%20tomentosa,knapsack_world_id_2026_04_17,4930c2754d8f382e2255dc3588c918c0978d47fc05612fc00f4b1739686f3fb4,Rhodomyrtus tomentosa
433,Ricinus communis,Ricinus communis,Ricinus communis,,ricinus communis,Euphorbiaceae,Costor-oil plant | palma-chisti,plants,medicinal,"Herbal Indonesia Berkhasiat by Bukti Ilmiah & Cara Racik,Vol 8,ISBN 979-688-236-6.",https://www.knapsackfamily.com/knapsack_core/result.php?sname=organism&word=Ricinus%20communis,knapsack_world_id_2026_04_17,729a4c692bf06e4337ac0b207e3dcbe7beafb4cddfc5259c2ca97fa9ed6dfe2b,Ricinus communis
434,Rivina humilis L.,Rivina humilis L.,Rivina humilis,L.,rivina humilis,Phytolaccaceae,,plants,medicinal,"Taksonomi Koleksi Tanaman Obat Kebun Tanaman Obat Citeureup,vol.kedua(2009),ISBN 978-979-3707-42-6.",https://www.knapsackfamily.com/knapsack_core/result.php?sname=organism&word=Rivina%20humilis,knapsack_world_id_2026_04_17,391a2485cda450ce69a202f31be7db1c443ef7d68d3ca1aaade7cd0252d3f940,Rivina humilis L.
435,Rollinia mucosa Baill.,Rollinia mucosa Baill.,Rollinia mucosa,Baill.,rollinia mucosa,Annonaceae,,plants,medicinal,"Kuo,Phytochem.,57,(2001),421",https://www.knapsackfamily.com/knapsack_core/result.php?sname=organism&word=Rollinia%20mucosa,knapsack_world_id_2026_04_17,89c47ccd727a8bd92f55a0676954678beb35395a624ecd8b0dea70e77da4edb4,Rollinia mucosa Baill.
436,Rosa chinensis Jacq.,Rosa chinensis Jacq.,Rosa chinensis,Jacq.,rosa chinensis,Rosaceae,,plants,medicinal,"Tumbuhan Obat & Khasiatnya by Drs.H.Arief Hariana (2004),Vol.1,ISBN 979-489-816-3. Utami,Buku Pintar Tanaman Obat,431 jenis tanaman penggempur aneka penyakit,Redaksi AgroMedia,(2008)",https://www.knapsackfamily.com/knapsack_core/result.php?sname=organism&word=Rosa%20chinensis,knapsack_world_id_2026_04_17,86d1052ce90e33fec865d83cc0a93ea3ef4c5424b6c1680590a5ca1311d39bf3,Rosa chinensis Jacq.
437,Rosa damascena,Rosa damascena,Rosa damascena,,rosa damascena,Rosaceae,,plants,medicinal,"Roosita,J.Ethnopharmacol.,115,(2008),72",https://www.knapsackfamily.com/knapsack_core/result.php?sname=organism&word=Rosa%20damascena,knapsack_world_id_2026_04_17,9fafae6da3068898aa046350597469d9448d5559188ef671778f2acdccc8f2cb,Rosa damascena
438,Ruellia tuberosa L.,Ruellia tuberosa L.,Ruellia tuberosa,L.,ruellia tuberosa,Acanthaceae,,plants,medicinal,"Hariana,Tubuhan Obat dan Khasiatnya Seri 2,Penebar Sadaya,(2002) Taksonomi Koleksi Tanaman Obat Kebun Tanaman Obat Citeureup,vol.kedua(2009),ISBN 978-979-3707-42-6. Tumbuhan Obat & Khasiatnya by Drs.H.Arief Hariana (2005),Vol.2,ISBN 979-489-957-7.",https://www.knapsackfamily.com/knapsack_core/result.php?sname=organism&word=Ruellia%20tuberosa,knapsack_world_id_2026_04_17,ed57e5396dac889194a83c75fc12f052084d090360230f0089f0847ced3c0f45,Ruellia tuberosa L.
439,Rumex nepalensis Spreng.,Rumex nepalensis Spreng.,Rumex nepalensis,Spreng.,rumex nepalensis,Polygonaceae,,plants,medicinal,"Utami,Buku Pintar Tanaman Obat,431 jenis tanaman penggempur aneka penyakit,Redaksi AgroMedia,(2008)",https://www.knapsackfamily.com/knapsack_core/result.php?sname=organism&word=Rumex%20nepalensis,knapsack_world_id_2026_04_17,8f1b49ac8308b10402ea4040de7876fc2517d3c4cb2f86ad8da83d2ddb71126d,Rumex nepalensis Spreng.
440,Ruta angustifolia,Ruta angustifolia,Ruta angustifolia,,ruta angustifolia,Rutaceae,,plants,medicinal,"Medicinal Plants From the East by Christophe Wiart,ISBN 978-1-904761-85-3. Herbal Indonesia Berkhasiat by Bukti Ilmiah & Cara Racik,Vol 8,ISBN 979-688-236-6.",https://www.knapsackfamily.com/knapsack_core/result.php?sname=organism&word=Ruta%20angustifolia,knapsack_world_id_2026_04_17,d8016372ec3b6224b3f85b5a1e1ae760cf148d4470bc8d625d5014b7a2ac811e,Ruta angustifolia
441,Saccharum officinarum,Saccharum officinarum,Saccharum officinarum,,saccharum officinarum,Poaceae,,plants,medicinal,"Medicinal Plants of the World by Ivan A.Ross,Vol.3,ISBN 978-1-58829-129-5.",https://www.knapsackfamily.com/knapsack_core/result.php?sname=organism&word=Saccharum%20officinarum,knapsack_world_id_2026_04_17,066b4b56f8decf3e2c8e8390e4e2b2aaa309894d17c8c3af445809bdd112bf4e,Saccharum officinarum
442,Salvia splendens Ker-Gawl.,Salvia splendens Ker-Gawl.,Salvia splendens,Ker-Gawl.,salvia splendens,Lamiaceae,,plants,medicinal,"Atlas Tumbuhan Obat by dr.Setiawan Dalimartha (2006),Vol 4,ISBN 979-1133-14-X. Tumbuhan Obat & Khasiatnya by Drs.H.Arief Hariana (2006),Vol.3,ISBN 979-002-008-2. Utami,Buku Pintar Tanaman Obat,431 jenis tanaman penggempur aneka penyakit,Redaksi AgroMedia,(2008)",https://www.knapsackfamily.com/knapsack_core/result.php?sname=organism&word=Salvia%20splendens,knapsack_world_id_2026_04_17,e4dcc6d3277804aedfcc0b648708bd0cbb17dd2d6d2907e27985c9009a961745,Salvia splendens Ker-Gawl.
443,Sandoricum koetjape,Sandoricum koetjape,Sandoricum koetjape,,sandoricum koetjape,Meliaceae,,plants,medicinal,"Roosita,J.Ethnopharmacol.,115,(2008),72",https://www.knapsackfamily.com/knapsack_core/result.php?sname=organism&word=Sandoricum%20koetjape,knapsack_world_id_2026_04_17,6a651556fade9671cc35cec2e1ee9659018fa4e3b72da43adfc0bfad646a3072,Sandoricum koetjape
444,Santalum album,Santalum album,Santalum album,,santalum album,Santalaceae,Indian sandalwood | White sandalwood,plants,medicinal,"Herbal Indonesia Berkhasiat by Bukti Ilmiah & Cara Racik,Vol 8,ISBN 979-688-236-6.",https://www.knapsackfamily.com/knapsack_core/result.php?sname=organism&word=Santalum%20album,knapsack_world_id_2026_04_17,01231f048654fe22187c311a52f8f25f4af5d60956f382a3d24416373e43d4b7,Santalum album
445,Sapindus rarak,Sapindus rarak,Sapindus rarak,,sapindus rarak,Sapindaceae,,plants,medicinal,"Medicinal Plants From the East by Christophe Wiart,ISBN 978-1-904761-85-3.",https://www.knapsackfamily.com/knapsack_core/result.php?sname=organism&word=Sapindus%20rarak,knapsack_world_id_2026_04_17,db30a14f48645b6b1142c47de2f233f73c6d17f6e3440a8ddb1316a019ab4ef6,Sapindus rarak
446,Sauropus androgynus L.,Sauropus androgynus L.,Sauropus androgynus,L.,sauropus androgynus,Phyllanthaceae Euphorbiaceae,,plants,medicinal,JAMU in Indonesian Daily Life and Industry by Suwidjiyo Pramono,https://www.knapsackfamily.com/knapsack_core/result.php?sname=organism&word=Sauropus%20androgynus,knapsack_world_id_2026_04_17,0d3146a5045bcf814e0e54efcc70dd93ffd4178f339a291db2d17daecad8c8f8,Sauropus androgynus L.
447,Scaevola frutescens Krause,Scaevola frutescens Krause,Scaevola frutescens,Krause,scaevola frutescens,Goodeniaceae,,plants,medicinal,"Utami,Buku Pintar Tanaman Obat,431 jenis tanaman penggempur aneka penyakit,Redaksi AgroMedia,(2008)",https://www.knapsackfamily.com/knapsack_core/result.php?sname=organism&word=Scaevola%20frutescens,knapsack_world_id_2026_04_17,468f7d94cb9424a9138bfa507703a546a86243c50fe72e10f0df28ec4ebf6fdc,Scaevola frutescens Krause
448,Scurrula fusca (BL.) G. Don.,Scurrula fusca (BL.) G. Don.,Scurrula fusca,(BL.) G. Don.,scurrula fusca,Loranthaceae,,plants,medicinal,"Ishizu,Chem.Pharm.Bull.,50,(2002),489",https://www.knapsackfamily.com/knapsack_core/result.php?sname=organism&word=Scurrula%20fusca,knapsack_world_id_2026_04_17,0cb0fb0f9c027e42a8a9bda6ed2c0c2b2abd617c513b6bb7d8174d7a5bd905b0,Scurrula fusca (BL.) G. Don.
449,Scutellaria discolor Wallich ex Benth.,Scutellaria discolor Wallich ex Benth.,Scutellaria discolor,Wallich ex Benth.,scutellaria discolor,Lamiaceae,,plants,medicinal,"de Padua et al.(1999), Plant Resources of South-East Asia 12,(1) Medicinal and poisonous plants 1, Bogor, Indonesia",https://www.knapsackfamily.com/knapsack_core/result.php?sname=organism&word=Scutellaria%20discolor,knapsack_world_id_2026_04_17,314a87284f93022f8ab564c4b93c23ec51ab70be9a34701126f68789ed014201,Scutellaria discolor Wallich ex Benth.
450,Scutellaria indica L.,Scutellaria indica L.,Scutellaria indica,L.,scutellaria indica,Lamiaceae,,plants,medicinal,"de Padua et al.(1999), Plant Resources of South-East Asia 12,(1) Medicinal and poisonous plants 1, Bogor, Indonesia",https://www.knapsackfamily.com/knapsack_core/result.php?sname=organism&word=Scutellaria%20indica,knapsack_world_id_2026_04_17,a053e8abe58d553e7b476aa411ef3b17ac4f26a703238a5d43ddf136be04b864,Scutellaria indica L.
451,Sechium edule,Sechium edule,Sechium edule,,sechium edule,Cucurbitaceae,chayote | christophene | mirliton | vegetable pear,plants,medicinal,"Roosita,J.Ethnopharmacol.,115,(2008),72",https://www.knapsackfamily.com/knapsack_core/result.php?sname=organism&word=Sechium%20edule,knapsack_world_id_2026_04_17,713bde76958fa818fe6123b5bd45a6c5fce0bd9284c45d8ff6f8158451ab343a,Sechium edule
452,Selaginella doederleinii Hieron.,Selaginella doederleinii Hieron.,Selaginella doederleinii,Hieron.,selaginella doederleinii,Selaginellaceae,,plants,medicinal,"Atlas Tumbuhan Obat by dr.Setiawan Dalimartha (1999),Vol 1,ISBN 979-661-050-7. Utami,Buku Pintar Tanaman Obat,431 jenis tanaman penggempur aneka penyakit,Redaksi AgroMedia,(2008) Tumbuhan Obat & Khasiatnya by Drs.H.Arief Hariana (2004),Vol.1,ISBN 979-489-816-3.",https://www.knapsackfamily.com/knapsack_core/result.php?sname=organism&word=Selaginella%20doederleinii,knapsack_world_id_2026_04_17,fb38c2507e1f929e03200fa9f92dc05d9f1d089fcbe19352a9fe001654b4eb4c,Selaginella doederleinii Hieron.
453,Senna alata (L.) Roxb.,Senna alata (L.) Roxb.,Senna alata,(L.) Roxb.,senna alata,Fabaceae,,plants,medicinal,"de Padua et al.(1999), Plant Resources of South-East Asia 12,(1) Medicinal and poisonous plants 1, Bogor, Indonesia",https://www.knapsackfamily.com/knapsack_core/result.php?sname=organism&word=Senna%20alata,knapsack_world_id_2026_04_17,0f816f74d908a6ba79bee9aceca00af70ea91d1b88ad0bd25098a98e594fc82a,Senna alata (L.) Roxb.
454,Senna sophera (L.) Roxb.,Senna sophera (L.) Roxb.,Senna sophera,(L.) Roxb.,senna sophera,Fabaceae,,plants,medicinal,"de Padua et al.(1999), Plant Resources of South-East Asia 12,(1) Medicinal and poisonous plants 1, Bogor, Indonesia",https://www.knapsackfamily.com/knapsack_core/result.php?sname=organism&word=Senna%20sophera,knapsack_world_id_2026_04_17,7b958a02b3886969be767e3a491fddf1c5e79ea3296b7f2397e75e88ddfa9463,Senna sophera (L.) Roxb.
455,Senna tora (L.) Roxb.,Senna tora (L.) Roxb.,Senna tora,(L.) Roxb.,senna tora,Fabaceae,,plants,medicinal,"de Padua et al.(1999), Plant Resources of South-East Asia 12,(1) Medicinal and poisonous plants 1, Bogor, Indonesia",https://www.knapsackfamily.com/knapsack_core/result.php?sname=organism&word=Senna%20tora,knapsack_world_id_2026_04_17,745192c0fd5065a52720e29dc8ed2f5932df5418f59d88f15be57a38c8b95cbf,Senna tora (L.) Roxb.
456,Sesamum indicum,Sesamum indicum,Sesamum indicum,,sesamum indicum,Pedaliaceae,Sesame | Benne | Gingili,plants,medicinal,"Herbal Indonesia Berkhasiat by Bukti Ilmiah & Cara Racik,Vol 8,ISBN 979-688-236-6.",https://www.knapsackfamily.com/knapsack_core/result.php?sname=organism&word=Sesamum%20indicum,knapsack_world_id_2026_04_17,3c5210015147335f8947b7cfcc5987307b044365e427ac83bf63b7c298667e03,Sesamum indicum
457,Sesbania grandiflora,Sesbania grandiflora,Sesbania grandiflora,,sesbania grandiflora,Fabaceae,,plants(vegetable),medicinal,"Medicinal Plants From the East by Christophe Wiart,ISBN 978-1-904761-85-3.",https://www.knapsackfamily.com/knapsack_core/result.php?sname=organism&word=Sesbania%20grandiflora,knapsack_world_id_2026_04_17,05b3976d334b906ea06674f05a3a7c35b65ed8e889dffd0409c4ce8dc474b796,Sesbania grandiflora
458,Sesbania sesban Merr.,Sesbania sesban Merr.,Sesbania sesban,Merr.,sesbania sesban,Fabaceae,,plants,medicinal,"Utami,Buku Pintar Tanaman Obat,431 jenis tanaman penggempur aneka penyakit,Redaksi AgroMedia,(2008)",https://www.knapsackfamily.com/knapsack_core/result.php?sname=organism&word=Sesbania%20sesban,knapsack_world_id_2026_04_17,6a189c13de5dca63ad074e8556252231713728c15eaa1d52be989f1f4a22670e,Sesbania sesban Merr.
459,Sida rhombifolia,Sida rhombifolia,Sida rhombifolia,,sida rhombifolia,Malvaceae,,plants,medicinal,"Roosita,J.Ethnopharmacol.,115,(2008),72 Herbal Indonesia Berkhasiat by Bukti Ilmiah & Cara Racik,Vol 8,ISBN 979-688-236-6.",https://www.knapsackfamily.com/knapsack_core/result.php?sname=organism&word=Sida%20rhombifolia,knapsack_world_id_2026_04_17,5b9fdfbd0111ff33c18d1f817087ac2e38df20048d98f445766b422319d5d336,Sida rhombifolia
460,Smilax china L.,Smilax china L.,Smilax china,L.,smilax china,Liliaceae,,plants,medicinal,"Atlas Tumbuhan Obat by dr.Setiawan Dalimartha (2009),Vol 6,ISBN 978-979-1480-19-2. Utami,Buku Pintar Tanaman Obat,431 jenis tanaman penggempur aneka penyakit,Redaksi AgroMedia,(2008) de Padua et al.(1999), Plant Resources of South-East Asia 12,(1) Medicinal and poisonous plants 1, Bogor, Indonesia",https://www.knapsackfamily.com/knapsack_core/result.php?sname=organism&word=Smilax%20china,knapsack_world_id_2026_04_17,a265d74a12aab9b9773b0436278e5279973b60d6aba7498d2e8a2b7d40492a52,Smilax china L.
461,Smilax zeylanica L.,Smilax zeylanica L.,Smilax zeylanica,L.,smilax zeylanica,Liliaceae,,plants,medicinal,"de Padua et al.(1999), Plant Resources of South-East Asia 12,(1) Medicinal and poisonous plants 1, Bogor, Indonesia",https://www.knapsackfamily.com/knapsack_core/result.php?sname=organism&word=Smilax%20zeylanica,knapsack_world_id_2026_04_17,d7c1db7a70257c7fba767493f8b69e4873533e8741b0e6ab7f2729fcb668ba11,Smilax zeylanica L.
462,Solanum indicum Linn.,Solanum indicum Linn.,Solanum indicum,Linn.,solanum indicum,Solanaceae,,plants,medicinal,"Taksonomi Koleksi Tanaman Obat Kebun Tanaman Obat Citeureup,vol.kedua(2009),ISBN 978-979-3707-42-6. Tumbuhan Obat & Khasiatnya by Drs.H.Arief Hariana (2006),Vol.3,ISBN 979-002-008-2.",https://www.knapsackfamily.com/knapsack_core/result.php?sname=organism&word=Solanum%20indicum,knapsack_world_id_2026_04_17,9690fb1fff96f42f86d7a10158261eeadce97a0fe24b23d5ed115e9f5e20f5f6,Solanum indicum Linn.
463,Solanum lycopersicum Linn.,Solanum lycopersicum Linn.,Solanum lycopersicum,Linn.,solanum lycopersicum,Solanaceae,,plants,medicinal,"Tumbuhan Obat & Khasiatnya by Drs.H.Arief Hariana (2006),Vol.3,ISBN 979-002-008-2.",https://www.knapsackfamily.com/knapsack_core/result.php?sname=organism&word=Solanum%20lycopersicum,knapsack_world_id_2026_04_17,6ad1d001ba2774f6c967453c5658377c132e9a6e227e1325235ef9a8475ae7d3,Solanum lycopersicum Linn.
464,Solanum melongena L.,Solanum melongena L.,Solanum melongena,L.,solanum melongena,Solanaceae,,plants,medicinal,"Taksonomi Koleksi Tanaman Obat Kebun Tanaman Obat Citeureup,vol.kedua(2009),ISBN 978-979-3707-42-6. Utami,Buku Pintar Tanaman Obat,431 jenis tanaman penggempur aneka penyakit,Redaksi AgroMedia,(2008)",https://www.knapsackfamily.com/knapsack_core/result.php?sname=organism&word=Solanum%20melongena,knapsack_world_id_2026_04_17,c7860b530dbd282aad1d244fd6aaa3487e624e3598a55f3b8de3a4e5813f6814,Solanum melongena L.
465,Solanum nigrum L.,Solanum nigrum L.,Solanum nigrum,L.,solanum nigrum,Solanaceae,,plants,medicinal,"Atlas Tumbuhan Obat by dr.Setiawan Dalimartha (2008),Vol 5,ISBN 978-979-1480-18-5. Hariana,Tubuhan Obat dan Khasiatnya Seri 2,Penebar Sadaya,(2002) Utami,Buku Pintar Tanaman Obat,431 jenis tanaman penggempur aneka penyakit,Redaksi AgroMedia,(2008) de Padua et al.(1999), Plant Resources of South-East Asia 12,(1) Medicinal and poisonous plants 1, Bogor, Indonesia Taksonomi Koleksi Tanaman Obat Kebun Tanaman Obat Citeureup,vol.kedua(2009),ISBN 978-979-3707-42-6. Tumbuhan Obat & Khasiatnya by Drs.H.Arief Hariana (2005),Vol.2,ISBN 979-489-957-7.",https://www.knapsackfamily.com/knapsack_core/result.php?sname=organism&word=Solanum%20nigrum,knapsack_world_id_2026_04_17,1f9d02156c82958677d1d45489bd29411bdc8eeaf57eb93ce6054226e4c014df,Solanum nigrum L.
466,Solanum torvum,Solanum torvum,Solanum torvum,,solanum torvum,Solanaceae,,plants,medicinal,"Roosita,J.Ethnopharmacol.,115,(2008),72",https://www.knapsackfamily.com/knapsack_core/result.php?sname=organism&word=Solanum%20torvum,knapsack_world_id_2026_04_17,e60ab832c34621d3d86caa3bf060e6f9d5f4d3723dba0027ce9ccf41e4aeabb9,Solanum torvum
467,Solanum tuberosum L.,Solanum tuberosum L.,Solanum tuberosum,L.,solanum tuberosum,Solanaceae,,plants,medicinal,"Roosita,J.Ethnopharmacol.,115,(2008),72",https://www.knapsackfamily.com/knapsack_core/result.php?sname=organism&word=Solanum%20tuberosum,knapsack_world_id_2026_04_17,1c8ffd3ca521c3f0666aa3255a22c7018dabc55efda44f8a81ffef5b01065a8d,Solanum tuberosum L.
468,Solidago virgaurea L.,Solidago virgaurea L.,Solidago virgaurea,L.,solidago virgaurea,Asteraceae,,plants,medicinal,"Taksonomi Koleksi Tanaman Obat Kebun Tanaman Obat Citeureup,vol.kedua(2009),ISBN 978-979-3707-42-6.",https://www.knapsackfamily.com/knapsack_core/result.php?sname=organism&word=Solidago%20virgaurea,knapsack_world_id_2026_04_17,3e764cbc8485d1a559c1cc45b10e955247b7478f9ef83d2391e3d9d6e3b6933d,Solidago virgaurea L.
469,Sonchus arvensis,Sonchus arvensis,Sonchus arvensis,,sonchus arvensis,Asteraceae,Field Sow-Thistles,plants,medicinal,"Roosita,J.Ethnopharmacol.,115,(2008),72 Herbal Indonesia Berkhasiat by Bukti Ilmiah & Cara Racik,Vol 8,ISBN 979-688-236-6.",https://www.knapsackfamily.com/knapsack_core/result.php?sname=organism&word=Sonchus%20arvensis,knapsack_world_id_2026_04_17,a4e2e8530ebed8e4bfafafacae46bc4b83d03d5920cf9d52ef617e5eaaed7950,Sonchus arvensis
470,Sophora tomentosa,Sophora tomentosa,Sophora tomentosa,,sophora tomentosa,Fabaceae,,plants,medicinal,"Medicinal Plants From the East by Christophe Wiart,ISBN 978-1-904761-85-3.",https://www.knapsackfamily.com/knapsack_core/result.php?sname=organism&word=Sophora%20tomentosa,knapsack_world_id_2026_04_17,5f33f28a1cf0f9103260cd2cc0956f0ae6b79049c86f09b5e4292bf01038acef,Sophora tomentosa
471,Spilanthes acmella L.,Spilanthes acmella L.,Spilanthes acmella,L.,spilanthes acmella,Asteraceae,,plants,medicinal,"Utami,Buku Pintar Tanaman Obat,431 jenis tanaman penggempur aneka penyakit,Redaksi AgroMedia,(2008)",https://www.knapsackfamily.com/knapsack_core/result.php?sname=organism&word=Spilanthes%20acmella,knapsack_world_id_2026_04_17,b0d4d6bd08bf2ecd311f6728c3703b6af6f9aab3ceb56aaddf0e2bf27d5a668c,Spilanthes acmella L.
472,Stachytarpheta jamaicensis,Stachytarpheta jamaicensis,Stachytarpheta jamaicensis,,stachytarpheta jamaicensis,Verbenaceae,,plants,medicinal,"Herbal Indonesia Berkhasiat by Bukti Ilmiah & Cara Racik,Vol 8,ISBN 979-688-236-6.",https://www.knapsackfamily.com/knapsack_core/result.php?sname=organism&word=Stachytarpheta%20jamaicensis,knapsack_world_id_2026_04_17,c71d151974e5106f34eb98f438eea093244e98b0704f46d5c9efae5b48805e96,Stachytarpheta jamaicensis
473,Stachytarpheta mutabilis Vahl.,Stachytarpheta mutabilis Vahl.,Stachytarpheta mutabilis,Vahl.,stachytarpheta mutabilis,Verbenaceae,,plants,medicinal,"Taksonomi Koleksi Tanaman Obat Kebun Tanaman Obat Citeureup,vol.Pertama(2008),ISBN 978-979-3707-42-6. Tanaman Obat Tradisional by Thomas A.N.S. (1989),Vol.1,ISBN 978-979-413-091-9. Utami,Buku Pintar Tanaman Obat,431 jenis tanaman penggempur aneka penyakit,Redaksi AgroMedia,(2008)",https://www.knapsackfamily.com/knapsack_core/result.php?sname=organism&word=Stachytarpheta%20mutabilis,knapsack_world_id_2026_04_17,dc7d4dc79edec285dfdfd9bdca188fd5ac2f762495b421f2e69ba0c81b956641,Stachytarpheta mutabilis Vahl.
474,Stephania japonica (Thunb.) Miers,Stephania japonica (Thunb.) Miers,Stephania japonica,(Thunb.) Miers,stephania japonica,Menispermaceae,,plants,medicinal,"de Padua et al.(1999), Plant Resources of South-East Asia 12,(1) Medicinal and poisonous plants 1, Bogor, Indonesia",https://www.knapsackfamily.com/knapsack_core/result.php?sname=organism&word=Stephania%20japonica,knapsack_world_id_2026_04_17,0a46d64eed7f6f07dbbd1094d15fedf45eccd98fd9158807f7e72448c9955b6c,Stephania japonica (Thunb.) Miers
475,Stephania venosa (Blume) Spreng.,Stephania venosa (Blume) Spreng.,Stephania venosa,(Blume) Spreng.,stephania venosa,Menispermaceae,,plants,medicinal,"de Padua et al.(1999), Plant Resources of South-East Asia 12,(1) Medicinal and poisonous plants 1, Bogor, Indonesia",https://www.knapsackfamily.com/knapsack_core/result.php?sname=organism&word=Stephania%20venosa,knapsack_world_id_2026_04_17,3ec87d8181901c90328c6b12c63279be0b23d066baaff0a2f4958424d8f91cac,Stephania venosa (Blume) Spreng.
476,Sterculia foetida L.,Sterculia foetida L.,Sterculia foetida,L.,sterculia foetida,Malvaceae,,plants,medicinal,"Utami,Buku Pintar Tanaman Obat,431 jenis tanaman penggempur aneka penyakit,Redaksi AgroMedia,(2008)",https://www.knapsackfamily.com/knapsack_core/result.php?sname=organism&word=Sterculia%20foetida,knapsack_world_id_2026_04_17,6c2ef372aafb8d8210a290ddb20c73be04917ac6837fad3f100a0a77e77f2b78,Sterculia foetida L.
477,Strobilanthes crispus,Strobilanthes crispus,Strobilanthes crispus,,strobilanthes crispus,Acanthaceae,,plants,medicinal,"Herbal Indonesia Berkhasiat by Bukti Ilmiah & Cara Racik,Vol 8,ISBN 979-688-236-6.",https://www.knapsackfamily.com/knapsack_core/result.php?sname=organism&word=Strobilanthes%20crispus,knapsack_world_id_2026_04_17,f54c3522de5870c9f3a0bbdf05aae48e9f07ac5ddec18f96dbe70ed21817096a,Strobilanthes crispus
478,Strychnos ignatii,Strychnos ignatii,Strychnos ignatii,,strychnos ignatii,Loganiaceae,,plants,medicinal,"高橋澄子,ジャムウ インドネシアの伝統治療薬、平河出版社(1988)[Takahasi, S.,Traditional remedy of Indonesia,(1988), in Japanese]",https://www.knapsackfamily.com/knapsack_core/result.php?sname=organism&word=Strychnos%20ignatii,knapsack_world_id_2026_04_17,1ebf39c501fc9905183734caf6807c0adf7e3b7a7be44a1ea57dcbba00c2d170,Strychnos ignatii
479,Strychnos ligustrina,Strychnos ligustrina,Strychnos ligustrina,,strychnos ligustrina,Loganiaceae,,plants,medicinal,"Herbal Indonesia Berkhasiat by Bukti Ilmiah & Cara Racik,Vol 8,ISBN 979-688-236-6.",https://www.knapsackfamily.com/knapsack_core/result.php?sname=organism&word=Strychnos%20ligustrina,knapsack_world_id_2026_04_17,6cd75c3da3c2ef4f7a0e0d5fd698d53e18fab53e2d0cd437e669eed89aa935d7,Strychnos ligustrina
480,Strychnos lucida R.Br.,Strychnos lucida R.Br.,Strychnos lucida,R.Br.,strychnos lucida,Loganiaceae,,plants,medicinal,"de Padua et al.(1999), Plant Resources of South-East Asia 12,(1) Medicinal and poisonous plants 1, Bogor, Indonesia 高橋澄子,ジャムウ インドネシアの伝統治療薬、平河出版社(1988)[Takahasi, S.,Traditional remedy of Indonesia,(1988), in Japanese]",https://www.knapsackfamily.com/knapsack_core/result.php?sname=organism&word=Strychnos%20lucida,knapsack_world_id_2026_04_17,d1c8f5bb81b02d68d93888447540a9bcdbb5efbe59db5aaf241147e382f10e49,Strychnos lucida R.Br.
481,Strychnos nux-vomica L.,Strychnos nux-vomica L.,Strychnos nux-vomica,L.,strychnos nux vomica,Loganiaceae,,plants,medicinal,"Takito,Medicinal plant,3rd edition (in JPN),Hirokawa Publishing CO.,(2007)",https://www.knapsackfamily.com/knapsack_core/result.php?sname=organism&word=Strychnos%20nux-vomica,knapsack_world_id_2026_04_17,4eb4ee6119a2c42cdda9d042e0b5034d428cf3d3d97dc162292ffc60125a649c,Strychnos nux-vomica L.
482,Styphnolobium japonicum (L.) Schott,Styphnolobium japonicum (L.) Schott,Styphnolobium japonicum,(L.) Schott,styphnolobium japonicum,Fabaceae,,plants,medicinal,"de Padua et al.(1999), Plant Resources of South-East Asia 12,(1) Medicinal and poisonous plants 1, Bogor, Indonesia",https://www.knapsackfamily.com/knapsack_core/result.php?sname=organism&word=Styphnolobium%20japonicum,knapsack_world_id_2026_04_17,09af662eda9c7982d8d1cf33b2826fd0c08f4366c20407e2c87552df6ea347fd,Styphnolobium japonicum (L.) Schott
483,Styrax benzoin Dryand.,Styrax benzoin Dryand.,Styrax benzoin,Dryand.,styrax benzoin,Styracaceae,,plants,medicinal,"Takito,Medicinal plant,3rd edition (in JPN),Hirokawa Publishing CO.,(2007)",https://www.knapsackfamily.com/knapsack_core/result.php?sname=organism&word=Styrax%20benzoin,knapsack_world_id_2026_04_17,484e5f3f76846e096b3419b35233df2088025d56c74447eb7d2a5d2018716438,Styrax benzoin Dryand.
484,Swietenia mahagoni Jacq.,Swietenia mahagoni Jacq.,Swietenia mahagoni,Jacq.,swietenia mahagoni,Meliaceae,,plants,medicinal,"Hariana,Tubuhan Obat dan Khasiatnya Seri 2,Penebar Sadaya,(2002) Utami,Buku Pintar Tanaman Obat,431 jenis tanaman penggempur aneka penyakit,Redaksi AgroMedia,(2008) Atlas Tumbuhan Obat by dr.Setiawan Dalimartha (2000),Vol 2,ISBN 979-661-065-5. Tumbuhan Obat & Khasiatnya by Drs.H.Arief Hariana (2005),Vol.2,ISBN 979-489-957-7.",https://www.knapsackfamily.com/knapsack_core/result.php?sname=organism&word=Swietenia%20mahagoni,knapsack_world_id_2026_04_17,7e4980da9a8a8fa45a7e7175371bd8092d14c0363e117b5b19cab685af41b030,Swietenia mahagoni Jacq.
485,Symphytum officinale,Symphytum officinale,Symphytum officinale,,symphytum officinale,Boraginaceae,Comfrey | Knitbone,plants(coffee substitute),medicinal,"Herbal Indonesia Berkhasiat by Bukti Ilmiah & Cara Racik,Vol 8,ISBN 979-688-236-6.",https://www.knapsackfamily.com/knapsack_core/result.php?sname=organism&word=Symphytum%20officinale,knapsack_world_id_2026_04_17,8bd08d9c4f515c3de74d10ee228451f60a66161b0826177984292f4c6094aac3,Symphytum officinale
486,Syzygium aromatica,Syzygium aromatica,Syzygium aromatica,,syzygium aromatica,Myrtaceae,,plants,medicinal,"高橋澄子,ジャムウ インドネシアの伝統治療薬、平河出版社(1988)[Takahasi, S.,Traditional remedy of Indonesia,(1988), in Japanese]",https://www.knapsackfamily.com/knapsack_core/result.php?sname=organism&word=Syzygium%20aromatica,knapsack_world_id_2026_04_17,1c53d9cf9f971eb44d8988e2a3f334b51c9f73f50f4ecdd197ec4d6bf69e718c,Syzygium aromatica
487,Syzygium aromaticum,Syzygium aromaticum,Syzygium aromaticum,,syzygium aromaticum,Myrtaceae,Clove,plants(spice),medicinal,"Herbal Indonesia Berkhasiat by Bukti Ilmiah & Cara Racik,Vol 8,ISBN 979-688-236-6.",https://www.knapsackfamily.com/knapsack_core/result.php?sname=organism&word=Syzygium%20aromaticum,knapsack_world_id_2026_04_17,89956e4aa62d003b996866e54c7de65d2937a01422f6cfde3803c79b182886a1,Syzygium aromaticum
488,Syzygium cumini,Syzygium cumini,Syzygium cumini,,syzygium cumini,Myrtaceae,,plants,medicinal,"Herbal Indonesia Berkhasiat by Bukti Ilmiah & Cara Racik,Vol 8,ISBN 979-688-236-6.",https://www.knapsackfamily.com/knapsack_core/result.php?sname=organism&word=Syzygium%20cumini,knapsack_world_id_2026_04_17,ab294105d08f2ba51c7c271fbe99b56ac42597e51ab10116a1cf92c0939752f9,Syzygium cumini
489,Tabernaemontana corymbosa Roxb.,Tabernaemontana corymbosa Roxb.,Tabernaemontana corymbosa,Roxb.,tabernaemontana corymbosa,Apocynaceae,,plants,medicinal,"Utami,Buku Pintar Tanaman Obat,431 jenis tanaman penggempur aneka penyakit,Redaksi AgroMedia,(2008)",https://www.knapsackfamily.com/knapsack_core/result.php?sname=organism&word=Tabernaemontana%20corymbosa,knapsack_world_id_2026_04_17,d3e01bf2d7c20d10e3fa8559926954499e6e73a4e4fe4ea99f747487cb44125f,Tabernaemontana corymbosa Roxb.
490,Tabernaemontana divaricata (L.) R.Br.ex Roem.& Schult,Tabernaemontana divaricata (L.) R.Br.ex Roem.& Schult,Tabernaemontana divaricata,(L.) R.Br.ex Roem.& Schult,tabernaemontana divaricata,Apocynaceae,,plants,medicinal,"Taksonomi Koleksi Tanaman Obat Kebun Tanaman Obat Citeureup,vol.Pertama(2008),ISBN 978-979-3707-42-6.",https://www.knapsackfamily.com/knapsack_core/result.php?sname=organism&word=Tabernaemontana%20divaricata,knapsack_world_id_2026_04_17,40f32fd11aeeccc7ddc4ee4c7d3556b03c3a05353cbaa63b25736b4673e94d01,Tabernaemontana divaricata (L.) R.Br.ex Roem.& Schult
491,Tabernaemontana sphaerocarpa Bl.,Tabernaemontana sphaerocarpa Bl.,Tabernaemontana sphaerocarpa,Bl.,tabernaemontana sphaerocarpa,Apocynaceae,,plants,medicinal,"Utami,Buku Pintar Tanaman Obat,431 jenis tanaman penggempur aneka penyakit,Redaksi AgroMedia,(2008)",https://www.knapsackfamily.com/knapsack_core/result.php?sname=organism&word=Tabernaemontana%20sphaerocarpa,knapsack_world_id_2026_04_17,8d1d461c2deb43cad46c515e9b3e60c2a7d4e9058832ae049f4b648a28d93096,Tabernaemontana sphaerocarpa Bl.
492,Tagetes erecta Linn.,Tagetes erecta Linn.,Tagetes erecta,Linn.,tagetes erecta,Asteraceae,,plants,medicinal,"Atlas Tumbuhan Obat by dr.Setiawan Dalimartha (2003),Vol 3,ISBN 979-3235-73-X. Tumbuhan Obat & Khasiatnya by Drs.H.Arief Hariana (2006),Vol.3,ISBN 979-002-008-2.",https://www.knapsackfamily.com/knapsack_core/result.php?sname=organism&word=Tagetes%20erecta,knapsack_world_id_2026_04_17,ba55918da5ebce04cb014302adfb560e3ecbebf9d491f7a812f1cfe446ac6575,Tagetes erecta Linn.
493,Talinum paniculatum,Talinum paniculatum,Talinum paniculatum,,talinum paniculatum,Portulacaceae Talinaceae,,plants,medicinal,"Herbal Indonesia Berkhasiat by Bukti Ilmiah & Cara Racik,Vol 8,ISBN 979-688-236-6. Utami,Buku Pintar Tanaman Obat,431 jenis tanaman penggempur aneka penyakit,Redaksi AgroMedia,(2008)",https://www.knapsackfamily.com/knapsack_core/result.php?sname=organism&word=Talinum%20paniculatum,knapsack_world_id_2026_04_17,a1b4db41a21eab2da44e2e8abe46f1cbd6693e7d7edced5d66cb59c87822b3a8,Talinum paniculatum
494,Talinum triangulare (Jacq.) Willd.,Talinum triangulare (Jacq.) Willd.,Talinum triangulare,(Jacq.) Willd.,talinum triangulare,Portulacaceae Talinaceae,,plants,medicinal,"Hariana,Tubuhan Obat dan Khasiatnya Seri 2,Penebar Sadaya,(2002) Utami,Buku Pintar Tanaman Obat,431 jenis tanaman penggempur aneka penyakit,Redaksi AgroMedia,(2008) Tumbuhan Obat & Khasiatnya by Drs.H.Arief Hariana (2005),Vol.2,ISBN 979-489-957-7.",https://www.knapsackfamily.com/knapsack_core/result.php?sname=organism&word=Talinum%20triangulare,knapsack_world_id_2026_04_17,e0cf553a354ebea9f145d01fe0f5c03c5809144e23b5052e11710e9c9e4c363f,Talinum triangulare (Jacq.) Willd.
495,Tamarindus indica,Tamarindus indica,Tamarindus indica,,tamarindus indica,Fabaceae,,plants(vegetable),medicinal,"Herbal Indonesia Berkhasiat by Bukti Ilmiah & Cara Racik,Vol 8,ISBN 979-688-236-6.",https://www.knapsackfamily.com/knapsack_core/result.php?sname=organism&word=Tamarindus%20indica,knapsack_world_id_2026_04_17,8c513cd354ff96173443037292574d3ad87ba4d067b02c0457687d1ded61d677,Tamarindus indica
496,Taraxacum mongolicum Hand.-Mazz.,Taraxacum mongolicum Hand.-Mazz.,Taraxacum mongolicum,Hand.-Mazz.,taraxacum mongolicum,Asteraceae,,plants,medicinal,"Tumbuhan Obat & Khasiatnya by Drs.H.Arief Hariana (2004),Vol.1,ISBN 979-489-816-3.",https://www.knapsackfamily.com/knapsack_core/result.php?sname=organism&word=Taraxacum%20mongolicum,knapsack_world_id_2026_04_17,82ceabb228669505838f9e085f0d72fdc57b0195ec5b1888ec63d46a4a4be41f,Taraxacum mongolicum Hand.-Mazz.
497,Taraxacum officinale,Taraxacum officinale,Taraxacum officinale,,taraxacum officinale,Asteraceae,Dandelion | Common Dandelion,plants,medicinal,"Herbal Indonesia Berkhasiat by Bukti Ilmiah & Cara Racik,Vol 8,ISBN 979-688-236-6.",https://www.knapsackfamily.com/knapsack_core/result.php?sname=organism&word=Taraxacum%20officinale,knapsack_world_id_2026_04_17,30066c1077ef1e49d13a3822077fbfec1fe9e4f7a2193b224f464fdece54cd34,Taraxacum officinale
498,Taxus sumatrana,Taxus sumatrana,Taxus sumatrana,,taxus sumatrana,Taxaceae,,plants,medicinal,"Shibuya,Yakugaku Zasshi,116,(1996),911",https://www.knapsackfamily.com/knapsack_core/result.php?sname=organism&word=Taxus%20sumatrana,knapsack_world_id_2026_04_17,618b09a34220c0e54023eb5aba023239f285f96826bde9e3448a142612f58acf,Taxus sumatrana
499,Tectona grandis L.,Tectona grandis L.,Tectona grandis,L.,tectona grandis,Verbenaceae Lamiaceae,,plants,medicinal,"Taksonomi Koleksi Tanaman Obat Kebun Tanaman Obat Citeureup,vol.kedua(2009),ISBN 978-979-3707-42-6.",https://www.knapsackfamily.com/knapsack_core/result.php?sname=organism&word=Tectona%20grandis,knapsack_world_id_2026_04_17,cd345fd9f30f4217945dfaa257f7d6821fcceaedb2fa07bd2f6f82e83d4ad2ba,Tectona grandis L.
500,Terminalia bellirica,Terminalia bellirica,Terminalia bellirica,,terminalia bellirica,Combretaceae,,plants,medicinal,"Medicinal Plants From the East by Christophe Wiart,ISBN 978-1-904761-85-3.",https://www.knapsackfamily.com/knapsack_core/result.php?sname=organism&word=Terminalia%20bellirica,knapsack_world_id_2026_04_17,07d85fbec86d1a6b4a49ec3821674155b26eaa7441fa3a45b1979da677b57f79,Terminalia bellirica
501,Terminalia catappa L.,Terminalia catappa L.,Terminalia catappa,L.,terminalia catappa,Combretaceae,,plants,medicinal,"Utami,Buku Pintar Tanaman Obat,431 jenis tanaman penggempur aneka penyakit,Redaksi AgroMedia,(2008)",https://www.knapsackfamily.com/knapsack_core/result.php?sname=organism&word=Terminalia%20catappa,knapsack_world_id_2026_04_17,db6343b49d6c483a7dc0ef7f4513ae1203db0809d3c04417bfb92c64b510c6f4,Terminalia catappa L.
502,Thea sinensis L.,Thea sinensis L.,Thea sinensis,L.,thea sinensis,Theaceae,,plants,medicinal,"Ohashi,Chem.Pharm.Bull.,51,(2003),343",https://www.knapsackfamily.com/knapsack_core/result.php?sname=organism&word=Thea%20sinensis,knapsack_world_id_2026_04_17,c1b5617eda7abdd7c4caa2f1234e2e87a1129b1960c0eea777b4ee85db4c2aea,Thea sinensis L.
503,Thevetia peruviana (pers.) K.Schum.,Thevetia peruviana (pers.) K.Schum.,Thevetia peruviana,(pers.) K.Schum.,thevetia peruviana,Apocynaceae,,plants,medicinal,"Atlas Tumbuhan Obat by dr.Setiawan Dalimartha (2008),Vol 5,ISBN 978-979-1480-18-5. Taksonomi Koleksi Tanaman Obat Kebun Tanaman Obat Citeureup,vol.kedua(2009),ISBN 978-979-3707-42-6. Tumbuhan Obat & Khasiatnya by Drs.H.Arief Hariana (2004),Vol.1,ISBN 979-489-816-3.",https://www.knapsackfamily.com/knapsack_core/result.php?sname=organism&word=Thevetia%20peruviana,knapsack_world_id_2026_04_17,f47ff608e918ff46dfe9fe07e871d25fa6d9bb16cdadaf4c5b8b7d92659a696b,Thevetia peruviana (pers.) K.Schum.
504,Thymus vulgaris L.,Thymus vulgaris L.,Thymus vulgaris,L.,thymus vulgaris,Lamiaceae,,plants,medicinal,JAMU in Indonesian Daily Life and Industry by Suwidjiyo Pramono,https://www.knapsackfamily.com/knapsack_core/result.php?sname=organism&word=Thymus%20vulgaris,knapsack_world_id_2026_04_17,9a3a1519f02ac72d13649b04c9a015fe854e6461760a0baef848aad8298e0403,Thymus vulgaris L.
505,Tinospora crispa,Tinospora crispa,Tinospora crispa,,tinospora crispa,Menispermaceae,,plants,medicinal,"Herbal Indonesia Berkhasiat by Bukti Ilmiah & Cara Racik,Vol 8,ISBN 979-688-236-6.",https://www.knapsackfamily.com/knapsack_core/result.php?sname=organism&word=Tinospora%20crispa,knapsack_world_id_2026_04_17,604c998ee026e2284ac18022230832fcdb6c45dd4b14003102b4af32f2a997b8,Tinospora crispa
506,Tinospora glabra (Brum.f.) Merr.,Tinospora glabra (Brum.f.) Merr.,Tinospora glabra,(Brum.f.) Merr.,tinospora glabra,Menispermaceae,,plants,medicinal,"de Padua et al.(1999), Plant Resources of South-East Asia 12,(1) Medicinal and poisonous plants 1, Bogor, Indonesia",https://www.knapsackfamily.com/knapsack_core/result.php?sname=organism&word=Tinospora%20glabra,knapsack_world_id_2026_04_17,ca3cd6e57aed6aa0d1cb6ff5765b9e9b7e3a918887f6833f43a98f29d601fb9d,Tinospora glabra (Brum.f.) Merr.
507,Tinospora tuberculata,Tinospora tuberculata,Tinospora tuberculata,,tinospora tuberculata,Menispermaceae,,plants,medicinal,"Roosita,J.Ethnopharmacol.,115,(2008),72",https://www.knapsackfamily.com/knapsack_core/result.php?sname=organism&word=Tinospora%20tuberculata,knapsack_world_id_2026_04_17,743c977da0aeb4c3b76733b9f94dd21ddee6eeb5927f395daa9c21130c15bec1,Tinospora tuberculata
508,Trema orientalis Bl.,Trema orientalis Bl.,Trema orientalis,Bl.,trema orientalis,Cannabaceae,,plants,medicinal,"Tumbuhan Obat & Khasiatnya by Drs.H.Arief Hariana (2004),Vol.1,ISBN 979-489-816-3.",https://www.knapsackfamily.com/knapsack_core/result.php?sname=organism&word=Trema%20orientalis,knapsack_world_id_2026_04_17,c2d19f0a42180219a05796e787ab39f453534eac94f8d264bb006745fdbe1831,Trema orientalis Bl.
509,Trichosanthes tricuspidata Lour.,Trichosanthes tricuspidata Lour.,Trichosanthes tricuspidata,Lour.,trichosanthes tricuspidata,Cucurbitaceae,,plants,medicinal,"de Padua et al.(1999), Plant Resources of South-East Asia 12,(1) Medicinal and poisonous plants 1, Bogor, Indonesia",https://www.knapsackfamily.com/knapsack_core/result.php?sname=organism&word=Trichosanthes%20tricuspidata,knapsack_world_id_2026_04_17,8ec29be57d646fc65cc8f61004769fcf701d976bab1daf7a7c342adf6bfed71d,Trichosanthes tricuspidata Lour.
510,Tridax procumbens,Tridax procumbens,Tridax procumbens,,tridax procumbens,Asteraceae,,plants,medicinal,"Herbal Indonesia Berkhasiat by Bukti Ilmiah & Cara Racik,Vol 8,ISBN 979-688-236-6.",https://www.knapsackfamily.com/knapsack_core/result.php?sname=organism&word=Tridax%20procumbens,knapsack_world_id_2026_04_17,8d006b6897dcaef73c1b4cdeb5e864107c27b928ff08005e8716067b20a1500e,Tridax procumbens
511,Trigonella foenum-graecum L.,Trigonella foenum-graecum L.,Trigonella foenum-graecum,L.,trigonella foenum graecum,Fabaceae,,plants,medicinal,"Utami,Buku Pintar Tanaman Obat,431 jenis tanaman penggempur aneka penyakit,Redaksi AgroMedia,(2008)",https://www.knapsackfamily.com/knapsack_core/result.php?sname=organism&word=Trigonella%20foenum-graecum,knapsack_world_id_2026_04_17,e3fa6d750650a6da4f51a2b2347e1634bdfd7a24fbcc220d64ec04bd827030ff,Trigonella foenum-graecum L.
512,Triphasia trifolia,Triphasia trifolia,Triphasia trifolia,,triphasia trifolia,Rutaceae,,plants,medicinal,"高橋澄子,ジャムウ インドネシアの伝統治療薬、平河出版社(1988)[Takahasi, S.,Traditional remedy of Indonesia,(1988), in Japanese]",https://www.knapsackfamily.com/knapsack_core/result.php?sname=organism&word=Triphasia%20trifolia,knapsack_world_id_2026_04_17,12eb7c69133e70c7bd946dfb47c47775ba54fa65d93297ccb59371d9c280e9c2,Triphasia trifolia
513,Turnera ulmifolia L.,Turnera ulmifolia L.,Turnera ulmifolia,L.,turnera ulmifolia,Passifloraceae,,plants,medicinal,"Atlas Tumbuhan Obat by dr.Setiawan Dalimartha (2003),Vol 3,ISBN 979-3235-73-X. Utami,Buku Pintar Tanaman Obat,431 jenis tanaman penggempur aneka penyakit,Redaksi AgroMedia,(2008)",https://www.knapsackfamily.com/knapsack_core/result.php?sname=organism&word=Turnera%20ulmifolia,knapsack_world_id_2026_04_17,2ea33239f9facb2f414476dcd24f50f2d988b9cb700cf3c92db37347071c0b60,Turnera ulmifolia L.
514,Uncaria ferrea,Uncaria ferrea,Uncaria ferrea,,uncaria ferrea,Rubiaceae,,plants,medicinal,"Medicinal Plants From the East by Christophe Wiart,ISBN 978-1-904761-85-3.",https://www.knapsackfamily.com/knapsack_core/result.php?sname=organism&word=Uncaria%20ferrea,knapsack_world_id_2026_04_17,77ca7c44e1e925704c523ad06b6627ef83c80d1df8d9ca2b3cfb8de1e5c02207,Uncaria ferrea
515,Uncaria gambir,Uncaria gambir,Uncaria gambir,,uncaria gambir,Rubiaceae,,plants,medicinal,"Herbal Indonesia Berkhasiat by Bukti Ilmiah & Cara Racik,Vol 8,ISBN 979-688-236-6. Medicinal Plants From the East by Christophe Wiart,ISBN 978-1-904761-85-3.",https://www.knapsackfamily.com/knapsack_core/result.php?sname=organism&word=Uncaria%20gambir,knapsack_world_id_2026_04_17,4a14dced4192fb88ff3c2104258c1cf648a7c05a77c353823347cdff1a460281,Uncaria gambir
516,Urena lobata L.,Urena lobata L.,Urena lobata,L.,urena lobata,Malvaceae,,plants,medicinal,"Atlas Tumbuhan Obat by dr.Setiawan Dalimartha (2008),Vol 5,ISBN 978-979-1480-18-5. Hariana,Tubuhan Obat dan Khasiatnya Seri 2,Penebar Sadaya,(2002) Utami,Buku Pintar Tanaman Obat,431 jenis tanaman penggempur aneka penyakit,Redaksi AgroMedia,(2008) Tumbuhan Obat & Khasiatnya by Drs.H.Arief Hariana (2005),Vol.2,ISBN 979-489-957-7.",https://www.knapsackfamily.com/knapsack_core/result.php?sname=organism&word=Urena%20lobata,knapsack_world_id_2026_04_17,571cd3a8b178f45ced4776feb537feb6c70a7418e77ba7eb657802473a6ee872,Urena lobata L.
517,Valeriana officinalis L.,Valeriana officinalis L.,Valeriana officinalis,L.,valeriana officinalis,Caprifoliaceae,Valerian,plants,medicinal,"Hariana,Tubuhan Obat dan Khasiatnya Seri 2,Penebar Sadaya,(2002) Utami,Buku Pintar Tanaman Obat,431 jenis tanaman penggempur aneka penyakit,Redaksi AgroMedia,(2008) JAMU in Indonesian Daily Life and Industry by Suwidjiyo Pramono Tumbuhan Obat & Khasiatnya by Drs.H.Arief Hariana (2005),Vol.2,ISBN 979-489-957-7.",https://www.knapsackfamily.com/knapsack_core/result.php?sname=organism&word=Valeriana%20officinalis,knapsack_world_id_2026_04_17,0c4e197e99dfc56c8df998c3365efd37d19259da003f1bd6ca9d4760e0d3f3b6,Valeriana officinalis L.
518,Vanilla planifolia Andrews,Vanilla planifolia Andrews,Vanilla planifolia,Andrews,vanilla planifolia,Orchidaceae,,plants,medicinal,"Hariana,Tubuhan Obat dan Khasiatnya Seri 2,Penebar Sadaya,(2002) Utami,Buku Pintar Tanaman Obat,431 jenis tanaman penggempur aneka penyakit,Redaksi AgroMedia,(2008) Tumbuhan Obat & Khasiatnya by Drs.H.Arief Hariana (2005),Vol.2,ISBN 979-489-957-7.",https://www.knapsackfamily.com/knapsack_core/result.php?sname=organism&word=Vanilla%20planifolia,knapsack_world_id_2026_04_17,7db83eeed7b857eebfa41e3c6b07d5a88fd5d99303d293588bdcd18dca6e51f7,Vanilla planifolia Andrews
519,Vernonia cinerea L.,Vernonia cinerea L.,Vernonia cinerea,L.,vernonia cinerea,Asteraceae,,plants,medicinal,"Utami,Buku Pintar Tanaman Obat,431 jenis tanaman penggempur aneka penyakit,Redaksi AgroMedia,(2008) de Padua et al.(1999), Plant Resources of South-East Asia 12,(1) Medicinal and poisonous plants 1, Bogor, Indonesia",https://www.knapsackfamily.com/knapsack_core/result.php?sname=organism&word=Vernonia%20cinerea,knapsack_world_id_2026_04_17,14002919ad714932515be280ebdf22a702e49637a055bb2183a0d6e9a73eae9a,Vernonia cinerea L.
520,Vetiveria zizanioides,Vetiveria zizanioides,Vetiveria zizanioides,,vetiveria zizanioides,Poaceae,Vetiver | khus khus | Cuscus,"plants(flavouring,)",medicinal,"Herbal Indonesia Berkhasiat by Bukti Ilmiah & Cara Racik,Vol 8,ISBN 979-688-236-6.",https://www.knapsackfamily.com/knapsack_core/result.php?sname=organism&word=Vetiveria%20zizanioides,knapsack_world_id_2026_04_17,fac30438faa7df0126564b931e4db568fe6e4c6b33bf4993c635f6d814af99bf,Vetiveria zizanioides
521,Vigna radiata,Vigna radiata,Vigna radiata,,vigna radiata,Fabaceae,Mung bean,plants,medicinal,"Roosita,J.Ethnopharmacol.,115,(2008),72",https://www.knapsackfamily.com/knapsack_core/result.php?sname=organism&word=Vigna%20radiata,knapsack_world_id_2026_04_17,81aeb75fce07069366a2772e6986fb4b1cc46ec0ede8af520b7f34709c80593b,Vigna radiata
522,Vinca rosea Linn.,Vinca rosea Linn.,Vinca rosea,Linn.,vinca rosea,Apocynaceae,,plants,medicinal,"Tanaman Obat Tradisional by Thomas A.N.S. (1989),Vol.1,ISBN 978-979-413-091-9.",https://www.knapsackfamily.com/knapsack_core/result.php?sname=organism&word=Vinca%20rosea,knapsack_world_id_2026_04_17,13c68673b7b57f883a20739d63431ffac3aea110e652493158cb9ed9eb919ee9,Vinca rosea Linn.
523,Viola odorata,Viola odorata,Viola odorata,,viola odorata,Violaceae,Violet | Sweet violet,plants,medicinal,"Herbal Indonesia Berkhasiat by Bukti Ilmiah & Cara Racik,Vol 8,ISBN 979-688-236-6.",https://www.knapsackfamily.com/knapsack_core/result.php?sname=organism&word=Viola%20odorata,knapsack_world_id_2026_04_17,83a110c96278a51cb239142d8fc5a520d18767ecc63652e4b5ffeda1ad2e778b,Viola odorata
524,Vitex negundo L.,Vitex negundo L.,Vitex negundo,L.,vitex negundo,Lamiaceae,,plants,medicinal,"de Padua et al.(1999), Plant Resources of South-East Asia 12,(1) Medicinal and poisonous plants 1, Bogor, Indonesia",https://www.knapsackfamily.com/knapsack_core/result.php?sname=organism&word=Vitex%20negundo,knapsack_world_id_2026_04_17,32b1f7cd7fa6e9a0933a1a65e3e45e3865af7ff580bed8a8a942d91bcd8e04ea,Vitex negundo L.
525,Vitex trifolia,Vitex trifolia,Vitex trifolia,,vitex trifolia,Lamiaceae,,plants,medicinal,"Herbal Indonesia Berkhasiat by Bukti Ilmiah & Cara Racik,Vol 8,ISBN 979-688-236-6.",https://www.knapsackfamily.com/knapsack_core/result.php?sname=organism&word=Vitex%20trifolia,knapsack_world_id_2026_04_17,85ea24af4be135b42446611d429da82125faf33645621be980b6caf0e33ebeb9,Vitex trifolia
526,Volvariella volvacea,Volvariella volvacea,Volvariella volvacea,,volvariella volvacea,Pluteaceae,,mushrooms,medicinal,"Utami,Buku Pintar Tanaman Obat,431 jenis tanaman penggempur aneka penyakit,Redaksi AgroMedia,(2008)",https://www.knapsackfamily.com/knapsack_core/result.php?sname=organism&word=Volvariella%20volvacea,knapsack_world_id_2026_04_17,a423ac085aa30f70076147d7b58365da20574a7502d267ff9f87eba189581239,Volvariella volvacea
527,Woodfordia fruticosa Kurz.,Woodfordia fruticosa Kurz.,Woodfordia fruticosa,Kurz.,woodfordia fruticosa,Lythraceae,,plants,medicinal,"Joshi, S.G.,Medicinal Plants,Mohan Primlani for Oxfor & IBH Publishing Co.Pvt.Ltd.,New Delhi (2003) 高橋澄子,ジャムウ インドネシアの伝統治療薬、平河出版社(1988)[Takahasi, S.,Traditional remedy of Indonesia,(1988), in Japanese] Okuda,Phytochem.,66,(2005),2012",https://www.knapsackfamily.com/knapsack_core/result.php?sname=organism&word=Woodfordia%20fruticosa,knapsack_world_id_2026_04_17,bb0f380f8e846575f7fc0bef874893c46748ebac6adb0efa47792fcf1a6f342d,Woodfordia fruticosa Kurz.
528,Ximenia americana L.,Ximenia americana L.,Ximenia americana,L.,ximenia americana,Olacaceae,,plants,medicinal,"Utami,Buku Pintar Tanaman Obat,431 jenis tanaman penggempur aneka penyakit,Redaksi AgroMedia,(2008)",https://www.knapsackfamily.com/knapsack_core/result.php?sname=organism&word=Ximenia%20americana,knapsack_world_id_2026_04_17,e4b0904cf606c0813c0ea12af37b28cec3e080f0b923b65afd78325f299fe80a,Ximenia americana L.
529,Zea mays L.,Zea mays L.,Zea mays,L.,zea mays,Poaceae,,plants,medicinal,"Roosita,J.Ethnopharmacol.,115,(2008),72",https://www.knapsackfamily.com/knapsack_core/result.php?sname=organism&word=Zea%20mays,knapsack_world_id_2026_04_17,ac46f1236ab187ceed97a2a9585221d941d11942fb178a0cfb55a7b630df6a9e,Zea mays L.
530,Zephyranthes candida Herb.,Zephyranthes candida Herb.,Zephyranthes candida,Herb.,zephyranthes candida,Amaryllidaceae,,plants,medicinal,"Hariana,Tubuhan Obat dan Khasiatnya Seri 2,Penebar Sadaya,(2002) Utami,Buku Pintar Tanaman Obat,431 jenis tanaman penggempur aneka penyakit,Redaksi AgroMedia,(2008) Tumbuhan Obat & Khasiatnya by Drs.H.Arief Hariana (2005),Vol.2,ISBN 979-489-957-7.",https://www.knapsackfamily.com/knapsack_core/result.php?sname=organism&word=Zephyranthes%20candida,knapsack_world_id_2026_04_17,580ccdd8678e5907f7f88e8b51ab4398d3f4f70982cca9d1a34cf861ef14a99a,Zephyranthes candida Herb.
531,Zingiber aromaticum,Zingiber aromaticum,Zingiber aromaticum,,zingiber aromaticum,Zingiberaceae,,plants,medicinal,"Roosita,J.Ethnopharmacol.,115,(2008),72",https://www.knapsackfamily.com/knapsack_core/result.php?sname=organism&word=Zingiber%20aromaticum,knapsack_world_id_2026_04_17,f5bcc800fcd3995154c1a23514b6c7bc09a69eec86b695232d7a89fb045ddb91,Zingiber aromaticum
532,Zingiber cassumunar,Zingiber cassumunar,Zingiber cassumunar,,zingiber cassumunar,Zingiberaceae,,plants(condiment),medicinal,"Roosita,J.Ethnopharmacol.,115,(2008),72 Herbal Indonesia Berkhasiat by Bukti Ilmiah & Cara Racik,Vol 8,ISBN 979-688-236-6.",https://www.knapsackfamily.com/knapsack_core/result.php?sname=organism&word=Zingiber%20cassumunar,knapsack_world_id_2026_04_17,7191ed9dbfaac7fdfc57baba77897a17aa5b18d928dd41ed7c91c2a7816f97fc,Zingiber cassumunar
533,Zingiber officinale,Zingiber officinale,Zingiber officinale,,zingiber officinale,Zingiberaceae,Ginger,plants,medicinal,"Medicinal Plants of the World by Ivan A.Ross,Vol.3,ISBN 978-1-58829-129-5. Roosita,J.Ethnopharmacol.,115,(2008),72",https://www.knapsackfamily.com/knapsack_core/result.php?sname=organism&word=Zingiber%20officinale,knapsack_world_id_2026_04_17,1566148c492af8a5c829efd85fc148b066284643938a6f44077a82c45342aa0c,Zingiber officinale
534,Zingiber zerumbet,Zingiber zerumbet,Zingiber zerumbet,,zingiber zerumbet,Zingiberaceae,,"plants(vegetable,flavouring)",medicinal,"Cox,Island,Plants,and Polynesians:An Introduction to polynesian Ethnobotany,(1991)",https://www.knapsackfamily.com/knapsack_core/result.php?sname=organism&word=Zingiber%20zerumbet,knapsack_world_id_2026_04_17,fee257957013b195c8ddc17dbafba12f20b27c01dc966d90cef9d65290c4cce2,Zingiber zerumbet
535,Zinnia elegans Jacq.,Zinnia elegans Jacq.,Zinnia elegans,Jacq.,zinnia elegans,Asteraceae,,plants,medicinal,"Atlas Tumbuhan Obat by dr.Setiawan Dalimartha (2006),Vol 4,ISBN 979-1133-14-X. Utami,Buku Pintar Tanaman Obat,431 jenis tanaman penggempur aneka penyakit,Redaksi AgroMedia,(2008)",https://www.knapsackfamily.com/knapsack_core/result.php?sname=organism&word=Zinnia%20elegans,knapsack_world_id_2026_04_17,ab9057ee97630f5325339a86c5eb3708f335519514f6a3306edf438925bd8ff5,Zinnia elegans Jacq.
