plant_id,c_id,cas_id,metabolite,molecular_formula,mw,organism,canonical_plant_id,plant_mapping_status,plant_mapping_source_column,plant_mapping_canonical_column,normalized_metabolite_name,normalized_metabolite_key,normalized_cas_id,normalized_cas_key,cas_is_valid,cas_validation_reason,normalized_formula,normalized_formula_key,normalized_mw,source_compound_key,raw_plant_key,source_name,source_url,source_batch_id,retrieved_at,raw_line_number,raw_row_hash,normalization_status,review_reason
9,C00033543,528974-7,20-Hydroxyecdysone,C27H44O7,480.30870376,Achyranthes aspera,07bd77ec-8d26-5198-80b6-747f38900216,mapped,raw_plant_id,plant_id,20-Hydroxyecdysone,20hydroxyecdysone,528974-7,5289747,false,invalid_format,C27H44O7,c27h44o7,480.308704,2a10e697aaaecd57291757b0ff90e331917f96085e88511fcfea378652467199,9,KNApSAcK World,https://www.knapsackfamily.com/KNApSAcK_World/,compounds_20260602_131155,2026-06-02T13:11:55+00:00,123,14dc7a55ba9312d350803d0b5cb7ee5a21708bfff81c2933cf4fe9da6d06dba8,review,cas_invalid_format
15,C00003982,87402-97-8,Agehoustin A,C23H26O10,462.15259705,Ageratum houstonianum,e45c8eb1-1c30-5dfc-ba7a-31b6a43105dd,mapped,raw_plant_id,plant_id,Agehoustin A,agehoustin_a,87402-97-8,87402978,false,checksum_failed,C23H26O10,c23h26o10,462.152597,696773ab9a91ab4a0887e8076fe096f258026a48fdc4354b05cc2970a123869c,15,KNApSAcK World,https://www.knapsackfamily.com/KNApSAcK_World/,compounds_20260602_131155,2026-06-02T13:11:55+00:00,384,0a24ca1695274d818569641d3ff81838d21e38705257685866d55b71372f9a06,review,cas_checksum_failed
28,C00029326,103947-71-6,"(5S)-5-Methoxy-1,7-diphenyl-3-heptanone",C20H24O2,296.17763001,Alpinia officinarum,fbee525b-bdd7-509d-a45c-6c106896c456,mapped,raw_plant_id,plant_id,"(5S)-5-Methoxy-1,7-diphenyl-3-heptanone",5s5methoxy17diphenyl3heptanone,103947-71-6,103947716,false,checksum_failed,C20H24O2,c20h24o2,296.17763,5486977d5c9141c90736ce581d0e4b713a1b590607edef8c34d9cb6ee0091bbe,28,KNApSAcK World,https://www.knapsackfamily.com/KNApSAcK_World/,compounds_20260602_131155,2026-06-02T13:11:55+00:00,923,b83623ae6ee73d6eaf1b4c2932f610319d7bc80c2897a2eaaf10872c8ba923a3,review,cas_checksum_failed
52,C00004029,62596-34-3,Cyclomorusin,C25H22O6,418.14163844,Artocarpus altilis,,unmapped,,,Cyclomorusin,cyclomorusin,62596-34-3,62596343,true,ok,C25H22O6,c25h22o6,418.141638,348dab6633906b361fea92b666e147c93e47dc8f874a43c39f4ebee61bd8207e,52,KNApSAcK World,https://www.knapsackfamily.com/KNApSAcK_World/,compounds_20260602_131155,2026-06-02T13:11:55+00:00,2037,b86264012e84e6f4b5d65a8a1c681bad0fecc12095307751726e6e8da270acb0,review,unresolved_plant_mapping
52,C00004032,7608-44-8,Artocarpin,C26H28O6,436.18858863,Artocarpus altilis (Parkinson) Fosberg,,unmapped,,,Artocarpin,artocarpin,7608-44-8,7608448,true,ok,C26H28O6,c26h28o6,436.188589,639e5ec581c03a41f753a135bf4d3457fdc085710923fa5f28544b19ddd793bc,52,KNApSAcK World,https://www.knapsackfamily.com/KNApSAcK_World/,compounds_20260602_131155,2026-06-02T13:11:55+00:00,2038,776c8e093d05836d42466d6e2b4f6099a02d7aa83b6211c0e64a655bbf3e1c34,review,unresolved_plant_mapping
52,C00004061,19275-51-5,Cyclomulberrin,C25H24O6,420.1572885,Artocarpus altilis,,unmapped,,,Cyclomulberrin,cyclomulberrin,19275-51-5,19275515,true,ok,C25H24O6,c25h24o6,420.157288,1e9986013fcbcffe54a456ad7638ce65949469db450073fca74f0add53678b64,52,KNApSAcK World,https://www.knapsackfamily.com/KNApSAcK_World/,compounds_20260602_131155,2026-06-02T13:11:55+00:00,2039,fd00262d6717adacf1b46522b8abf2feb5f7ebd6e127c87b90f878017b7d5ee7,review,unresolved_plant_mapping
52,C00004062,5912-09-4,Cycloartocarpin,C26H26O6,434.17293856,Artocarpus altilis (Parkinson) Fosberg,,unmapped,,,Cycloartocarpin,cycloartocarpin,5912-09-4,5912094,true,ok,C26H26O6,c26h26o6,434.172939,2f500f4f66f6ae20245b7253aa8ba635fe70c43cffdf07de033fabc668b34fa0,52,KNApSAcK World,https://www.knapsackfamily.com/KNApSAcK_World/,compounds_20260602_131155,2026-06-02T13:11:55+00:00,2040,5dcdf968bff196ae94ecacdb4aa8522de6a5ea29e8ba0c0c2ee74bd60003eb34,review,unresolved_plant_mapping
52,C00004098,152186-78-2,Isocyclomorusin,C25H22O6,418.14163844,Artocarpus altilis,,unmapped,,,Isocyclomorusin,isocyclomorusin,152186-78-2,152186782,true,ok,C25H22O6,c25h22o6,418.141638,19faf2a25433441078cc2c8298365a5adadade147b302017972c65a9b918768a,52,KNApSAcK World,https://www.knapsackfamily.com/KNApSAcK_World/,compounds_20260602_131155,2026-06-02T13:11:55+00:00,2041,404c2af49658ec26419a6c0a4352d3dd0647b3a9bb017c02e031f6fab49ec483,review,unresolved_plant_mapping
52,C00004099,152186-79-3,Isocyclomulberrin,C25H24O6,420.1572885,Artocarpus altilis,,unmapped,,,Isocyclomulberrin,isocyclomulberrin,152186-79-3,152186793,true,ok,C25H24O6,c25h24o6,420.157288,9f7301333a8c93092cc50d0591293a9bd7451d27dbbd118c4455c592285d66c9,52,KNApSAcK World,https://www.knapsackfamily.com/KNApSAcK_World/,compounds_20260602_131155,2026-06-02T13:11:55+00:00,2042,a9f527432443677da7cbcc4e4167c7978ebeb4f100cbfc554a66188f6c5d1ce9,review,unresolved_plant_mapping
52,C00004100,152130-62-6,Cycloaltilisin,C26H26O7,450.16785319,Artocarpus altilis,,unmapped,,,Cycloaltilisin,cycloaltilisin,152130-62-6,152130626,true,ok,C26H26O7,c26h26o7,450.167853,4b6955147295f8be964582ceb3d06d18dde8038a1f774e3642c3c47a9bdbb049,52,KNApSAcK World,https://www.knapsackfamily.com/KNApSAcK_World/,compounds_20260602_131155,2026-06-02T13:11:55+00:00,2043,ebb9d028b6a3d6f0d2ff1f3b6daaf7279f3484748f5ea799b70fc6544486cfa3,review,unresolved_plant_mapping
52,C00004106,129683-93-8,Artonin E,C25H24O7,436.15220312,Artocarpus altilis (Parkinson) Fosberg,,unmapped,,,Artonin E,artonin_e,129683-93-8,129683938,true,ok,C25H24O7,c25h24o7,436.152203,06d907dca2382ee4912083bbcfdbe3b6b73d705f6c7746c2db45b6d36f6f7648,52,KNApSAcK World,https://www.knapsackfamily.com/KNApSAcK_World/,compounds_20260602_131155,2026-06-02T13:11:55+00:00,2044,a9bb73b9eb66623e61ac6738e38f9a55ab2668e3a5b4788fb1406492a882dbea,review,unresolved_plant_mapping
52,C00008019,116207-29-5,"1-(2,4-Dihydroxyphenyl)-3-[8-hydroxy-2-methyl-2-(4-methyl-3-pentenyl)-2H-1-benzopyran-5-yl]-1-propanone",C25H28O5,408.193674,Artocarpus altilis,,unmapped,,,"1-(2,4-Dihydroxyphenyl)-3-[8-hydroxy-2-methyl-2-(4-methyl-3-pentenyl)-2H-1-benzopyran-5-yl]-1-propanone",124dihydroxyphenyl38hydroxy2methyl24methyl3pentenyl2h1benzopyran5yl1propanone,116207-29-5,116207295,true,ok,C25H28O5,c25h28o5,408.193674,754929eb4927c1d2da617647d60f2b5fffb8e90c2e6293b3c030f054b44844b5,52,KNApSAcK World,https://www.knapsackfamily.com/KNApSAcK_World/,compounds_20260602_131155,2026-06-02T13:11:55+00:00,2045,1c8e8d12c8772aaedc8ff70ca0787bba21ba9e9ed1cc67b6bc60af7bdd06ecf7,review,unresolved_plant_mapping
52,C00013485,121748-26-3,Cycloartobiloxanthone,C25H22O7,434.13655306,Artocarpus altilis (Parkinson) Fosberg,,unmapped,,,Cycloartobiloxanthone,cycloartobiloxanthone,121748-26-3,121748263,true,ok,C25H22O7,c25h22o7,434.136553,8a91c9640d5989f77eca8b79dd14537d0ac360fdc8f1ae1147f0800c103589e7,52,KNApSAcK World,https://www.knapsackfamily.com/KNApSAcK_World/,compounds_20260602_131155,2026-06-02T13:11:55+00:00,2046,0bd660d153adaf25038d2a9fe20cdfc0c0087c46f251737b0820e109e4c5b80c,review,unresolved_plant_mapping
52,C00014236,432041-07-1,Cycloaltilisin 7,C25H26O5,406.17802394,Artocarpus altilis,,unmapped,,,Cycloaltilisin 7,cycloaltilisin_7,432041-07-1,432041071,true,ok,C25H26O5,c25h26o5,406.178024,b6c3b2f01352632b5c857e44dbe44774bb973a4057463eeabc2db48a1306a5c9,52,KNApSAcK World,https://www.knapsackfamily.com/KNApSAcK_World/,compounds_20260602_131155,2026-06-02T13:11:55+00:00,2047,625e42b7e0ef6a81cce6403699e1831ce035feba2bd1df4c15390f376d6b255d,review,unresolved_plant_mapping
52,C00014638,432041-06-0,Cycloaltilisin 6,C50H58O10,818.40299807,Artocarpus altilis,,unmapped,,,Cycloaltilisin 6,cycloaltilisin_6,432041-06-0,432041060,true,ok,C50H58O10,c50h58o10,818.402998,8380be13eb07525fd53a363dc3ca9110a830bcdedff79ff37337fdfa15313a39,52,KNApSAcK World,https://www.knapsackfamily.com/KNApSAcK_World/,compounds_20260602_131155,2026-06-02T13:11:55+00:00,2048,eebd6d36817755cdcc1f460acd7b24bd2df40c07c5cf94edd50a0f61a5b41ae9,review,unresolved_plant_mapping
52,C00029731,290810-08-1,Artoindonesianin F,C19H20O4,312.13615913,Artocarpus altilis (Parkinson) Fosberg,,unmapped,,,Artoindonesianin F,artoindonesianin_f,290810-08-1,290810081,true,ok,C19H20O4,c19h20o4,312.136159,64535d8fb9d6262649c5a688a1f23f2c645fb73a03a9843d2304af89d41e77f0,52,KNApSAcK World,https://www.knapsackfamily.com/KNApSAcK_World/,compounds_20260602_131155,2026-06-02T13:11:55+00:00,2049,76d439ce1cb3a0db84a4d1e0793242c1a7c97384c064e429b28f3630143f1d62,review,unresolved_plant_mapping
52,C00029740,186824-58-8,Artonol B,C24H20O7,420.12090299,Artocarpus altilis (Parkinson) Fosberg,,unmapped,,,Artonol B,artonol_b,186824-58-8,186824588,true,ok,C24H20O7,c24h20o7,420.120903,cf67d54e960a773d41c2876ec604c3e7b6bd358a12ec985c0f436d439a146ffd,52,KNApSAcK World,https://www.knapsackfamily.com/KNApSAcK_World/,compounds_20260602_131155,2026-06-02T13:11:55+00:00,2050,909a22dd6e9ab003dd6908c954bdc1e462daf7545c856b7e4a7931cd4415c1ed,review,unresolved_plant_mapping
52,C00029937,40413-47-6,Chaplashin,C26H28O7,452.18350325,Artocarpus altilis (Parkinson) Fosberg,,unmapped,,,Chaplashin,chaplashin,40413-47-6,40413476,true,ok,C26H28O7,c26h28o7,452.183503,06d9660204a119d8190e65ac7bb56fcc9ced6c0ee9289d76d8f65fb7bc491c2b,52,KNApSAcK World,https://www.knapsackfamily.com/KNApSAcK_World/,compounds_20260602_131155,2026-06-02T13:11:55+00:00,2051,9f07c51c0cfa048d5fc8b3408a1a296beefb7a156ec9d20d35f1f602964924cb,review,unresolved_plant_mapping
52,C00030075,145682-71-9,Cyclocommunin,C25H24O6,420.1572885,Artocarpus altilis,,unmapped,,,Cyclocommunin,cyclocommunin,145682-71-9,145682719,true,ok,C25H24O6,c25h24o6,420.157288,90b983738161a136bdd987dd606c1b0a9e94ea406d5a77cb45ebcb769072a711,52,KNApSAcK World,https://www.knapsackfamily.com/KNApSAcK_World/,compounds_20260602_131155,2026-06-02T13:11:55+00:00,2052,8c159a142c2f9147c020c11d39d7e3b1b5f5d6b5a9f96aebc48655a9864840a2,review,unresolved_plant_mapping
52,C00054548,158642-43-4,"5,7-Dihydroxy-3,8-bis(3-methyl-2-butenyl)-2-(2,4,5-trihydroxyphenyl)-4H-1-benzopyran-4-one",C25H26O7,438.16785319,Artocarpus altilis,,unmapped,,,"5,7-Dihydroxy-3,8-bis(3-methyl-2-butenyl)-2-(2,4,5-trihydroxyphenyl)-4H-1-benzopyran-4-one",57dihydroxy38bis3methyl2butenyl2245trihydroxyphenyl4h1benzopyran4one,158642-43-4,158642434,true,ok,C25H26O7,c25h26o7,438.167853,2e6d06be5722d74d706280a499aac6d9f4fa24dcab370aba829a239125cf2e41,52,KNApSAcK World,https://www.knapsackfamily.com/KNApSAcK_World/,compounds_20260602_131155,2026-06-02T13:11:55+00:00,2053,ed39d8f09def1d80dd0d6d9f009b5a7dcdb5ec76d91ab76525425a7659340dfb,review,unresolved_plant_mapping
52,C00054791,943029-48-9,Artaltilin B,C25H30O6,426.20423869,Artocarpus altilis,,unmapped,,,Artaltilin B,artaltilin_b,943029-48-9,943029489,true,ok,C25H30O6,c25h30o6,426.204239,1f89242da183ab2c4a30f22af0c3c9d9e63f1fd7949531688e349f0ee5c100a3,52,KNApSAcK World,https://www.knapsackfamily.com/KNApSAcK_World/,compounds_20260602_131155,2026-06-02T13:11:55+00:00,2054,0bda6c6e31012c30ec804bc39cc8cdf0ec23e5fc7d9992dc743d21f63efd2f0a,review,unresolved_plant_mapping
52,C00054792,943029-49-0,Artaltilin C,C25H26O6,422.17293856,Artocarpus altilis,,unmapped,,,Artaltilin C,artaltilin_c,943029-49-0,943029490,true,ok,C25H26O6,c25h26o6,422.172939,6424fa3477de89b39703157537777f4a0fe8d1c4b810f28f482a293ad821a20c,52,KNApSAcK World,https://www.knapsackfamily.com/KNApSAcK_World/,compounds_20260602_131155,2026-06-02T13:11:55+00:00,2055,9db1a8cd5b65db9ba800139a5e053c918f12000845f3e6c33535d7ad844958dd,review,unresolved_plant_mapping
52,C00054793,943029-50-3,Artaltilin D,C25H28O6,424.18858863,Artocarpus altilis,,unmapped,,,Artaltilin D,artaltilin_d,943029-50-3,943029503,true,ok,C25H28O6,c25h28o6,424.188589,6ed41d9cbdc85cdc279ec5d476e02b4e129e8f8c90c07ae4df6a638dda9aba23,52,KNApSAcK World,https://www.knapsackfamily.com/KNApSAcK_World/,compounds_20260602_131155,2026-06-02T13:11:55+00:00,2056,5cb328045e8ce9ad3378841c8fa6dc9a65be089fb1860795bec7454072abd60d,review,unresolved_plant_mapping
52,C00055005,943029-51-4,Artaltilin E,C25H30O6,426.20423869,Artocarpus altilis,,unmapped,,,Artaltilin E,artaltilin_e,943029-51-4,943029514,true,ok,C25H30O6,c25h30o6,426.204239,8a9416d12c8e740c2070e130a56dac4d43e1061f5d9201fb05d0761a323b8e0b,52,KNApSAcK World,https://www.knapsackfamily.com/KNApSAcK_World/,compounds_20260602_131155,2026-06-02T13:11:55+00:00,2057,2f3fea15214926766ffa4206b173d7466ddcd9c5d92e6225375b2d903e4cb1fa,review,unresolved_plant_mapping
52,C00055456,943029-47-8,Artaltilin A,C25H28O5,408.193674,Artocarpus altilis,,unmapped,,,Artaltilin A,artaltilin_a,943029-47-8,943029478,true,ok,C25H28O5,c25h28o5,408.193674,47e44b07e6e86af1fdfbf6e1f9f18d8f5410ffc5150a2eaf6a6b47c95c5764c0,52,KNApSAcK World,https://www.knapsackfamily.com/KNApSAcK_World/,compounds_20260602_131155,2026-06-02T13:11:55+00:00,2058,32f34fbe7466eef7a91acbcd97f2362c54828c3f4c414d085917c4cc37c88c03,review,unresolved_plant_mapping
53,C00034929,697234-28-8,Artochamin D,C26H28O7,452.18350325,Artocarpus communis,fd3502a4-775b-5aa2-99ec-914e733b3ba9,mapped,raw_plant_id,plant_id,Artochamin D,artochamin_d,697234-28-8,697234288,false,checksum_failed,C26H28O7,c26h28o7,452.183503,9b3b1ec580d872bc64aef02d4d5fcc187301fbb43f6e6ffcec14f1cb2cf6ebea,53,KNApSAcK World,https://www.knapsackfamily.com/KNApSAcK_World/,compounds_20260602_131155,2026-06-02T13:11:55+00:00,2096,c908648b702f5ee385f44b73bc8ebde37ac3ab57ca3168d6ba789430edf26078,review,cas_checksum_failed
55,C00030044,1035606-13-2,Curassavioside F2,C54H80O19,1032.52938038,Asclepias curassavica,9d009ca4-cdb4-55f7-a4ca-c7d0d2d16c33,mapped,raw_plant_id,plant_id,Curassavioside F2,curassavioside_f2,1035606-13-2,1035606132,false,checksum_failed,C54H80O19,c54h80o19,1032.52938,237c8101eda015df075e536dd071262b9ee763ea9d0930b9da242d7a0c27e274,55,KNApSAcK World,https://www.knapsackfamily.com/KNApSAcK_World/,compounds_20260602_131155,2026-06-02T13:11:55+00:00,2181,0ff1e4319653fd93173d78378c0dde514776a53f916d9c141a8c9052a0558abd,review,cas_checksum_failed
67,C00002718,14364-08-0,1-Caffeoyl-beta-D-glucose,C15H18O9,342.09508217,Begonia spp.,,unmapped,,,1-Caffeoyl-beta-D-glucose,1caffeoylbetadglucose,14364-08-0,14364080,true,ok,C15H18O9,c15h18o9,342.095082,d3f3c405a7ba67650080d63a5d520cd59cd940681f9784d0cc2519228ccd36f8,67,KNApSAcK World,https://www.knapsackfamily.com/KNApSAcK_World/,compounds_20260602_131155,2026-06-02T13:11:55+00:00,2663,e47da72e7124008049060226823dc3dc18d3c79f9bb8fb6c0a0367f9e382bdaf,review,unresolved_plant_mapping
67,C00006635,,Pelargonidin 3-sambubioside,C26H29O14,565.15573064,Begonia sp.,,unmapped,,,Pelargonidin 3-sambubioside,pelargonidin_3sambubioside,,,false,missing,C26H29O14,c26h29o14,565.155731,bf513579aaa160c1b68d3e05d7c51780af0df2a977eb8a547d7fdbbf07ea2f3e,67,KNApSAcK World,https://www.knapsackfamily.com/KNApSAcK_World/,compounds_20260602_131155,2026-06-02T13:11:55+00:00,2664,94153f2e220113a17f1cc4bf8fda16a31c96974cdac55617bede533ed2482441,review,unresolved_plant_mapping
67,C00006643,,Pelargonidin 3-(2G-xylosylrutinoside),C32H39O18,711.21363945,Begonia spp.,,unmapped,,,Pelargonidin 3-(2G-xylosylrutinoside),pelargonidin_32gxylosylrutinoside,,,false,missing,C32H39O18,c32h39o18,711.213639,3fcc8c216a481cb38ec5783f21b2b3132a98154a36ecc8ad4cebc384f3727bf0,67,KNApSAcK World,https://www.knapsackfamily.com/KNApSAcK_World/,compounds_20260602_131155,2026-06-02T13:11:55+00:00,2665,43f0e13243caffd7e01b00da7c4224016f0db4cad3e02dd77e952056dd44216b,review,unresolved_plant_mapping
67,C00006671,38226-79-8,Cyanidin 3-(2G-xylosylrutinoside),C32H39O19,727.20855407,Begonia spp.,,unmapped,,,Cyanidin 3-(2G-xylosylrutinoside),cyanidin_32gxylosylrutinoside,38226-79-8,38226798,true,ok,C32H39O19,c32h39o19,727.208554,c367ad95348e2c46df7a10859ceebfaf010e3678badfc1e31a602d5ba2a7307b,67,KNApSAcK World,https://www.knapsackfamily.com/KNApSAcK_World/,compounds_20260602_131155,2026-06-02T13:11:55+00:00,2666,348bf61fe2379ead7f06c4b4539d99c25ca7f45e75bde01cb6f5ea89e8cd817a,review,unresolved_plant_mapping
67,C00006802,162972-64-7,Cyanidin 3-(6''-p-coumarylsambubioside),C35H35O17,727.1874247,Begonia spp.,,unmapped,,,Cyanidin 3-(6''-p-coumarylsambubioside),cyanidin_36pcoumarylsambubioside,162972-64-7,162972647,true,ok,C35H35O17,c35h35o17,727.187425,6c9ed5bfad7de6d68c200824fce77bceeec219073feecbe996510851ee4c9174,67,KNApSAcK World,https://www.knapsackfamily.com/KNApSAcK_World/,compounds_20260602_131155,2026-06-02T13:11:55+00:00,2667,3ece62fbb69b4d6ebed166664ae5b72b58739bc133afb296f55190aff6eecb32,review,unresolved_plant_mapping
67,C00006803,169210-08-6,Cyanidin 3-(6''-(E)-caffeylsambubioside),C35H35O18,743.18233932,Begonia spp.,,unmapped,,,Cyanidin 3-(6''-(E)-caffeylsambubioside),cyanidin_36ecaffeylsambubioside,169210-08-6,169210086,true,ok,C35H35O18,c35h35o18,743.182339,d16262b5766f4b07f27164d0fc3c0e7c360b2620da0cd006a3565354e9d1fa73,67,KNApSAcK World,https://www.knapsackfamily.com/KNApSAcK_World/,compounds_20260602_131155,2026-06-02T13:11:55+00:00,2668,02e34a844cdce2a62e88c3f8b28c2d1c98ecb6e1af2baeb8bac5ed6b458a6158,review,unresolved_plant_mapping
67,C00014762,169210-09-7,Cyanidin 3-(6''-(Z)-caffeylsambubioside),C35H35O18,743.18233932,Begonia spp.,,unmapped,,,Cyanidin 3-(6''-(Z)-caffeylsambubioside),cyanidin_36zcaffeylsambubioside,169210-09-7,169210097,true,ok,C35H35O18,c35h35o18,743.182339,f05f0817d34344a0e1a1852e32829b92af98a294591de6f157789b2816180a74,67,KNApSAcK World,https://www.knapsackfamily.com/KNApSAcK_World/,compounds_20260602_131155,2026-06-02T13:11:55+00:00,2669,7c2103cb5974274e8b150de9a2b97ca3f6c8b285a728677709ed3014eeaeaa01,review,unresolved_plant_mapping
67,C00014763,,Cyanidin 3-(6''-(Z)-p-coumarylsophoroside),C36H37O18,757.19798938,Begonia spp.,,unmapped,,,Cyanidin 3-(6''-(Z)-p-coumarylsophoroside),cyanidin_36zpcoumarylsophoroside,,,false,missing,C36H37O18,c36h37o18,757.197989,94b4aec6af96328fc45ab47a080ad24e0c5f3a10db9187c6e2a33d002598b233,67,KNApSAcK World,https://www.knapsackfamily.com/KNApSAcK_World/,compounds_20260602_131155,2026-06-02T13:11:55+00:00,2670,ccde669b6be96fd87d8291a3d7e0c916c499cd00dc1996a364e36d14beda749c,review,unresolved_plant_mapping
76,C00001028,21392-57-4,"5,7-Dimethoxyflavone",C17H14O4,282.08920894,Boesenbergia pandurata,,unmapped,,,"5,7-Dimethoxyflavone",57dimethoxyflavone,21392-57-4,21392574,true,ok,C17H14O4,c17h14o4,282.089209,3a600743702f3407e91c6eef11fa5f9e9eba3fe30c962a5e751ef7df824dc30b,76,KNApSAcK World,https://www.knapsackfamily.com/KNApSAcK_World/,compounds_20260602_131155,2026-06-02T13:11:55+00:00,2785,87c1262bb6ba243ff410460ebf737318bc153e2e5d5ddcd2369a8a67247c7803,review,unresolved_plant_mapping
76,C00001042,26964-29-4,"Galangin 3,5,7-trimethyl ether",C18H16O5,312.09977362,Boesenbergia pandurata,,unmapped,,,"Galangin 3,5,7-trimethyl ether",galangin_357trimethyl_ether,26964-29-4,26964294,true,ok,C18H16O5,c18h16o5,312.099774,4c1dd384f176714a60c7bd82e3536b532887f010ae540bc58b270ed4859fe2ca,76,KNApSAcK World,https://www.knapsackfamily.com/KNApSAcK_World/,compounds_20260602_131155,2026-06-02T13:11:55+00:00,2786,d367c9efe45109b265db4acb14d6c28c3c2cbcdbf20129c3afe75843059f9752,review,unresolved_plant_mapping
76,C00003795,520-28-5,Tectochrysin,C16H12O4,268.07355887,Boesenbergia pandurata,,unmapped,,,Tectochrysin,tectochrysin,520-28-5,520285,true,ok,C16H12O4,c16h12o4,268.073559,fd9814d6c146095d199ef64a1ed58da7a668f9a988dcc360047d87a1c1a9c68e,76,KNApSAcK World,https://www.knapsackfamily.com/KNApSAcK_World/,compounds_20260602_131155,2026-06-02T13:11:55+00:00,2787,62c3938655da69ea362eee7e330d53c67328b6947cd98e0501c241bf98cf9cc3,review,unresolved_plant_mapping
76,C00003821,5631-70-9,"5,7,4'-Trimethoxyflavone",C18H16O5,312.09977362,Boesenbergia pandurata,,unmapped,,,"5,7,4'-Trimethoxyflavone",574trimethoxyflavone,5631-70-9,5631709,true,ok,C18H16O5,c18h16o5,312.099774,f53c5c2f73ad21147432b98687a83c5816954a080dc55efabb8d325c082b685b,76,KNApSAcK World,https://www.knapsackfamily.com/KNApSAcK_World/,compounds_20260602_131155,2026-06-02T13:11:55+00:00,2788,ad17fbff3e0ef187f4fef0f4d4dcdd5bd792f09e10189a37221e99faa877e48a,review,unresolved_plant_mapping
76,C00003871,855-97-0,"5,7,3',4'-Tetramethoxyflavone",C19H18O6,342.11033831,Boesenbergia pandurata,,unmapped,,,"5,7,3',4'-Tetramethoxyflavone",5734tetramethoxyflavone,855-97-0,855970,true,ok,C19H18O6,c19h18o6,342.110338,1a7baa5da455da00afe9c0feedde8ebe33934b86c642a42fc86101a60c394194,76,KNApSAcK World,https://www.knapsackfamily.com/KNApSAcK_World/,compounds_20260602_131155,2026-06-02T13:11:55+00:00,2789,1ba5b0e561fe05b3ec70530f117539f3419d005892c2ba8e9cc3a5372b25ee6d,review,unresolved_plant_mapping
76,C00004537,70786-48-0,"5-Hydroxy-3,7-dimethoxyflavone",C17H14O5,298.08412356,Boesenbergia pandurata,,unmapped,,,"5-Hydroxy-3,7-dimethoxyflavone",5hydroxy37dimethoxyflavone,70786-48-0,70786480,true,ok,C17H14O5,c17h14o5,298.084124,e3e698004e04197a5ad47a7d9c6f2e526f6f7e0a3a12990bec1fc92da706d553,76,KNApSAcK World,https://www.knapsackfamily.com/KNApSAcK_World/,compounds_20260602_131155,2026-06-02T13:11:55+00:00,2790,c65f58179349d85edc679ca6a4d1cd2ac55df635b7b129dd061a53d1f402fa9c,review,unresolved_plant_mapping
76,C00004655,1247-97-8,"3,5,7,3',4'-Pentamethoxyflavone",C20H20O7,372.12090299,Boesenbergia pandurata,,unmapped,,,"3,5,7,3',4'-Pentamethoxyflavone",35734pentamethoxyflavone,1247-97-8,1247978,true,ok,C20H20O7,c20h20o7,372.120903,6cdb19b3757d343f53d58eceaf07f150a07ac26a31e8a334e408cacfd9313a0d,76,KNApSAcK World,https://www.knapsackfamily.com/KNApSAcK_World/,compounds_20260602_131155,2026-06-02T13:11:55+00:00,2791,c64c6cf232a420b4cb8caae29f6eb9c0c358101cc1d52c870abdb5d1258631fc,review,unresolved_plant_mapping
76,C00006934,18956-15-5,"2',6'-Dihydroxy-4'-methoxychalcone",C16H14O4,270.08920894,Boesenbergia pandurata,,unmapped,,,"2',6'-Dihydroxy-4'-methoxychalcone",26dihydroxy4methoxychalcone,18956-15-5,18956155,true,ok,C16H14O4,c16h14o4,270.089209,baafca691d3ff98c2b744ef1b244ed69a246a4d4fd877d789384b192799283d5,76,KNApSAcK World,https://www.knapsackfamily.com/KNApSAcK_World/,compounds_20260602_131155,2026-06-02T13:11:55+00:00,2792,f87de61dbcf7ac3ca505eed7568d23190d317fc6b4a19bf273cb11458aa72b51,review,unresolved_plant_mapping
76,C00006935,19309-14-9,Cardamomin,C16H14O4,270.08920894,Boesenbergia pandurata,,unmapped,,,Cardamomin,cardamomin,19309-14-9,19309149,true,ok,C16H14O4,c16h14o4,270.089209,82581b7064924a0373cf6d25197d8b30457cebc3bb5c07b8627b74d8e143800c,76,KNApSAcK World,https://www.knapsackfamily.com/KNApSAcK_World/,compounds_20260602_131155,2026-06-02T13:11:55+00:00,2793,a91b6f4f3fe7d239ce1ae18e420ca7deb6cc7266f9c54e03460b2248383606a9,review,unresolved_plant_mapping
76,C00006936,1775-97-9,Flavokawin B,C17H16O4,284.104859,Boesenbergia pandurata,,unmapped,,,Flavokawin B,flavokawin_b,1775-97-9,1775979,true,ok,C17H16O4,c17h16o4,284.104859,e3523f88d581b50c9ea53e64c6353574a66f61e7aa26cd9916259a2e6cae931b,76,KNApSAcK World,https://www.knapsackfamily.com/KNApSAcK_World/,compounds_20260602_131155,2026-06-02T13:11:55+00:00,2794,b5aeb9202df0405e26c8eb0e66127052052c4a05ed0de12b1427df9330634f48,review,unresolved_plant_mapping
76,C00006957,37308-75-1,Flavokawain C,C17H16O5,300.09977362,Boesenbergia pandurata,,unmapped,,,Flavokawain C,flavokawain_c,37308-75-1,37308751,true,ok,C17H16O5,c17h16o5,300.099774,626c873c5cded174cd952f3dbc09d516c74b1c2af81eeaec8ed1a72f3b774624,76,KNApSAcK World,https://www.knapsackfamily.com/KNApSAcK_World/,compounds_20260602_131155,2026-06-02T13:11:55+00:00,2795,0e82dffd45b037db4e52ff7ddd9315e9d910909f561f53d31d2770e8484bdc49,review,unresolved_plant_mapping
76,C00006958,3420-72-2,Flavokawin A,C18H18O5,314.11542369,Boesenbergia pandurata,,unmapped,,,Flavokawin A,flavokawin_a,3420-72-2,3420722,true,ok,C18H18O5,c18h18o5,314.115424,95f3cdac23ae71935a403d18e2478dc3d9a959881436015e00395874c63e679b,76,KNApSAcK World,https://www.knapsackfamily.com/KNApSAcK_World/,compounds_20260602_131155,2026-06-02T13:11:55+00:00,2796,1b23021a05619f8b1057ea7e30ac803a01e3c7f8188e22d71b386f1b5b59d05a,review,unresolved_plant_mapping
76,C00007131,81943-62-6,Boesenbergin A,C26H28O4,404.19875938,Boesenbergia pandurata,,unmapped,,,Boesenbergin A,boesenbergin_a,81943-62-6,81943626,true,ok,C26H28O4,c26h28o4,404.198759,ff2837eea9814364a1b5ce744ce95fe41b1f2d3272b089b603b2081d3c9e49f2,76,KNApSAcK World,https://www.knapsackfamily.com/KNApSAcK_World/,compounds_20260602_131155,2026-06-02T13:11:55+00:00,2797,b0ebb683033ee44d59e72e406d762aefb91a6681a75736dbc52d0f8399860187,review,unresolved_plant_mapping
76,C00007132,93208-46-9,Boesenbergin B,C26H28O4,404.19875938,Boesenbergia pandurata,,unmapped,,,Boesenbergin B,boesenbergin_b,93208-46-9,93208469,true,ok,C26H28O4,c26h28o4,404.198759,8fab8ce91970ff06a80167299a8805fa06d92fda2af381bea270e5d1dda787db,76,KNApSAcK World,https://www.knapsackfamily.com/KNApSAcK_World/,compounds_20260602_131155,2026-06-02T13:11:55+00:00,2798,c420bbee46ee80147fcd42894d1e802a856ef676651d69cf0d26079afdeceb33,review,unresolved_plant_mapping
76,C00007133,31759-29-2,Rubranine,C25H26O4,390.18310932,Boesenbergia pandurata,,unmapped,,,Rubranine,rubranine,31759-29-2,31759292,true,ok,C25H26O4,c25h26o4,390.183109,61adeb77a1b3788da11d4f153a5285d4a7db11c56e83b5aa78e91ccee002fa49,76,KNApSAcK World,https://www.knapsackfamily.com/KNApSAcK_World/,compounds_20260602_131155,2026-06-02T13:11:55+00:00,2799,45085db110a3b5e9d17f0faba53319c422785faa62a5c7b8414445ea21dc2e4b,review,unresolved_plant_mapping
76,C00007134,89837-52-5,(+)-Panduratin A,C26H30O4,406.21440945,Boesenbergia pandurata,,unmapped,,,(+)-Panduratin A,panduratin_a,89837-52-5,89837525,true,ok,C26H30O4,c26h30o4,406.214409,70f38f3ad3b89b07b85088990ebd1d3cff604aaf04148a393ba1ef781b9f2ea6,76,KNApSAcK World,https://www.knapsackfamily.com/KNApSAcK_World/,compounds_20260602_131155,2026-06-02T13:11:55+00:00,2800,5d96faa297afb7c52a7447bcfd206cc4bb085e19c58fd149e5c17113df914d81,review,unresolved_plant_mapping
76,C00007136,"109905-45-5,109795-00-8",Panduratin B,C36H44O4,540.32395989,Boesenbergia pandurata,,unmapped,,,Panduratin B,panduratin_b,109905-45-5,109905455,true,ok,C36H44O4,c36h44o4,540.32396,19e607ef42950fda09155daf59a38b4e71703029ea17778070cfcb5b0003bf5e,76,KNApSAcK World,https://www.knapsackfamily.com/KNApSAcK_World/,compounds_20260602_131155,2026-06-02T13:11:55+00:00,2801,d82be38e4a650b8a2be317b0ae605fb44490dea83fcba79335d24a61fecdab37,review,unresolved_plant_mapping
76,C00008143,36052-37-6,(-)-Alpinetin,C16H14O4,270.08920894,Boesenbergia pandurata,,unmapped,,,(-)-Alpinetin,alpinetin,36052-37-6,36052376,true,ok,C16H14O4,c16h14o4,270.089209,62b288944f7a33bf4fb625669a3eb8a3d9dabf6d5a2eda9e6a6ed421f0e24585,76,KNApSAcK World,https://www.knapsackfamily.com/KNApSAcK_World/,compounds_20260602_131155,2026-06-02T13:11:55+00:00,2802,c3578c87ed9a224ed4ba508d178a5eea57c4007515b064a2918a2fa426a81c76,review,unresolved_plant_mapping
76,C00008144,480-37-5,(2S)-Pinocembrin,C16H14O4,270.08920894,Boesenbergia pandurata,,unmapped,,,(2S)-Pinocembrin,2spinocembrin,480-37-5,480375,true,ok,C16H14O4,c16h14o4,270.089209,45bc60f3ebe813a6c00374d9d092f4d49f88067aa819ffcc2e330afd16bc7109,76,KNApSAcK World,https://www.knapsackfamily.com/KNApSAcK_World/,compounds_20260602_131155,2026-06-02T13:11:55+00:00,2803,d6010e2715c8609f6b94c759c0b104ab7fa822abb090d5e20e856963901351b3,review,unresolved_plant_mapping
76,C00008225,61775-19-7,"(-)-7,4'-Dihydroxy-5-methoxyflavanone",C16H14O5,286.08412356,Boesenbergia pandurata,,unmapped,,,"(-)-7,4'-Dihydroxy-5-methoxyflavanone",74dihydroxy5methoxyflavanone,61775-19-7,61775197,true,ok,C16H14O5,c16h14o5,286.084124,17807fd3ac671b69ff3ab5f745e7bf833dd4b0b6c76c7f2e0dda6a32ff352e7e,76,KNApSAcK World,https://www.knapsackfamily.com/KNApSAcK_World/,compounds_20260602_131155,2026-06-02T13:11:55+00:00,2804,029059f37db46b82e84037e69b72dfb0df896edec22ededa003362af9e806000,review,unresolved_plant_mapping
76,C00029276,459149-61-2,(-)-4-Hydroxypanduratin A,C25H28O4,392.19875938,Boesenbergia pandurata,,unmapped,,,(-)-4-Hydroxypanduratin A,4hydroxypanduratin_a,459149-61-2,459149612,true,ok,C25H28O4,c25h28o4,392.198759,3eb6b1e601682c741e83806a4973a8bcce113d0a47d556eb4c990569a16cc711,76,KNApSAcK World,https://www.knapsackfamily.com/KNApSAcK_World/,compounds_20260602_131155,2026-06-02T13:11:55+00:00,2805,5a490ff6a7bb7a8fef6a1bae797bf3d148454fcfb791d43048f428d5a244f3b8,review,unresolved_plant_mapping
76,C00029550,15345-89-8,"5,6-Dehydrokawain",C14H12O3,228.07864425,Boesenbergia pandurata,,unmapped,,,"5,6-Dehydrokawain",56dehydrokawain,15345-89-8,15345898,true,ok,C14H12O3,c14h12o3,228.078644,b5e2fc2c0a417556cb9b194f429d9bc57f7bf69b63164bdee7cae38f300891ca,76,KNApSAcK World,https://www.knapsackfamily.com/KNApSAcK_World/,compounds_20260602_131155,2026-06-02T13:11:55+00:00,2806,cc19447ea435ef0e26681db73a740624e804d5595150c650a5ebc761fd3289c4,review,unresolved_plant_mapping
76,C00038046,77222-71-0,(-)-6-Geranylpinocembrin,C25H28O4,392.19875938,Boesenbergia pandurata,,unmapped,,,(-)-6-Geranylpinocembrin,6geranylpinocembrin,77222-71-0,77222710,true,ok,C25H28O4,c25h28o4,392.198759,9405c9e6ceb28c3c52dde7d32b7f7313c00f7711eab51c47a75769d08d6c5fcb,76,KNApSAcK World,https://www.knapsackfamily.com/KNApSAcK_World/,compounds_20260602_131155,2026-06-02T13:11:55+00:00,2807,4290317fd8c69abf114977a4c38e28a26a4c4f28ff0bfcdab2752518f85c52a3,review,unresolved_plant_mapping
76,C00038059,1052164-81-4,(-)-Panduratin A,C26H30O4,406.21440945,Boesenbergia pandurata,,unmapped,,,(-)-Panduratin A,panduratin_a,1052164-81-4,1052164814,true,ok,C26H30O4,c26h30o4,406.214409,225c0d2d9ac438d849b3849f361c71d43c0b411939144caa354f3df060b8a3bb,76,KNApSAcK World,https://www.knapsackfamily.com/KNApSAcK_World/,compounds_20260602_131155,2026-06-02T13:11:55+00:00,2808,c60ace5e3d6c5c6f8de1337401988e273bbeb2d6f8406523e6305ba0ef0bd3ef,review,unresolved_plant_mapping
76,C00038060,206660-42-6,(-)-Pinocembrin,C15H12O4,256.07355887,Boesenbergia pandurata,,unmapped,,,(-)-Pinocembrin,pinocembrin,206660-42-6,206660426,true,ok,C15H12O4,c15h12o4,256.073559,85d4dbb1659dc883a819b6f411db49571e4074cfff15ff5940fa465856baeccb,76,KNApSAcK World,https://www.knapsackfamily.com/KNApSAcK_World/,compounds_20260602_131155,2026-06-02T13:11:55+00:00,2809,d43c6258a9ec94df3d39b629adddc6bf89a54ba5c451ffe898133fae9682da44,review,unresolved_plant_mapping
76,C00038090,956404-12-9,"(1'R,2'S,6'R)-2-Hydroxyisopanduratin A",C25H28O4,392.19875938,Boesenbergia pandurata,,unmapped,,,"(1'R,2'S,6'R)-2-Hydroxyisopanduratin A",1r2s6r2hydroxyisopanduratin_a,956404-12-9,956404129,true,ok,C25H28O4,c25h28o4,392.198759,6633972d24ad5a92b406be04e04f0efb8f55b5706676cfeb38d35480922571cc,76,KNApSAcK World,https://www.knapsackfamily.com/KNApSAcK_World/,compounds_20260602_131155,2026-06-02T13:11:55+00:00,2810,8afcd388d6e5785f63a6d87b39bee770f52c8ac5564beb95b655be35fe254e28,review,unresolved_plant_mapping
76,C00038094,956404-13-0,(-)-(2R)-8-Geranylpinostrobin,C26H30O4,406.21440945,Boesenbergia pandurata,,unmapped,,,(-)-(2R)-8-Geranylpinostrobin,2r8geranylpinostrobin,956404-13-0,956404130,true,ok,C26H30O4,c26h30o4,406.214409,268c323824e1f86f9bcc2c5d09a4c7f97fb0d3a6bf888930f4ede78c11ab6d3f,76,KNApSAcK World,https://www.knapsackfamily.com/KNApSAcK_World/,compounds_20260602_131155,2026-06-02T13:11:55+00:00,2811,2c4282cc4d8bd952bcb845e4c935ab30b868ad343d52d98639099b1020dca7aa,review,unresolved_plant_mapping
76,C00038097,58965-15-4,(2S)-6-Geranylpinostrobin,C26H30O4,406.21440945,Boesenbergia pandurata,,unmapped,,,(2S)-6-Geranylpinostrobin,2s6geranylpinostrobin,58965-15-4,58965154,true,ok,C26H30O4,c26h30o4,406.214409,a4464363b92f5fd5ebc956c5663b576f86da299636aa039527b37139e6582021,76,KNApSAcK World,https://www.knapsackfamily.com/KNApSAcK_World/,compounds_20260602_131155,2026-06-02T13:11:55+00:00,2812,e395a63bbae4b23063e6cb398f7259ddf1ad376214435a131812af62e6dc8f12,review,unresolved_plant_mapping
76,C00038202,956404-11-8,"2',4'-Dihydroxy-3'-(1''-geranyl)-6'-methoxychalcone",C26H30O4,406.21440945,Boesenbergia pandurata,,unmapped,,,"2',4'-Dihydroxy-3'-(1''-geranyl)-6'-methoxychalcone",24dihydroxy31geranyl6methoxychalcone,956404-11-8,956404118,true,ok,C26H30O4,c26h30o4,406.214409,8b20e4bab966d90b8515b55c522418b9602526433851c1d7119aea6d6c6aaf20,76,KNApSAcK World,https://www.knapsackfamily.com/KNApSAcK_World/,compounds_20260602_131155,2026-06-02T13:11:55+00:00,2813,6b824c00713f8469f7417fa1d2b898fd667ea6198d8d7809970ccb03a4741d21,review,unresolved_plant_mapping
76,C00039264,956404-09-4,"Geranyl-2,4-dihydroxy-6-phenethylbenzoate",C25H30O4,394.21440945,Boesenbergia pandurata,,unmapped,,,"Geranyl-2,4-dihydroxy-6-phenethylbenzoate",geranyl24dihydroxy6phenethylbenzoate,956404-09-4,956404094,true,ok,C25H30O4,c25h30o4,394.214409,7321b626440581066cdd392fa413fc7ae8a7679312428c2640ac9026ff1a68e0,76,KNApSAcK World,https://www.knapsackfamily.com/KNApSAcK_World/,compounds_20260602_131155,2026-06-02T13:11:55+00:00,2814,e589b9d1cd57efc3b446471fe0ea79d3762c6e430ce970729f5d527d0cdb06d1,review,unresolved_plant_mapping
82,C00000152,7400-08-0,p-Coumaric acid,C9H8O3,164.04734412,Bryophyllum pinnatum,,unmapped,,,p-Coumaric acid,pcoumaric_acid,7400-08-0,7400080,true,ok,C9H8O3,c9h8o3,164.047344,092a4dc020fa5774e859d471525b3e053122717b060bd5ef01431cc3570cdec1,82,KNApSAcK World,https://www.knapsackfamily.com/KNApSAcK_World/,compounds_20260602_131155,2026-06-02T13:11:55+00:00,3120,ba31e102ad8960c05ec8a6b341c9fa65b530c7468e14b7177be4f30e9dd8d818,review,unresolved_plant_mapping
82,C00000615,501-16-6,Caffeic acid,C9H8O4,180.04225874,Bryophyllum pinnatum,,unmapped,,,Caffeic acid,caffeic_acid,501-16-6,501166,true,ok,C9H8O4,c9h8o4,180.042259,ae80fbbf94ce5ffc7f12efb80ffefe363aab63e5c28c64e3dcd748d284f4d3f4,82,KNApSAcK World,https://www.knapsackfamily.com/KNApSAcK_World/,compounds_20260602_131155,2026-06-02T13:11:55+00:00,3121,b7583a07c9b06f1eaf926190a5527b35b1cac0e353c7fb075390b67798504670,review,unresolved_plant_mapping
82,C00002674,530-57-4,Syringic acid,C9H10O5,198.05282343,Bryophyllum pinnatum,,unmapped,,,Syringic acid,syringic_acid,530-57-4,530574,true,ok,C9H10O5,c9h10o5,198.052823,59bb193c86c53ca2d8a3619233819289a46f81d18e9703885512085909af577a,82,KNApSAcK World,https://www.knapsackfamily.com/KNApSAcK_World/,compounds_20260602_131155,2026-06-02T13:11:55+00:00,3122,c022146d0b6cc3b3f283a5545253a49480bb32f94ba64daf9dc4f12ae22df2ee,review,unresolved_plant_mapping
82,C00003606,105608-32-0,Bryophyllin A,C26H32O8,472.209718,Bryophyllum pinnatum,,unmapped,,,Bryophyllin A,bryophyllin_a,105608-32-0,105608320,true,ok,C26H32O8,c26h32o8,472.209718,f2c0ba8da0ecf183f8089ec642063e4317995f7c8b72dee18e811938176ca89c,82,KNApSAcK World,https://www.knapsackfamily.com/KNApSAcK_World/,compounds_20260602_131155,2026-06-02T13:11:55+00:00,3123,b12b1bb78d996d753e8fa22825583ef82cd675eec6054233736e5dff2e8aa2e3,review,unresolved_plant_mapping
82,C00004362,520-27-4,"5,7,3'-Trihydroxy-4'-methoxyflavone 7-O-rutinoside",C28H32O15,608.17412036,Bryophyllum pinnatum,,unmapped,,,"5,7,3'-Trihydroxy-4'-methoxyflavone 7-O-rutinoside",573trihydroxy4methoxyflavone_7orutinoside,520-27-4,520274,true,ok,C28H32O15,c28h32o15,608.17412,7c7389dea8423abdca9d4ec78152422ff2f56c7f59042daf26e660181770f30a,82,KNApSAcK World,https://www.knapsackfamily.com/KNApSAcK_World/,compounds_20260602_131155,2026-06-02T13:11:55+00:00,3124,2ab085818940bacab740adff4661ed4462a8e340be0f86c6bc4240137b5adfd4,review,unresolved_plant_mapping
82,C00005374,522-12-3,Quercetin 3-O-alpha-L-rhamnoside,C21H20O11,448.10056148,Bryophyllum pinnatum,,unmapped,,,Quercetin 3-O-alpha-L-rhamnoside,quercetin_3oalphalrhamnoside,522-12-3,522123,true,ok,C21H20O11,c21h20o11,448.100561,f5ac43fb6173edb13ee22cce46f07bed995dd0790a0d885fbd0c0ca8ac46ce24,82,KNApSAcK World,https://www.knapsackfamily.com/KNApSAcK_World/,compounds_20260602_131155,2026-06-02T13:11:55+00:00,3125,132945584b5eaa72c502ce4431fa0cea4c03f1540287a1bc4e4a39ad487c7e5f,review,unresolved_plant_mapping
82,C00005730,17912-87-7,Myricitrin,C21H20O12,464.09547611,Bryophyllum pinnatum,,unmapped,,,Myricitrin,myricitrin,17912-87-7,17912877,true,ok,C21H20O12,c21h20o12,464.095476,323d6dd9961c4cb98069f0b6388d8ab7eaf70abd9387922cab4abd2ff405f384,82,KNApSAcK World,https://www.knapsackfamily.com/KNApSAcK_World/,compounds_20260602_131155,2026-06-02T13:11:55+00:00,3126,f58bc8ff7be7e3e77e1716c55d1f0cc84a5206c922f7d297964c7d0da76bcfd4,review,unresolved_plant_mapping
82,C00036841,289044-62-8,Bryophyllin C,C26H34O8,474.22536806,Bryophyllum pinnatum,,unmapped,,,Bryophyllin C,bryophyllin_c,289044-62-8,289044628,true,ok,C26H34O8,c26h34o8,474.225368,9b650233f683b037b3b3a7c7e24e7f7c240f6fa9752d9ff5744ac7d07b9532af,82,KNApSAcK World,https://www.knapsackfamily.com/KNApSAcK_World/,compounds_20260602_131155,2026-06-02T13:11:55+00:00,3127,24e97fb9b1375d41e1d741942e723d758cedbe4cfc8f82a6cd1b0d4722225149,review,unresolved_plant_mapping
82,C00042323,465-21-4,Bufalin,C24H34O4,386.24570957,Bryophyllum pinnatum,,unmapped,,,Bufalin,bufalin,465-21-4,465214,true,ok,C24H34O4,c24h34o4,386.24571,44adb2231116ebdba308e13f6a74780897d477d6425175f8b39a0c6328c02c6c,82,KNApSAcK World,https://www.knapsackfamily.com/KNApSAcK_World/,compounds_20260602_131155,2026-06-02T13:11:55+00:00,3128,54cda05233df0686fdf79a86c63176a40a62e5a5bffc77e39f399f5d07ecdc24,review,unresolved_plant_mapping
82,C00052873,23044-66-8,Melianthugenin,C26H32O7,456.21480338,Bryophyllum pinnatum,,unmapped,,,Melianthugenin,melianthugenin,23044-66-8,23044668,true,ok,C26H32O7,c26h32o7,456.214803,4bee86858778ba8b610cf3c8c847fb4dc8816c108e539bef28539f1d24895630,82,KNApSAcK World,https://www.knapsackfamily.com/KNApSAcK_World/,compounds_20260602_131155,2026-06-02T13:11:55+00:00,3129,9afaa7b8e4273806732514e5b3bedd44e5eb0a97afecadb8cb106a753ee8608e,review,unresolved_plant_mapping
82,C00063740,125339-13-1,Bryophyllin B,C26H34O9,490.22028269,Bryophyllum pinnatum,,unmapped,,,Bryophyllin B,bryophyllin_b,125339-13-1,125339131,true,ok,C26H34O9,c26h34o9,490.220283,2b7682c4f38f57580335436c73e5fdde65afc02745de4215ffa2e38dafc118b4,82,KNApSAcK World,https://www.knapsackfamily.com/KNApSAcK_World/,compounds_20260602_131155,2026-06-02T13:11:55+00:00,3130,feadf572521f543d59f6c16caa7acb0d2c5b2bd9c4d3fc193e5353e9a1366ec7,review,unresolved_plant_mapping
82,C00063833,137530-89-3,25-Methyl-5alpha-ergost-24(28)-en-3beta-ol,C29H50O,414.38616622,Bryophyllum pinnatum,,unmapped,,,25-Methyl-5alpha-ergost-24(28)-en-3beta-ol,25methyl5alphaergost2428en3betaol,137530-89-3,137530893,true,ok,C29H50O,c29h50o,414.386166,e32a86217fb3392c32e451e4af7302a3f6a0fab281fb1ed7a1bb7e03dd801e56,82,KNApSAcK World,https://www.knapsackfamily.com/KNApSAcK_World/,compounds_20260602_131155,2026-06-02T13:11:55+00:00,3131,afcf15239567fa4bfdffc68813d8934e8c25ba1b39b83b59e69e807f2a0f3d1f,review,unresolved_plant_mapping
82,C00064263,29565-35-3,Bufadienolide,C24H34O2,354.25588033,Bryophyllum pinnatum,,unmapped,,,Bufadienolide,bufadienolide,29565-35-3,29565353,true,ok,C24H34O2,c24h34o2,354.25588,b956e1344e97f553391f893af8d5f6fe1fe27f481760b0b86ce10f561eff6109,82,KNApSAcK World,https://www.knapsackfamily.com/KNApSAcK_World/,compounds_20260602_131155,2026-06-02T13:11:55+00:00,3132,8d02e1e5f53df481267c710c55fcef6fabb88f5f3ca5e8ca43cbbbd8cc5792da,review,unresolved_plant_mapping
83,C00010268,474-07-7,Brazilin,C16H14O5,286.08412356,Caesalpinia crista,,unmapped,,,Brazilin,brazilin,474-07-7,474077,true,ok,C16H14O5,c16h14o5,286.084124,d9f1ddcea37cc2ac01514628e33121528b102c0bc85b66cc485d89c9072798ae,83,KNApSAcK World,https://www.knapsackfamily.com/KNApSAcK_World/,compounds_20260602_131155,2026-06-02T13:11:55+00:00,3133,9132b7733b259a7aa1487b0090dd553c1b2a04c1c4e1f5e5e242d542d4b43f60,review,unresolved_plant_mapping
83,C00029419,29934-92-7,1-Deacetoxy-1-oxocaesalmin C,C24H30O7,430.19915331,Caesalpinia crista,,unmapped,,,1-Deacetoxy-1-oxocaesalmin C,1deacetoxy1oxocaesalmin_c,29934-92-7,29934927,true,ok,C24H30O7,c24h30o7,430.199153,ad95033ac03e77c87664b8f67da91c112562678d4019113ab22e404ca4e9d707,83,KNApSAcK World,https://www.knapsackfamily.com/KNApSAcK_World/,compounds_20260602_131155,2026-06-02T13:11:55+00:00,3134,0a40f17ba5f4a26c338c8d6032fecfbe10828ac13c04c0c42c34dc435864ea85,review,unresolved_plant_mapping
83,C00029448,106533-48-6,2-Acetoxycaesaldekarin e,C26H32O8,472.209718,Caesalpinia crista,,unmapped,,,2-Acetoxycaesaldekarin e,2acetoxycaesaldekarin_e,106533-48-6,106533486,true,ok,C26H32O8,c26h32o8,472.209718,e2b3e536a636999768099895ea3fbd017d36a209254ec506e9a67c7ca789d945,83,KNApSAcK World,https://www.knapsackfamily.com/KNApSAcK_World/,compounds_20260602_131155,2026-06-02T13:11:55+00:00,3135,7653ff029a42f69d236f2ee90229eff30773dff0696f81aa193d82c217b4e2c1,review,unresolved_plant_mapping
83,C00029666,7759-26-4,alpha-Caesalpin,C24H32O8,448.209718,Caesalpinia crista,,unmapped,,,alpha-Caesalpin,alphacaesalpin,7759-26-4,7759264,true,ok,C24H32O8,c24h32o8,448.209718,8c630d9c7105c76658ecb7357ca91b17253c87918f28007b83379578466ac146,83,KNApSAcK World,https://www.knapsackfamily.com/KNApSAcK_World/,compounds_20260602_131155,2026-06-02T13:11:55+00:00,3136,a484e5411da171e17e24b146fbc03134dccb19cc1b92b4f7d216c76452a676fa,review,unresolved_plant_mapping
83,C00029835,197781-82-1,Bonducellpin A,C25H34O9,478.22028269,Caesalpinia crista,,unmapped,,,Bonducellpin A,bonducellpin_a,197781-82-1,197781821,true,ok,C25H34O9,c25h34o9,478.220283,1dfc49cf9f34ce84b81f46849e332b7f4cd8ba809dfd956450e17b8d243d15e1,83,KNApSAcK World,https://www.knapsackfamily.com/KNApSAcK_World/,compounds_20260602_131155,2026-06-02T13:11:55+00:00,3137,bfb3b003583a6f0fbedd786733d0dd931696016e2837fcd6c89861d2689f0a9d,review,unresolved_plant_mapping
83,C00029836,197781-83-2,Bonducellpin B,C23H30O8,434.19406794,Caesalpinia crista,,unmapped,,,Bonducellpin B,bonducellpin_b,197781-83-2,197781832,true,ok,C23H30O8,c23h30o8,434.194068,5f85a045dd27ee1f1462bbc6b3d56b9c15b82bbc69da17327ba80bb4707ba174,83,KNApSAcK World,https://www.knapsackfamily.com/KNApSAcK_World/,compounds_20260602_131155,2026-06-02T13:11:55+00:00,3138,bb278bf635dac65bfef598073b947d7dc71260886fe550c0bb7573d25dc25439,review,unresolved_plant_mapping
83,C00029837,197781-84-3,Bonducellpin C,C23H32O7,420.21480338,Caesalpinia crista,,unmapped,,,Bonducellpin C,bonducellpin_c,197781-84-3,197781843,true,ok,C23H32O7,c23h32o7,420.214803,609e5f8988d54a6b1e510a7ba7b532bf16ca9312dd76c6741d5c49dd6bf749e0,83,KNApSAcK World,https://www.knapsackfamily.com/KNApSAcK_World/,compounds_20260602_131155,2026-06-02T13:11:55+00:00,3139,f7a0e11d2d2b08d5927aaa7c77b19ac66625050df24025499ca42da83c85879a,review,unresolved_plant_mapping
83,C00029867,163662-67-7,Caesaldekarin e,C24H30O6,414.20423869,Caesalpinia crista,,unmapped,,,Caesaldekarin e,caesaldekarin_e,163662-67-7,163662677,true,ok,C24H30O6,c24h30o6,414.204239,cffb0d72bbd4b4e5b5b7d7ab5da8cdedde05de59bf041655b950b572c4972c54,83,KNApSAcK World,https://www.knapsackfamily.com/KNApSAcK_World/,compounds_20260602_131155,2026-06-02T13:11:55+00:00,3140,25195cd1b66371adb11fca9d59709e5c6b0ae1d55feadc610589baf917fb1b10,review,unresolved_plant_mapping
83,C00029869,204185091-1,Caesalmin E,C26H36O9,492.23593275,Caesalpinia crista,,unmapped,,,Caesalmin E,caesalmin_e,204185091-1,2041850911,false,invalid_format,C26H36O9,c26h36o9,492.235933,befeba09ec49a82f2403ea3452fbb76e7546458631ac590299863fc5708f83a6,83,KNApSAcK World,https://www.knapsackfamily.com/KNApSAcK_World/,compounds_20260602_131155,2026-06-02T13:11:55+00:00,3141,cf936eb0037462f8e5e82dfa2ce342399ac3ee3cda0310742d80212e94d489c2,review,unresolved_plant_mapping;cas_invalid_format
83,C00029870,817167-15-0,Caesalpinin C,C24H32O6,416.21988875,Caesalpinia crista,,unmapped,,,Caesalpinin C,caesalpinin_c,817167-15-0,817167150,true,ok,C24H32O6,c24h32o6,416.219889,0170ba3551c85e2a1af454927dcbd9f00128582c43da90fb5c057cdf024f0948,83,KNApSAcK World,https://www.knapsackfamily.com/KNApSAcK_World/,compounds_20260602_131155,2026-06-02T13:11:55+00:00,3142,67ecc4f1016fcb856be4bbb4f3d7599d0dc260ac1fc1243ad27fef47548f43c2,review,unresolved_plant_mapping
83,C00029871,853302-65-5,Caesalpinin D,C24H30O8,446.19406794,Caesalpinia crista,,unmapped,,,Caesalpinin D,caesalpinin_d,853302-65-5,853302655,true,ok,C24H30O8,c24h30o8,446.194068,14e2a2d3b239e5e78b89be942cbff674b9cd05b4c1c5d0097c20055bc891c58d,83,KNApSAcK World,https://www.knapsackfamily.com/KNApSAcK_World/,compounds_20260602_131155,2026-06-02T13:11:55+00:00,3143,65ee40d2ee35a1aae63f3c98271c27921e639b0ae1ec5ffe6f655f6ce2eb9b58,review,unresolved_plant_mapping
83,C00029872,197781-85-4,Caesalpinin H,C22H28O7,404.18350325,Caesalpinia crista,,unmapped,,,Caesalpinin H,caesalpinin_h,197781-85-4,197781854,true,ok,C22H28O7,c22h28o7,404.183503,983df9eb80b3c189b03edaa89bb45921f04fe4b397b72f7625b078a5ef35d837,83,KNApSAcK World,https://www.knapsackfamily.com/KNApSAcK_World/,compounds_20260602_131155,2026-06-02T13:11:55+00:00,3144,83472a9ec9efc993bedc6e435a1a891f347a657be5c7d3f6d7b5ad9d0c8e0bf3,review,unresolved_plant_mapping
83,C00029873,853302-51-9,Caesalpinin I,C22H26O7,402.16785319,Caesalpinia crista,,unmapped,,,Caesalpinin I,caesalpinin_i,853302-51-9,853302519,true,ok,C22H26O7,c22h26o7,402.167853,c354168be6fad46a24226d2cc3e57d986d55a722fb115ba1f153144908542659,83,KNApSAcK World,https://www.knapsackfamily.com/KNApSAcK_World/,compounds_20260602_131155,2026-06-02T13:11:55+00:00,3145,96daf9b6bf635a3a6d864544590bf87ac93130caed3f9b1fc464600c399fd12e,review,unresolved_plant_mapping
83,C00029874,853302-52-0,Caesalpinin J,C25H32O9,476.20463262,Caesalpinia crista,,unmapped,,,Caesalpinin J,caesalpinin_j,853302-52-0,853302520,true,ok,C25H32O9,c25h32o9,476.204633,95f3dc160bcc8438be864b3961ed5d7e492d01393c06654f9d76547bee23257a,83,KNApSAcK World,https://www.knapsackfamily.com/KNApSAcK_World/,compounds_20260602_131155,2026-06-02T13:11:55+00:00,3146,44c97191e6ef5b85af0c716714993f787f1de7189ea9703e9c413631764faa5a,review,unresolved_plant_mapping
83,C00029875,468733-36-0,Caesalpinin K,C22H32O5,376.22497413,Caesalpinia crista,,unmapped,,,Caesalpinin K,caesalpinin_k,468733-36-0,468733360,true,ok,C22H32O5,c22h32o5,376.224974,e3b63287276352f8c6c0cd8d43992185a73a88c94c9ef1cc89bf5f4ca188c407,83,KNApSAcK World,https://www.knapsackfamily.com/KNApSAcK_World/,compounds_20260602_131155,2026-06-02T13:11:55+00:00,3147,d512e3cd4bd2644515b271574a7d5d565afb08143b5cc8bb6d68cacb7ba88729,review,unresolved_plant_mapping
83,C00029876,886216-82-6,Caesalpinin L,C24H34O7,434.23045344,Caesalpinia crista,,unmapped,,,Caesalpinin L,caesalpinin_l,886216-82-6,886216826,true,ok,C24H34O7,c24h34o7,434.230453,31ff9cf42455a6cee33d0b31a8ea97d2d72a42e9f027465567e3784357ced74e,83,KNApSAcK World,https://www.knapsackfamily.com/KNApSAcK_World/,compounds_20260602_131155,2026-06-02T13:11:55+00:00,3148,3051246b74dc3ce9adcfa43fff74ba3388bb58cc2d04f76444a541dca482bfc2,review,unresolved_plant_mapping
83,C00029877,853302-54-2,Caesalpinin M,C25H34O9,478.22028269,Caesalpinia crista,,unmapped,,,Caesalpinin M,caesalpinin_m,853302-54-2,853302542,true,ok,C25H34O9,c25h34o9,478.220283,8a54adaa2d1449bb60e20fef9dc8e0eda89b7f89b53f1244f457e4e8da15a1d2,83,KNApSAcK World,https://www.knapsackfamily.com/KNApSAcK_World/,compounds_20260602_131155,2026-06-02T13:11:55+00:00,3149,db0cbfdbaf279475017d297d79a5fe09b31d753d41bab5bb39b9be898db6a27b,review,unresolved_plant_mapping
83,C00029878,853302-55-3,Caesalpinin N,C22H30O6,390.20423869,Caesalpinia crista,,unmapped,,,Caesalpinin N,caesalpinin_n,853302-55-3,853302553,true,ok,C22H30O6,c22h30o6,390.204239,f7ec34fd730ff7091c735c7d6cc79b6921f71b8f5bd3ea94ff52ece7dcfc8619,83,KNApSAcK World,https://www.knapsackfamily.com/KNApSAcK_World/,compounds_20260602_131155,2026-06-02T13:11:55+00:00,3150,224e134e83ec7fd063cdddde8dd68fe9112d0e6bb86b57242b6b32b3b7756cd5,review,unresolved_plant_mapping
83,C00029879,853302-56-4,Caesalpinin O,C22H28O7,404.18350325,Caesalpinia crista,,unmapped,,,Caesalpinin O,caesalpinin_o,853302-56-4,853302564,true,ok,C22H28O7,c22h28o7,404.183503,dd4704ad6d116f4aeb55e3025c37dec9c54bb50a9ead8b476cc74b94a2087709,83,KNApSAcK World,https://www.knapsackfamily.com/KNApSAcK_World/,compounds_20260602_131155,2026-06-02T13:11:55+00:00,3151,87ca3bc66c20f0c7314d7792a1870f131e80faaad4637ec9ad5f0e4f0c9f6173,review,unresolved_plant_mapping
83,C00029880,886216-83-7,Caesalpinin P,C24H32O6,416.21988875,Caesalpinia crista,,unmapped,,,Caesalpinin P,caesalpinin_p,886216-83-7,886216837,true,ok,C24H32O6,c24h32o6,416.219889,62e628c7d46e57a5e335488ada014897e680704f58bbb234656a5dbeba5c5594,83,KNApSAcK World,https://www.knapsackfamily.com/KNApSAcK_World/,compounds_20260602_131155,2026-06-02T13:11:55+00:00,3152,2cc039400a330b84f996c6769efc7f4a86d6770b572187e2f40f39a18656d495,review,unresolved_plant_mapping
83,C00030832,854038-96-3,Norcaesalpinin E,C21H28O6,376.18858863,Caesalpinia crista,,unmapped,,,Norcaesalpinin E,norcaesalpinin_e,854038-96-3,854038963,true,ok,C21H28O6,c21h28o6,376.188589,8bb0a90a14e1d137a42f2db8bacfe2f0697b3ff7aeb23098e6b369b664d7c9ae,83,KNApSAcK World,https://www.knapsackfamily.com/KNApSAcK_World/,compounds_20260602_131155,2026-06-02T13:11:55+00:00,3153,f696696e8c74191afaa1f8c3f710b3e0850ba36b3c42c53652c706f791a78e5b,review,unresolved_plant_mapping
83,C00030833,886216-84-8,Norcaesalpinin F,C21H26O7,390.16785319,Caesalpinia crista,,unmapped,,,Norcaesalpinin F,norcaesalpinin_f,886216-84-8,886216848,true,ok,C21H26O7,c21h26o7,390.167853,29c2e9758e23a4f018280c3eb7f815d1f87849b6080e12197a8056f8b992b658,83,KNApSAcK World,https://www.knapsackfamily.com/KNApSAcK_World/,compounds_20260602_131155,2026-06-02T13:11:55+00:00,3154,9a43bfe93160d4d80ba890dd1b00923113b21aaa5997756b4c09b298783049df,review,unresolved_plant_mapping
83,C00031542,18326-06-2,2-Acetoxy-3-deacetoxycaesaldekarin e,C24H30O6,414.20423869,Caesalpinia crista,,unmapped,,,2-Acetoxy-3-deacetoxycaesaldekarin e,2acetoxy3deacetoxycaesaldekarin_e,18326-06-2,18326062,true,ok,C24H30O6,c24h30o6,414.204239,cac8cbd2783ad4c092707e0f13d30402dcf5f080c738747714bbdf7a6330f1d3,83,KNApSAcK World,https://www.knapsackfamily.com/KNApSAcK_World/,compounds_20260602_131155,2026-06-02T13:11:55+00:00,3155,945b9e6a39c2b3358409ec33b961101854e4fc28130b4726576251adc896476d,review,unresolved_plant_mapping
83,C00031644,29934-86-9,Caesalmin C,C26H34O8,474.22536806,Caesalpinia crista,,unmapped,,,Caesalmin C,caesalmin_c,29934-86-9,29934869,true,ok,C26H34O8,c26h34o8,474.225368,89222686eedf644bf96a0b2dd034a00d8c7d40c72c82f163289bcd6aabf88ab4,83,KNApSAcK World,https://www.knapsackfamily.com/KNApSAcK_World/,compounds_20260602_131155,2026-06-02T13:11:55+00:00,3156,94fd4fd70eab64b914dfe34f0640b223befab13496a0237a6dfd233e38e46eb0,review,unresolved_plant_mapping
83,C00032062,538357-65-2,Neocaesalpin H,C20H28O5,348.193674,Caesalpinia crista L.,,unmapped,,,Neocaesalpin H,neocaesalpin_h,538357-65-2,538357652,true,ok,C20H28O5,c20h28o5,348.193674,18bf626586de4e59aa38170167e0a957675ec1580b4d0d13adeab70d3f71a043,83,KNApSAcK World,https://www.knapsackfamily.com/KNApSAcK_World/,compounds_20260602_131155,2026-06-02T13:11:55+00:00,3157,c25e40bf2e00c468a37be43c933e7dffb7f2d89ef5f6eb91e82397e3ae61de64,review,unresolved_plant_mapping
83,C00032063,864059-49-4,Neocaesalpin I,C20H26O4,330.18310932,Caesalpinia crista L.,,unmapped,,,Neocaesalpin I,neocaesalpin_i,864059-49-4,864059494,true,ok,C20H26O4,c20h26o4,330.183109,72e2693515d4fbaaa97642acb9deab3bbbe4cf543b1db57d8107dc99d1cbc711,83,KNApSAcK World,https://www.knapsackfamily.com/KNApSAcK_World/,compounds_20260602_131155,2026-06-02T13:11:55+00:00,3158,13e8cc4ba7c9fbec1e8c7422b693ae603d5ade66e50e794f84848a2951e8a246,review,unresolved_plant_mapping
83,C00036857,352658-23-2,Caesalmin B,C22H28O6,388.18858863,Caesalpinia crista,,unmapped,,,Caesalmin B,caesalmin_b,352658-23-2,352658232,true,ok,C22H28O6,c22h28o6,388.188589,79ab50922e056b501c10061277f26cb6845c95dd9dfa752aadda302291ada062,83,KNApSAcK World,https://www.knapsackfamily.com/KNApSAcK_World/,compounds_20260602_131155,2026-06-02T13:11:55+00:00,3159,30e486e88eb63119b9ca6181bdd8efea45a1849cfd52ffc8ad2bdd120f4c6019,review,unresolved_plant_mapping
83,C00042168,197781-86-5,7-Acetoxybonducellpin C,C25H34O8,462.22536806,Caesalpinia crista,,unmapped,,,7-Acetoxybonducellpin C,7acetoxybonducellpin_c,197781-86-5,197781865,true,ok,C25H34O8,c25h34o8,462.225368,018c8a0b3ee97479211605e11ae14ce84fc9d4914704848334060fcd468afdf8,83,KNApSAcK World,https://www.knapsackfamily.com/KNApSAcK_World/,compounds_20260602_131155,2026-06-02T13:11:55+00:00,3160,9fdeabfbfcf933f3642fd41a7df6c8cc904f8860665431a5ab3da63746839593,review,unresolved_plant_mapping
83,C00042324,374907-47-8,Caesalmin G,C20H26O5,346.17802394,Caesalpinia crista,,unmapped,,,Caesalmin G,caesalmin_g,374907-47-8,374907478,true,ok,C20H26O5,c20h26o5,346.178024,55e2c92a14a27cc088701a48a644467e833afa45f56c6e405c41544becb4f39c,83,KNApSAcK World,https://www.knapsackfamily.com/KNApSAcK_World/,compounds_20260602_131155,2026-06-02T13:11:55+00:00,3161,e8fdb17a90809c85cd7c501851f1dae01b737695f3d91527c0e1b0e089dc505d,review,unresolved_plant_mapping
83,C00042325,106533-45-3,Caesalpin F,C26H36O9,492.23593275,Caesalpinia crista,,unmapped,,,Caesalpin F,caesalpin_f,106533-45-3,106533453,true,ok,C26H36O9,c26h36o9,492.235933,605090390cb4e2ef5a5ace18cd8a2d5dc5ac93b178a66d5bdbfce1e0b5d3f381,83,KNApSAcK World,https://www.knapsackfamily.com/KNApSAcK_World/,compounds_20260602_131155,2026-06-02T13:11:55+00:00,3162,ef4b05fbfcb0b00c9cecc04ed1a4a4c81a7af092ec3fae69bfc42330266ea332,review,unresolved_plant_mapping
83,C00042326,817167-40-1,Caesalpinin E,C25H34O8,462.22536806,Caesalpinia crista,,unmapped,,,Caesalpinin E,caesalpinin_e,817167-40-1,817167401,true,ok,C25H34O8,c25h34o8,462.225368,92e8a73525d1f16f3d0409ada7bc9b85df2a03c38952e4386aa045ca5d230b32,83,KNApSAcK World,https://www.knapsackfamily.com/KNApSAcK_World/,compounds_20260602_131155,2026-06-02T13:11:55+00:00,3163,ff227847fc61cf4dd67ce1e9571b54913fa50e225034d684c586e179dd32aea6,review,unresolved_plant_mapping
83,C00042327,853302-66-6,Caesalpinin F,C23H30O7,418.19915331,Caesalpinia crista,,unmapped,,,Caesalpinin F,caesalpinin_f,853302-66-6,853302666,true,ok,C23H30O7,c23h30o7,418.199153,26c813978c139dd44fb43f88c4c0c8b8bbe037558d0893fac9a16c84e8fa083f,83,KNApSAcK World,https://www.knapsackfamily.com/KNApSAcK_World/,compounds_20260602_131155,2026-06-02T13:11:55+00:00,3164,28b843a21ffb0e8aa38b21bb9a3d3385f9fa77619d06a9a2af32b1bbbb641da4,review,unresolved_plant_mapping
83,C00042328,853908-27-7,Caesalpinin G,C24H30O8,446.19406794,Caesalpinia crista,,unmapped,,,Caesalpinin G,caesalpinin_g,853908-27-7,853908277,true,ok,C24H30O8,c24h30o8,446.194068,f81b3c11d30b4ce0aa4ba236f9f86cf962ce054c3e59c666628d23cc23f4eb12,83,KNApSAcK World,https://www.knapsackfamily.com/KNApSAcK_World/,compounds_20260602_131155,2026-06-02T13:11:55+00:00,3165,a31f8015a01cdf6ee24b2fadcece3e525dfce69d7835aacb38d89cd6328c86b0,review,unresolved_plant_mapping
83,C00042788,617713-32-3,Norcaesalpinin A,C23H30O7,418.19915331,Caesalpinia crista,,unmapped,,,Norcaesalpinin A,norcaesalpinin_a,617713-32-3,617713323,true,ok,C23H30O7,c23h30o7,418.199153,facb763ca94e2b09398303a05a3df49c1c7504ceac503fe0eb0eb25224123d48,83,KNApSAcK World,https://www.knapsackfamily.com/KNApSAcK_World/,compounds_20260602_131155,2026-06-02T13:11:55+00:00,3166,31d45e26cb6a02b699c2cc13f869fc33c3a691a3170538b20f81c8011cc09a34,review,unresolved_plant_mapping
83,C00042789,617713-33-4,Norcaesalpinin B,C23H30O7,418.19915331,Caesalpinia crista,,unmapped,,,Norcaesalpinin B,norcaesalpinin_b,617713-33-4,617713334,true,ok,C23H30O7,c23h30o7,418.199153,52c221eacc51028804b15428383197970cbe86274303ec3ea87d5811bc34b47b,83,KNApSAcK World,https://www.knapsackfamily.com/KNApSAcK_World/,compounds_20260602_131155,2026-06-02T13:11:55+00:00,3167,e6366230c876897582af2318960631078137be4261308808b706baf6ad93b939,review,unresolved_plant_mapping
83,C00042790,617713-34-5,Norcaesalpinin C,C23H30O7,418.19915331,Caesalpinia crista,,unmapped,,,Norcaesalpinin C,norcaesalpinin_c,617713-34-5,617713345,true,ok,C23H30O7,c23h30o7,418.199153,6c204e7a83f5ec43cea617dcef9aca2f321da0ff62d93c98b0774a95bf143aa7,83,KNApSAcK World,https://www.knapsackfamily.com/KNApSAcK_World/,compounds_20260602_131155,2026-06-02T13:11:55+00:00,3168,dd1d89e4459b2aea4463140a737d51705f6b5216152591f6d8a5f31351701bec,review,unresolved_plant_mapping
83,C00042791,854038-95-2,Norcaesalpinin D,C25H32O9,476.20463262,Caesalpinia crista,,unmapped,,,Norcaesalpinin D,norcaesalpinin_d,854038-95-2,854038952,true,ok,C25H32O9,c25h32o9,476.204633,b28485afc43885300b8cce140b80a146d352f4b30f890236ee1210ef777c42f3,83,KNApSAcK World,https://www.knapsackfamily.com/KNApSAcK_World/,compounds_20260602_131155,2026-06-02T13:11:55+00:00,3169,2f104925a94269728936f7adf06f1da282f939233f0d0cdfa6d84a78418dca6d,review,unresolved_plant_mapping
83,C00043331,817168-09-5,Caesalpinin MA,C24H34O6,418.23553882,Caesalpinia crista,,unmapped,,,Caesalpinin MA,caesalpinin_ma,817168-09-5,817168095,true,ok,C24H34O6,c24h34o6,418.235539,6d41613353167c15266a64b7094b4ad3eb4c8812dbf5a606e247e73fd349124a,83,KNApSAcK World,https://www.knapsackfamily.com/KNApSAcK_World/,compounds_20260602_131155,2026-06-02T13:11:55+00:00,3170,f8eb1b94b70df65f5bf16033689fb96a33a53b36dd614632e7dc59b53c5d0f90,review,unresolved_plant_mapping
83,C00043332,817168-13-1,Caesalpinin MB,C23H32O6,404.21988875,Caesalpinia crista,,unmapped,,,Caesalpinin MB,caesalpinin_mb,817168-13-1,817168131,true,ok,C23H32O6,c23h32o6,404.219889,283679cd3ef0e6fb15007d0838ab364c9a45a893aa529c9323a478b6fbbe8b2e,83,KNApSAcK World,https://www.knapsackfamily.com/KNApSAcK_World/,compounds_20260602_131155,2026-06-02T13:11:55+00:00,3171,21a693f6916e2e65de030b7da6e9f97455f3eea5b45a26f5dd350f9b8c2ec3e4,review,unresolved_plant_mapping
83,C00043333,817168-14-2,Caesalpinin MC,C24H32O6,416.21988875,Caesalpinia crista,,unmapped,,,Caesalpinin MC,caesalpinin_mc,817168-14-2,817168142,true,ok,C24H32O6,c24h32o6,416.219889,83a0d19a95f90a3dfb20f56a74e54466feddb4a0e3ec80a7c842e95c9c39c847,83,KNApSAcK World,https://www.knapsackfamily.com/KNApSAcK_World/,compounds_20260602_131155,2026-06-02T13:11:55+00:00,3172,5076ce5d07381e78975f12fd84819c411c09a2ffd563bcaa2087dfd0a1c81175,review,unresolved_plant_mapping
83,C00043334,817168-15-3,Caesalpinin MD,C26H34O8,474.22536806,Caesalpinia crista,,unmapped,,,Caesalpinin MD,caesalpinin_md,817168-15-3,817168153,true,ok,C26H34O8,c26h34o8,474.225368,83876f4afffbd947f07d1fd736aee023e1c74ac23ec54a7ed8eeb51cd334cf88,83,KNApSAcK World,https://www.knapsackfamily.com/KNApSAcK_World/,compounds_20260602_131155,2026-06-02T13:11:55+00:00,3173,19625bfabea29207b633898d95abcec4a2f83989559fd7f912d5628a22e50db0,review,unresolved_plant_mapping
83,C00043335,817168-17-5,Caesalpinin ME,C24H32O6,416.21988875,Caesalpinia crista,,unmapped,,,Caesalpinin ME,caesalpinin_me,817168-17-5,817168175,true,ok,C24H32O6,c24h32o6,416.219889,63e5fa0c1ad5b9a19e78013a84da7841e39e9035de9ea5c513d7069f42966fe7,83,KNApSAcK World,https://www.knapsackfamily.com/KNApSAcK_World/,compounds_20260602_131155,2026-06-02T13:11:55+00:00,3174,283f4c724e8ad023805ccbc8f84ab4a55fdec609de719a2e62fd62c52dc5d179,review,unresolved_plant_mapping
83,C00043780,817168-18-6,Norcaesalpinin MA,C23H30O7,418.19915331,Caesalpinia crista,,unmapped,,,Norcaesalpinin MA,norcaesalpinin_ma,817168-18-6,817168186,true,ok,C23H30O7,c23h30o7,418.199153,6996cdd3263396ac8133313863f9704403a3d359b0743fd9911a14156db21746,83,KNApSAcK World,https://www.knapsackfamily.com/KNApSAcK_World/,compounds_20260602_131155,2026-06-02T13:11:55+00:00,3175,1ddd2e07a83ee5b4855a3f85dd52458d69a40045eae0c25dd75e8513a70f2bc3,review,unresolved_plant_mapping
83,C00043781,817168-20-0,Norcaesalpinin MB,C25H32O9,476.20463262,Caesalpinia crista,,unmapped,,,Norcaesalpinin MB,norcaesalpinin_mb,817168-20-0,817168200,true,ok,C25H32O9,c25h32o9,476.204633,2a542da0fc2f992ea17eb6b9889c81e756d5728c2fd3d48c66f5fed931cf34f0,83,KNApSAcK World,https://www.knapsackfamily.com/KNApSAcK_World/,compounds_20260602_131155,2026-06-02T13:11:55+00:00,3176,ebea458c040a57a9a678b68c4c52cf0da7cb05c0401715aff247641dd4eeb7e8,review,unresolved_plant_mapping
83,C00043782,817168-22-2,Norcaesalpinin MC,C25H32O9,476.20463262,Caesalpinia crista,,unmapped,,,Norcaesalpinin MC,norcaesalpinin_mc,817168-22-2,817168222,true,ok,C25H32O9,c25h32o9,476.204633,bffb2347e3bcef03c6a2de9bb21c163bf7f878c9ad2289d130ca12f85d37800c,83,KNApSAcK World,https://www.knapsackfamily.com/KNApSAcK_World/,compounds_20260602_131155,2026-06-02T13:11:55+00:00,3177,1a43c3416d2b260c0019d10ef9ce812a4b672d1b60a369c6f46b021473b20918,review,unresolved_plant_mapping
93,C00002739,487-11-6,Elemicin,C12H16O3,208.10994438,Canarium commune,,unmapped,,,Elemicin,elemicin,487-11-6,487116,true,ok,C12H16O3,c12h16o3,208.109944,56e1e82f1015be1b8dbce6e8d84dc3c8b50f3d1310c2dd61b113c20ffe666edf,93,KNApSAcK World,https://www.knapsackfamily.com/KNApSAcK_World/,compounds_20260602_131155,2026-06-02T13:11:55+00:00,3843,7ac2d19da6a22b34ea4d1eff59fa69a7a79dbd4ca28f73a7d4a55c8fbd04a80f,review,unresolved_plant_mapping
96,C00043345,816456-992,Canusesnol F,C15H22O4,266.15180919,Capsicum annuum,c477b8f8-e78f-5e79-a309-76b5966d0a24,mapped,raw_plant_id,plant_id,Canusesnol F,canusesnol_f,816456-992,816456992,false,invalid_format,C15H22O4,c15h22o4,266.151809,6606ffe6c076c8f0e0a3503bebef9b5d009f58bef8874fda4f1f1b920bec3816,96,KNApSAcK World,https://www.knapsackfamily.com/KNApSAcK_World/,compounds_20260602_131155,2026-06-02T13:11:55+00:00,4213,fd040002f0f11d0c5c3ba5f237465b75b872251e5687a152f414509ce50ac3b6,review,cas_invalid_format
100,C00000555,518-82-1,Emodin,C15H10O5,270.05282343,Cassia alata L.,,unmapped,,,Emodin,emodin,518-82-1,518821,true,ok,C15H10O5,c15h10o5,270.052823,7026547f24d26fa938cea7c18777592646af5d0d48b238f783eb0503dfba6ef0,100,KNApSAcK World,https://www.knapsackfamily.com/KNApSAcK_World/,compounds_20260602_131155,2026-06-02T13:11:55+00:00,4955,0a241165b1f9bf55f03ad48486a8c636902b20a29ea846d59d036c9b46612f62,review,unresolved_plant_mapping
100,C00000568,481-74-3,Chrysophanol,C15H10O4,254.05790881,Cassia alata L.,,unmapped,,,Chrysophanol,chrysophanol,481-74-3,481743,true,ok,C15H10O4,c15h10o4,254.057909,9870d89eaef59f679f0602292425bf641bad7cd5fe0418727b83c385aa5b6918,100,KNApSAcK World,https://www.knapsackfamily.com/KNApSAcK_World/,compounds_20260602_131155,2026-06-02T13:11:55+00:00,4956,c0e2fcc09b028cd4ebe9378c8f1fe66ee32a845852fd96c7d545ee8814400fbb,review,unresolved_plant_mapping
100,C00001029,491-71-4,Chrysoeriol,C16H12O6,300.06338812,Cassia alata,,unmapped,,,Chrysoeriol,chrysoeriol,491-71-4,491714,true,ok,C16H12O6,c16h12o6,300.063388,144e62223527b02d0de939293e984e87be551fb61ca45634e4e416fecdafb39c,100,KNApSAcK World,https://www.knapsackfamily.com/KNApSAcK_World/,compounds_20260602_131155,2026-06-02T13:11:55+00:00,4957,66e4179650344fb43c4396f1049de54b0b2918f0ea67aa0940b34f4b8d3c78ad,review,unresolved_plant_mapping
100,C00001233,57-10-3,Palmitic acid,C16H32O2,256.24023027,Cassia alata,,unmapped,,,Palmitic acid,palmitic_acid,57-10-3,57103,true,ok,C16H32O2,c16h32o2,256.24023,19eb81fcc69453f1ec39eab00f0f5c41cab92f596a8d475175900c3ba472a092,100,KNApSAcK World,https://www.knapsackfamily.com/KNApSAcK_World/,compounds_20260602_131155,2026-06-02T13:11:55+00:00,4958,97500d797771bc1ab1c3e42c1aaf1eba503fece7b8b650f939d2c33e1ee57ee8,review,unresolved_plant_mapping
100,C00001238,57-11-4,Octadecanoic acid,C18H36O2,284.27153039,Cassia alata,,unmapped,,,Octadecanoic acid,octadecanoic_acid,57-11-4,57114,true,ok,C18H36O2,c18h36o2,284.27153,45ff965d6c3df09860f3d6a0649460af09ea053dc66c5f3ae5839c0d9a3449b6,100,KNApSAcK World,https://www.knapsackfamily.com/KNApSAcK_World/,compounds_20260602_131155,2026-06-02T13:11:55+00:00,4959,426e80ee3ae89fa4ab50679c5359f1af31901b3b505c6371ea1c01590a50c730,review,unresolved_plant_mapping
100,C00001269,593-50-0,1-Triacontanol,C30H62O,438.4800666,Cassia alata,,unmapped,,,1-Triacontanol,1triacontanol,593-50-0,593500,true,ok,C30H62O,c30h62o,438.480067,2f53281435db08f3b811ad2ef03e2dc3d4728dbce4f4fa59b55356d8e34470af,100,KNApSAcK World,https://www.knapsackfamily.com/KNApSAcK_World/,compounds_20260602_131155,2026-06-02T13:11:55+00:00,4960,7c3e9b562a9e811cb83afebfaa8f24a8f3b120f4cda4f3315fd0bf90ce1c339f,review,unresolved_plant_mapping
100,C00002861,478-43-3,Rhein,C15H8O6,284.03208799,Cassia alata L.,,unmapped,,,Rhein,rhein,478-43-3,478433,true,ok,C15H8O6,c15h8o6,284.032088,aca64a2044028adf43b73b2a2f8a096d060f5aaceaa9361496ae5d5d429a825f,100,KNApSAcK World,https://www.knapsackfamily.com/KNApSAcK_World/,compounds_20260602_131155,2026-06-02T13:11:55+00:00,4961,e7995e7517b15caa26302e520a2687d1add0435d37b5b696c89c8aa4bd9540f1,review,unresolved_plant_mapping
100,C00004344,,Luteolin 3'-methyl ether 7-mannosyl-(1->2)-alloside,C28H32O16,624.16903498,Cassia alata,,unmapped,,,Luteolin 3'-methyl ether 7-mannosyl-(1->2)-alloside,luteolin_3methyl_ether_7mannosyl12alloside,,,false,missing,C28H32O16,c28h32o16,624.169035,88142dafabdaa63b32ffce8c4164ca3a0dd1beafe24c442c4867322fcfc53a9c,100,KNApSAcK World,https://www.knapsackfamily.com/KNApSAcK_World/,compounds_20260602_131155,2026-06-02T13:11:55+00:00,4962,016e0fd1a25aa62db0da203d4c50951dea437751d91ee57c026321cde1343a0c,review,unresolved_plant_mapping
100,C00004565,520-18-3,Kaempferol,C15H10O6,286.04773805,Cassia alata,,unmapped,,,Kaempferol,kaempferol,520-18-3,520183,true,ok,C15H10O6,c15h10o6,286.047738,2f5a98625f46bf971357f2687ede9ed72d48bdeb101170986ceb6bf13d863ee1,100,KNApSAcK World,https://www.knapsackfamily.com/KNApSAcK_World/,compounds_20260602_131155,2026-06-02T13:11:55+00:00,4963,b6205b8f37c159a447519ca09ec8223b92923e8ac1da2b9e40875a498b53d604,review,unresolved_plant_mapping
100,C00004631,117-39-5,Quercetin,C15H10O7,302.04265268,Cassia alata,,unmapped,,,Quercetin,quercetin,117-39-5,117395,true,ok,C15H10O7,c15h10o7,302.042653,59a66fae605955bc549ad827c74cef4080b109d7ff1ae88fc313d4c84552fbed,100,KNApSAcK World,https://www.knapsackfamily.com/KNApSAcK_World/,compounds_20260602_131155,2026-06-02T13:11:55+00:00,4964,20b590e6e35623380d8b4d0df793dbc829caac1ff7549d916557e9890d215639,review,unresolved_plant_mapping
100,C00005509,137830-19-4,Rhamnetin 3-mannosyl-(1->2)-alloside,C28H32O17,640.1639496,Cassia alata,,unmapped,,,Rhamnetin 3-mannosyl-(1->2)-alloside,rhamnetin_3mannosyl12alloside,137830-19-4,137830194,true,ok,C28H32O17,c28h32o17,640.16395,94aac3a47e744f76c1b25ed207cfae022b1c4a7617366ac3172367eaf1574a59,100,KNApSAcK World,https://www.knapsackfamily.com/KNApSAcK_World/,compounds_20260602_131155,2026-06-02T13:11:55+00:00,4965,da63c29d2ed97d2ecbbde811bbf6e6af04fbedb436c85f653ac6c7113c0ee21c,review,unresolved_plant_mapping
100,C00042481,6624-79-9,1-Dotriacontanol,C32H66O,466.51136673,Cassia alata,,unmapped,,,1-Dotriacontanol,1dotriacontanol,6624-79-9,6624799,true,ok,C32H66O,c32h66o,466.511367,a635a0b511be408c1b4f84159a8be2b169156ea535eb0250194d3d78240795b4,100,KNApSAcK World,https://www.knapsackfamily.com/KNApSAcK_World/,compounds_20260602_131155,2026-06-02T13:11:55+00:00,4966,dfbf67b6bcb7ab292e939401e1e2ef63df3cd738b08587173add89e54736b09e,review,unresolved_plant_mapping
100,C00063607,1034252-10-2,Chrobisiamone A,C26H24O8,464.14711774,Cassia alata,,unmapped,,,Chrobisiamone A,chrobisiamone_a,1034252-10-2,1034252102,true,ok,C26H24O8,c26h24o8,464.147118,9f9fa81d65ee018d8a0e6eb70531c6f394b34558308a4c964544fc34d5cc7890,100,KNApSAcK World,https://www.knapsackfamily.com/KNApSAcK_World/,compounds_20260602_131155,2026-06-02T13:11:55+00:00,4967,829cac0e597ba390f9049908981be4a515e42c2b6b00c4d843937733a1565aa8,review,unresolved_plant_mapping
107,C00000485,73618-74-3,Obtusin,C15H19Br3O3,483.88843317,Cassia tora,,unmapped,,,Obtusin,obtusin,73618-74-3,73618743,true,ok,C15H19Br3O3,c15h19br3o3,483.888433,93de3130df39a9d64a359faa0a77df97a86a8af4a5e536587ac7543aa5e44aa4,107,KNApSAcK World,https://www.knapsackfamily.com/KNApSAcK_World/,compounds_20260602_131155,2026-06-02T13:11:55+00:00,5079,187c2ee56efd57809486b5d9a6ff9db4a1a220d036fc3c128597717a3c40933f,review,unresolved_plant_mapping
107,C00000555,518-82-1,Emodin,C15H10O5,270.05282343,Cassia tora L.,,unmapped,,,Emodin,emodin,518-82-1,518821,true,ok,C15H10O5,c15h10o5,270.052823,8a236cf4aea732afebf0031fb0b97f97d6b2c61a4f7023f4e2684ac9430a71d8,107,KNApSAcK World,https://www.knapsackfamily.com/KNApSAcK_World/,compounds_20260602_131155,2026-06-02T13:11:55+00:00,5080,defc67d85db0dd3a24a162a679e4597db896be0d302cc8bb1041393220a887e2,review,unresolved_plant_mapping
107,C00000568,481-74-3,Chrysophanol,C15H10O4,254.05790881,Cassia tora,,unmapped,,,Chrysophanol,chrysophanol,481-74-3,481743,true,ok,C15H10O4,c15h10o4,254.057909,d36f17c83cc65060daf8aab2ee0d63bb412e1edf5c1a132b3c754d34a7c7ead4,107,KNApSAcK World,https://www.knapsackfamily.com/KNApSAcK_World/,compounds_20260602_131155,2026-06-02T13:11:55+00:00,5081,fc03133a10e3c553df038a5a9f5403d4adb97f1b67b308907b21754427c04585,review,unresolved_plant_mapping
107,C00002445,3567-00-8,Rubrofusarin,C15H12O5,272.06847349,Cassia tora,,unmapped,,,Rubrofusarin,rubrofusarin,3567-00-8,3567008,true,ok,C15H12O5,c15h12o5,272.068473,9db1ee814b68fc4d1385941c32d762b33993965317e5880e9a3ce7b6d8b57cd6,107,KNApSAcK World,https://www.knapsackfamily.com/KNApSAcK_World/,compounds_20260602_131155,2026-06-02T13:11:55+00:00,5082,9d093effd4f45afa2ad96c66816a9475ccc7f714a9beabe8f1255a591040e53f,review,unresolved_plant_mapping
107,C00002789,481-72-1,Aloe emodin,C15H10O5,270.05282343,Cassia tora,,unmapped,,,Aloe emodin,aloe_emodin,481-72-1,481721,true,ok,C15H10O5,c15h10o5,270.052823,f01fd6872486a8a0695f4b7f6f010985bd37256014caef6bfb3914aa44573882,107,KNApSAcK World,https://www.knapsackfamily.com/KNApSAcK_World/,compounds_20260602_131155,2026-06-02T13:11:55+00:00,5083,70fcc90b772e44efd707c1e1ae2b7988f0d82d21046ad54dbbbe21b08afdb08c,review,unresolved_plant_mapping
107,C00002805,96820-54-1,Chryso-obtusin glucoside,C25H28O12,520.15807636,Cassia tora,,unmapped,,,Chryso-obtusin glucoside,chrysoobtusin_glucoside,96820-54-1,96820541,true,ok,C25H28O12,c25h28o12,520.158076,1a80b45c1d2bbb893d58ff730df463cf5bac4f6eda319bd69be306221d5d14a1,107,KNApSAcK World,https://www.knapsackfamily.com/KNApSAcK_World/,compounds_20260602_131155,2026-06-02T13:11:55+00:00,5084,467bce13d54435ffb84c79efabf98f7e19cdf337ed48bdf702794e0e7099f34c,review,unresolved_plant_mapping
107,C00002848,120163-18-0,Obtusifolin 2-glucoside,C22H22O10,446.12129692,Cassia tora,,unmapped,,,Obtusifolin 2-glucoside,obtusifolin_2glucoside,120163-18-0,120163180,true,ok,C22H22O10,c22h22o10,446.121297,cabd52a097e7f32a8956ab7f2691698ec3daa040298abc71632d680164a6e76f,107,KNApSAcK World,https://www.knapsackfamily.com/KNApSAcK_World/,compounds_20260602_131155,2026-06-02T13:11:55+00:00,5085,f046f7026c473cff30a8c5b27606154b94d9be78484f9c309abf84bcbae0be44,review,unresolved_plant_mapping
107,C00002861,478-43-3,Rhein,C15H8O6,284.03208799,Cassia tora,,unmapped,,,Rhein,rhein,478-43-3,478433,true,ok,C15H8O6,c15h8o6,284.032088,741f61a57ce445dfefe7ec90c7b90fe6964faa2813d3e58fe5ea0a095e45b2e3,107,KNApSAcK World,https://www.knapsackfamily.com/KNApSAcK_World/,compounds_20260602_131155,2026-06-02T13:11:55+00:00,5086,407a2c6fee572351630fcec947436cd88212a3de1d9b72b89965a110ab1206bc,review,unresolved_plant_mapping
107,C00004266,5373-11-5,Cinaroside,C21H20O11,448.10056148,Cassia tora,,unmapped,,,Cinaroside,cinaroside,5373-11-5,5373115,true,ok,C21H20O11,c21h20o11,448.100561,a3929c137656df75432ab53a439f23c0261c71dbe9929f6798de63a0fde4ddd7,107,KNApSAcK World,https://www.knapsackfamily.com/KNApSAcK_World/,compounds_20260602_131155,2026-06-02T13:11:55+00:00,5087,a90f1460dff3c692bffb74e6d8bb9f2e7fdf7e94a23331a6f27e125c8972e75e,review,unresolved_plant_mapping
107,C00004565,520-18-3,Kaempferol,C15H10O6,286.04773805,Cassia tora,,unmapped,,,Kaempferol,kaempferol,520-18-3,520183,true,ok,C15H10O6,c15h10o6,286.047738,4a7b350a064e6fb6979028c8343a409012a959c986b0163955c8da2645b3d742,107,KNApSAcK World,https://www.knapsackfamily.com/KNApSAcK_World/,compounds_20260602_131155,2026-06-02T13:11:55+00:00,5088,eb696835f7b1977b441dc2127e3184aeb6612eeae6eaaa2487a4224562d0fc7d,review,unresolved_plant_mapping
107,C00004779,90332-28-8,"3,5,8,3',4',5'-Hexahydroxyflavone",C15H10O8,318.0375673,Cassia tora,,unmapped,,,"3,5,8,3',4',5'-Hexahydroxyflavone",358345hexahydroxyflavone,90332-28-8,90332288,true,ok,C15H10O8,c15h10o8,318.037567,6d85cfc58b03986bf34c79890c0e5158edde9cf63970b9a15e23b59d76023d29,107,KNApSAcK World,https://www.knapsackfamily.com/KNApSAcK_World/,compounds_20260602_131155,2026-06-02T13:11:55+00:00,5089,1e51939fb8f0a47fa905592706addf699c424bdc60eaadf9f8bffc9aedf89c08,review,unresolved_plant_mapping
107,C00019420,521-61-9,Physcion,C16H12O5,284.06847349,Cassia tora,,unmapped,,,Physcion,physcion,521-61-9,521619,true,ok,C16H12O5,c16h12o5,284.068473,911a3a64069c6c0352640ef5c153df5f88879fc45e678a84b647cd56511e2e95,107,KNApSAcK World,https://www.knapsackfamily.com/KNApSAcK_World/,compounds_20260602_131155,2026-06-02T13:11:55+00:00,5090,922e2b236ced8ee3a25f8d71963d05b0728b8d1539afb9a347c6bded08037bc4,review,unresolved_plant_mapping
107,C00029576,23520-25-4,6-Hydroxymusizin,C13H12O4,232.07355887,Cassia tora,,unmapped,,,6-Hydroxymusizin,6hydroxymusizin,23520-25-4,23520254,true,ok,C13H12O4,c13h12o4,232.073559,a69ae6e5c1915292a772bb93fe131357b84aa577a89b23bd0775a0893e678f84,107,KNApSAcK World,https://www.knapsackfamily.com/KNApSAcK_World/,compounds_20260602_131155,2026-06-02T13:11:55+00:00,5091,8c635ca80b80683759bea295fce0287bb59b0f142ad5fe20b58b608899cfbc90,review,unresolved_plant_mapping
107,C00030836,3566-98-1,Nor-rubrofusarin,C14H10O5,258.05282343,Cassia tora,,unmapped,,,Nor-rubrofusarin,norrubrofusarin,3566-98-1,3566981,true,ok,C14H10O5,c14h10o5,258.052823,b50aa6d98d928502d9addc31e7e3e954233297c98eeee6bcb5719a5deeb4b377,107,KNApSAcK World,https://www.knapsackfamily.com/KNApSAcK_World/,compounds_20260602_131155,2026-06-02T13:11:55+00:00,5092,af1277ef07518a1513432954eeda3c8b20bee70b0e98d4717529ce5c6f937a17,review,unresolved_plant_mapping
107,C00032364,41743-74-2,Toralactone,C15H12O5,272.06847349,Cassia tora,,unmapped,,,Toralactone,toralactone,41743-74-2,41743742,true,ok,C15H12O5,c15h12o5,272.068473,1212433e77856aad0427ad3dc0fb2e6bed9f0c0e586f4cf756cf0af6828dada8,107,KNApSAcK World,https://www.knapsackfamily.com/KNApSAcK_World/,compounds_20260602_131155,2026-06-02T13:11:55+00:00,5093,3db0fd5bde78d542cfd6144948505f00fa4693a08e74c23f8f8ecc5cd17a2795,review,unresolved_plant_mapping
107,C00037918,22649-04-3,Torachrysone,C14H14O4,246.08920894,Cassia tora,,unmapped,,,Torachrysone,torachrysone,22649-04-3,22649043,true,ok,C14H14O4,c14h14o4,246.089209,eb0c0d3f6866c4c9d5868b295ad37016e041b2ac4e417c1fdad7261d8fa0b756,107,KNApSAcK World,https://www.knapsackfamily.com/KNApSAcK_World/,compounds_20260602_131155,2026-06-02T13:11:55+00:00,5094,3b440dd088d7e399e2d3e24798e11554bb4357c2334f4ef1616ca72a12f46552,review,unresolved_plant_mapping
107,C00050559,491-59-8,Chrysarobin,C15H12O3,240.07864425,Cassia tora,,unmapped,,,Chrysarobin,chrysarobin,491-59-8,491598,true,ok,C15H12O3,c15h12o3,240.078644,1e1225e8b69cd5695152ea8834e7948a673402c7eb999e69651219356ea66e56,107,KNApSAcK World,https://www.knapsackfamily.com/KNApSAcK_World/,compounds_20260602_131155,2026-06-02T13:11:55+00:00,5095,b50f89c1cabd8241c2c2b7ba9109b06736e8a1080a2162eb092f46d6378926c2,review,unresolved_plant_mapping
107,C00054109,120181-08-0,Chrysophanol 1-tetraglucoside,C39H50O24,902.26920253,Cassia tora,,unmapped,,,Chrysophanol 1-tetraglucoside,chrysophanol_1tetraglucoside,120181-08-0,120181080,true,ok,C39H50O24,c39h50o24,902.269203,ce833548ce66a66c752e29af9a76ab546037e2ba51a38b28b1eb9b8c7ad0cb1d,107,KNApSAcK World,https://www.knapsackfamily.com/KNApSAcK_World/,compounds_20260602_131155,2026-06-02T13:11:55+00:00,5096,9ec0b782ccd7ca654825cd0a7c004c75dcded879a020b666364d9ffdb657b6cf,review,unresolved_plant_mapping
107,C00054110,120181-07-9,Chrysophanol 1-triglucoside,C33H40O19,740.2163791,Cassia tora,,unmapped,,,Chrysophanol 1-triglucoside,chrysophanol_1triglucoside,120181-07-9,120181079,true,ok,C33H40O19,c33h40o19,740.216379,d5e08df7b0a70300a4a116259e91bc6fd973a6b1f6d519b64b3214d0457a5bf3,107,KNApSAcK World,https://www.knapsackfamily.com/KNApSAcK_World/,compounds_20260602_131155,2026-06-02T13:11:55+00:00,5097,5cad8cc90568e338d95516aa6f7d4b582f8ffce6b0a97defa7fe425fd2ebe717,review,unresolved_plant_mapping
107,C00054111,54944-38-6,Chrysophanol 8-gentiobioside,C27H30O14,578.16355567,Cassia tora,,unmapped,,,Chrysophanol 8-gentiobioside,chrysophanol_8gentiobioside,54944-38-6,54944386,true,ok,C27H30O14,c27h30o14,578.163556,8701b070ad39737c4e2198f77989dcf70c78a70c34a1f43bcb478c34e59ba0b0,107,KNApSAcK World,https://www.knapsackfamily.com/KNApSAcK_World/,compounds_20260602_131155,2026-06-02T13:11:55+00:00,5098,64808b03ef7da2eb2a00b5c7a6e4368b782de034b15f6e45ff5dc3e573b3074b,review,unresolved_plant_mapping
107,C00054245,641-90-7,Alaternin,C15H10O6,286.04773805,Cassia tora,,unmapped,,,Alaternin,alaternin,641-90-7,641907,true,ok,C15H10O6,c15h10o6,286.047738,695e08d6ddad4c7bb79ff643cbca40480a14ea0702cf3ea07a0cc4a75cf282e9,107,KNApSAcK World,https://www.knapsackfamily.com/KNApSAcK_World/,compounds_20260602_131155,2026-06-02T13:11:55+00:00,5099,00d120884e4c8e66d7a712a9e52d9b7b2b466a683c72244873a9071819db9f9a,review,unresolved_plant_mapping
107,C00054311,170384-73-3,Cassitoroside,C25H32O14,556.17920573,Cassia tora,,unmapped,,,Cassitoroside,cassitoroside,170384-73-3,170384733,true,ok,C25H32O14,c25h32o14,556.179206,f4614a17522ce8c494cb0489dc50c3228bd198ea56e96d00e3b0942c6f8567e0,107,KNApSAcK World,https://www.knapsackfamily.com/KNApSAcK_World/,compounds_20260602_131155,2026-06-02T13:11:55+00:00,5100,ad95f242f9c2a7ad969fc3e15242d7dbd8e82ac85f0160d6a4c554101c484097,review,unresolved_plant_mapping
107,C00054730,13709-03-0,Cassiaside,C20H20O10,420.10564686,Cassia tora,,unmapped,,,Cassiaside,cassiaside,13709-03-0,13709030,true,ok,C20H20O10,c20h20o10,420.105647,3c2b84ef7779121af60723f4bfa26e16f5169672c44d346a4147a8c4f74cd502,107,KNApSAcK World,https://www.knapsackfamily.com/KNApSAcK_World/,compounds_20260602_131155,2026-06-02T13:11:55+00:00,5101,fe3ff45fe576ea9d492e924375089b03f8ac416cfa497d7a91a6bc34b76eec54,review,unresolved_plant_mapping
107,C00054888,200127-93-1,10-O-Demethylflavasperone 10-gentiobioside,C27H32O15,596.17412036,Cassia tora,,unmapped,,,10-O-Demethylflavasperone 10-gentiobioside,10odemethylflavasperone_10gentiobioside,200127-93-1,200127931,true,ok,C27H32O15,c27h32o15,596.17412,17f9150948cff68c8602dc0e224c407c1a7232e80bf493c2ca5b15380ce3eaf7,107,KNApSAcK World,https://www.knapsackfamily.com/KNApSAcK_World/,compounds_20260602_131155,2026-06-02T13:11:55+00:00,5102,ed6bd04ebdb2540b48092c677c332a51f311ca2fe0547d68dddc347231dd251e,review,unresolved_plant_mapping
107,C00055015,119170-51-3,Cassiaside B,C26H30O14,566.16355567,Cassia tora,,unmapped,,,Cassiaside B,cassiaside_b,119170-51-3,119170513,true,ok,C26H30O14,c26h30o14,566.163556,d4b032a0e378edc3db36a5dd487bdf628e04d1a4530d43b64b1bc9412b810192,107,KNApSAcK World,https://www.knapsackfamily.com/KNApSAcK_World/,compounds_20260602_131155,2026-06-02T13:11:55+00:00,5103,cd6c641a1c0044a4f5371229faa64ef61c56d68140ca40be16b15a77a65b43ab,review,unresolved_plant_mapping
107,C00055016,218155-40-9,Cassiaside B2,C39H52O25,920.27976722,Cassia tora,,unmapped,,,Cassiaside B2,cassiaside_b2,218155-40-9,218155409,true,ok,C39H52O25,c39h52o25,920.279767,a9c586e4b9920e3fbf3e70eab6579cad1ccae781a08d5cdd4eacd6a23c5ddc50,107,KNApSAcK World,https://www.knapsackfamily.com/KNApSAcK_World/,compounds_20260602_131155,2026-06-02T13:11:55+00:00,5104,59efaa4b56d69e9f17f2eb9d75371f079960410c59c67b277013b871ee2a33d5,review,unresolved_plant_mapping
107,C00055328,119170-52-4,Cassiaside C,C27H32O15,596.17412036,Cassia tora,,unmapped,,,Cassiaside C,cassiaside_c,119170-52-4,119170524,true,ok,C27H32O15,c27h32o15,596.17412,3106283f45947ad068e04832540e2711fedba49b20f9e9d24a063df215761007,107,KNApSAcK World,https://www.knapsackfamily.com/KNApSAcK_World/,compounds_20260602_131155,2026-06-02T13:11:55+00:00,5105,f585a5520019b5a7bd3b958b6181a404e6023d9148fbbbf342ff27137c409838,review,unresolved_plant_mapping
107,C00055351,70588-06-6,Chrysoobtusin,C19H18O7,358.10525293,Cassia tora,,unmapped,,,Chrysoobtusin,chrysoobtusin,70588-06-6,70588066,true,ok,C19H18O7,c19h18o7,358.105253,db920ae5f81329ed87f56a43579d79dd29660c96c5a611efe3c632cd52406009,107,KNApSAcK World,https://www.knapsackfamily.com/KNApSAcK_World/,compounds_20260602_131155,2026-06-02T13:11:55+00:00,5106,f45120475f1a43775c3744675a4ab3506834bcaa888fda87d8170956e2c243c3,review,unresolved_plant_mapping
107,C00057282,245724-08-7,Norrubrofusarin 6-beta-gentiobioside,C26H30O15,582.15847029,Cassia tora,,unmapped,,,Norrubrofusarin 6-beta-gentiobioside,norrubrofusarin_6betagentiobioside,245724-08-7,245724087,true,ok,C26H30O15,c26h30o15,582.15847,2fa947ad79b801b3850350715befb939e34ef1b347e462e931b2f657e3fc9aa4,107,KNApSAcK World,https://www.knapsackfamily.com/KNApSAcK_World/,compounds_20260602_131155,2026-06-02T13:11:55+00:00,5107,4782a887bcad2838e6765d6ac1261ab228e43d67de71658449b9880a9d486aed,review,unresolved_plant_mapping
107,C00057283,24577-90-0,Rubrofusarin 6-gentiobioside,C27H32O15,596.17412036,Cassia tora,,unmapped,,,Rubrofusarin 6-gentiobioside,rubrofusarin_6gentiobioside,24577-90-0,24577900,true,ok,C27H32O15,c27h32o15,596.17412,284505dd03b8a6857e653df1095eb156ca0be1202c7f539df08995c5b330dea3,107,KNApSAcK World,https://www.knapsackfamily.com/KNApSAcK_World/,compounds_20260602_131155,2026-06-02T13:11:55+00:00,5108,94204e79dea69142c22fb7078b85b1a28beccdac94733375a9d7ba7f0fa2e302,review,unresolved_plant_mapping
107,C00058046,245724-09-8,Torachrysone 8-beta-gentiobioside,C26H34O14,570.1948558,Cassia tora,,unmapped,,,Torachrysone 8-beta-gentiobioside,torachrysone_8betagentiobioside,245724-09-8,245724098,true,ok,C26H34O14,c26h34o14,570.194856,20119b80053dc4616bc7d513488c33991ea6198ac0ef83cea928a2901f1c6c54,107,KNApSAcK World,https://www.knapsackfamily.com/KNApSAcK_World/,compounds_20260602_131155,2026-06-02T13:11:55+00:00,5109,e07b72ca578e1d7be0f81aff1244dc4213c919796e3531617b121db718187832,review,unresolved_plant_mapping
107,C00058047,245724-11-2,Torachrysone 8-(2-apiosylglucoside),C25H32O13,540.18429111,Cassia tora,,unmapped,,,Torachrysone 8-(2-apiosylglucoside),torachrysone_82apiosylglucoside,245724-11-2,245724112,true,ok,C25H32O13,c25h32o13,540.184291,7d31f111dec42282cbad47c4425b8afecf93230009c44e16a8a3db6c4b9cd943,107,KNApSAcK World,https://www.knapsackfamily.com/KNApSAcK_World/,compounds_20260602_131155,2026-06-02T13:11:55+00:00,5110,80f2f09dcf18097fad3741cfc10e21fa58b37b9bc437d17a7db503921e48b93e,review,unresolved_plant_mapping
107,C00058104,38934-17-7,"1,3,5-Trihydroxy-6,7-dimethoxy-2-methylanthraquinone",C17H14O7,330.0739528,Cassia tora,,unmapped,,,"1,3,5-Trihydroxy-6,7-dimethoxy-2-methylanthraquinone",135trihydroxy67dimethoxy2methylanthraquinone,38934-17-7,38934177,true,ok,C17H14O7,c17h14o7,330.073953,cba00acee63e86212c7a2057905bf55e5b1a26c80b87c3911381130dca888b8e,107,KNApSAcK World,https://www.knapsackfamily.com/KNApSAcK_World/,compounds_20260602_131155,2026-06-02T13:11:55+00:00,5111,b535dac2197e98eab9775adb2efce762715a3b51ca59d120b3e8f62852450d28,review,unresolved_plant_mapping
120,C00000956,490-46-0,(-)-Epicatechin,C15H14O6,290.07903818,Cinnamomum cassia Blume.,,unmapped,,,(-)-Epicatechin,epicatechin,490-46-0,490460,true,ok,C15H14O6,c15h14o6,290.079038,bcf0dc5ae89dbf806bb6e61b093e2015d775d8195e924c10592a3f3df2ec0e37,120,KNApSAcK World,https://www.knapsackfamily.com/KNApSAcK_World/,compounds_20260602_131155,2026-06-02T13:11:55+00:00,5627,2044960f1505b4c303661ee0242dc8dfcd3184a2c9c601ae9210a66d5b23cb76,review,unresolved_plant_mapping
120,C00002460,91-64-5,Coumarin,C9H6O2,146.03677944,Cinnamomum cassia,,unmapped,,,Coumarin,coumarin,91-64-5,91645,true,ok,C9H6O2,c9h6o2,146.036779,6e6ef7d02d394b0cce590ffdf2ba717f934bfd48cf9b54423c14df845392a660,120,KNApSAcK World,https://www.knapsackfamily.com/KNApSAcK_World/,compounds_20260602_131155,2026-06-02T13:11:55+00:00,5628,031331f39dc1f501709f757cf12b088e409a48add66977a2e8ceb5646e089094,review,unresolved_plant_mapping
120,C00002668,99-50-3,"3,4-Dihydroxybenzoic acid",C7H6O4,154.02660868,Cinnamomum cassia,,unmapped,,,"3,4-Dihydroxybenzoic acid",34dihydroxybenzoic_acid,99-50-3,99503,true,ok,C7H6O4,c7h6o4,154.026609,1139f50c003430298dde5b125cd5dcc54522c7ab586d1dc75c3944b79d8c1618,120,KNApSAcK World,https://www.knapsackfamily.com/KNApSAcK_World/,compounds_20260602_131155,2026-06-02T13:11:55+00:00,5629,5ef8dd66806b609cdd2d65f2eaa8d16679c2c812a4c640cd77272cf47b9bcac3,review,unresolved_plant_mapping
120,C00002725,104-55-2,Cinnamaldehyde,C9H8O,132.05751488,Cinnamomum cassia,,unmapped,,,Cinnamaldehyde,cinnamaldehyde,104-55-2,104552,true,ok,C9H8O,c9h8o,132.057515,ebce5cbb18ed9ed52e695a54297e6a0e2c0c0acee628437824b2ba1de6173492,120,KNApSAcK World,https://www.knapsackfamily.com/KNApSAcK_World/,compounds_20260602_131155,2026-06-02T13:11:55+00:00,5630,6c6d06e155d5337ea3587a7d21ff0055b9e94ed524d2123fc105ff1db2c459ca,review,unresolved_plant_mapping
120,C00002728,458-36-6,Coniferaldehyde,C10H10O3,178.06299419,Cinnamomum cassia,,unmapped,,,Coniferaldehyde,coniferaldehyde,458-36-6,458366,true,ok,C10H10O3,c10h10o3,178.062994,8f89f22d5c549679d9335543cbfa4ca96b6122df6bfe1af1fd95ffada8a01c0e,120,KNApSAcK World,https://www.knapsackfamily.com/KNApSAcK_World/,compounds_20260602_131155,2026-06-02T13:11:55+00:00,5631,d3c852d35aba9b3d165790f3f71bb0ce27b822ab5077e9d96f000904d9559958,review,unresolved_plant_mapping
120,C00002756,495-78-6,Melilotic acid,C9H10O3,166.06299419,Cinnamomum cassia,,unmapped,,,Melilotic acid,melilotic_acid,495-78-6,495786,false,checksum_failed,C9H10O3,c9h10o3,166.062994,83ca13bab1c790df55a1c8f6f9ef70dbeb11c4ba8d54d9881679e1fd829e4659,120,KNApSAcK World,https://www.knapsackfamily.com/KNApSAcK_World/,compounds_20260602_131155,2026-06-02T13:11:55+00:00,5632,ce2c73ce4a51546338a4fb347183767687ada67cb24893f0e3cb3881d9fd826f,review,unresolved_plant_mapping;cas_checksum_failed
120,C00002918,88847-05-6,Epicatechin-(4beta->8)5-epicatechin,C90H74O36,1730.39597876,Cinnamomum cassia,,unmapped,,,Epicatechin-(4beta->8)5-epicatechin,epicatechin4beta85epicatechin,88847-05-6,88847056,true,ok,C90H74O36,c90h74o36,1730.395979,44ff9229fc15a2e170400835ddc7c97260a08840f4c915e6bfb7f1f91a836651,120,KNApSAcK World,https://www.knapsackfamily.com/KNApSAcK_World/,compounds_20260602_131155,2026-06-02T13:11:55+00:00,5633,c2a7f9fba04b68a913b57172c3091d5d81ef069fa598f0e210467f06fee64883,review,unresolved_plant_mapping
120,C00006326,103215-59-4,6-C-Glucopyranosylprocyanidin B2,C36H36O17,740.19524973,Cinnamomum cassia,,unmapped,,,6-C-Glucopyranosylprocyanidin B2,6cglucopyranosylprocyanidin_b2,103215-59-4,103215594,true,ok,C36H36O17,c36h36o17,740.19525,42db0befed2e5eceb6489eb29d7b1728ccaf9cc7e2059da2d52d4e690713ee10,120,KNApSAcK World,https://www.knapsackfamily.com/KNApSAcK_World/,compounds_20260602_131155,2026-06-02T13:11:55+00:00,5634,c13eb2961dfeeac3f1ddbbea50623bde3884df798a0a601f13003c04e23ade08,review,unresolved_plant_mapping
120,C00006327,103215-58-3,8-C-Glucopyranosylprocyanidin B2,C36H36O17,740.19524973,Cinnamomum cassia,,unmapped,,,8-C-Glucopyranosylprocyanidin B2,8cglucopyranosylprocyanidin_b2,103215-58-3,103215583,true,ok,C36H36O17,c36h36o17,740.19525,2531f3f413d50586c82a2307ba5ed725dccb4a9d0ab53c54840c58de2e3b886c,120,KNApSAcK World,https://www.knapsackfamily.com/KNApSAcK_World/,compounds_20260602_131155,2026-06-02T13:11:55+00:00,5635,4182c62fce3b961d951f8845561774a06767aa07e8bada4f1d40a217cb1b2e39,review,unresolved_plant_mapping
120,C00006356,103215-49-2,6-C-Glucopyranosylepicatechin,C21H24O11,452.13186161,Cinnamomum cassia,,unmapped,,,6-C-Glucopyranosylepicatechin,6cglucopyranosylepicatechin,103215-49-2,103215492,true,ok,C21H24O11,c21h24o11,452.131862,5379381bdb367be067ee9a79d6548f8248674c1930567f0a4654eb073af34c04,120,KNApSAcK World,https://www.knapsackfamily.com/KNApSAcK_World/,compounds_20260602_131155,2026-06-02T13:11:55+00:00,5636,4c28629bbe16ddbb9cf45bddb4619ff8e48a3bfdedf9374f8dee36608f48cc6c,review,unresolved_plant_mapping
120,C00006357,103215-48-1,8-C-Glucopyranosylepicatechin,C21H24O11,452.13186161,Cinnamomum cassia,,unmapped,,,8-C-Glucopyranosylepicatechin,8cglucopyranosylepicatechin,103215-48-1,103215481,true,ok,C21H24O11,c21h24o11,452.131862,3c644b1d7cfacb1f747ad25298678034a5a798ed534a44d679f0b08adf790fbb,120,KNApSAcK World,https://www.knapsackfamily.com/KNApSAcK_World/,compounds_20260602_131155,2026-06-02T13:11:55+00:00,5637,36e2fe5f969d6452fbcfa889feea23650d60b264accd32cbf627aa982ff798c4,review,unresolved_plant_mapping
120,C00008809,76549-34-3,Symplocosidin,C16H16O6,304.09468824,Cinnamomum cassia,,unmapped,,,Symplocosidin,symplocosidin,76549-34-3,76549343,true,ok,C16H16O6,c16h16o6,304.094688,4afa37eb9d32578df32dd335a7f646ca8e05ef0544284489711f4c48dc41e7c2,120,KNApSAcK World,https://www.knapsackfamily.com/KNApSAcK_World/,compounds_20260602_131155,2026-06-02T13:11:55+00:00,5638,bf23613c4b05e16273b19cb05c61d5174b176a424cbf48c84055701bfcc78df8,review,unresolved_plant_mapping
120,C00008810,69912-75-0,Catechin 4'-methyl ether,C16H16O6,304.09468824,Cinnamomum cassia,,unmapped,,,Catechin 4'-methyl ether,catechin_4methyl_ether,69912-75-0,69912750,true,ok,C16H16O6,c16h16o6,304.094688,45faec87a43bce79a5de22b931b4d2dc9ff270ac83739ae6f9253a0ba14be7ab,120,KNApSAcK World,https://www.knapsackfamily.com/KNApSAcK_World/,compounds_20260602_131155,2026-06-02T13:11:55+00:00,5639,f5ab2465ca5f94cd5496660803b93177e4378fde7cf9b11e0c49f4d962b2b400,review,unresolved_plant_mapping
120,C00008811,97914-18-6,"Epicatechin 5,3'-dimethyl ether",C17H18O6,318.11033831,Cinnamomum cassia,,unmapped,,,"Epicatechin 5,3'-dimethyl ether",epicatechin_53dimethyl_ether,97914-18-6,97914186,true,ok,C17H18O6,c17h18o6,318.110338,d0878e929f5201f31b263d06472a21d0d959f8b890bea6ffa0598eac2738858b,120,KNApSAcK World,https://www.knapsackfamily.com/KNApSAcK_World/,compounds_20260602_131155,2026-06-02T13:11:55+00:00,5640,e26f39bb8820eacb6d8c2bfab6c48a0936dc42002a5b64bfcc256d6e0a816a11,review,unresolved_plant_mapping
120,C00008812,105330-66-3,"Catechin 7,4'-dimethyl ether",C17H18O6,318.11033831,Cinnamomum cassia,,unmapped,,,"Catechin 7,4'-dimethyl ether",catechin_74dimethyl_ether,105330-66-3,105330663,true,ok,C17H18O6,c17h18o6,318.110338,018b43e61c4b1e40aaac741804f0911e435c396fe10ffe023f6ae731e696e373,120,KNApSAcK World,https://www.knapsackfamily.com/KNApSAcK_World/,compounds_20260602_131155,2026-06-02T13:11:55+00:00,5641,d8b017784942afaa5125a932743b9f8349099067f6e4cb9ba1fea2fd4f7bbfd9,review,unresolved_plant_mapping
120,C00008815,97914-19-7,"Epicatechin 5,7,3'-trimethyl ether",C18H20O6,332.12598837,Cinnamomum cassia,,unmapped,,,"Epicatechin 5,7,3'-trimethyl ether",epicatechin_573trimethyl_ether,97914-19-7,97914197,true,ok,C18H20O6,c18h20o6,332.125988,abc7c1fc5c6c6504737990554ad4eb9069127ffb185a0164b205a836e2f2727e,120,KNApSAcK World,https://www.knapsackfamily.com/KNApSAcK_World/,compounds_20260602_131155,2026-06-02T13:11:55+00:00,5642,59dedf835aa5a711ec94c3ad04230b06d9845038b98889e2fd59d11d99be4677,review,unresolved_plant_mapping
120,C00008816,105330-59-4,"Catechin 5,7,4'-trimethyl ether",C18H20O6,332.12598837,Cinnamomum cassia,,unmapped,,,"Catechin 5,7,4'-trimethyl ether",catechin_574trimethyl_ether,105330-59-4,105330594,true,ok,C18H20O6,c18h20o6,332.125988,7868ac2a8c4cb0e03698b055ed31355ba3c81e7efd4f8b8d98537625a3339d37,120,KNApSAcK World,https://www.knapsackfamily.com/KNApSAcK_World/,compounds_20260602_131155,2026-06-02T13:11:55+00:00,5643,8a4616c0b07399c000d26406abd4215fe99b7e6a21d303e1ed3a8239c8118c70,review,unresolved_plant_mapping
120,C00008829,87562-72-9,"3',4'-Methylenedioxy epicatechin 5,7-dimethyl ether",C18H18O6,330.11033831,Cinnamomum cassia,,unmapped,,,"3',4'-Methylenedioxy epicatechin 5,7-dimethyl ether",34methylenedioxy_epicatechin_57dimethyl_ether,87562-72-9,87562729,true,ok,C18H18O6,c18h18o6,330.110338,140863de582fae27c246a43edfa7ce6b383f8e8205c11dade28876d0333435ef,120,KNApSAcK World,https://www.knapsackfamily.com/KNApSAcK_World/,compounds_20260602_131155,2026-06-02T13:11:55+00:00,5644,35c0515ec4b98fd7c078790c0cf362d803fc5046bd50bcd3d985a6b2f857e4b0,review,unresolved_plant_mapping
120,C00008842,103303-00-0,Epicatechin 3-O-beta-D-glucopyranoside,C21H24O11,452.13186161,Cinnamomum cassia,,unmapped,,,Epicatechin 3-O-beta-D-glucopyranoside,epicatechin_3obetadglucopyranoside,103303-00-0,103303000,true,ok,C21H24O11,c21h24o11,452.131862,b5714d1e660afcb745b60e5520d175b508f452ffc088560942d0c3f6d0e8915e,120,KNApSAcK World,https://www.knapsackfamily.com/KNApSAcK_World/,compounds_20260602_131155,2026-06-02T13:11:55+00:00,5645,8543b9e7262efc6d7eb56682d01c3b16434c295737c5be9fb59bf0263b9d5a55,review,unresolved_plant_mapping
120,C00009074,12798-59-3,Procyanidin B7,C30H26O12,578.1424263,Cinnamomum cassia Blume.,,unmapped,,,Procyanidin B7,procyanidin_b7,12798-59-3,12798593,true,ok,C30H26O12,c30h26o12,578.142426,8e3fff58036d0fff923e3579221302f67f3dbac338a394eb754f06b9843555f5,120,KNApSAcK World,https://www.knapsackfamily.com/KNApSAcK_World/,compounds_20260602_131155,2026-06-02T13:11:55+00:00,5646,be2fc41113d9957cf3639161f87f25853d47d7a30a540564e2e823016ecfa0d5,review,unresolved_plant_mapping
120,C00009075,20315-25-7,Procyanidin B1,C30H26O12,578.1424263,Cinnamomum cassia Blume.,,unmapped,,,Procyanidin B1,procyanidin_b1,20315-25-7,20315257,true,ok,C30H26O12,c30h26o12,578.142426,42cd3c456597136879d37a99d0b882540f79fc7c3b6671f8b6c869e3bd39b5b2,120,KNApSAcK World,https://www.knapsackfamily.com/KNApSAcK_World/,compounds_20260602_131155,2026-06-02T13:11:55+00:00,5647,7ee041868859973277fee6cd46ec91ec49fc6e406b56dd5c765b892a22beade4,review,unresolved_plant_mapping
120,C00009076,12798-57-1,Procyanidin B5,C30H26O12,578.1424263,Cinnamomum cassia Blume.,,unmapped,,,Procyanidin B5,procyanidin_b5,12798-57-1,12798571,true,ok,C30H26O12,c30h26o12,578.142426,ba40d8c47fb21f92805e3960e7a3fda840d2de16f0a38741a10ee64de8b4ed8e,120,KNApSAcK World,https://www.knapsackfamily.com/KNApSAcK_World/,compounds_20260602_131155,2026-06-02T13:11:55+00:00,5648,8634efa914688c205d5c6429524449fdd0cc7ddf8e24843f07e09f0cbd1097a0,review,unresolved_plant_mapping
120,C00009077,29106-49-8,Procyanidin B2,C30H26O12,578.1424263,Cinnamomum cassia Blume.,,unmapped,,,Procyanidin B2,procyanidin_b2,29106-49-8,29106498,true,ok,C30H26O12,c30h26o12,578.142426,594cf9c0b8fc9b9b048fe94d50b2a21df552566916508320cb688f7b5248019c,120,KNApSAcK World,https://www.knapsackfamily.com/KNApSAcK_World/,compounds_20260602_131155,2026-06-02T13:11:55+00:00,5649,f54257dc784b0babdf4d657caf1c26159a959d918e06ab74888c0893474837ed,review,unresolved_plant_mapping
120,C00009098,65085-09-8,Procyanidin C1,C45H38O18,866.20581441,Cinnamomum cassia Blume.,,unmapped,,,Procyanidin C1,procyanidin_c1,65085-09-8,65085098,true,ok,C45H38O18,c45h38o18,866.205814,f1458056aa0215ca552ec42e3f9d2929d5a11fe3d24302b1b558edc75c22024e,120,KNApSAcK World,https://www.knapsackfamily.com/KNApSAcK_World/,compounds_20260602_131155,2026-06-02T13:11:55+00:00,5650,c87b83ba316837c5e4009181d99225110180d30efa6228383875ef67d2346226,review,unresolved_plant_mapping
120,C00009107,86631-38-1,Cinnamtannin A1,C60H50O24,1154.26920253,Cinnamomum cassia,,unmapped,,,Cinnamtannin A1,cinnamtannin_a1,86631-38-1,86631381,true,ok,C60H50O24,c60h50o24,1154.269203,3b1a71333ea6bdf5f5136623eadeaa732d8b545c4b9cc111b661d10380cfb017,120,KNApSAcK World,https://www.knapsackfamily.com/KNApSAcK_World/,compounds_20260602_131155,2026-06-02T13:11:55+00:00,5651,93d23e0a73f44de9b215d39e44b049e56da76a4dd8da87901a445fc264089808,review,unresolved_plant_mapping
120,C00009109,86631-39-2,[Epicatechin-(4beta->8)]4-epicatechin,C75H62O30,1442.33259065,Cinnamomum cassia,,unmapped,,,[Epicatechin-(4beta->8)]4-epicatechin,epicatechin4beta84epicatechin,86631-39-2,86631392,true,ok,C75H62O30,c75h62o30,1442.332591,f05611401dc4b9ac5bcce7a499853a5d9877d26d673f18fb4f03f2104e318673,120,KNApSAcK World,https://www.knapsackfamily.com/KNApSAcK_World/,compounds_20260602_131155,2026-06-02T13:11:55+00:00,5652,806da3e20b77d1e18696775311e19037939ae8371ca358106e152a42b9b542e7,review,unresolved_plant_mapping
120,C00011626,86981-84-2,2-Methyl-6-(4-methylphenyl)-1-hepten-3-one,C15H20O,216.15141526,Cinnamomum cassia,,unmapped,,,2-Methyl-6-(4-methylphenyl)-1-hepten-3-one,2methyl64methylphenyl1hepten3one,86981-84-2,86981842,true,ok,C15H20O,c15h20o,216.151415,d6ab2ee6926113132ca74ad779e6f159b77340c1734db88a17d4625570b3aaab,120,KNApSAcK World,https://www.knapsackfamily.com/KNApSAcK_World/,compounds_20260602_131155,2026-06-02T13:11:55+00:00,5653,adc4b686a44987bb81667a859059b0b6313fa0cd185f74a047eb8848f4ee767e,review,unresolved_plant_mapping
120,C00011627,39027-62-8,"1,3,5-Bisabolatrien-10-one",C15H22O,218.16706532,Cinnamomum cassia,,unmapped,,,"1,3,5-Bisabolatrien-10-one",135bisabolatrien10one,39027-62-8,39027628,true,ok,C15H22O,c15h22o,218.167065,28bebbfa78a6edbfa1c63024c94f954be975188265a35cda25f3832ec8c9c078,120,KNApSAcK World,https://www.knapsackfamily.com/KNApSAcK_World/,compounds_20260602_131155,2026-06-02T13:11:55+00:00,5654,cdfb2488b187fc520e239c95bf2e9152b654218f5e46f7af2d84221eefc0115d,review,unresolved_plant_mapping
120,C00029961,621-82-9,Cinnamic acid,C9H8O2,148.0524295,Cinnamomum cassia,,unmapped,,,Cinnamic acid,cinnamic_acid,621-82-9,621829,true,ok,C9H8O2,c9h8o2,148.052429,3b9a7542c508f09036722e85f7bc19298bf330ad95625991fb08b7d37ba36b8f,120,KNApSAcK World,https://www.knapsackfamily.com/KNApSAcK_World/,compounds_20260602_131155,2026-06-02T13:11:55+00:00,5655,958958c269ceea797409ddd32e81707375ad3d48a88d591c10a83790e0abf08a,review,unresolved_plant_mapping
120,C00030605,87562-76-3,Kelampayoside A,C20H30O13,478.16864105,Cinnamomum cassia,,unmapped,,,Kelampayoside A,kelampayoside_a,87562-76-3,87562763,true,ok,C20H30O13,c20h30o13,478.168641,92efacd48815e9e46e48154cc13a6a342f10184edd38241ea362b591b7208402,120,KNApSAcK World,https://www.knapsackfamily.com/KNApSAcK_World/,compounds_20260602_131155,2026-06-02T13:11:55+00:00,5656,6b98b5cf1bc063a67c8396578bd32cf0d80349a3dbe5dc3ee2bf26cd064505c1,review,unresolved_plant_mapping
120,C00035072,103-54-8,Cinnamyl acetate,C11H12O2,176.08372963,Cinnamomum cassia,,unmapped,,,Cinnamyl acetate,cinnamyl_acetate,103-54-8,103548,true,ok,C11H12O2,c11h12o2,176.08373,180a22292b7825e9a93ad030332046fc11505b8a88d45d0279da61db4f9ca581,120,KNApSAcK World,https://www.knapsackfamily.com/KNApSAcK_World/,compounds_20260602_131155,2026-06-02T13:11:55+00:00,5657,c1674916f549dca560741af736b6a79b70768c23998ceeadf767c9f01edf8863,review,unresolved_plant_mapping
120,C00036727,65230-04-8,Anhydrocinnzeylanine,C20H30O6,366.20423869,Cinnamomum cassia,,unmapped,,,Anhydrocinnzeylanine,anhydrocinnzeylanine,65230-04-8,65230048,true,ok,C20H30O6,c20h30o6,366.204239,88b427b984def7ea277b29b3673fcd913598696d7342d2df70f48340b93a866b,120,KNApSAcK World,https://www.knapsackfamily.com/KNApSAcK_World/,compounds_20260602_131155,2026-06-02T13:11:55+00:00,5658,77c352cca961974f4c76346c1723ad324ee8b53dfc1d1d7967e974f83e65d2a5,review,unresolved_plant_mapping
120,C00053962,1504-74-1,o-Methoxycinnamaldehyde,C10H10O2,162.06807956,Cinnamomum cassia,,unmapped,,,o-Methoxycinnamaldehyde,omethoxycinnamaldehyde,1504-74-1,1504741,true,ok,C10H10O2,c10h10o2,162.06808,2776bf052550bbd069c4000d8f08e38eff0a711fb825195cfe0176af638c998b,120,KNApSAcK World,https://www.knapsackfamily.com/KNApSAcK_World/,compounds_20260602_131155,2026-06-02T13:11:55+00:00,5659,ea2f55ec4ff1f568f4a2fc1ed1b47f0d4dc369f0e64e32530f58024e26b62016,review,unresolved_plant_mapping
120,C00054072,1160707-56-1,Dihydrocinnacasside,C15H20O8,328.11581762,Cinnamomum cassia,,unmapped,,,Dihydrocinnacasside,dihydrocinnacasside,1160707-56-1,1160707561,true,ok,C15H20O8,c15h20o8,328.115818,45459518a584eb712862127336ad06b7d7a26bfe03df8462b9784e6590ef8836,120,KNApSAcK World,https://www.knapsackfamily.com/KNApSAcK_World/,compounds_20260602_131155,2026-06-02T13:11:55+00:00,5660,9b62acf798194ee27be09a6609a84b12a83c4737477a315d1731af1444c1dfa6,review,unresolved_plant_mapping
120,C00054088,118-93-4,2-Hydroxyacetophenone,C8H8O2,136.0524295,Cinnamomum cassia,,unmapped,,,2-Hydroxyacetophenone,2hydroxyacetophenone,118-93-4,118934,true,ok,C8H8O2,c8h8o2,136.052429,b0bcd43a3ed9f502e5f10d28eac2e6b2af2d92f6afe85d7e0b91f2d64de36b6f,120,KNApSAcK World,https://www.knapsackfamily.com/KNApSAcK_World/,compounds_20260602_131155,2026-06-02T13:11:55+00:00,5661,deea399f2843d88e256ccd1d29b8a52b5a922fd66337b0958afcc480de2d0ec4,review,unresolved_plant_mapping
120,C00054436,1160707-53-8,Cassiferaldehyde,C10H10O3,178.06299419,Cinnamomum cassia,,unmapped,,,Cassiferaldehyde,cassiferaldehyde,1160707-53-8,1160707538,true,ok,C10H10O3,c10h10o3,178.062994,4b494ba74821990f2bb6e71ea434da72142d5804de1daa5bd2d2789e65307538,120,KNApSAcK World,https://www.knapsackfamily.com/KNApSAcK_World/,compounds_20260602_131155,2026-06-02T13:11:55+00:00,5662,55862ded4828a81729003ef6b60f499c7edce44e5ab9c5a2b7591de822a7a4a8,review,unresolved_plant_mapping
120,C00054692,1160707-55-0,Cinnacassiol,C39H54O20,842.32084417,Cinnamomum cassia,,unmapped,,,Cinnacassiol,cinnacassiol,1160707-55-0,1160707550,true,ok,C39H54O20,c39h54o20,842.320844,38c32629c312aeb8cbed2f06d8cf0d12421ff856a4204033c5a304f36ab9445e,120,KNApSAcK World,https://www.knapsackfamily.com/KNApSAcK_World/,compounds_20260602_131155,2026-06-02T13:11:55+00:00,5663,6951d0eb52a7d430350ee8a66f474ad40b24af99d865a3f8c4515a858168f37d,review,unresolved_plant_mapping
120,C00054695,64979-94-8,Cinncassiol C3,C20H30O7,382.19915331,Cinnamomum cassia,,unmapped,,,Cinncassiol C3,cinncassiol_c3,64979-94-8,64979948,true,ok,C20H30O7,c20h30o7,382.199153,587927bf29c276b5415ef12f64fbd5a6a11db53309e5d0a1d7ecc880888e3777,120,KNApSAcK World,https://www.knapsackfamily.com/KNApSAcK_World/,compounds_20260602_131155,2026-06-02T13:11:55+00:00,5664,f14d6337454097b7db2d908d46f9f24875996ec991d3fbceacda2434ffb2cec4,review,unresolved_plant_mapping
120,C00054864,1123179-65-6,Cinnacasside E,C25H38O11,514.24141206,Cinnamomum cassia,,unmapped,,,Cinnacasside E,cinnacasside_e,1123179-65-6,1123179656,true,ok,C25H38O11,c25h38o11,514.241412,90468842c4803b20677305437b3374b351845086e34f990893ec2c58d76731e1,120,KNApSAcK World,https://www.knapsackfamily.com/KNApSAcK_World/,compounds_20260602_131155,2026-06-02T13:11:55+00:00,5665,1cccf4af433e7e2331cd80ee54276213e9089ccb371c6bd14a8972da94151d01,review,unresolved_plant_mapping
120,C00054865,1123179-36-1,Cinnacasside A,C25H36O11,512.22576199,Cinnamomum cassia,,unmapped,,,Cinnacasside A,cinnacasside_a,1123179-36-1,1123179361,true,ok,C25H36O11,c25h36o11,512.225762,033934e82c645b4a80dae2f476dd888292a0287db12ccbda2932651bf624a863,120,KNApSAcK World,https://www.knapsackfamily.com/KNApSAcK_World/,compounds_20260602_131155,2026-06-02T13:11:55+00:00,5666,2f75beccf1b1971520356ce89fa3c7d707cdca390c3ad4ff850e473a9f1961a2,review,unresolved_plant_mapping
120,C00054866,1123179-57-6,Cinnacasside C,C25H36O11,512.22576199,Cinnamomum cassia,,unmapped,,,Cinnacasside C,cinnacasside_c,1123179-57-6,1123179576,true,ok,C25H36O11,c25h36o11,512.225762,0219d0f8d23da3b3eeee91e7fa26b0e34a06f7e47e8bdcefcf648f5905c8ad8d,120,KNApSAcK World,https://www.knapsackfamily.com/KNApSAcK_World/,compounds_20260602_131155,2026-06-02T13:11:55+00:00,5667,4c69b22dde1087b8a26ec407438ef8890c2fffb6beffbe7c68b1731977f57b64,review,unresolved_plant_mapping
120,C00054867,1123179-61-2,Cinnacasside D,C25H36O11,512.22576199,Cinnamomum cassia,,unmapped,,,Cinnacasside D,cinnacasside_d,1123179-61-2,1123179612,true,ok,C25H36O11,c25h36o11,512.225762,2af30d08cc75e8c3982970820fd764cd0ec09a78063c7fc778bc2fe30fa5504b,120,KNApSAcK World,https://www.knapsackfamily.com/KNApSAcK_World/,compounds_20260602_131155,2026-06-02T13:11:55+00:00,5668,8d8b13a05b1c78def7067843c6ff773c1c9021e62ac5292827c63657d5b8477d,review,unresolved_plant_mapping
120,C00054960,108567-70-0,Cinnamoside,C24H38O12,518.23632668,Cinnamomum cassia,,unmapped,,,Cinnamoside,cinnamoside,108567-70-0,108567700,true,ok,C24H38O12,c24h38o12,518.236327,5e1b460c5a278f3990fc35aa60d032530705e2f9b2f5a867e218d7ed486bc4de,120,KNApSAcK World,https://www.knapsackfamily.com/KNApSAcK_World/,compounds_20260602_131155,2026-06-02T13:11:55+00:00,5669,86e9d9c4a886a47581f9df9290411084913f8f5848dea84b90d3130713820715,review,unresolved_plant_mapping
120,C00055019,1194544-95-0,Cinnacaside,C26H40O12,544.25197674,Cinnamomum cassia,,unmapped,,,Cinnacaside,cinnacaside,1194544-95-0,1194544950,true,ok,C26H40O12,c26h40o12,544.251977,c83e46f7f007537086ab1659419305d13ee0ee474fcd867cb80365771193eac2,120,KNApSAcK World,https://www.knapsackfamily.com/KNApSAcK_World/,compounds_20260602_131155,2026-06-02T13:11:55+00:00,5670,6b373e978595f7a20894edc8d5426a79617187a6b5750d21b57a7cae3668c323,review,unresolved_plant_mapping
120,C00055020,73599-11-8,Cinnacasol,C20H30O7,382.19915331,Cinnamomum cassia,,unmapped,,,Cinnacasol,cinnacasol,73599-11-8,73599118,true,ok,C20H30O7,c20h30o7,382.199153,3e6557ad8ce11436200c8ae397f2546514d80440606786acce7e02a8112507b7,120,KNApSAcK World,https://www.knapsackfamily.com/KNApSAcK_World/,compounds_20260602_131155,2026-06-02T13:11:55+00:00,5671,0e81928542343486b9985f2f77d5ce36f39a1696840c659f124f98cdffa4c04c,review,unresolved_plant_mapping
120,C00055040,73613-35-1,Cinncassiol C1,C20H28O7,380.18350325,Cinnamomum cassia,,unmapped,,,Cinncassiol C1,cinncassiol_c1,73613-35-1,73613351,true,ok,C20H28O7,c20h28o7,380.183503,9ece5337660b1129529e01bfe5ff3f10d63b23255406ddd1ca0155ce61c6f49b,120,KNApSAcK World,https://www.knapsackfamily.com/KNApSAcK_World/,compounds_20260602_131155,2026-06-02T13:11:55+00:00,5672,56d1f0d6921ccffa4411af154b2b70559b76fb68f1ac9527303c24309996ea46,review,unresolved_plant_mapping
120,C00055041,73599-14-1,Cinncassiol C2,C20H28O6,364.18858863,Cinnamomum cassia,,unmapped,,,Cinncassiol C2,cinncassiol_c2,73599-14-1,73599141,true,ok,C20H28O6,c20h28o6,364.188589,e12fe43022ab3ec0e8b11352361d3cba2e9389246af8336a42f823266c96105c,120,KNApSAcK World,https://www.knapsackfamily.com/KNApSAcK_World/,compounds_20260602_131155,2026-06-02T13:11:55+00:00,5673,b6b45be3e5ff3155625d2d2373b75d0a7c68f3a738b0832edb0313aa82494226,review,unresolved_plant_mapping
120,C00055042,80178-41-2,Cinncassiol D3,C20H32O6,368.21988875,Cinnamomum cassia,,unmapped,,,Cinncassiol D3,cinncassiol_d3,80178-41-2,80178412,true,ok,C20H32O6,c20h32o6,368.219889,755b5078e671083d0ecff1f97604e8bbe2e722022dc4a0f148b3aca603a24d04,120,KNApSAcK World,https://www.knapsackfamily.com/KNApSAcK_World/,compounds_20260602_131155,2026-06-02T13:11:55+00:00,5674,dbba8f930fca91b239c5debfc2fceb1d3bcc29d3ee05d9324f7a99f9b6682726,review,unresolved_plant_mapping
120,C00055043,84807-46-5,Cinncassiol D4,C20H32O5,352.22497413,Cinnamomum cassia,,unmapped,,,Cinncassiol D4,cinncassiol_d4,84807-46-5,84807465,true,ok,C20H32O5,c20h32o5,352.224974,eedc355b30a7110d9ba907e6a588f364e6704f0aa139cb7491c1a406bc7ef694,120,KNApSAcK World,https://www.knapsackfamily.com/KNApSAcK_World/,compounds_20260602_131155,2026-06-02T13:11:55+00:00,5675,eb8ade709dd62cd546db2d6b586965852e173e401ed3fe13fdf8eeb1a6013055,review,unresolved_plant_mapping
120,C00055044,98751-76-9,Cinncassiol E,C20H30O8,398.19406794,Cinnamomum cassia,,unmapped,,,Cinncassiol E,cinncassiol_e,98751-76-9,98751769,true,ok,C20H30O8,c20h30o8,398.194068,92e11b28e10522ada4fde072d68cac9d51e68d372ef7c286c8dcf7aa381936c4,120,KNApSAcK World,https://www.knapsackfamily.com/KNApSAcK_World/,compounds_20260602_131155,2026-06-02T13:11:55+00:00,5676,976b6d925f2d5a7ccd00cb06647df0fe005ef8749b8aeabcbd61ba1ec57707fd,review,unresolved_plant_mapping
120,C00055045,77353-84-5,Cinncassiol D1,C20H32O5,352.22497413,Cinnamomum cassia,,unmapped,,,Cinncassiol D1,cinncassiol_d1,77353-84-5,77353845,true,ok,C20H32O5,c20h32o5,352.224974,a875dec74f204d42be79e24a228137818107566f2d4fbfec88fc049be0058ddf,120,KNApSAcK World,https://www.knapsackfamily.com/KNApSAcK_World/,compounds_20260602_131155,2026-06-02T13:11:55+00:00,5677,be8f4b5d807347203276eaca81df3ef24c6b541919c7c788be00ae189230817b,review,unresolved_plant_mapping
120,C00055046,77751-33-8,Cinncassiol D2,C20H32O6,368.21988875,Cinnamomum cassia,,unmapped,,,Cinncassiol D2,cinncassiol_d2,77751-33-8,77751338,true,ok,C20H32O6,c20h32o6,368.219889,3ea2c046ca440b0fe434ec8dff0698b9f6840df22577cf0c53379eaea2a8e291,120,KNApSAcK World,https://www.knapsackfamily.com/KNApSAcK_World/,compounds_20260602_131155,2026-06-02T13:11:55+00:00,5678,c645d508cf7e26f5a0754dd960e0b2753e18cddcd4e3228b75bda853bd8807bc,review,unresolved_plant_mapping
120,C00055299,62394-04-1,3-Deoxyryanodol,C20H32O7,384.21480338,Cinnamomum cassia,,unmapped,,,3-Deoxyryanodol,3deoxyryanodol,62394-04-1,62394041,true,ok,C20H32O7,c20h32o7,384.214803,d36d22581e5aabc365469be8ed848e04a5166153258d3a8e9753b4b2b6377154,120,KNApSAcK World,https://www.knapsackfamily.com/KNApSAcK_World/,compounds_20260602_131155,2026-06-02T13:11:55+00:00,5679,85cde5fa0e8109474c440939e7be05927be4d8e4c521a5447a3eeed5b87b528a,review,unresolved_plant_mapping
120,C00055300,73599-13-0,Cincassiol B,C20H32O8,400.209718,Cinnamomum cassia,,unmapped,,,Cincassiol B,cincassiol_b,73599-13-0,73599130,true,ok,C20H32O8,c20h32o8,400.209718,b0ff800c11a05518e1fc8a4e81edc6db4a2af3c9da9f5c8324eae2ddfdb4a549,120,KNApSAcK World,https://www.knapsackfamily.com/KNApSAcK_World/,compounds_20260602_131155,2026-06-02T13:11:55+00:00,5680,c18343deb4398220bfe00b296e60ae406faf29b2cd531c8dab56ce1be6d361a6,review,unresolved_plant_mapping
120,C00055301,62203-47-8,Cinnzeylanine,C22H34O8,426.22536806,Cinnamomum cassia,,unmapped,,,Cinnzeylanine,cinnzeylanine,62203-47-8,62203478,true,ok,C22H34O8,c22h34o8,426.225368,b9455493d3e984c1af8970425512067fd7e247433572b755cfe4f81c20ae3bf2,120,KNApSAcK World,https://www.knapsackfamily.com/KNApSAcK_World/,compounds_20260602_131155,2026-06-02T13:11:55+00:00,5681,611b77ad382162b8a370c27e0f1feaf5409fc6c4351296651090aede7cf71b14,review,unresolved_plant_mapping
120,C00055495,68799-62-2,Anhydrocinnzeylanine,C22H32O7,408.21480338,Cinnamomum cassia,,unmapped,,,Anhydrocinnzeylanine,anhydrocinnzeylanine,68799-62-2,68799622,true,ok,C22H32O7,c22h32o7,408.214803,b275fb07341b1014b8b761e5d5162bd81db3335f5547d755cb032d43b2251ab0,120,KNApSAcK World,https://www.knapsackfamily.com/KNApSAcK_World/,compounds_20260602_131155,2026-06-02T13:11:55+00:00,5682,61f808741e981e318e12f2f3205edb6d02af4e65802d3e43360c07fa8265bd79,review,unresolved_plant_mapping
120,C00056532,1160707-54-9,Icariside DC,C19H28O10,416.16824712,Cinnamomum cassia,,unmapped,,,Icariside DC,icariside_dc,1160707-54-9,1160707549,true,ok,C19H28O10,c19h28o10,416.168247,a8ed6f752c3ee8535ca36411288f2639b24c8614e44687a475aad91a5700051b,120,KNApSAcK World,https://www.knapsackfamily.com/KNApSAcK_World/,compounds_20260602_131155,2026-06-02T13:11:55+00:00,5683,b34a9f934ce09f6147f7f47dbdd48d6cb74c44670e5c894f649748c20c748f99,review,unresolved_plant_mapping
120,C00057656,92533-57-8,Randilongin,C41H72O3,612.54814616,Cinnamomum cassia,,unmapped,,,Randilongin,randilongin,92533-57-8,92533578,true,ok,C41H72O3,c41h72o3,612.548146,930ad8404fde213964a2365be75d56229a3a908a93f9e550555613ae5bf42c0a,120,KNApSAcK World,https://www.knapsackfamily.com/KNApSAcK_World/,compounds_20260602_131155,2026-06-02T13:11:55+00:00,5684,5d84448ea1d98f0ad548c32f5fb79fe4d5c9f5b05f05ebd997533fcd99ecf1f5,review,unresolved_plant_mapping
122,C00000619,97-53-0,Eugenol,C10H12O2,164.08372963,Cinnamomum zeylanicum,,unmapped,,,Eugenol,eugenol,97-53-0,97530,true,ok,C10H12O2,c10h12o2,164.08373,48782370166bc571b8d4f8dabd521a1382afa9098036cf1c6e5fae755aa6ca5c,122,KNApSAcK World,https://www.knapsackfamily.com/KNApSAcK_World/,compounds_20260602_131155,2026-06-02T13:11:55+00:00,5686,1250e2a5585d62694af2f1018582450d6de1ce6401d27f7c175f3744886f0680,review,unresolved_plant_mapping
122,C00000819,76-22-2,(+)-Camphor,C10H16O,152.12011513,Cinnamomum zeylanicum,,unmapped,,,(+)-Camphor,camphor,76-22-2,76222,true,ok,C10H16O,c10h16o,152.120115,512a545409b27ad99c50f4a61e5624c7aa596dd08c447171ae4c8c274c632688,122,KNApSAcK World,https://www.knapsackfamily.com/KNApSAcK_World/,compounds_20260602_131155,2026-06-02T13:11:55+00:00,5687,5a0149a4260889f0fa5376cccaac8e28a5729aff72b7b49f33ae04f1b525414b,review,unresolved_plant_mapping
122,C00002725,104-55-2,Cinnamaldehyde,C9H8O,132.05751488,Cinnamomum zeylanicum,,unmapped,,,Cinnamaldehyde,cinnamaldehyde,104-55-2,104552,true,ok,C9H8O,c9h8o,132.057515,cc73f8347153b514665a6ef2d5091be21d9e08a057b58c0c6f92268378ca9c3b,122,KNApSAcK World,https://www.knapsackfamily.com/KNApSAcK_World/,compounds_20260602_131155,2026-06-02T13:11:55+00:00,5688,8386c11de25bd5a0ef43179c4f48d2f959d9ca90d9a0977f04c90f0c65ee65c2,review,unresolved_plant_mapping
122,C00003047,78-70-6,(+-)-Linalool,C10H18O,154.1357652,Cinnamomum zeylanicum,,unmapped,,,(+-)-Linalool,linalool,78-70-6,78706,true,ok,C10H18O,c10h18o,154.135765,7e5dad506ba41fbb8a459f14e672653125abca1acfebd4faa3d0d5aab5a815ee,122,KNApSAcK World,https://www.knapsackfamily.com/KNApSAcK_World/,compounds_20260602_131155,2026-06-02T13:11:55+00:00,5689,b0903420630260e7d15ddc1b2e82ae42f77fa85170fc79aadd78d17ec0606c20,review,unresolved_plant_mapping
122,C00003110,87-44-5,beta-Caryophyllene,C15H24,204.18780077,Cinnamomum zeylanicum,,unmapped,,,beta-Caryophyllene,betacaryophyllene,87-44-5,87445,true,ok,C15H24,c15h24,204.187801,722eacc6dfd7a0104e074db39dc674837407135eb8b9ed0a430a1a314790ae74,122,KNApSAcK World,https://www.knapsackfamily.com/KNApSAcK_World/,compounds_20260602_131155,2026-06-02T13:11:55+00:00,5690,c4c7954e6ed8b4bdc84d59241ba9383e409a2192d4fe150364261f82fe77db66,review,unresolved_plant_mapping
122,C00009098,65085-09-8,Procyanidin C1,C45H38O18,866.20581441,Cinnamomum zeylanicum,,unmapped,,,Procyanidin C1,procyanidin_c1,65085-09-8,65085098,true,ok,C45H38O18,c45h38o18,866.205814,b733768eee2d8042288a8675970c9bab7e45ec964f6cd0baebdce276e8beb975,122,KNApSAcK World,https://www.knapsackfamily.com/KNApSAcK_World/,compounds_20260602_131155,2026-06-02T13:11:55+00:00,5691,3e2e88d263b9bcc7d4f53aeb7f430fbe1d244cab7c587b2d88f369d1748f0997,review,unresolved_plant_mapping
122,C00009288,151436-54-3,Pavetannin B6,C45H36O18,864.19016435,Cinnamomum zeylanicum,,unmapped,,,Pavetannin B6,pavetannin_b6,151436-54-3,151436543,true,ok,C45H36O18,c45h36o18,864.190164,fe9e7d8e5a38737869a0b7af07f89e26902f6f3a2e8bdd250b95cbe746e7639e,122,KNApSAcK World,https://www.knapsackfamily.com/KNApSAcK_World/,compounds_20260602_131155,2026-06-02T13:11:55+00:00,5692,b0cf229671eca591a33125a72980d95dd54d8d9f56ce8a3efe42cc7f70e9beb8,review,unresolved_plant_mapping
122,C00009291,88082-60-4,Cinnamtannin B1,C45H36O18,864.19016435,Cinnamomum zeylanicum,,unmapped,,,Cinnamtannin B1,cinnamtannin_b1,88082-60-4,88082604,true,ok,C45H36O18,c45h36o18,864.190164,973a97de2331c901f7dddec1f5d750469faaa32afa1df5545e78767753569a28,122,KNApSAcK World,https://www.knapsackfamily.com/KNApSAcK_World/,compounds_20260602_131155,2026-06-02T13:11:55+00:00,5693,00c6d2d242f776093ab2881daf5853a9d975d4d816c5c8e630e25d4df7b0e25a,review,unresolved_plant_mapping
122,C00009306,88038-15-7,Pavetannin C 1,C60H48O24,1152.25355247,Cinnamomum zeylanicum,,unmapped,,,Pavetannin C 1,pavetannin_c_1,88038-15-7,88038157,true,ok,C60H48O24,c60h48o24,1152.253552,4c2a705032f6e8feef5f1e90baaf14bdccbf1a22d90ec83e4c9148bbd4f9bbdb,122,KNApSAcK World,https://www.knapsackfamily.com/KNApSAcK_World/,compounds_20260602_131155,2026-06-02T13:11:55+00:00,5694,781f8cebae822be79df714574bb8e2cba8db0a2c9fe7c16562b31fea9996dde9,review,unresolved_plant_mapping
122,C00009308,88038-12-4,Cinnamtannin B2,C60H48O24,1152.25355247,Cinnamomum zeylanicum,,unmapped,,,Cinnamtannin B2,cinnamtannin_b2,88038-12-4,88038124,true,ok,C60H48O24,c60h48o24,1152.253552,a4ab57fcc905c1facfa61ec8a91e7e8748bca55fa21e2f6c087b28efedf135f1,122,KNApSAcK World,https://www.knapsackfamily.com/KNApSAcK_World/,compounds_20260602_131155,2026-06-02T13:11:55+00:00,5695,4e3183c8e2179848d2231d73f4342e3f3514a1dfa89a2a92d82e4d0cc94d3f04,review,unresolved_plant_mapping
122,C00009310,88057-90-3,Pavetannin D 1,C75H60O30,1440.31694058,Cinnamomum zeylanicum,,unmapped,,,Pavetannin D 1,pavetannin_d_1,88057-90-3,88057903,true,ok,C75H60O30,c75h60o30,1440.316941,8a37378471611220efacd44970312c5817ced67bd882717100fb914f5c260f53,122,KNApSAcK World,https://www.knapsackfamily.com/KNApSAcK_World/,compounds_20260602_131155,2026-06-02T13:11:55+00:00,5696,458f3a11aca7792ce8b10511bda73bb01ba009fc2035529feacff4960155ad8c,review,unresolved_plant_mapping
122,C00009311,,"[Epicatechin-(4beta->8)]2-epicatechin-(2beta->7,4beta->8)-epicatechin-(4beta->8)-epicatechin",C75H60O30,1440.31694058,Cinnamomum zeylanicum,,unmapped,,,"[Epicatechin-(4beta->8)]2-epicatechin-(2beta->7,4beta->8)-epicatechin-(4beta->8)-epicatechin",epicatechin4beta82epicatechin2beta74beta8epicatechin4beta8epicatechin,,,false,missing,C75H60O30,c75h60o30,1440.316941,d495ebf31b9f8ebd03a6554216081c894962031537face61d6459c4ecea43856,122,KNApSAcK World,https://www.knapsackfamily.com/KNApSAcK_World/,compounds_20260602_131155,2026-06-02T13:11:55+00:00,5697,09c3e20f5ccdd3667383a5aba960942415434a720a89d239efcd0eea6ffd9cea,review,unresolved_plant_mapping
122,C00010935,586-81-2,gamma-Terpineol,C10H18O,154.1357652,Cinnamomum zeylanicum,,unmapped,,,gamma-Terpineol,gammaterpineol,586-81-2,586812,true,ok,C10H18O,c10h18o,154.135765,bd738d93b6809ed4299acf058664a329243b731e48d9afc83b10f6a473f83e97,122,KNApSAcK World,https://www.knapsackfamily.com/KNApSAcK_World/,compounds_20260602_131155,2026-06-02T13:11:55+00:00,5698,a556e037e1db860f7625fd989cfc98b72dc76e9e154fb28d8297fa3f75c5b736,review,unresolved_plant_mapping
122,C00019221,120-51-4,Benzyl benzoate,C14H12O2,212.08372963,Cinnamomum zeylanicum,,unmapped,,,Benzyl benzoate,benzyl_benzoate,120-51-4,120514,true,ok,C14H12O2,c14h12o2,212.08373,bf091602ed4e8acdc42f11b2d6c038b33d16245fdd8474f2540accee042fbf41,122,KNApSAcK World,https://www.knapsackfamily.com/KNApSAcK_World/,compounds_20260602_131155,2026-06-02T13:11:55+00:00,5699,74767ba82dd298ef84b8e5a7b4f2d010a5a6c303c35eeef61b633e3a58a93da2,review,unresolved_plant_mapping
122,C00035187,14371-10-9,(E)-Cinnamaldehyde,C9H8O2,148.0524295,Cinnamomum zeylanicum,,unmapped,,,(E)-Cinnamaldehyde,ecinnamaldehyde,14371-10-9,14371109,true,ok,C9H8O2,c9h8o2,148.052429,35581e1f33be8fcde7f6418359082ddb3047513799a004d0d6366950181bfb4a,122,KNApSAcK World,https://www.knapsackfamily.com/KNApSAcK_World/,compounds_20260602_131155,2026-06-02T13:11:55+00:00,5700,b6789571a61fec7513f9ccf1cf530d3dc141abe75aa1eaad63c83dfe98ef7085,review,unresolved_plant_mapping
122,C00053962,1504-74-1,o-Methoxycinnamaldehyde,C10H10O2,162.06807956,Cinnamomum zeylanicum,,unmapped,,,o-Methoxycinnamaldehyde,omethoxycinnamaldehyde,1504-74-1,1504741,true,ok,C10H10O2,c10h10o2,162.06808,25d8cec8aaa0cf8f0c87aa7137853226ace7cfe60b44515e369d241e07596cfa,122,KNApSAcK World,https://www.knapsackfamily.com/KNApSAcK_World/,compounds_20260602_131155,2026-06-02T13:11:55+00:00,5701,a68509081ef047972054b054116d5439b40e2b0473f528776ec557738196430d,review,unresolved_plant_mapping
122,C00054053,135-02-4,o-Anisaldehyde,C8H8O2,136.0524295,Cinnamomum zeylanicum,,unmapped,,,o-Anisaldehyde,oanisaldehyde,135-02-4,135024,true,ok,C8H8O2,c8h8o2,136.052429,aa69d86f38be7a6c0499f968b5cb6c982ba3e0e0cf034d9279f3917d6087ffe9,122,KNApSAcK World,https://www.knapsackfamily.com/KNApSAcK_World/,compounds_20260602_131155,2026-06-02T13:11:55+00:00,5702,c2cf634d3bb3e2036a9a8b493547a6083568ac8afd6cec042d32dd7364bbd3f5,review,unresolved_plant_mapping
122,C00055050,86631-43-8,"Catechin(2beta->7,4beta->8)-ent-epicatechin(4alpha->8)catechin",C45H36O18,864.19016435,Cinnamomum zeylanicum,,unmapped,,,"Catechin(2beta->7,4beta->8)-ent-epicatechin(4alpha->8)catechin",catechin2beta74beta8entepicatechin4alpha8catechin,86631-43-8,86631438,true,ok,C45H36O18,c45h36o18,864.190164,4a5559f386737d1970cc9e1e473fcde26ddc4f60a4cf7cecc9b4c950c1ee598e,122,KNApSAcK World,https://www.knapsackfamily.com/KNApSAcK_World/,compounds_20260602_131155,2026-06-02T13:11:55+00:00,5703,5ac98ba48a980379bb061e7c56a923aa4a7c5fd44232ebde67712fdf2743466c,review,unresolved_plant_mapping
122,C00055299,62394-04-1,3-Deoxyryanodol,C20H32O7,384.21480338,Cinnamomum zeylanicum,,unmapped,,,3-Deoxyryanodol,3deoxyryanodol,62394-04-1,62394041,true,ok,C20H32O7,c20h32o7,384.214803,8c0044d810ba42c36b50c349ba12042c5444a97d6e355ed688b1b794e4d9c3ed,122,KNApSAcK World,https://www.knapsackfamily.com/KNApSAcK_World/,compounds_20260602_131155,2026-06-02T13:11:55+00:00,5704,7611ec3d4d0b1cdf74d888eb3fb88df37246d91c0641dd17f08f52185748cc5d,review,unresolved_plant_mapping
122,C00055301,62203-47-8,Cinnzeylanine,C22H34O8,426.22536806,Cinnamomum zeylanicum,,unmapped,,,Cinnzeylanine,cinnzeylanine,62203-47-8,62203478,true,ok,C22H34O8,c22h34o8,426.225368,41921e9a53db1648fb48d416efd46cb1476451ac8f8c975f131fa294395099af,122,KNApSAcK World,https://www.knapsackfamily.com/KNApSAcK_World/,compounds_20260602_131155,2026-06-02T13:11:55+00:00,5705,03acea1ceb595cb6221ec1f935af944d1541fd8362b81ac8c1c10e9b6b416739,review,unresolved_plant_mapping
122,C00058759,21040-45-9,trans-Cinnamyl acetate,C11H12O2,176.08372963,Cinnamomum zeylanicum,,unmapped,,,trans-Cinnamyl acetate,transcinnamyl_acetate,21040-45-9,21040459,true,ok,C11H12O2,c11h12o2,176.08373,238d388b28d9c94bd4de1ae6c22764b70e2f59abb15b5c45ca5ca83b97ecf328,122,KNApSAcK World,https://www.knapsackfamily.com/KNApSAcK_World/,compounds_20260602_131155,2026-06-02T13:11:55+00:00,5706,eadedc3c029f7588f9348cb2f824e706b763f9a08d4da90a85c4a2c3765e71ee,review,unresolved_plant_mapping
125,C00048326,14029-4,Benzene acetonitrile,C8H7N,117.05784923,Citrus aurantifolia,4e8f99ab-f088-5520-b1bb-41309509d188,mapped,raw_plant_id,plant_id,Benzene acetonitrile,benzene_acetonitrile,14029-4,140294,false,invalid_format,C8H7N,c8h7n,117.057849,f8fe334c6229eedd43454c21e783dd23aa52fa943fb9864800442f51e84023e7,125,KNApSAcK World,https://www.knapsackfamily.com/KNApSAcK_World/,compounds_20260602_131155,2026-06-02T13:11:55+00:00,5837,eef595c2a0b1c2cf62dcaae4f421c97b7d13cc4a00db857f3daff7c6c9cb4da0,review,cas_invalid_format
126,C00048326,14029-4,Benzene acetonitrile,C8H7N,117.05784923,Citrus aurantium,e2fd167b-5007-5c8d-8437-43d5e9d869eb,mapped,raw_plant_id,plant_id,Benzene acetonitrile,benzene_acetonitrile,14029-4,140294,false,invalid_format,C8H7N,c8h7n,117.057849,0eb753d7251c2a52c5ac20ee37e045f841ade4d2e1d03c98fbc113cfba4323a9,126,KNApSAcK World,https://www.knapsackfamily.com/KNApSAcK_World/,compounds_20260602_131155,2026-06-02T13:11:55+00:00,5987,2aedfad610dda08d974d373d3d81d8ffd2c74c842a8ef9ca56a8346c8ee7d84b,review,cas_invalid_format
127,C00048326,14029-4,Benzene acetonitrile,C8H7N,117.05784923,Citrus hystrix,6430846a-210a-5559-ad72-673cc5b2c8a1,mapped,raw_plant_id,plant_id,Benzene acetonitrile,benzene_acetonitrile,14029-4,140294,false,invalid_format,C8H7N,c8h7n,117.057849,45e61ed14ec17d1470aeb5c82e9a6a25f5e1f63e029652ba48419595ee8a231e,127,KNApSAcK World,https://www.knapsackfamily.com/KNApSAcK_World/,compounds_20260602_131155,2026-06-02T13:11:55+00:00,6040,4594ee02543ecd9305b2cff56bf633df5e3d8d583e5b502c08adf21ca72a7454,review,cas_invalid_format
130,C00001076,478-01-3,Nobiletin,C21H22O8,402.13146768,Citrus nobilis,,unmapped,,,Nobiletin,nobiletin,478-01-3,478013,true,ok,C21H22O8,c21h22o8,402.131468,96fb2c9698e5bc62029edc3a9f32c681ab32c69e922697234c1869a305872c94,130,KNApSAcK World,https://www.knapsackfamily.com/KNApSAcK_World/,compounds_20260602_131155,2026-06-02T13:11:55+00:00,6120,a596e780b84a921738da2fd533d71e8610df8275f6373b5d561887a1634c962b,review,unresolved_plant_mapping
130,C00005077,112516-43-5,Citrusinol,C20H16O6,352.09468824,Citrus nobilis,,unmapped,,,Citrusinol,citrusinol,112516-43-5,112516435,true,ok,C20H16O6,c20h16o6,352.094688,86fd57c101a5077a6d0e9d65920e9249897019625b0305c3b33b0dc6a6967c83,130,KNApSAcK World,https://www.knapsackfamily.com/KNApSAcK_World/,compounds_20260602_131155,2026-06-02T13:11:55+00:00,6121,bea0fa8242b697eb041c73a77e81392df3df342b7fb5edcb6eb009d3f6d67450,review,unresolved_plant_mapping
130,C00007098,126026-23-1,Citrunobin,C21H20O5,352.13107375,Citrus nobilis,,unmapped,,,Citrunobin,citrunobin,126026-23-1,126026231,true,ok,C21H20O5,c21h20o5,352.131074,60d9183b22ff0b387d2e324e9418287702450a1275d8f0d9e141061c044289a5,130,KNApSAcK World,https://www.knapsackfamily.com/KNApSAcK_World/,compounds_20260602_131155,2026-06-02T13:11:55+00:00,6122,8901367321b68cbac196f856655768583b3309aefce84a5fe6859f5119f5d707,review,unresolved_plant_mapping
130,C00024247,81525-61-3,Citracridone-I,C20H19NO5,353.12632273,Citrus nobilis,,unmapped,,,Citracridone-I,citracridonei,81525-61-3,81525613,true,ok,C20H19NO5,c20h19no5,353.126323,cf2f9d6ea92058240f8c371f03069933ff99551cf6e7c242c60ca1c7008e5a6d,130,KNApSAcK World,https://www.knapsackfamily.com/KNApSAcK_World/,compounds_20260602_131155,2026-06-02T13:11:55+00:00,6123,c110d9dc2ad899da7a510279f802ab31000ed34d9f764c36b9da818c72a4a38d,review,unresolved_plant_mapping
130,C00024249,86680-32-2,Citrusinine I,C16H15NO5,301.0950226,Citrus nobilis,,unmapped,,,Citrusinine I,citrusinine_i,86680-32-2,86680322,true,ok,C16H15NO5,c16h15no5,301.095023,4c671c6d907a4b92079c8f57f757373a2871b0ec09b1bb3bbac4784c4837f19b,130,KNApSAcK World,https://www.knapsackfamily.com/KNApSAcK_World/,compounds_20260602_131155,2026-06-02T13:11:55+00:00,6124,602a88d4f5165bf685df3d889c22e44dc32d158b626716a4210b4615ee8353cd,review,unresolved_plant_mapping
130,C00047753,7380-40-7,Bergamottin,C21H22O4,338.15180919,Citrus nobilis deliciosa,,unmapped,,,Bergamottin,bergamottin,7380-40-7,7380407,true,ok,C21H22O4,c21h22o4,338.151809,1f71cebbaf7251a1e8f9676e941d46fd186119feb2dd37b55dcc0ff231fce1bd,130,KNApSAcK World,https://www.knapsackfamily.com/KNApSAcK_World/,compounds_20260602_131155,2026-06-02T13:11:55+00:00,6125,231448d9b7330d8d035d4cba1257686fa916e092fd31207a3f21bcb6248b3f28,review,unresolved_plant_mapping
130,C00052245,98496-33-4,Citropone A,C22H19NO6,393.12123735,Citrus nobilis,,unmapped,,,Citropone A,citropone_a,98496-33-4,98496334,true,ok,C22H19NO6,c22h19no6,393.121237,746f22936f3421dde18a357369e01ec0eac5f5b82903f8036569c3c789a6a78c,130,KNApSAcK World,https://www.knapsackfamily.com/KNApSAcK_World/,compounds_20260602_131155,2026-06-02T13:11:55+00:00,6126,8dc71cd77bb5fadd0c3c8b48fb9196203b60ce24398ffbfe1fda5561fe3f72f6,review,unresolved_plant_mapping
130,C00054253,865144-78-1,Citrobilin,C28H34O11,546.21011193,Citrus nobilis,,unmapped,,,Citrobilin,citrobilin,865144-78-1,865144781,true,ok,C28H34O11,c28h34o11,546.210112,0f3b0e2e4120408f627f29c469ba8e5beff4860e29f509490d74f82368a88b84,130,KNApSAcK World,https://www.knapsackfamily.com/KNApSAcK_World/,compounds_20260602_131155,2026-06-02T13:11:55+00:00,6127,7467247a6136c9950827ec1bc3d6ae87674acf7494f4c8dbce49f8e234166af0,review,unresolved_plant_mapping
130,C00057990,18529-47-0,(E)-Suberenol,C15H16O4,260.104859,Citrus nobilis,,unmapped,,,(E)-Suberenol,esuberenol,18529-47-0,18529470,true,ok,C15H16O4,c15h16o4,260.104859,f90a2b95dd0e1dea684163af1dcbcca6c0444cf89cc8498bfba0c6b18862556d,130,KNApSAcK World,https://www.knapsackfamily.com/KNApSAcK_World/,compounds_20260602_131155,2026-06-02T13:11:55+00:00,6128,2d649414502c80b7567682f7301f07b2c9287cc24e6c64468909dd8cff213dea,review,unresolved_plant_mapping
132,C00001465,497-77-8,Glucocapparin,C8H15NO9S2,333.01882255,Cleome spinosa,,unmapped,,,Glucocapparin,glucocapparin,497-77-8,497778,true,ok,C8H15NO9S2,c8h15no9s2,333.018823,31a25b737cdcf6c30d80ef846be939eae2c8d359e3850ba5e80791292f34942b,132,KNApSAcK World,https://www.knapsackfamily.com/KNApSAcK_World/,compounds_20260602_131155,2026-06-02T13:11:55+00:00,6287,7e2de4be182164d87d347198c6418431a1e7508d813ece10519e8f7ef125285e,review,unresolved_plant_mapping
132,C00001467,36286-64-3,Glucocleomin,C12H23NO10S2,405.07633742,Cleome spinosa,,unmapped,,,Glucocleomin,glucocleomin,36286-64-3,36286643,true,ok,C12H23NO10S2,c12h23no10s2,405.076337,86e72c41b74d40098221ba841c8ed68c0d09a61ae13dd71f975c7aa772aeb6c0,132,KNApSAcK World,https://www.knapsackfamily.com/KNApSAcK_World/,compounds_20260602_131155,2026-06-02T13:11:55+00:00,6288,f299f216a2e80b3b7b64f0910742e327d244c999f112b0e9d662ad7c329037bc,review,unresolved_plant_mapping
132,C00004569,3301-49-3,"Kaempferol 3,7-dimethyl ether",C17H14O6,314.07903818,Cleome spinosa,,unmapped,,,"Kaempferol 3,7-dimethyl ether",kaempferol_37dimethyl_ether,3301-49-3,3301493,true,ok,C17H14O6,c17h14o6,314.079038,8f74b248148d0eef0de1c3b8de0e789ba6524eef4da4c875117a7bf75b5522e3,132,KNApSAcK World,https://www.knapsackfamily.com/KNApSAcK_World/,compounds_20260602_131155,2026-06-02T13:11:55+00:00,6289,e0a0e0916d724ba7837a054d18fdf5b289344af0011b95f12fe293044188ff36,review,unresolved_plant_mapping
132,C00004571,15486-33-6,"Kaempferol 7,4'-dimethyl ether",C17H14O6,314.07903818,Cleome spinosa,,unmapped,,,"Kaempferol 7,4'-dimethyl ether",kaempferol_74dimethyl_ether,15486-33-6,15486336,true,ok,C17H14O6,c17h14o6,314.079038,a44b7ba2f5e903c4a1748a5c58d3c79e60e8672a0ca51aa69bb114b949936cb0,132,KNApSAcK World,https://www.knapsackfamily.com/KNApSAcK_World/,compounds_20260602_131155,2026-06-02T13:11:55+00:00,6290,792eafc3da67a1dba3ed6cae0a120a1aade2807730f0b0b208bbe094c1c2b6a1,review,unresolved_plant_mapping
132,C00004573,15486-34-7,"3,7,4'-Tri-O-methylkaempferol",C18H16O6,328.09468824,Cleome spinosa,,unmapped,,,"3,7,4'-Tri-O-methylkaempferol",374triomethylkaempferol,15486-34-7,15486347,true,ok,C18H16O6,c18h16o6,328.094688,277661b0a948c39d38b2b6291ca7c2d2ebd57ea38e9b5e5fa73bd8491f375109,132,KNApSAcK World,https://www.knapsackfamily.com/KNApSAcK_World/,compounds_20260602_131155,2026-06-02T13:11:55+00:00,6291,6ec4fb872712274eee5153b5d2d72f89fd63b59c9bebe26a27180badc06cdc80,review,unresolved_plant_mapping
132,C00004615,14965-09-4,"5,7,4'-Trihydroxy-3,8-dimethoxyflavone",C17H14O7,330.0739528,Cleome spinosa,,unmapped,,,"5,7,4'-Trihydroxy-3,8-dimethoxyflavone",574trihydroxy38dimethoxyflavone,14965-09-4,14965094,true,ok,C17H14O7,c17h14o7,330.073953,f3649eb04a04989113eb73daa14856f6ba3224c564733d7a0f7a104830c93bd3,132,KNApSAcK World,https://www.knapsackfamily.com/KNApSAcK_World/,compounds_20260602_131155,2026-06-02T13:11:55+00:00,6292,11d4a7af4d8c6b556c912e4dfa5059ad7da087c0f50f9b32bc90169a1b901845,review,unresolved_plant_mapping
132,C00004619,6586-29-4,"Herbacetin 3,7,8-trimethyl ether",C18H16O7,344.08960287,Cleome spinosa,,unmapped,,,"Herbacetin 3,7,8-trimethyl ether",herbacetin_378trimethyl_ether,6586-29-4,6586294,true,ok,C18H16O7,c18h16o7,344.089603,ca04dac6345935f9ebf60c0ec98e48c00aebb45cb379ed3afdfc6da478f435f5,132,KNApSAcK World,https://www.knapsackfamily.com/KNApSAcK_World/,compounds_20260602_131155,2026-06-02T13:11:55+00:00,6293,e71e8ed422e9a6d91c58192ab97844547f511296942a826ca9e85a3b5970c07f,review,unresolved_plant_mapping
132,C00004622,521-44-8,Flindulatin,C19H18O7,358.10525293,Cleome spinosa,,unmapped,,,Flindulatin,flindulatin,521-44-8,521448,true,ok,C19H18O7,c19h18o7,358.105253,909feb7fd5a193fe8b4f7c0f23eb015c7c909c76b7f7403e58f23c38b288bf00,132,KNApSAcK World,https://www.knapsackfamily.com/KNApSAcK_World/,compounds_20260602_131155,2026-06-02T13:11:55+00:00,6294,f25dc5975afb60c31c8a5777f5debf9b71607633e2937d255658c638e18a258c,review,unresolved_plant_mapping
132,C00004673,50439-46-8,5-Hydroxyauranetin,C20H20O8,388.11581762,Cleome spinosa,,unmapped,,,5-Hydroxyauranetin,5hydroxyauranetin,50439-46-8,50439468,true,ok,C20H20O8,c20h20o8,388.115818,6473da5e73a40ea539799a8b610d00296ebdabb19a01dd08b9d7c3a7283ea495,132,KNApSAcK World,https://www.knapsackfamily.com/KNApSAcK_World/,compounds_20260602_131155,2026-06-02T13:11:55+00:00,6295,14c07831dc97788334bd538bffd81da432165cbaab3e2e8395c6fec8781d111d,review,unresolved_plant_mapping
132,C00043399,651712-46-8,Cleospinol A,C20H32O2,304.24023027,Cleome spinosa,,unmapped,,,Cleospinol A,cleospinol_a,651712-46-8,651712468,true,ok,C20H32O2,c20h32o2,304.24023,db91f4a3f6f223a69ce7ca09f3df7907d32dd9ca2ced78e873456851659134ed,132,KNApSAcK World,https://www.knapsackfamily.com/KNApSAcK_World/,compounds_20260602_131155,2026-06-02T13:11:55+00:00,6296,d7a23fc301746aac409eb11533ad8493682fc80cec7d662a8aa6a466b18ab3c8,review,unresolved_plant_mapping
132,C00043400,651712-48-0,Cleospinol B,C20H32O3,320.23514489,Cleome spinosa,,unmapped,,,Cleospinol B,cleospinol_b,651712-48-0,651712480,true,ok,C20H32O3,c20h32o3,320.235145,53d19246584ea451440e50875863d1aed70300a5ff962d813e520f4b18b0b1ae,132,KNApSAcK World,https://www.knapsackfamily.com/KNApSAcK_World/,compounds_20260602_131155,2026-06-02T13:11:55+00:00,6297,d99e78dc50238c0d8a09e810b5413e21395deeb04f978e6370218ac0438706ed,review,unresolved_plant_mapping
132,C00043401,651712-49-1,Cleospinol C,C20H32O3,320.23514489,Cleome spinosa,,unmapped,,,Cleospinol C,cleospinol_c,651712-49-1,651712491,true,ok,C20H32O3,c20h32o3,320.235145,1a7ed421022123503d54198ecef7c7eca71d484f10b012cc08f59927569a3519,132,KNApSAcK World,https://www.knapsackfamily.com/KNApSAcK_World/,compounds_20260602_131155,2026-06-02T13:11:55+00:00,6298,78decc9f419d860c2c1290e62740700071ea66cf6630f38cde60f383ff40619d,review,unresolved_plant_mapping
132,C00043402,651712-50-4,Cleospinol D,C20H32O3,320.23514489,Cleome spinosa,,unmapped,,,Cleospinol D,cleospinol_d,651712-50-4,651712504,true,ok,C20H32O3,c20h32o3,320.235145,858a8067811fbba3c0e212de3a9d95d31b413e2d513d6dc8206dfb1cb35016bf,132,KNApSAcK World,https://www.knapsackfamily.com/KNApSAcK_World/,compounds_20260602_131155,2026-06-02T13:11:55+00:00,6299,9c8a976ed6487fd42ec577cadfd822c7d3abbbf9e841cfc04460f8776c55fae0,review,unresolved_plant_mapping
133,C00003673,481-18-5,Spinasterol,C29H48O,412.37051615,Clerodendron serratum,,unmapped,,,Spinasterol,spinasterol,481-18-5,481185,true,ok,C29H48O,c29h48o,412.370516,9239a11d32bde28faffd61434cd05ed879d732598787372f51d9198d66d04796,133,KNApSAcK World,https://www.knapsackfamily.com/KNApSAcK_World/,compounds_20260602_131155,2026-06-02T13:11:55+00:00,6300,3f430074816eb3e40942c67322adbd5d5d9073eaac2d1e61745c313f726e06c7,review,unresolved_plant_mapping
133,C00003674,83-48-7,beta-Stigmasterol,C29H48O,412.37051615,Clerodendron serratum,,unmapped,,,beta-Stigmasterol,betastigmasterol,83-48-7,83487,true,ok,C29H48O,c29h48o,412.370516,895122e70d5e55628dd05c38627532cebe9b2a9dcc68eadc34b6db2f37564cde,133,KNApSAcK World,https://www.knapsackfamily.com/KNApSAcK_World/,compounds_20260602_131155,2026-06-02T13:11:55+00:00,6301,4eb3375b76c68444fdcfeef5351a403d4b0281dc54f730f64d501a860413c29c,review,unresolved_plant_mapping
133,C00003834,529-53-3,Scutellarein,C15H10O6,286.04773805,Clerodendron serratum,,unmapped,,,Scutellarein,scutellarein,529-53-3,529533,true,ok,C15H10O6,c15h10o6,286.047738,7a232abea528c525b75517cd1604bd0b4e203dc331b1cdab3081178374cfad27,133,KNApSAcK World,https://www.knapsackfamily.com/KNApSAcK_World/,compounds_20260602_131155,2026-06-02T13:11:55+00:00,6302,6f7b33424fe39697f8dc0d368139b064a087decd4f9ba362e61205f7fe39579d,review,unresolved_plant_mapping
133,C00004266,5373-11-5,Cinaroside,C21H20O11,448.10056148,Clerodendron serratum,,unmapped,,,Cinaroside,cinaroside,5373-11-5,5373115,true,ok,C21H20O11,c21h20o11,448.100561,342c341e622eab4a371049adb4a404a0a0810e5927d49a0445fa7c09a5038f64,133,KNApSAcK World,https://www.knapsackfamily.com/KNApSAcK_World/,compounds_20260602_131155,2026-06-02T13:11:55+00:00,6303,d7a3ce9e44af371cebf46b228fc8bfa2daa578f2908542c1c304c960353417c2,review,unresolved_plant_mapping
133,C00031116,511-82-0,Queretaroic acid,C30H48O4,472.35526002,Clerodendron serratum,,unmapped,,,Queretaroic acid,queretaroic_acid,511-82-0,511820,true,ok,C30H48O4,c30h48o4,472.35526,e5aa44f649fded4e95193e51b846e1ee3c6807b65bfffc216cf28d1273aca76c,133,KNApSAcK World,https://www.knapsackfamily.com/KNApSAcK_World/,compounds_20260602_131155,2026-06-02T13:11:55+00:00,6304,9b57462d4578033ee7b01537ca87ae0719a68231425675de7e645884bbdaa6ee,review,unresolved_plant_mapping
139,C00000823,138-86-3,Limonene,C10H16,136.12520051,Coffea canephora,,unmapped,,,Limonene,limonene,138-86-3,138863,true,ok,C10H16,c10h16,136.125201,a79c559a2fd6931e7ba091a2cf3853432462b7e11469438c1b2da9c372a03141,139,KNApSAcK World,https://www.knapsackfamily.com/KNApSAcK_World/,compounds_20260602_131155,2026-06-02T13:11:55+00:00,6572,2a39946cf0c086a20106d721920bf80962c57dad38d4ab08d3e01d7a3abb018f,review,unresolved_plant_mapping
139,C00000905,13920-14-4,"15,15'-cis-Phytoene",C40H64,544.50080204,Coffea canephora,,unmapped,,,"15,15'-cis-Phytoene",1515cisphytoene,13920-14-4,13920144,true,ok,C40H64,c40h64,544.500802,3fd379326c9427a48bf90643d075ede8c6e43a8015d74ad2058d03e644ed1263,139,KNApSAcK World,https://www.knapsackfamily.com/KNApSAcK_World/,compounds_20260602_131155,2026-06-02T13:11:55+00:00,6573,fed55978f9a64751d728f53ebda598ad495f14d344b6bef8522424f51de17642,review,unresolved_plant_mapping
139,C00000908,6699-20-3,Geranylgeranyl diphosphate,C20H36O7P2,450.19362648,Coffea canephora,,unmapped,,,Geranylgeranyl diphosphate,geranylgeranyl_diphosphate,6699-20-3,6699203,true,ok,C20H36O7P2,c20h36o7p2,450.193626,3fc2d8b3611263a7f8616cb23e8c5dbcafceb6c4dd0e12a44d1fb91e0d5ce773,139,KNApSAcK World,https://www.knapsackfamily.com/KNApSAcK_World/,compounds_20260602_131155,2026-06-02T13:11:55+00:00,6574,48501ad4d8160c440a03818259e5dff0841aee1fb9e26628903620b944a90cd3,review,unresolved_plant_mapping
139,C00000911,502-65-8,Lycopene,C40H56,536.43820179,Coffea canephora,,unmapped,,,Lycopene,lycopene,502-65-8,502658,true,ok,C40H56,c40h56,536.438202,7ec3dbbc7c454896701c2ac33bbb77dfa62e3d2ed1b858c97335cf5eb45c6192,139,KNApSAcK World,https://www.knapsackfamily.com/KNApSAcK_World/,compounds_20260602_131155,2026-06-02T13:11:55+00:00,6575,5954980309af92c51ff651f839ca372aa0655b25d69ccb24280d46a26f9ce737,review,unresolved_plant_mapping
139,C00000919,7235-40-7,beta-Carotene,C40H56,536.43820179,Coffea canephora,,unmapped,,,beta-Carotene,betacarotene,7235-40-7,7235407,true,ok,C40H56,c40h56,536.438202,e5e3f6d36c464dac2e5051ddd196350647a6aec3733f714113980537f78bd9ff,139,KNApSAcK World,https://www.knapsackfamily.com/KNApSAcK_World/,compounds_20260602_131155,2026-06-02T13:11:55+00:00,6576,25392b053f803af75582af94967abaf14508d048cf8088626082928b9e85d29b,review,unresolved_plant_mapping
139,C00000920,472-70-8,beta-Cryptoxanthin,C40H56O,552.43311641,Coffea canephora,,unmapped,,,beta-Cryptoxanthin,betacryptoxanthin,472-70-8,472708,true,ok,C40H56O,c40h56o,552.433116,a0af5123e4d137fec7b468ed627c92ee892db63ff3a7439028bd1f4f5c0bfbfa,139,KNApSAcK World,https://www.knapsackfamily.com/KNApSAcK_World/,compounds_20260602_131155,2026-06-02T13:11:55+00:00,6577,d539a1e6621552d9f39b632ed05061e5d1148e7674817c9dadc00eeed0fd6cb4,review,unresolved_plant_mapping
139,C00000926,472-93-5,gamma-Carotene,C40H56,536.43820179,Coffea canephora,,unmapped,,,gamma-Carotene,gammacarotene,472-93-5,472935,true,ok,C40H56,c40h56,536.438202,b888b58d63fac5ff6814e41719692682bece2697c7a1eb725835217f7f7db807,139,KNApSAcK World,https://www.knapsackfamily.com/KNApSAcK_World/,compounds_20260602_131155,2026-06-02T13:11:55+00:00,6578,17499f00c232adc28a6cf4948010b0027c662493a63a5a8b56a0c48c1592e9c4,review,unresolved_plant_mapping
139,C00001176,64-19-7,Acetic acid,C2H4O2,60.02112937,Coffea canephora,,unmapped,,,Acetic acid,acetic_acid,64-19-7,64197,true,ok,C2H4O2,c2h4o2,60.021129,1f52ab7d26bb3a3b6cf573f5be29df424b4c6c3854ebad0e978496939bfa8d98,139,KNApSAcK World,https://www.knapsackfamily.com/KNApSAcK_World/,compounds_20260602_131155,2026-06-02T13:11:55+00:00,6579,c8b58b08e4881aad94bcfe534cec78aca632605f75c5016e33f00231603e47e8,review,unresolved_plant_mapping
139,C00001265,629-62-9,n-Pentadecane,C15H32,212.25040102,Coffea canephora,,unmapped,,,n-Pentadecane,npentadecane,629-62-9,629629,true,ok,C15H32,c15h32,212.250401,ec43888bcd7abe4983279879129ab9721f8d9a622e6137d822a19a5c63846a6b,139,KNApSAcK World,https://www.knapsackfamily.com/KNApSAcK_World/,compounds_20260602_131155,2026-06-02T13:11:55+00:00,6580,42cfcda9439114ec7f0a75483df2acbd17b4a9bcb0a6d08cbaca5086a0c07c99,review,unresolved_plant_mapping
139,C00001418,120-72-9,Indole,C8H7N,117.05784923,Coffea canephora,,unmapped,,,Indole,indole,120-72-9,120729,true,ok,C8H7N,c8h7n,117.057849,e5f22159ba2504d198ce9eeba29014ac8ee6fa8cca3147b49abc41cb90f05d30,139,KNApSAcK World,https://www.knapsackfamily.com/KNApSAcK_World/,compounds_20260602_131155,2026-06-02T13:11:55+00:00,6581,4dd8cca1419c1b75aaae61a9c0ede0ad4325e701855882f7fb1b7b881872573e,review,unresolved_plant_mapping
139,C00001490,73-24-5,Adenine,C5H5N5,135.0544952,Coffea canephora,,unmapped,,,Adenine,adenine,73-24-5,73245,true,ok,C5H5N5,c5h5n5,135.054495,9f88e75922b753a7505a4f41456cfbce4e9bcd77383345f83b406f0557e749e6,139,KNApSAcK World,https://www.knapsackfamily.com/KNApSAcK_World/,compounds_20260602_131155,2026-06-02T13:11:55+00:00,6582,d45489aec40d85395980c4e498258eb525e0c5b0a842ff9b3936910ac97f3875,review,unresolved_plant_mapping
139,C00001492,58-08-2,Caffeine,C8H10N4O2,194.08037559,Coffea canephora,,unmapped,,,Caffeine,caffeine,58-08-2,58082,true,ok,C8H10N4O2,c8h10n4o2,194.080376,26536c78abe8c0ac0c1ef0dcf62897858235a8cfc898e4a743bd7772a3aca6bb,139,KNApSAcK World,https://www.knapsackfamily.com/KNApSAcK_World/,compounds_20260602_131155,2026-06-02T13:11:55+00:00,6583,41cdba7b68ffe3c45058f434cd0b7b5faddab21bc61ec17f46ac1d77e48de4ef,review,unresolved_plant_mapping
139,C00001509,83-67-0,Theobromine,C7H8N4O2,180.06472553,Coffea canephora,,unmapped,,,Theobromine,theobromine,83-67-0,83670,true,ok,C7H8N4O2,c7h8n4o2,180.064726,ae7ddd6a6988ef8bc7c4bcd3111a6ff361e52ca37dbc2feae7693fa30b3868fd,139,KNApSAcK World,https://www.knapsackfamily.com/KNApSAcK_World/,compounds_20260602_131155,2026-06-02T13:11:55+00:00,6584,3c21697ec1d5c8f4e930f5877e632df74dfb609d3dcef7dff91bc31bbf675a63,review,unresolved_plant_mapping
139,C00001510,58-55-9,Theophylline,C7H8N4O2,180.06472553,Coffea canephora,,unmapped,,,Theophylline,theophylline,58-55-9,58559,true,ok,C7H8N4O2,c7h8n4o2,180.064726,94240b029fba299fcff5d730989cc1061842a12f65369d479b69854c72ab85db,139,KNApSAcK World,https://www.knapsackfamily.com/KNApSAcK_World/,compounds_20260602_131155,2026-06-02T13:11:55+00:00,6585,76e38373165187bfeccc20804f66214d77ee15004a453c3435f7e41c332bc875,review,unresolved_plant_mapping
139,C00001528,479-61-8,Chlorophyll a,C55H72MgN4O5,892.53531331,Coffea canephora,,unmapped,,,Chlorophyll a,chlorophyll_a,479-61-8,479618,true,ok,C55H72MgN4O5,c55h72mgn4o5,892.535313,60d7722867420d463ba0ae03778948dcd8fb660f837456b219e8525c9ba5f73f,139,KNApSAcK World,https://www.knapsackfamily.com/KNApSAcK_World/,compounds_20260602_131155,2026-06-02T13:11:55+00:00,6586,34ec437d78a0491b328081b956c88782226d78a304a61ef504e1c6371b30cbd7,review,unresolved_plant_mapping
139,C00002654,90-05-1,Guaiacol,C7H8O2,124.0524295,Coffea canephora,,unmapped,,,Guaiacol,guaiacol,90-05-1,90051,true,ok,C7H8O2,c7h8o2,124.05243,919aa76cfbec7a6c67a8d2c5078e59027c8ecfaabdf680f855feb7ae2298d823,139,KNApSAcK World,https://www.knapsackfamily.com/KNApSAcK_World/,compounds_20260602_131155,2026-06-02T13:11:55+00:00,6587,029d4d11b604cbddcf261d5f9beba5c4230913b8eb8ba0bc1e0dec11a1474a97,review,unresolved_plant_mapping
139,C00002663,60-12-8,2-Phenylethanol,C8H10O,122.07316494,Coffea canephora,,unmapped,,,2-Phenylethanol,2phenylethanol,60-12-8,60128,true,ok,C8H10O,c8h10o,122.073165,18161ab0b91ea5bd2183290d084f4cd19ab6bce403ee4581e7f2ac6cb7bf0c26,139,KNApSAcK World,https://www.knapsackfamily.com/KNApSAcK_World/,compounds_20260602_131155,2026-06-02T13:11:55+00:00,6588,d3e11b51b80871edcd0b2579e32bf73dcb700ec6d38225393b9fe8e5faa43853,review,unresolved_plant_mapping
139,C00002664,108-95-2,Phenol,C6H6O,94.04186481,Coffea canephora,,unmapped,,,Phenol,phenol,108-95-2,108952,true,ok,C6H6O,c6h6o,94.041865,4b67b4500356228b743b4495854bed9075d0fb19edb30d7f7eeeb8008a0c2bfd,139,KNApSAcK World,https://www.knapsackfamily.com/KNApSAcK_World/,compounds_20260602_131155,2026-06-02T13:11:55+00:00,6589,bfeaf280b6ef2238961f45912b0f83bdd3d5e3ed69577d50a0929419537bffa2,review,unresolved_plant_mapping
139,C00003047,78-70-6,(+-)-Linalool,C10H18O,154.1357652,Coffea canephora,,unmapped,,,(+-)-Linalool,linalool,78-70-6,78706,true,ok,C10H18O,c10h18o,154.135765,d92ec88d790f1d05a18935b9dcdc07ddb54c03689873096715174b9688233076,139,KNApSAcK World,https://www.knapsackfamily.com/KNApSAcK_World/,compounds_20260602_131155,2026-06-02T13:11:55+00:00,6590,90441a0506bbf15a73919e31b01451ba6e4e231b5862e1a24eb1860f3e4cdb46,review,unresolved_plant_mapping
139,C00003407,469-83-0,Cafestol,C20H28O3,316.20384476,Coffea canephora,,unmapped,,,Cafestol,cafestol,469-83-0,469830,true,ok,C20H28O3,c20h28o3,316.203845,045cbfc31cda727ed641b249cc224612ff7c454ccac65a42fe29f088b9491684,139,KNApSAcK World,https://www.knapsackfamily.com/KNApSAcK_World/,compounds_20260602_131155,2026-06-02T13:11:55+00:00,6591,d3bae8ae4c8451e733d437008c46ef969cedf34c19b9898dd7b6d45b54d2cc85,review,unresolved_plant_mapping
139,C00003672,83-46-5,(-)-beta-Sitosterol,C29H50O,414.38616622,Coffea canephora,,unmapped,,,(-)-beta-Sitosterol,betasitosterol,83-46-5,83465,true,ok,C29H50O,c29h50o,414.386166,6631b6e4c29b2abf4abc446f134cfcd21f96afec599be746fd91d8951cc78ae8,139,KNApSAcK World,https://www.knapsackfamily.com/KNApSAcK_World/,compounds_20260602_131155,2026-06-02T13:11:55+00:00,6592,02d017575e0a2dee8ca65f43d82649599d583d6d95c2668afd0c2a8c1f36a6a8,review,unresolved_plant_mapping
139,C00003760,640-03-9,Antheraxanthin,C40H56O3,584.42294565,Coffea canephora,,unmapped,,,Antheraxanthin,antheraxanthin,640-03-9,640039,true,ok,C40H56O3,c40h56o3,584.422946,601292b2f6d3a861fdac6f36d01eb786c8fac44a8259fc256950e6618d651f25,139,KNApSAcK World,https://www.knapsackfamily.com/KNApSAcK_World/,compounds_20260602_131155,2026-06-02T13:11:55+00:00,6593,d83e1885d2e60b4b585268261387f7397f5ce73d314331ae5400012792f63aa7,review,unresolved_plant_mapping
139,C00003765,7488-99-5,alpha-Carotene,C40H56,536.43820179,Coffea canephora,,unmapped,,,alpha-Carotene,alphacarotene,7488-99-5,7488995,true,ok,C40H56,c40h56,536.438202,e0d89b166e62dc5a05cf0f391ba2bd3ae60d1c308e50c8df2774e4b3abae3510,139,KNApSAcK World,https://www.knapsackfamily.com/KNApSAcK_World/,compounds_20260602_131155,2026-06-02T13:11:55+00:00,6594,46c24571e448af31c4b963e8011c40e3c8ce3793f8e35f967498ba3fa975b4d7,review,unresolved_plant_mapping
139,C00003766,472-92-4,delta-Carotene,C40H56,536.43820179,Coffea canephora,,unmapped,,,delta-Carotene,deltacarotene,472-92-4,472924,true,ok,C40H56,c40h56,536.438202,e407916c1998c2b3f9b2516bca199b0211cd54fae180f355c83968b416c0fab7,139,KNApSAcK World,https://www.knapsackfamily.com/KNApSAcK_World/,compounds_20260602_131155,2026-06-02T13:11:55+00:00,6595,c81e90663a6be165cb826cdcf66c0bc0380c5f0a5ffc8a447a125500a0a4a32c,review,unresolved_plant_mapping
139,C00003770,24480-38-4,alpha-Cryptoxanthin,C40H56O,552.43311641,Coffea canephora,,unmapped,,,alpha-Cryptoxanthin,alphacryptoxanthin,24480-38-4,24480384,true,ok,C40H56O,c40h56o,552.433116,b852078090ba7af8a149563a39aa938cae9afffba12b6f0f2bd97647bcad0d34,139,KNApSAcK World,https://www.knapsackfamily.com/KNApSAcK_World/,compounds_20260602_131155,2026-06-02T13:11:55+00:00,6596,4b4d86d7f8371beb54f48cda7758cd2133b049f401b3692bc9d03258b92ac53e,review,unresolved_plant_mapping
139,C00003776,127-40-2,Lutein,C40H56O2,568.42803103,Coffea canephora,,unmapped,,,Lutein,lutein,127-40-2,127402,true,ok,C40H56O2,c40h56o2,568.428031,f95d82752264c9656dc48bd643e4f3d7bd104072ae587a859fb62a427bb02b31,139,KNApSAcK World,https://www.knapsackfamily.com/KNApSAcK_World/,compounds_20260602_131155,2026-06-02T13:11:55+00:00,6597,39002f42b4ef70659f799dbbc127986db180a2c09f366d97afa309c6c483a20b,review,unresolved_plant_mapping
139,C00003780,14660-91-4,Neoxanthin,C40H56O4,600.41786028,Coffea canephora,,unmapped,,,Neoxanthin,neoxanthin,14660-91-4,14660914,true,ok,C40H56O4,c40h56o4,600.41786,7c4905a513096b57f891a487c4becb234ae9a68c75a5668ff2346c3d0af5b510,139,KNApSAcK World,https://www.knapsackfamily.com/KNApSAcK_World/,compounds_20260602_131155,2026-06-02T13:11:55+00:00,6598,668a3acf9d5089eb81eb5312d60da7672855319665e8d6af1e1ae4fba61bf651,review,unresolved_plant_mapping
139,C00003787,126-29-4,Violaxanthin,C40H56O4,600.41786028,Coffea canephora,,unmapped,,,Violaxanthin,violaxanthin,126-29-4,126294,true,ok,C40H56O4,c40h56o4,600.41786,035c2041af6fe4fc92a5005ee262939454be64137edc9ebc86068f12c4003a34,139,KNApSAcK World,https://www.knapsackfamily.com/KNApSAcK_World/,compounds_20260602_131155,2026-06-02T13:11:55+00:00,6599,975410d989494fb862e68506ea56e19f3ec37673b4936713ec3f06eed04cf1a7,review,unresolved_plant_mapping
139,C00007222,146-80-5,Xanthosine,C10H12N4O6,284.07568415,Coffea canephora,,unmapped,,,Xanthosine,xanthosine,146-80-5,146805,true,ok,C10H12N4O6,c10h12n4o6,284.075684,82fda74655f7fb59c483856c89d18f0a03ff87d1c3db683c78e8b8c904c795eb,139,KNApSAcK World,https://www.knapsackfamily.com/KNApSAcK_World/,compounds_20260602_131155,2026-06-02T13:11:55+00:00,6600,55315170e15961177263046d940496cdd74ea0b8a599882220853871e3587813,review,unresolved_plant_mapping
139,C00007224,131-99-7,IMP,C10H13N4O8P,348.04709991,Coffea canephora,,unmapped,,,IMP,imp,131-99-7,131997,true,ok,C10H13N4O8P,c10h13n4o8p,348.0471,89a9f58b353610c6272c5f08fe1f9ebbac01aac8a60a9d4493d852f0e37c2aaa,139,KNApSAcK World,https://www.knapsackfamily.com/KNApSAcK_World/,compounds_20260602_131155,2026-06-02T13:11:55+00:00,6601,7ee78464c2640dfa63c0951059fc600e341af6d8b6ff784251377bb1f50e84e3,review,unresolved_plant_mapping
139,C00007322,23290-26-8,delta7-Avenasterol,C29H48O,412.37051615,Coffea canephora,,unmapped,,,delta7-Avenasterol,delta7avenasterol,23290-26-8,23290268,true,ok,C29H48O,c29h48o,412.370516,926922a9b9cdf83f3ce14ec28ba4a27e0d5d4a8aad33d03a359b34add91742e9,139,KNApSAcK World,https://www.knapsackfamily.com/KNApSAcK_World/,compounds_20260602_131155,2026-06-02T13:11:55+00:00,6602,95693377166ea156f0a7fdfb129300efce8a16681ef156dace10d01063f980a3,review,unresolved_plant_mapping
139,C00007326,552-62-5,7-Methylxanthine,C6H6N4O2,166.04907547,Coffea canephora,,unmapped,,,7-Methylxanthine,7methylxanthine,552-62-5,552625,true,ok,C6H6N4O2,c6h6n4o2,166.049075,3d3949791e2d880d7d3184209322c72ade05d243742a24608887561f3595db5d,139,KNApSAcK World,https://www.knapsackfamily.com/KNApSAcK_World/,compounds_20260602_131155,2026-06-02T13:11:55+00:00,6603,b15742047ba191421e12769ee2b733c3fb2fa2d76a2be2f3ef25c5808eb03778,review,unresolved_plant_mapping
139,C00007376,519-62-0,Chlorophyll b,C55H70MgN4O6,906.51457787,Coffea canephora,,unmapped,,,Chlorophyll b,chlorophyll_b,519-62-0,519620,true,ok,C55H70MgN4O6,c55h70mgn4o6,906.514578,69e45de71bb14a2f83fe1f51223ccbe3d79b62716a74728262be3116180b3e01,139,KNApSAcK World,https://www.knapsackfamily.com/KNApSAcK_World/,compounds_20260602_131155,2026-06-02T13:11:55+00:00,6604,29d8e3a42fd50167cbe41dd33e7c32ab0d17adbc655f5cf4d0ce7bafedec0fa2,review,unresolved_plant_mapping
139,C00007396,523-98-8,Xanthosine 5'-monophosphate,C10H13N4O9P,364.04201454,Coffea canephora,,unmapped,,,Xanthosine 5'-monophosphate,xanthosine_5monophosphate,523-98-8,523988,true,ok,C10H13N4O9P,c10h13n4o9p,364.042015,c977cc47aca1694bf468ab864968f14751d0c5f8a5827a5f4c2621729d40f0dc,139,KNApSAcK World,https://www.knapsackfamily.com/KNApSAcK_World/,compounds_20260602_131155,2026-06-02T13:11:55+00:00,6605,67d42bc8039d9ee4a542e15b9ed8230b636b39a0daf5c1a142c0e7b94a6fe98b,review,unresolved_plant_mapping
139,C00007444,58-61-7,Adenosine,C10H13N5O4,267.09675394,Coffea canephora,,unmapped,,,Adenosine,adenosine,58-61-7,58617,true,ok,C10H13N5O4,c10h13n5o4,267.096754,8face613ab926b39330114080fc7e2c7a911a2a7e7a042c1511d00d5d61199d0,139,KNApSAcK World,https://www.knapsackfamily.com/KNApSAcK_World/,compounds_20260602_131155,2026-06-02T13:11:55+00:00,6606,f23f644d8f31946392b8056bf46f45301940ba2a246dd202e3d24c1f86e34aba,review,unresolved_plant_mapping
139,C00007572,29885-96-9,7-Methylxanthosine,C11H15N4O6,299.09915924,Coffea canephora,,unmapped,,,7-Methylxanthosine,7methylxanthosine,29885-96-9,29885969,true,ok,C11H15N4O6,c11h15n4o6,299.099159,352f1ea904a36cb735580218ffcef50f201f4ff38b09afe9771cf7cbb2c471dc,139,KNApSAcK World,https://www.knapsackfamily.com/KNApSAcK_World/,compounds_20260602_131155,2026-06-02T13:11:55+00:00,6607,a0fa4489e6e915d8122923f6678fd25aba3a539daa98c63918849da888810a08,review,unresolved_plant_mapping
139,C00019347,61-19-8,AMP,C10H14N5O7P,347.06308433,Coffea canephora,,unmapped,,,AMP,amp,61-19-8,61198,true,ok,C10H14N5O7P,c10h14n5o7p,347.063084,dcff84ccc28ace0a271bee49fcdd72b7260f7f2e4547d7489247b09e50eb4967,139,KNApSAcK World,https://www.knapsackfamily.com/KNApSAcK_World/,compounds_20260602_131155,2026-06-02T13:11:55+00:00,6608,4f34a8a68dd34faa9538b4eaa7e8289e01a724627461b48309bfbd6fa3f9ca3f,review,unresolved_plant_mapping
139,C00029423,3391-86-4,1-Octen-3-ol,C8H16O,128.12011513,Coffea canephora,,unmapped,,,1-Octen-3-ol,1octen3ol,3391-86-4,3391864,true,ok,C8H16O,c8h16o,128.120115,e9959f38e72b6383111c0b8ad25a9204744cf46dce5b4017ac2481b12a7f701d,139,KNApSAcK World,https://www.knapsackfamily.com/KNApSAcK_World/,compounds_20260602_131155,2026-06-02T13:11:55+00:00,6609,d7808c9c452ece82fd3553f5033c946e915881be19c21db3b22aae42e147dd1d,review,unresolved_plant_mapping
139,C00029546,7786-61-0,4-Vinyl guaiacol,C9H10O2,150.06807956,Coffea canephora,,unmapped,,,4-Vinyl guaiacol,4vinyl_guaiacol,7786-61-0,7786610,true,ok,C9H10O2,c9h10o2,150.06808,bed3115f3d1041b4f1c2be49406030941f5272cf715fe2e0e10727001f7ba145,139,KNApSAcK World,https://www.knapsackfamily.com/KNApSAcK_World/,compounds_20260602_131155,2026-06-02T13:11:55+00:00,6610,63033a174e9e8167bca974a612286ff959cd7e98b966afa66787ab9e5fe4906a,review,unresolved_plant_mapping
139,C00029816,79-77-6,beta-Ionone,C13H20O,192.15141526,Coffea canephora,,unmapped,,,beta-Ionone,betaionone,79-77-6,79776,true,ok,C13H20O,c13h20o,192.151415,1100fe0b43232ff3a59b1c5eea4c974b03eb3078eac5a8c9654359711cf598b7,139,KNApSAcK World,https://www.knapsackfamily.com/KNApSAcK_World/,compounds_20260602_131155,2026-06-02T13:11:55+00:00,6611,df5e83f68f784bf51e819eea8586e40fa176f3ad9f29711842be2af6ba579086,review,unresolved_plant_mapping
139,C00030331,98-01-1,Furfural,C5H4O2,96.02112937,Coffea canephora,,unmapped,,,Furfural,furfural,98-01-1,98011,true,ok,C5H4O2,c5h4o2,96.021129,29402fa30c68ca15b7ed5fed9aeec74a3102bf917051db44d49cdb801fdd05b9,139,KNApSAcK World,https://www.knapsackfamily.com/KNApSAcK_World/,compounds_20260602_131155,2026-06-02T13:11:55+00:00,6612,72cd3db22ad1baeab50bfc881c873d9962cf4252abf42837f24e96faca785b4a,review,unresolved_plant_mapping
139,C00030807,906-33-2,5-Caffeoylquinic acid,C16H18O9,354.09508217,Coffea canephora,,unmapped,,,5-Caffeoylquinic acid,5caffeoylquinic_acid,906-33-2,906332,true,ok,C16H18O9,c16h18o9,354.095082,61f77b5f8fa42d452298b6f075f34156a9e917eb9344a97e38a8a8b345831403,139,KNApSAcK World,https://www.knapsackfamily.com/KNApSAcK_World/,compounds_20260602_131155,2026-06-02T13:11:55+00:00,6613,2eacd543896eb1ce2e7bad645c188bec010d2924ae679c66fe22b35a6f5a07d4,review,unresolved_plant_mapping
139,C00030828,124-19-6,Nonadienal,C9H18O,142.1357652,Coffea canephora,,unmapped,,,Nonadienal,nonadienal,124-19-6,124196,true,ok,C9H18O,c9h18o,142.135765,50acda7976b9dd27c1aa9be262aec0e8c64e50596167334b46d90599add1dbc4,139,KNApSAcK World,https://www.knapsackfamily.com/KNApSAcK_World/,compounds_20260602_131155,2026-06-02T13:11:55+00:00,6614,469fc4e32e40ca60dfcb5e7652c06474431bbe5a7380300a8c989498023c14fc,review,unresolved_plant_mapping
139,C00032163,83-45-4,"(3beta,5alpha)-Stigmastan-3-ol",C29H52O,416.40181628,Coffea canephora,,unmapped,,,"(3beta,5alpha)-Stigmastan-3-ol",3beta5alphastigmastan3ol,83-45-4,83454,true,ok,C29H52O,c29h52o,416.401816,9d9cb081d4715f41492688c6cdf8c705948befcda810260db0c8b1b8fe09efb6,139,KNApSAcK World,https://www.knapsackfamily.com/KNApSAcK_World/,compounds_20260602_131155,2026-06-02T13:11:55+00:00,6615,618c9e46420fab08047fe65f9bf2bbae09debda7ac27593388bc1afd71dd3198,review,unresolved_plant_mapping
139,C00033727,2364-23-0,Clerosterol,C29H48O,412.37051615,Coffea canephora,,unmapped,,,Clerosterol,clerosterol,2364-23-0,2364230,true,ok,C29H48O,c29h48o,412.370516,d1d65d289534a3e507146c6259d3783ec2178dfbb6ee711c3cc9ac5faa65be82,139,KNApSAcK World,https://www.knapsackfamily.com/KNApSAcK_World/,compounds_20260602_131155,2026-06-02T13:11:55+00:00,6616,0f44e527d6f3ddd3a1bc23114b51ddbc72b1f5f79d35c01c0c5d219bf2612542,review,unresolved_plant_mapping
139,C00033758,6869-99-4,delta7-Stigmastenol,C29H50O,414.38616622,Coffea canephora,,unmapped,,,delta7-Stigmastenol,delta7stigmastenol,6869-99-4,6869994,true,ok,C29H50O,c29h50o,414.386166,23caaa8b7bc13d16cf27161a836f3fd91bc1a12af786678f6f02f434e856b7d3,139,KNApSAcK World,https://www.knapsackfamily.com/KNApSAcK_World/,compounds_20260602_131155,2026-06-02T13:11:55+00:00,6617,496f836234a9d4ce83a00796cbe2488f61f243a0cea18214689a87c85171daf6,review,unresolved_plant_mapping
139,C00034452,100-52-7,Benzaldehyde,C7H6O,106.04186481,Coffea canephora,,unmapped,,,Benzaldehyde,benzaldehyde,100-52-7,100527,true,ok,C7H6O,c7h6o,106.041865,00696ad1e69e1177fbc7b9c917034e68eadb25b8b1614085b0dc6e0d82e01627,139,KNApSAcK World,https://www.knapsackfamily.com/KNApSAcK_World/,compounds_20260602_131155,2026-06-02T13:11:55+00:00,6618,654317c854d0343f9ee407cd5e57801fe115ce06181a01024f0f49a9852b93dc,review,unresolved_plant_mapping
139,C00035536,23726-93-4,beta-Damascenone,C13H18O,190.1357652,Coffea canephora,,unmapped,,,beta-Damascenone,betadamascenone,23726-93-4,23726934,true,ok,C13H18O,c13h18o,190.135765,fbe566001c01e345f3ae72ab1dfca3f292d9bac81f330adc623cbef1c1850d7a,139,KNApSAcK World,https://www.knapsackfamily.com/KNApSAcK_World/,compounds_20260602_131155,2026-06-02T13:11:55+00:00,6619,64da0fba0107384a064307163949a9c71eabd6dc50b278ed65845d4680d4e00d,review,unresolved_plant_mapping
139,C00035879,629-59-4,n-Tetradecane,C14H30,198.23475096,Coffea canephora,,unmapped,,,n-Tetradecane,ntetradecane,629-59-4,629594,true,ok,C14H30,c14h30,198.234751,9920487dc039d068e04f4429271544a16cec91415c7265101f0cc7a93c9c851e,139,KNApSAcK World,https://www.knapsackfamily.com/KNApSAcK_World/,compounds_20260602_131155,2026-06-02T13:11:55+00:00,6620,7335a0651487100421b27d55327f39dd29e67bfe7b2ac3aa01b14fae4d5a74c2,review,unresolved_plant_mapping
139,C00039930,611-59-6,Paraxanthine,C7H8N4O2,180.06472553,Coffea canephora,,unmapped,,,Paraxanthine,paraxanthine,611-59-6,611596,true,ok,C7H8N4O2,c7h8n4o2,180.064726,32fdf8541f5c0fb21a921cc1dbb8fa6275a26d2947168fc29503a6bb6ef364db,139,KNApSAcK World,https://www.knapsackfamily.com/KNApSAcK_World/,compounds_20260602_131155,2026-06-02T13:11:55+00:00,6621,e0116c5bc4af158a4560080ea30c1d33f94196429554c363a0abb970fb8bfe7f,review,unresolved_plant_mapping
139,C00043196,1076-22-8,3-Methylxanthine,C6H6N4O2,166.04907547,Coffea canephora,,unmapped,,,3-Methylxanthine,3methylxanthine,1076-22-8,1076228,true,ok,C6H6N4O2,c6h6n4o2,166.049075,4fc1a6a4d38adc9b5aa980cdf1cd80d701768caf4be010bc96fe1b5d5e55c03d,139,KNApSAcK World,https://www.knapsackfamily.com/KNApSAcK_World/,compounds_20260602_131155,2026-06-02T13:11:55+00:00,6622,0ac88e9cb3ff1bfd7cb7b4d5d1b1d68c73c3b6d8f743360f9fc4a3f9e67e1209,review,unresolved_plant_mapping
139,C00048479,79-20-9,Methyl acetate,C3H6O2,74.03677944,Coffea canephora,,unmapped,,,Methyl acetate,methyl_acetate,79-20-9,79209,true,ok,C3H6O2,c3h6o2,74.036779,9113a6c8bd2f73d44f77646ed28023db973bc6cb1a8bded5b7fe2e5cdeba9437,139,KNApSAcK World,https://www.knapsackfamily.com/KNApSAcK_World/,compounds_20260602_131155,2026-06-02T13:11:55+00:00,6623,ba94aa77665bb598221fc582a836ca4a4e4680d1ae81af88cd5304d9f2fb7f9a,review,unresolved_plant_mapping
139,C00050420,28664-35-9,"4,5-Dimethyl-3-hydroxy-2(5H)-furanone",C6H8O3,128.04734412,Coffea canephora,,unmapped,,,"4,5-Dimethyl-3-hydroxy-2(5H)-furanone",45dimethyl3hydroxy25hfuranone,28664-35-9,28664359,true,ok,C6H8O3,c6h8o3,128.047344,63e50e84a74867d61740a24d977aba65c32def5b19d08c61f73422e86caebbb5,139,KNApSAcK World,https://www.knapsackfamily.com/KNApSAcK_World/,compounds_20260602_131155,2026-06-02T13:11:55+00:00,6624,4e02b14084ccaf449e0bd5be9339bb263dab2303dff30083b2df9a7055d53458,review,unresolved_plant_mapping
139,C00050437,431-03-8,"2,3-Butanedione",C4H6O2,86.03677944,Coffea canephora,,unmapped,,,"2,3-Butanedione",23butanedione,431-03-8,431038,true,ok,C4H6O2,c4h6o2,86.036779,11837f16b785fcba094144da21e2a19d44a9a3ec725048fd58177b99dff69329,139,KNApSAcK World,https://www.knapsackfamily.com/KNApSAcK_World/,compounds_20260602_131155,2026-06-02T13:11:55+00:00,6625,d8bd5837229219dc725f59730d71dde7fb05def866dc7d3feb1cb4c40b9424b8,review,unresolved_plant_mapping
139,C00051588,108-88-3,Toluene,C7H8,92.06260026,Coffea canephora,,unmapped,,,Toluene,toluene,108-88-3,108883,true,ok,C7H8,c7h8,92.0626,9b1dd86d1b37977faa96df6c82c2df99561f9b0bddd8c302e566b198a0a3b5b1,139,KNApSAcK World,https://www.knapsackfamily.com/KNApSAcK_World/,compounds_20260602_131155,2026-06-02T13:11:55+00:00,6626,def99dae79779da143e01500c674eab58fbb50270502b4242ac8de19951bab7d,review,unresolved_plant_mapping
139,C00051958,84567-50-0,7-Methyl-XMP,C11H16N5O8P,377.07364902,Coffea canephora,,unmapped,,,7-Methyl-XMP,7methylxmp,84567-50-0,84567500,true,ok,C11H16N5O8P,c11h16n5o8p,377.073649,341c3d2a3d08d86a10b185a51cf086274da536370adf1f9d21b60fc1825b5900,139,KNApSAcK World,https://www.knapsackfamily.com/KNApSAcK_World/,compounds_20260602_131155,2026-06-02T13:11:55+00:00,6627,ea6a6f86ec8cd0f9acb3d722f2d66744615cac86faab30ae3053d9c88e337d16,review,unresolved_plant_mapping
139,C00052006,73-31-4,Melatonin,C13H16N2O2,232.12117777,Coffea canephora,,unmapped,,,Melatonin,melatonin,73-31-4,73314,true,ok,C13H16N2O2,c13h16n2o2,232.121178,4f1634ab5853d7278db9b5fb1df2493a223be9b3c14b8f71e33157ab3c95d6f2,139,KNApSAcK World,https://www.knapsackfamily.com/KNApSAcK_World/,compounds_20260602_131155,2026-06-02T13:11:55+00:00,6628,d20d15482af8beb76485b26a8419133fb9853a9790507269f1c963bd3ebc1be0,review,unresolved_plant_mapping
139,C00052577,96-54-8,1-Methylpyrrole,C5H7N,81.05784923,Coffea canephora,,unmapped,,,1-Methylpyrrole,1methylpyrrole,96-54-8,96548,true,ok,C5H7N,c5h7n,81.057849,84af0875c8dc5c7394ff8c0dbc73c9cfd9eab4507f7134a0b865dfabc87f60e3,139,KNApSAcK World,https://www.knapsackfamily.com/KNApSAcK_World/,compounds_20260602_131155,2026-06-02T13:11:55+00:00,6629,db5656505ab60e86be609cc1c165dba66257a58ff761c05f4af347bc8554ebc8,review,unresolved_plant_mapping
139,C00052588,5910-89-4,"2,3-Dimethylpyrazine",C6H8N2,108.06874827,Coffea canephora,,unmapped,,,"2,3-Dimethylpyrazine",23dimethylpyrazine,5910-89-4,5910894,true,ok,C6H8N2,c6h8n2,108.068748,5339fba7091c26bcdf6c21a795e0ff4ac83a3674b64fb485d632f39e4cf6396d,139,KNApSAcK World,https://www.knapsackfamily.com/KNApSAcK_World/,compounds_20260602_131155,2026-06-02T13:11:55+00:00,6630,35220feeab60924a073724b1a8431cd993ab8ae34427b598cb7f48db0b39420e,review,unresolved_plant_mapping
139,C00052608,123-32-0,"2,5-Dimethylpyrazine",C6H8N2,108.06874827,Coffea canephora,,unmapped,,,"2,5-Dimethylpyrazine",25dimethylpyrazine,123-32-0,123320,true,ok,C6H8N2,c6h8n2,108.068748,338320f78c33c2da4ec5b07ee42c0d589a1320555dd1d651767896e3569d53d5,139,KNApSAcK World,https://www.knapsackfamily.com/KNApSAcK_World/,compounds_20260602_131155,2026-06-02T13:11:55+00:00,6631,25701dbe17063757e21b96bb5f4716d8dec606eda5009a844a702d29568d3efa,review,unresolved_plant_mapping
139,C00052612,108-50-9,"2,6-Dimethylpyrazine",C6H8N2,108.06874827,Coffea canephora,,unmapped,,,"2,6-Dimethylpyrazine",26dimethylpyrazine,108-50-9,108509,true,ok,C6H8N2,c6h8n2,108.068748,bf19b84bd5dd5c2bd18264bb7e276f442d75e095c3dd4c8dc7015cc0e4fab4c7,139,KNApSAcK World,https://www.knapsackfamily.com/KNApSAcK_World/,compounds_20260602_131155,2026-06-02T13:11:55+00:00,6632,36b3a2208ac125b271808fb83f5296b23c55537b3d2ad303c47c34b9e115da2c,review,unresolved_plant_mapping
139,C00052633,13925-03-6,2-Ethyl-6-methylpyrazine,C7H10N2,122.08439833,Coffea canephora,,unmapped,,,2-Ethyl-6-methylpyrazine,2ethyl6methylpyrazine,13925-03-6,13925036,true,ok,C7H10N2,c7h10n2,122.084398,e4891ced8c459810b15eeb750a8adf1811096d267058bba519472624f5a31417,139,KNApSAcK World,https://www.knapsackfamily.com/KNApSAcK_World/,compounds_20260602_131155,2026-06-02T13:11:55+00:00,6633,7fa023697767d1287bb35007797a3dcc212930eb62bfda1301edfcf9ad9d7d50,review,unresolved_plant_mapping
139,C00052646,109-08-0,2-Methylpyrazine,C5H6N2,94.05309821,Coffea canephora,,unmapped,,,2-Methylpyrazine,2methylpyrazine,109-08-0,109080,true,ok,C5H6N2,c5h6n2,94.053098,4bbdb3da5051225f1a79578664270a9cb519f532a12300b98799dca2763f45f9,139,KNApSAcK World,https://www.knapsackfamily.com/KNApSAcK_World/,compounds_20260602_131155,2026-06-02T13:11:55+00:00,6634,bb1dce61e0b82843d1551c32385ca69b44091d915cd4a6f0c64df519ea3afc8a,review,unresolved_plant_mapping
139,C00052712,3658-77-3,"4-Hydroxy-2,5-dimethyl-3(2H)-furanone",C6H8O3,128.04734412,Coffea canephora,,unmapped,,,"4-Hydroxy-2,5-dimethyl-3(2H)-furanone",4hydroxy25dimethyl32hfuranone,3658-77-3,3658773,true,ok,C6H8O3,c6h8o3,128.047344,a9c8cfd9ef7a16143f552b0894ef8aeb30ec1984cd1554098ec076e573f9e228,139,KNApSAcK World,https://www.knapsackfamily.com/KNApSAcK_World/,compounds_20260602_131155,2026-06-02T13:11:55+00:00,6635,39614bdaaf196cae327169a843bc27409907dbaf16da9da80688b1fef01a2eef,review,unresolved_plant_mapping
139,C00052743,620-02-0,5-Methylfurfural,C6H6O2,110.03677944,Coffea canephora,,unmapped,,,5-Methylfurfural,5methylfurfural,620-02-0,620020,true,ok,C6H6O2,c6h6o2,110.036779,f5ba03fbbfd9a04cb1334e43817ebd689f120ce0bd67c8778bf8699bff5df077,139,KNApSAcK World,https://www.knapsackfamily.com/KNApSAcK_World/,compounds_20260602_131155,2026-06-02T13:11:55+00:00,6636,fb590066e154874690cba190f235f51c8f866d52fb1d1b5f67eb2f20d3aad259,review,unresolved_plant_mapping
139,C00053130,75-18-3,Dimethyl sulfide,C2H6S,62.01902092,Coffea canephora,,unmapped,,,Dimethyl sulfide,dimethyl_sulfide,75-18-3,75183,true,ok,C2H6S,c2h6s,62.019021,25edfa24424e04cb6e87a6583daa23d5f9b0aecd446eb051f96120f44a2edda2,139,KNApSAcK World,https://www.knapsackfamily.com/KNApSAcK_World/,compounds_20260602_131155,2026-06-02T13:11:55+00:00,6637,c3683e577b52362bdb8eda5bb7aaf4ea95dc62cc952d4f103409973b62872acc,review,unresolved_plant_mapping
139,C00053167,96-48-0,gamma Butyrolactone,C4H6O2,86.03677944,Coffea canephora,,unmapped,,,gamma Butyrolactone,gamma_butyrolactone,96-48-0,96480,true,ok,C4H6O2,c4h6o2,86.036779,d39de3ae9d663e76c41dd78baa5fa94de550bbbb4a9f5c5ee4869d2b0ae95533,139,KNApSAcK World,https://www.knapsackfamily.com/KNApSAcK_World/,compounds_20260602_131155,2026-06-02T13:11:55+00:00,6638,db815956a9ed38d3ee96e39cabc74b7ba119a3d6afdec39342cbc642c4eb3461,review,unresolved_plant_mapping
139,C00053185,623-17-6,2-Furan methyl acetate,C7H8O3,140.04734412,Coffea canephora,,unmapped,,,2-Furan methyl acetate,2furan_methyl_acetate,623-17-6,623176,true,ok,C7H8O3,c7h8o3,140.047344,4583c49c8bd0ab9b5d86ec56ebb3e30963e80b0945e93f07fdacb27c9e0ec89d,139,KNApSAcK World,https://www.knapsackfamily.com/KNApSAcK_World/,compounds_20260602_131155,2026-06-02T13:11:55+00:00,6639,0b82cec9b2487b21460e5569ab445c7e32c05e1892012ecb11def3be4a7a2e9f,review,unresolved_plant_mapping
139,C00053387,6894-43-5,Kahweol,C20H26O3,314.1881947,Coffea canephora,,unmapped,,,Kahweol,kahweol,6894-43-5,6894435,true,ok,C20H26O3,c20h26o3,314.188195,32ceae8361634e4fd0065ae5b930ee90b172064223dd7c68eca62dadd12bd20e,139,KNApSAcK World,https://www.knapsackfamily.com/KNApSAcK_World/,compounds_20260602_131155,2026-06-02T13:11:55+00:00,6640,b61db316bb389da74edf98a8456d58ec476cfd5cb91db5ecd70fe309c3c206a2,review,unresolved_plant_mapping
139,C00053734,110-86-1,Pyridine,C5H5N,79.04219917,Coffea canephora,,unmapped,,,Pyridine,pyridine,110-86-1,110861,true,ok,C5H5N,c5h5n,79.042199,98da82781a1a0a85b26b6a77ca2fcf98388c0031b904e31e0e9772e4bb244be4,139,KNApSAcK World,https://www.knapsackfamily.com/KNApSAcK_World/,compounds_20260602_131155,2026-06-02T13:11:55+00:00,6641,b49d217a53e2ae64cbe349b2a611d72918953fc35c0757599881130742810334,review,unresolved_plant_mapping
139,C00054102,109163-69-1,Caffeoyltryptophan,C20H18N2O5,366.1215717,Coffea canephora,,unmapped,,,Caffeoyltryptophan,caffeoyltryptophan,109163-69-1,109163691,true,ok,C20H18N2O5,c20h18n2o5,366.121572,e6997c71b3213173278401d89ce51b8e88446feefe58e9f038043b073b28e8e8,139,KNApSAcK World,https://www.knapsackfamily.com/KNApSAcK_World/,compounds_20260602_131155,2026-06-02T13:11:55+00:00,6642,105c459eddb8f75c9a33df6484d3722e3862bf4890b1ed654892391dad1dde33,review,unresolved_plant_mapping
144,C00036020,6812-88-0,7-Acetylhorminone,C22H30O5,374.20932407,Coleus carnosus,,unmapped,,,7-Acetylhorminone,7acetylhorminone,6812-88-0,6812880,true,ok,C22H30O5,c22h30o5,374.209324,db2d495bd39e0d93a79ba88e263aad1f2630f5e3fe9389eaaa34188e844b3137,144,KNApSAcK World,https://www.knapsackfamily.com/KNApSAcK_World/,compounds_20260602_131155,2026-06-02T13:11:55+00:00,6657,5204e671ed967a7bc08656b9c3064774bafa6db8ef454e3f5c94b50fa4b0d556,review,unresolved_plant_mapping
153,C00033439,594804-9,trans-Dihydrocarvone,C10H16O,152.12011513,Cuminum cyminum L.,bf076fde-a7e0-5586-9966-87c36b88bdcd,mapped,raw_plant_id,plant_id,trans-Dihydrocarvone,transdihydrocarvone,594804-9,5948049,false,invalid_format,C10H16O,c10h16o,152.120115,7821998366c26b296c2924f7c05efe199a9947d4d1d9c220715d2370ae862610,153,KNApSAcK World,https://www.knapsackfamily.com/KNApSAcK_World/,compounds_20260602_131155,2026-06-02T13:11:56+00:00,6893,9d6a0630f15969f5911365a3ec33c93f4dde765a0a37479a9c205e28c649767d,review,cas_invalid_format
155,C00000152,7400-08-0,p-Coumaric acid,C9H8O3,164.04734412,Curcuma domestica,,unmapped,,,p-Coumaric acid,pcoumaric_acid,7400-08-0,7400080,true,ok,C9H8O3,c9h8o3,164.047344,aabb5b84b5559c70e6bdf737d7eabcfbd0679961e4f4fbdc4c5e2cab8e00ee9b,155,KNApSAcK World,https://www.knapsackfamily.com/KNApSAcK_World/,compounds_20260602_131155,2026-06-02T13:11:56+00:00,6942,13c571146346f20c5f803f496eac6385cbe2039f10a48fd733c99f9f5bb6bf78,review,unresolved_plant_mapping
155,C00000856,99-96-7,4-hydroxybenzoic acid,C7H6O3,138.03169406,Curcuma domestica,,unmapped,,,4-hydroxybenzoic acid,4hydroxybenzoic_acid,99-96-7,99967,true,ok,C7H6O3,c7h6o3,138.031694,5670cd006bc54b1b3a2b23c27df91a180bd770f91efe0783d462bae5ee2c8e8d,155,KNApSAcK World,https://www.knapsackfamily.com/KNApSAcK_World/,compounds_20260602_131155,2026-06-02T13:11:56+00:00,6943,c820e226d39f784253f69a445106d25db411c5f10efbb31d640d6a194bc7d465,review,unresolved_plant_mapping
155,C00001122,492-62-6,alpha-D-Glucose,C6H12O6,180.06338812,Curcuma domestica,,unmapped,,,alpha-D-Glucose,alphadglucose,492-62-6,492626,true,ok,C6H12O6,c6h12o6,180.063388,f0c011f3066a462572dee1f813b4a7a5ce3a83f745e756a2a228c3e75048cf98,155,KNApSAcK World,https://www.knapsackfamily.com/KNApSAcK_World/,compounds_20260602_131155,2026-06-02T13:11:56+00:00,6944,356c0a565914a9269a4987517f7d53ead6dc193391bd63742d603761b7c7e4e1,review,unresolved_plant_mapping
155,C00001151,57-50-1,D-Sucrose,C12H22O11,342.11621155,Curcuma domestica,,unmapped,,,D-Sucrose,dsucrose,57-50-1,57501,true,ok,C12H22O11,c12h22o11,342.116212,b89823b9cbe22c4cd80caef317b27361815a54b5031597c36386a45d997066ff,155,KNApSAcK World,https://www.knapsackfamily.com/KNApSAcK_World/,compounds_20260602_131155,2026-06-02T13:11:56+00:00,6945,e3252d62ae05848e61456a6bdaf6367f5eb4e5b69bc751d77e39f8a7ce7a38bb,review,unresolved_plant_mapping
155,C00001152,99-20-7,Trehalose,C12H22O11,342.11621155,Curcuma domestica,,unmapped,,,Trehalose,trehalose,99-20-7,99207,true,ok,C12H22O11,c12h22o11,342.116212,945a79fe8944b6c12461f88f31dd72464d3bee049255f1f781077527e78641a0,155,KNApSAcK World,https://www.knapsackfamily.com/KNApSAcK_World/,compounds_20260602_131155,2026-06-02T13:11:56+00:00,6946,db3794adf7b01b8a0e8403fadee885fee0f615e30df180d39095f1a911de0ddc,review,unresolved_plant_mapping
155,C00001161,149-32-6,Erythritol,C4H10O4,122.05790881,Curcuma domestica,,unmapped,,,Erythritol,erythritol,149-32-6,149326,true,ok,C4H10O4,c4h10o4,122.057909,ec8497ec7cd4b559797b26c4d1315d72cbfcf06202eac0db123c958ccc71d862,155,KNApSAcK World,https://www.knapsackfamily.com/KNApSAcK_World/,compounds_20260602_131155,2026-06-02T13:11:56+00:00,6947,ef53f958f2584f7e3607ef3c689b31b057a45ba8579b0c7cf6769daa411f7290,review,unresolved_plant_mapping
155,C00001163,56-81-5,Glycerol,C3H8O3,92.04734412,Curcuma domestica,,unmapped,,,Glycerol,glycerol,56-81-5,56815,true,ok,C3H8O3,c3h8o3,92.047344,8fd968526f0b721994be3a90f47ea9a49f52c00f84b40fae59a725e7d3bfd17f,155,KNApSAcK World,https://www.knapsackfamily.com/KNApSAcK_World/,compounds_20260602_131155,2026-06-02T13:11:56+00:00,6948,75f5c8dce69aac8fa5a462996179a914d2e12a9b82d49f47e71d6b24aaf3ba1e,review,unresolved_plant_mapping
155,C00001164,87-89-8,Inositol,C6H12O6,180.06338812,Curcuma domestica,,unmapped,,,Inositol,inositol,87-89-8,87898,true,ok,C6H12O6,c6h12o6,180.063388,f6618f7d0f75952dcb0835e6e9f7228023b54c7c977725ea44abe7db10ae1d09,155,KNApSAcK World,https://www.knapsackfamily.com/KNApSAcK_World/,compounds_20260602_131155,2026-06-02T13:11:56+00:00,6949,632ebb1d98c753c125564f2fb8c6ae261fce2938d8fb29a9e01aabe0fbac29c6,review,unresolved_plant_mapping
155,C00001171,488-81-3,Ribitol,C5H12O5,152.06847349,Curcuma domestica,,unmapped,,,Ribitol,ribitol,488-81-3,488813,true,ok,C5H12O5,c5h12o5,152.068473,7eb892010ae4a4129cd4191550008df7e4870f2058f82fcd11c7649aaa998f2a,155,KNApSAcK World,https://www.knapsackfamily.com/KNApSAcK_World/,compounds_20260602_131155,2026-06-02T13:11:56+00:00,6950,15258f063903cd59bc50080c65ed4ecb300ba9298f4f683edfeb915df7e26494,review,unresolved_plant_mapping
155,C00001176,64-19-7,Acetic acid,C2H4O2,60.02112937,Curcuma domestica,,unmapped,,,Acetic acid,acetic_acid,64-19-7,64197,true,ok,C2H4O2,c2h4o2,60.021129,0ecef9881c7bef0e34e509796b3b9e54a07b48b5659b48c2e78477a9a5aaec99,155,KNApSAcK World,https://www.knapsackfamily.com/KNApSAcK_World/,compounds_20260602_131155,2026-06-02T13:11:56+00:00,6951,48f74c66c10f5cb7f219772c42e750edc3b5275a4a856810786ccab87d894e3c,review,unresolved_plant_mapping
155,C00001181,6236-09-5,Citramalic acid,C5H8O5,148.03717337,Curcuma domestica,,unmapped,,,Citramalic acid,citramalic_acid,6236-09-5,6236095,true,ok,C5H8O5,c5h8o5,148.037173,274f61a5107f7bb50027a90c7c1e2ac8cb800808937c8ad98eb7fbe726e22f47,155,KNApSAcK World,https://www.knapsackfamily.com/KNApSAcK_World/,compounds_20260602_131155,2026-06-02T13:11:56+00:00,6952,24e0007768c4a4596a66c41cd94567562725d51fdbbcfc8c12f3d74b3213f0fe,review,unresolved_plant_mapping
155,C00001183,110-17-8,Fumaric acid,C4H4O4,116.01095862,Curcuma domestica,,unmapped,,,Fumaric acid,fumaric_acid,110-17-8,110178,true,ok,C4H4O4,c4h4o4,116.010959,bfd324b0015a7ac3adff10ae26aec374624e183b18d27f70679f108c573a0845,155,KNApSAcK World,https://www.knapsackfamily.com/KNApSAcK_World/,compounds_20260602_131155,2026-06-02T13:11:56+00:00,6953,ac3975f29330cf06d3d3bb31dc0cc357cc4c9caca5699e0c8260a49f7fe11574,review,unresolved_plant_mapping
155,C00001193,141-82-2,Malonic acid,C3H4O4,104.01095862,Curcuma domestica,,unmapped,,,Malonic acid,malonic_acid,141-82-2,141822,true,ok,C3H4O4,c3h4o4,104.010959,f8bf1c949cf24d5ddf0ebd8bd2c54afa23fa62b2d39fd34ce1dd247cf6b74d9b,155,KNApSAcK World,https://www.knapsackfamily.com/KNApSAcK_World/,compounds_20260602_131155,2026-06-02T13:11:56+00:00,6954,08208b689dc9202b735261485d24ae7f0de045d940b45eadca1ce19ee95cbce8,review,unresolved_plant_mapping
155,C00001198,144-62-7,Oxalic acid,C2H2O4,89.99530855,Curcuma domestica,,unmapped,,,Oxalic acid,oxalic_acid,144-62-7,144627,true,ok,C2H2O4,c2h2o4,89.995309,bb1481e5b4ec5fecfd841401c018283b43818be9c9689917a0fee26f900f7fbb,155,KNApSAcK World,https://www.knapsackfamily.com/KNApSAcK_World/,compounds_20260602_131155,2026-06-02T13:11:56+00:00,6955,8176b18ca2e32fd1864c4e18712f5f1d2c8e769a8fbabfb860b3ca07f345f859,review,unresolved_plant_mapping
155,C00001203,138-59-0,Shikimic acid,C7H10O5,174.05282343,Curcuma domestica,,unmapped,,,Shikimic acid,shikimic_acid,138-59-0,138590,true,ok,C7H10O5,c7h10o5,174.052823,0fb9c1c96b56c85424556822d4bfd7dede058226b581845015f9114114e09040,155,KNApSAcK World,https://www.knapsackfamily.com/KNApSAcK_World/,compounds_20260602_131155,2026-06-02T13:11:56+00:00,6956,7b45ea8baa065ac54534237997cd89fec6a6936da93082a70108ec9612448ff2,review,unresolved_plant_mapping
155,C00001205,110-15-6,Succinic acid,C4H6O4,118.02660868,Curcuma domestica,,unmapped,,,Succinic acid,succinic_acid,110-15-6,110156,true,ok,C4H6O4,c4h6o4,118.026609,3bb1b7bc4f20070ff16ae325baf7fb270c01a74f7cb2a8862fc2e573cf52fab8,155,KNApSAcK World,https://www.knapsackfamily.com/KNApSAcK_World/,compounds_20260602_131155,2026-06-02T13:11:56+00:00,6957,a64af444b4608d089e62c18b634e041883cf072db32435cadd61e6c5b680cd50,review,unresolved_plant_mapping
155,C00001332,56-41-7,L-Alanine,C3H7NO2,89.04767848,Curcuma domestica,,unmapped,,,L-Alanine,lalanine,56-41-7,56417,true,ok,C3H7NO2,c3h7no2,89.047678,29d5b8ed0dccf4f91b4194af3c14ccd95883728885f709eb4d598be206c8bf74,155,KNApSAcK World,https://www.knapsackfamily.com/KNApSAcK_World/,compounds_20260602_131155,2026-06-02T13:11:56+00:00,6958,cab1ee9c33ed6f7e64a8db453c9a310c06f15e2a06e2f4e0a716763a1b60480f,review,unresolved_plant_mapping
155,C00001333,107-95-9,beta-Alanine,C3H7NO2,89.04767848,Curcuma domestica,,unmapped,,,beta-Alanine,betaalanine,107-95-9,107959,true,ok,C3H7NO2,c3h7no2,89.047678,8f9d609752735ad930165bde5438f471c483815fb311a038f1ace3d2b9b312af,155,KNApSAcK World,https://www.knapsackfamily.com/KNApSAcK_World/,compounds_20260602_131155,2026-06-02T13:11:56+00:00,6959,d6046b2da715f0cf4c69feaed49d64a21d7ccb9e8da0485f753e63d1d19323ca,review,unresolved_plant_mapping
155,C00001341,70-47-3,L-Asparagine,C4H8N2O3,132.05349214,Curcuma domestica,,unmapped,,,L-Asparagine,lasparagine,70-47-3,70473,true,ok,C4H8N2O3,c4h8n2o3,132.053492,b258c8157fd8480b6e136553c748d50cd71d5b9c62f0cd20055d2519fc0c790f,155,KNApSAcK World,https://www.knapsackfamily.com/KNApSAcK_World/,compounds_20260602_131155,2026-06-02T13:11:56+00:00,6960,71e4eba6d6db6c7dcd8992e8d70c987927dfc06acafce6de6457771c61f686b6,review,unresolved_plant_mapping
155,C00001342,56-84-8,L-Aspartic acid,C4H7NO4,133.03750772,Curcuma domestica,,unmapped,,,L-Aspartic acid,laspartic_acid,56-84-8,56848,true,ok,C4H7NO4,c4h7no4,133.037508,6ceda7d618101c9cce41230ba4189d9c037ac6a87ff7d8e4d59fc10482e3ab95,155,KNApSAcK World,https://www.knapsackfamily.com/KNApSAcK_World/,compounds_20260602_131155,2026-06-02T13:11:56+00:00,6961,61e7851691032ba527a014f0e4b2d87f6e461acff38f054f00bf29de80e47ec9,review,unresolved_plant_mapping
155,C00001358,56-86-0,L-Glutamic acid,C5H9NO4,147.05315778,Curcuma domestica,,unmapped,,,L-Glutamic acid,lglutamic_acid,56-86-0,56860,true,ok,C5H9NO4,c5h9no4,147.053158,057093dc879359223fe6ad3603fe79c22be0d1dd8fb71d851ce8679bc803bb44,155,KNApSAcK World,https://www.knapsackfamily.com/KNApSAcK_World/,compounds_20260602_131155,2026-06-02T13:11:56+00:00,6962,d58b1cb96d7f2e6bd2bf26d0cc2e9fbf0ba42bd58200492db43be262d964cacc,review,unresolved_plant_mapping
155,C00001377,61-90-5,L-Leucine,C6H13NO2,131.09462867,Curcuma domestica,,unmapped,,,L-Leucine,lleucine,61-90-5,61905,true,ok,C6H13NO2,c6h13no2,131.094629,8798843d6ccd52f3699273ef08550e7ece47baf8c95289f3198b77bba725e1e3,155,KNApSAcK World,https://www.knapsackfamily.com/KNApSAcK_World/,compounds_20260602_131155,2026-06-02T13:11:56+00:00,6963,840bb2932ac5c9fd667dd4ad50be04f441ea214966f9212f07970c3eae8b09ef,review,unresolved_plant_mapping
155,C00001393,56-45-1,L-Serine,C3H7NO3,105.0425931,Curcuma domestica,,unmapped,,,L-Serine,lserine,56-45-1,56451,true,ok,C3H7NO3,c3h7no3,105.042593,e33c99b49205353d7a3196157eef792f4bf623714e90ebf91ea1ef4346b59782,155,KNApSAcK World,https://www.knapsackfamily.com/KNApSAcK_World/,compounds_20260602_131155,2026-06-02T13:11:56+00:00,6964,1c5a3ff74f83bc42636bdaa9bfb743144f9891e6d97c2bdc939cfaf1e219a7d9,review,unresolved_plant_mapping
155,C00001394,72-19-5,L-Threonine,C4H9NO3,119.05824316,Curcuma domestica,,unmapped,,,L-Threonine,lthreonine,72-19-5,72195,true,ok,C4H9NO3,c4h9no3,119.058243,77ed1104fc5f7e02487ee1744d19894c2a58e7196441d410a7c86e29166d5c65,155,KNApSAcK World,https://www.knapsackfamily.com/KNApSAcK_World/,compounds_20260602_131155,2026-06-02T13:11:56+00:00,6965,6407e5228f0a68b3e4c03bb6be203bc514c266ed4084a46a2ae4a6ed9582119f,review,unresolved_plant_mapping
155,C00001396,73-22-3,L-Tryptophan,C11H12N2O2,204.08987764,Curcuma domestica,,unmapped,,,L-Tryptophan,ltryptophan,73-22-3,73223,true,ok,C11H12N2O2,c11h12n2o2,204.089878,8118dbf079d6411cbc758b64890006789dca0b7a199344dd2b411f857169b3dd,155,KNApSAcK World,https://www.knapsackfamily.com/KNApSAcK_World/,compounds_20260602_131155,2026-06-02T13:11:56+00:00,6966,6259b58cf1ea24a52ed5ffbe71ddcc90c55caeaf82aec8a624262a7598bdb192,review,unresolved_plant_mapping
155,C00001397,60-18-4,L-Tyrosine,C9H11NO3,181.07389323,Curcuma domestica,,unmapped,,,L-Tyrosine,ltyrosine,60-18-4,60184,true,ok,C9H11NO3,c9h11no3,181.073893,1492bc156f6bf2330c4e1a6baf459567d19d36eccb830fc511a4091383411338,155,KNApSAcK World,https://www.knapsackfamily.com/KNApSAcK_World/,compounds_20260602_131155,2026-06-02T13:11:56+00:00,6967,42b32055cf7e335dee16416d5991a2263a24741f7a3d90189ba7a04416044394,review,unresolved_plant_mapping
155,C00001398,72-18-4,L-Valine,C5H11NO2,117.0789786,Curcuma domestica,,unmapped,,,L-Valine,lvaline,72-18-4,72184,true,ok,C5H11NO2,c5h11no2,117.078979,bbf16a044ff84721e33fb76478bec005ff1dc83af5a8b3b73633ced6ecb99a31,155,KNApSAcK World,https://www.knapsackfamily.com/KNApSAcK_World/,compounds_20260602_131155,2026-06-02T13:11:56+00:00,6968,f9d8d9341fad352e6be8d8abe3dfb7f6df8ab2caaf1e777dfa36989f919a9ac9,review,unresolved_plant_mapping
155,C00002682,121-34-6,Vanillic acid,C8H8O4,168.04225874,Curcuma domestica,,unmapped,,,Vanillic acid,vanillic_acid,121-34-6,121346,true,ok,C8H8O4,c8h8o4,168.042259,988524edf1ac6a0837db8541e3e6472974c30954036452444dcc6da1f1d2ca3e,155,KNApSAcK World,https://www.knapsackfamily.com/KNApSAcK_World/,compounds_20260602_131155,2026-06-02T13:11:56+00:00,6969,e24cb3ff9ba9de119edfd03d706b71ea052d8d0f1a06388828026e4bb86a52f4,review,unresolved_plant_mapping
155,C00003204,495-60-3,alpha-Zingiberene,C15H24,204.18780077,Curcuma domestica,,unmapped,,,alpha-Zingiberene,alphazingiberene,495-60-3,495603,true,ok,C15H24,c15h24,204.187801,9a713df6f5e17b4447fa743f784db65d2a8287fa72dd5c1cbdb865e1bf709cbb,155,KNApSAcK World,https://www.knapsackfamily.com/KNApSAcK_World/,compounds_20260602_131155,2026-06-02T13:11:56+00:00,6970,22bfaff7faca1a619a282fdd3ea9f227b6cd51393d66ba6c3e5a95b459a6a5d4,review,unresolved_plant_mapping
155,C00007242,495-61-4,beta-Bisabolene,C15H24,204.18780077,Curcuma domestica,,unmapped,,,beta-Bisabolene,betabisabolene,495-61-4,495614,true,ok,C15H24,c15h24,204.187801,389514ed9ca5242f37cec2e77cdaad1e1e54bf9326399c9077fff5b9bdfbc41b,155,KNApSAcK World,https://www.knapsackfamily.com/KNApSAcK_World/,compounds_20260602_131155,2026-06-02T13:11:56+00:00,6971,f048ac0975577c5027fbb3cb86739cbb157ecb7c74f8730c078fcc264a879924,review,unresolved_plant_mapping
155,C00007619,77-92-9,Citric acid,C6H8O7,192.02700261,Curcuma domestica,,unmapped,,,Citric acid,citric_acid,77-92-9,77929,true,ok,C6H8O7,c6h8o7,192.027003,6f553546833813d3e874e6cfb8b599b1a095a0435fdad8293f24f58d7de35f0a,155,KNApSAcK World,https://www.knapsackfamily.com/KNApSAcK_World/,compounds_20260602_131155,2026-06-02T13:11:56+00:00,6972,8d35a385756823ddb3243c5d45be5920eebc21c524f652d08c0faea9c1c4a4b1,review,unresolved_plant_mapping
155,C00007630,20307-83-9,beta-Sesquiphellandrene,C15H24,204.18780077,Curcuma domestica,,unmapped,,,beta-Sesquiphellandrene,betasesquiphellandrene,20307-83-9,20307839,true,ok,C15H24,c15h24,204.187801,1a4cd674a6ff8f7213f1e19f6cbf2478557180cd262fa7ed0a9e7a13e899884c,155,KNApSAcK World,https://www.knapsackfamily.com/KNApSAcK_World/,compounds_20260602_131155,2026-06-02T13:11:56+00:00,6973,9a1785c00d963c193b03345b76692ac570de26ab83bc5bae5342c701c542455b,review,unresolved_plant_mapping
155,C00011625,532-65-0,(+)-ar-Turmerone,C15H20O,216.15141526,Curcuma domestica,,unmapped,,,(+)-ar-Turmerone,arturmerone,532-65-0,532650,true,ok,C15H20O,c15h20o,216.151415,a778b5f1f65873a1b3c2328031d1d0ada14b613db85d72e8b42f3709895be023,155,KNApSAcK World,https://www.knapsackfamily.com/KNApSAcK_World/,compounds_20260602_131155,2026-06-02T13:11:56+00:00,6974,02b320d7f3637498228790019b63ce0943bd53670e0e8ce9ba388c15497a921d,review,unresolved_plant_mapping
155,C00011639,82508-15-4,alpha-Turmerone,C15H22O,218.16706532,Curcuma domestica,,unmapped,,,alpha-Turmerone,alphaturmerone,82508-15-4,82508154,true,ok,C15H22O,c15h22o,218.167065,d1a057f7c968d2168d3f634e83fcb58d86740ef354bca52d7ca0d3c67dc33535,155,KNApSAcK World,https://www.knapsackfamily.com/KNApSAcK_World/,compounds_20260602_131155,2026-06-02T13:11:56+00:00,6975,3eb5d690814dce704fa7ff9c4fbbd6d830b19c76e63d7a90d1a71a258c4d0988,review,unresolved_plant_mapping
155,C00019674,58-96-8,Uridine,C9H12N2O6,244.06953613,Curcuma domestica,,unmapped,,,Uridine,uridine,58-96-8,58968,true,ok,C9H12N2O6,c9h12n2o6,244.069536,3ae97904a04e1bfa02132a3ff29f61ebd9089e1e2b7342dbb5939d622dc263f2,155,KNApSAcK World,https://www.knapsackfamily.com/KNApSAcK_World/,compounds_20260602_131155,2026-06-02T13:11:56+00:00,6976,209aa623a969f92c635cf276b110b3cc064c2355f8e4afe9785cd3b8d119be72,review,unresolved_plant_mapping
155,C00021308,1461-03-6,beta-Himachalene,C15H24,204.18780077,Curcuma domestica,,unmapped,,,beta-Himachalene,betahimachalene,1461-03-6,1461036,true,ok,C15H24,c15h24,204.187801,68fb36acfccedae2720ba49d13d0d97d8c14074c48f7af4fbb15fc15e4fd3dd8,155,KNApSAcK World,https://www.knapsackfamily.com/KNApSAcK_World/,compounds_20260602_131155,2026-06-02T13:11:56+00:00,6977,2367616ed30b0a322df54acfd0d95b778f2b36185b6914584704fc1c95e30bbe,review,unresolved_plant_mapping
155,C00029350,28973-97-9,cis-beta-Farnesene,C15H24,204.18780077,Curcuma domestica,,unmapped,,,cis-beta-Farnesene,cisbetafarnesene,28973-97-9,28973979,true,ok,C15H24,c15h24,204.187801,e8b20672cc2aaf7c2472bf7e5844f210b918818df4b4ed60657f9151da976557,155,KNApSAcK World,https://www.knapsackfamily.com/KNApSAcK_World/,compounds_20260602_131155,2026-06-02T13:11:56+00:00,6978,2ca0cbf5176a3fb74bda56fdc7e7a19d028430bfc16d7d3687e6d9d70f72c12f,review,unresolved_plant_mapping
155,C00033848,57-48-7,D-Fructose,C6H12O6,180.06338812,Curcuma domestica,,unmapped,,,D-Fructose,dfructose,57-48-7,57487,true,ok,C6H12O6,c6h12o6,180.063388,67f636e77983de124c211f5c431e2432084165b27093435d33504b450d32c26c,155,KNApSAcK World,https://www.knapsackfamily.com/KNApSAcK_World/,compounds_20260602_131155,2026-06-02T13:11:56+00:00,6979,57130568fda6987a73bb7de4f1f99e45944f0fb9e9aa9eec944e4d5046f5bf48,review,unresolved_plant_mapping
155,C00034325,537-98-4,(E)-Ferulic acid,C10H10O4,194.05790881,Curcuma domestica,,unmapped,,,(E)-Ferulic acid,eferulic_acid,537-98-4,537984,true,ok,C10H10O4,c10h10o4,194.057909,66b4ad7bfff95c40f3ed4ef4ace6a9f93e8b45349e596c72294fa225e6fbfd30,155,KNApSAcK World,https://www.knapsackfamily.com/KNApSAcK_World/,compounds_20260602_131155,2026-06-02T13:11:56+00:00,6980,c92cc811c8c24cb8000e43346917439eba661d057f3859d14d48644005d78c09,review,unresolved_plant_mapping
155,C00040946,1135-23-5,Dihydroferulic acid,C10H12O4,196.07355887,Curcuma domestica,,unmapped,,,Dihydroferulic acid,dihydroferulic_acid,1135-23-5,1135235,true,ok,C10H12O4,c10h12o4,196.073559,d40e7414db1f8e322ca0369941f55de05d811544d3754d39293ccf7eccfcad56,155,KNApSAcK World,https://www.knapsackfamily.com/KNApSAcK_World/,compounds_20260602_131155,2026-06-02T13:11:56+00:00,6981,2182dac0f55fc85bfec1655c67b5bf16d0258a4594bd6c91d9790b6a65fd15f7,review,unresolved_plant_mapping
155,C00050426,499-12-7,Aconitic acid,C6H6O6,174.01643793,Curcuma domestica,,unmapped,,,Aconitic acid,aconitic_acid,499-12-7,499127,true,ok,C6H6O6,c6h6o6,174.016438,2540a22c1753b04628ef6680699227da062099d40d6ca79bf8e016482012c7d1,155,KNApSAcK World,https://www.knapsackfamily.com/KNApSAcK_World/,compounds_20260602_131155,2026-06-02T13:11:56+00:00,6982,df4c614a34f8e864bac4455d2485947b0fe27f59ac869c555adec2733bdca414,review,unresolved_plant_mapping
155,C00050478,50-21-5,Lactic acid,C3H6O3,90.03169406,Curcuma domestica,,unmapped,,,Lactic acid,lactic_acid,50-21-5,50215,true,ok,C3H6O3,c3h6o3,90.031694,31f95f96b0c8329401ef951f2ad257f81a9d1e623379b753a30c4ccedf847ac3,155,KNApSAcK World,https://www.knapsackfamily.com/KNApSAcK_World/,compounds_20260602_131155,2026-06-02T13:11:56+00:00,6983,318f176dcccc6d2c33779424e300600854d5d1d551a57860373261040db27bd7,review,unresolved_plant_mapping
155,C00051443,6915-15-7,Malic acid,C4H6O5,134.0215233,Curcuma domestica,,unmapped,,,Malic acid,malic_acid,6915-15-7,6915157,true,ok,C4H6O5,c4h6o5,134.021523,430e6a0b88fc75b6805a299ca4e43be7acf8bc0d812205d4a0822932d641ce6c,155,KNApSAcK World,https://www.knapsackfamily.com/KNApSAcK_World/,compounds_20260602_131155,2026-06-02T13:11:56+00:00,6984,49d7f5412512a468336ff31aad2e6a0998b5084dd5f3477013b7c5d118f80502,review,unresolved_plant_mapping
155,C00055462,131359-25-6,"1,5-Bis(4-hydroxy-3-methoxyphenyl)-1,4-pentadien-3-one",C19H18O5,326.11542369,Curcuma domestica,,unmapped,,,"1,5-Bis(4-hydroxy-3-methoxyphenyl)-1,4-pentadien-3-one",15bis4hydroxy3methoxyphenyl14pentadien3one,131359-25-6,131359256,true,ok,C19H18O5,c19h18o5,326.115424,d07b7d16918ecc4d603a3c4a2be67bbab62171dfbf00e727d298d646849b3b07,155,KNApSAcK World,https://www.knapsackfamily.com/KNApSAcK_World/,compounds_20260602_131155,2026-06-02T13:11:56+00:00,6985,75031378ed39291f924a8d3eefdbbb918787330ecdc95227729d44db9088422f,review,unresolved_plant_mapping
159,C00002731,458-37-7,Curcumin,C21H20O6,368.12598837,Curcuma soloensis,,unmapped,,,Curcumin,curcumin,458-37-7,458377,true,ok,C21H20O6,c21h20o6,368.125988,d174e2d2de9fad2342399083bb66ab768698f056470b7c7cba58d8d12d1a0f72,159,KNApSAcK World,https://www.knapsackfamily.com/KNApSAcK_World/,compounds_20260602_131155,2026-06-02T13:11:56+00:00,7307,afad70acfcd66c8eca824827d1abc72416cee365123d549f793ba144f3fc8be9,review,unresolved_plant_mapping
173,C00029676,1982-09-7,alpha-Toxicarol,C23H22O7,410.13655306,Derris elliptica,69684683-53c8-5f13-b185-c057f8a77459,mapped,raw_plant_id,plant_id,alpha-Toxicarol,alphatoxicarol,1982-09-7,1982097,false,checksum_failed,C23H22O7,c23h22o7,410.136553,b8d567bdea53b4c5f3eebf76986922e6b19875c32dbb3b9c02ac03efee46f6c1,173,KNApSAcK World,https://www.knapsackfamily.com/KNApSAcK_World/,compounds_20260602_131155,2026-06-02T13:11:56+00:00,8041,5c67ba92777bb7015199665ac66fbb2a038737bac92d830333cb6242e3b5100a,review,cas_checksum_failed
175,C00002526,446-72-0,Genistein,C15H10O5,270.05282343,Derris scandens,,unmapped,,,Genistein,genistein,446-72-0,446720,true,ok,C15H10O5,c15h10o5,270.052823,8f92a218504c387054cdd6ce0fddf152d73daeab4639f59b9319078fdfc0799f,175,KNApSAcK World,https://www.knapsackfamily.com/KNApSAcK_World/,compounds_20260602_131155,2026-06-02T13:11:56+00:00,8058,d56a5e0c50e87296206e7900bebfa774627da18990f776ecc7610a8d560201de,review,unresolved_plant_mapping
175,C00002543,22263-56-5,Lonchocarpenin,C27H28O6,448.18858863,Derris scandens,,unmapped,,,Lonchocarpenin,lonchocarpenin,22263-56-5,22263565,true,ok,C27H28O6,c27h28o6,448.188589,15f676f800f7a3e64acd80fb7a462145aeeb38384a431ca47bba9b655e6d7af6,175,KNApSAcK World,https://www.knapsackfamily.com/KNApSAcK_World/,compounds_20260602_131155,2026-06-02T13:11:56+00:00,8059,cbf47aa208b6aea19715c2bc5aeb3264d0f53cd0c63f2dd1dbf5712f651fad2c,review,unresolved_plant_mapping
175,C00002546,2035-15-6,(-)-Maackiain,C16H12O5,284.06847349,Derris scandens Benth.,,unmapped,,,(-)-Maackiain,maackiain,2035-15-6,2035156,true,ok,C16H12O5,c16h12o5,284.068473,1e1c5290f6773e1df48ca95b2d13a8459c75421741bc9ce0ae01c8583991880b,175,KNApSAcK World,https://www.knapsackfamily.com/KNApSAcK_World/,compounds_20260602_131155,2026-06-02T13:11:56+00:00,8060,743f92fb74cffdb72df63fb07728e2657c4ab8b0fef86a37856faa86ccacf9be,review,unresolved_plant_mapping
175,C00002553,486-62-4,Ononin,C22H22O9,430.1263823,Derris scandens,,unmapped,,,Ononin,ononin,486-62-4,486624,true,ok,C22H22O9,c22h22o9,430.126382,2075141ecc768fa1bebbca2ebd81e910537b999d83d6b92f1c8dff1af3132d45,175,KNApSAcK World,https://www.knapsackfamily.com/KNApSAcK_World/,compounds_20260602_131155,2026-06-02T13:11:56+00:00,8061,b58cbec36ec63c6f5bfb0752b24253e66f4300d6cf6d84de9cdf64a3c4ad1694,review,unresolved_plant_mapping
175,C00002555,482-53-1,Osajin,C25H24O5,404.16237388,Derris scandens,,unmapped,,,Osajin,osajin,482-53-1,482531,true,ok,C25H24O5,c25h24o5,404.162374,03ba189f5b13d620386bf75d346f6b5922ea89a7ce8098101e83c659de8c6a8a,175,KNApSAcK World,https://www.knapsackfamily.com/KNApSAcK_World/,compounds_20260602_131155,2026-06-02T13:11:56+00:00,8062,153dcdf457c52c555349bcceed4e91e0a05e587a43a7a1e5029c36fa096c2439,review,unresolved_plant_mapping
175,C00002674,530-57-4,Syringic acid,C9H10O5,198.05282343,Derris scandens,,unmapped,,,Syringic acid,syringic_acid,530-57-4,530574,true,ok,C9H10O5,c9h10o5,198.052823,20e932ebc48c5109b88a66b42408664185fac827479dcb82e6762a6cc6f69388,175,KNApSAcK World,https://www.knapsackfamily.com/KNApSAcK_World/,compounds_20260602_131155,2026-06-02T13:11:56+00:00,8063,ef5bef7affe3a079242e46d4c73253336e59347ba7db2e2d5e42e066b3cd3cf5,review,unresolved_plant_mapping
175,C00002682,121-34-6,Vanillic acid,C8H8O4,168.04225874,Derris scandens,,unmapped,,,Vanillic acid,vanillic_acid,121-34-6,121346,true,ok,C8H8O4,c8h8o4,168.042259,9bcdfee986f40df69166d932a4405f298cde2736e8aec3ab7afd687b9df3f739,175,KNApSAcK World,https://www.knapsackfamily.com/KNApSAcK_World/,compounds_20260602_131155,2026-06-02T13:11:56+00:00,8064,ef304e3bcaf884e1d9b92d9e3205852b4ecb70cfbbfbc02fbb510d8a91a5c0f1,review,unresolved_plant_mapping
175,C00009393,37816-19-6,Retusin(Dalbergia),C16H12O5,284.06847349,Derris scandens,,unmapped,,,Retusin(Dalbergia),retusindalbergia,37816-19-6,37816196,true,ok,C16H12O5,c16h12o5,284.068473,e2ee476ac62482ced7f3ceab7babe1d2d1af6b3817c32a755eec8bd7acbce103,175,KNApSAcK World,https://www.knapsackfamily.com/KNApSAcK_World/,compounds_20260602_131155,2026-06-02T13:11:56+00:00,8065,d424dec1ebbaf3ff06d6f23a3b47e8525c3809b7c7dbd16a1a2b9854a761f757,review,unresolved_plant_mapping
175,C00009458,36190-95-1,3'-Methylorobol,C16H12O6,300.06338812,Derris scandens,,unmapped,,,3'-Methylorobol,3methylorobol,36190-95-1,36190951,true,ok,C16H12O6,c16h12o6,300.063388,2008a9531831764b3658ddc013d42f55a019e442a63b15a51fe5b4d49c47b61f,175,KNApSAcK World,https://www.knapsackfamily.com/KNApSAcK_World/,compounds_20260602_131155,2026-06-02T13:11:56+00:00,8066,2f07f56729e416ef9bc166c8ad78e40b5c45c3f4923a59250d9223e4b7a63da5,review,unresolved_plant_mapping
175,C00009459,529-60-2,Santal,C16H12O6,300.06338812,Derris scandens,,unmapped,,,Santal,santal,529-60-2,529602,true,ok,C16H12O6,c16h12o6,300.063388,0a2840a3aaecad9b259bca84acb33baa9d79fecd9b796ff5e601316af53db4eb,175,KNApSAcK World,https://www.knapsackfamily.com/KNApSAcK_World/,compounds_20260602_131155,2026-06-02T13:11:56+00:00,8067,0391690fb1499e3339f040f2c809135a1606c5e95b023cf7beecba4be4151465,review,unresolved_plant_mapping
175,C00009513,22263-55-4,Chandalone,C25H24O5,404.16237388,Derris scandens,,unmapped,,,Chandalone,chandalone,22263-55-4,22263554,true,ok,C25H24O5,c25h24o5,404.162374,be4d117d0ae9da007945b0f62e555864643c117d104704966d8707dd3ddc0084,175,KNApSAcK World,https://www.knapsackfamily.com/KNApSAcK_World/,compounds_20260602_131155,2026-06-02T13:11:56+00:00,8068,206b238b7dc2e17bd4e75d7cffc755d7491aa57401f7dafe1b188f463b4e92c5,review,unresolved_plant_mapping
175,C00009514,4449-55-2,Warangalone,C25H24O5,404.16237388,Derris scandens,,unmapped,,,Warangalone,warangalone,4449-55-2,4449552,true,ok,C25H24O5,c25h24o5,404.162374,883841a3f2363d39cf8fa403766029582c0c5dc7d80181b06e377d631a08c18c,175,KNApSAcK World,https://www.knapsackfamily.com/KNApSAcK_World/,compounds_20260602_131155,2026-06-02T13:11:56+00:00,8069,d73c94d72d0425f337c0e30c2cd8f2b19ccf7f4aadc9a0a6b17a532ef5cfb0c7,review,unresolved_plant_mapping
175,C00009515,76754-24-0,Lupalbigenin,C25H26O5,406.17802394,Derris scandens,,unmapped,,,Lupalbigenin,lupalbigenin,76754-24-0,76754240,true,ok,C25H26O5,c25h26o5,406.178024,54b54ca794fd5fedf249642f2a020d9dde8a920b85b30f689413151e62f9d0db,175,KNApSAcK World,https://www.knapsackfamily.com/KNApSAcK_World/,compounds_20260602_131155,2026-06-02T13:11:56+00:00,8070,28cbc6d5aed736bb3de0296e82130028849ffaa6ff95d65ca83277204ca55afd,review,unresolved_plant_mapping
175,C00009516,51225-28-6,"6,8-Diprenylgenistein",C25H26O5,406.17802394,Derris scandens,,unmapped,,,"6,8-Diprenylgenistein",68diprenylgenistein,51225-28-6,51225286,true,ok,C25H26O5,c25h26o5,406.178024,313cc6d3229178edb76f6f38c5748840b6b79628d05fc4095b1eb98804e0e2d5,175,KNApSAcK World,https://www.knapsackfamily.com/KNApSAcK_World/,compounds_20260602_131155,2026-06-02T13:11:56+00:00,8071,90a64a92494e9269d48afbc7385916a5895879562e12e10e1528ae533f8a7e91,review,unresolved_plant_mapping
175,C00009518,5233-97-6,Scandinone,C26H26O5,418.17802394,Derris scandens,,unmapped,,,Scandinone,scandinone,5233-97-6,5233976,true,ok,C26H26O5,c26h26o5,418.178024,900c69bcbc7d8cc415455c58d759e1ddc4062c1b4f2b2bd7c8bd22efe362fcb4,175,KNApSAcK World,https://www.knapsackfamily.com/KNApSAcK_World/,compounds_20260602_131155,2026-06-02T13:11:56+00:00,8072,b4718935b41e2effe06e67794b6684b34a07aafa382450a3a50d41eaa84a9a5e,review,unresolved_plant_mapping
175,C00009695,3187-53-9,Anhydropisatin,C17H12O5,296.06847349,Derris scandens,,unmapped,,,Anhydropisatin,anhydropisatin,3187-53-9,3187539,true,ok,C17H12O5,c17h12o5,296.068473,4c0aeec6b3dec32204a3e123d743cc81cef5474fcd46184baac73672e7956798,175,KNApSAcK World,https://www.knapsackfamily.com/KNApSAcK_World/,compounds_20260602_131155,2026-06-02T13:11:56+00:00,8073,1bee784a584e95151434d9f9abb62d2c5652c461a570edad401fbde238ac7856,review,unresolved_plant_mapping
175,C00009766,3862-34-8,Flemichapparin C,C17H10O6,310.04773805,Derris scandens,,unmapped,,,Flemichapparin C,flemichapparin_c,3862-34-8,3862348,true,ok,C17H10O6,c17h10o6,310.047738,27639fa584ec2e767d28adc2262a55ab56af8ade6974afb7f8cd446d5d41efc8,175,KNApSAcK World,https://www.knapsackfamily.com/KNApSAcK_World/,compounds_20260602_131155,2026-06-02T13:11:56+00:00,8074,b1ee8b8bb6347b1cc7667e94175c99b3d3e67f23d5522f30957da1b7515c2331,review,unresolved_plant_mapping
175,C00009787,5307-59-5,Robustic acid,C22H20O6,380.12598837,Derris scandens,,unmapped,,,Robustic acid,robustic_acid,5307-59-5,5307595,true,ok,C22H20O6,c22h20o6,380.125988,e7551136fa05c6a9d2dde4ed39131c80e985e08a4efa0e9b06188a97605fffd4,175,KNApSAcK World,https://www.knapsackfamily.com/KNApSAcK_World/,compounds_20260602_131155,2026-06-02T13:11:56+00:00,8075,c31c11feb10e191f5a3daa5a28f5243bad14f7c8cce76813a7eb82a2f67e0dc5,review,unresolved_plant_mapping
175,C00009792,5084-00-4,Scandenin,C26H26O6,434.17293856,Derris scandens,,unmapped,,,Scandenin,scandenin,5084-00-4,5084004,true,ok,C26H26O6,c26h26o6,434.172939,b6455b7b851b8c229b179dfb11789eb765ba3172a9792858a1818175e70dd5f7,175,KNApSAcK World,https://www.knapsackfamily.com/KNApSAcK_World/,compounds_20260602_131155,2026-06-02T13:11:56+00:00,8076,aeb7d5a28f137bf23c1265e8ce7ab7f5125998ebcd53c8acb24359a17b0080b7,review,unresolved_plant_mapping
175,C00009793,5490-47-1,Lonchocarpic acid,C26H26O6,434.17293856,Derris scandens,,unmapped,,,Lonchocarpic acid,lonchocarpic_acid,5490-47-1,5490471,true,ok,C26H26O6,c26h26o6,434.172939,10200a3a5bbd530fab9392390949802899449dfb9d404354ae3b9c78cf6a7d24,175,KNApSAcK World,https://www.knapsackfamily.com/KNApSAcK_World/,compounds_20260602_131155,2026-06-02T13:11:56+00:00,8077,3e2b593f0fda47ea400ef5bc42ce209c1669ec3ec4df305a8a8830bc11fd1c02,review,unresolved_plant_mapping
175,C00009896,104691-86-3,Lupiwighteone,C20H18O5,338.11542369,Derris scandens,,unmapped,,,Lupiwighteone,lupiwighteone,104691-86-3,104691863,true,ok,C20H18O5,c20h18o5,338.115424,c0e2baf0654320351227d3048326ab98282a3bcce8346191ae154b1f7a1f58f2,175,KNApSAcK World,https://www.knapsackfamily.com/KNApSAcK_World/,compounds_20260602_131155,2026-06-02T13:11:56+00:00,8078,44a5405a33a63f0d9caeb9db62427a4b9b9530c088829b86cab3f9f1d5eaf805,review,unresolved_plant_mapping
175,C00009907,106009-67-0,"5-Hydroxy-3',4'-methylenedioxy-6'',6''-dimethylpyrano[2'',3'':7,8]isoflavone",C21H16O6,364.09468824,Derris scandens,,unmapped,,,"5-Hydroxy-3',4'-methylenedioxy-6'',6''-dimethylpyrano[2'',3'':7,8]isoflavone",5hydroxy34methylenedioxy66dimethylpyrano2378isoflavone,106009-67-0,106009670,true,ok,C21H16O6,c21h16o6,364.094688,d1df8f6147789a5fb84d206abb70234c19e1b851426f78060647b4130db18d74,175,KNApSAcK World,https://www.knapsackfamily.com/KNApSAcK_World/,compounds_20260602_131155,2026-06-02T13:11:56+00:00,8079,ef8140ef10f587a4dc04d1e007fb0fe0f76fd20ce4918be56c4f12841a2b1d96,review,unresolved_plant_mapping
175,C00009915,121747-90-8,Isochandalone,C25H24O5,404.16237388,Derris scandens,,unmapped,,,Isochandalone,isochandalone,121747-90-8,121747908,true,ok,C25H24O5,c25h24o5,404.162374,2d118e6d589efe9bf9bddd15f9ab6d2667a486c49bf3880ce89d631d200a0e50,175,KNApSAcK World,https://www.knapsackfamily.com/KNApSAcK_World/,compounds_20260602_131155,2026-06-02T13:11:56+00:00,8080,2af1e9b89af87c743a696720d2a2aec64642e83c33b484c1ea43ef16151050e6,review,unresolved_plant_mapping
175,C00009925,121747-99-7,Lupinisol A,C25H26O6,422.17293856,Derris scandens,,unmapped,,,Lupinisol A,lupinisol_a,121747-99-7,121747997,true,ok,C25H26O6,c25h26o6,422.172939,674d9f4e53e1fedbb0520102bc8c9688205ac6888cb3664a0b718a7e426542af,175,KNApSAcK World,https://www.knapsackfamily.com/KNApSAcK_World/,compounds_20260602_131155,2026-06-02T13:11:56+00:00,8081,fb91afb2edf5027631aa56acd58b004cf7f96876bbb49c9690d1b0b624d52a01,review,unresolved_plant_mapping
175,C00009932,121747-91-9,Lupinisoflavone G,C25H26O6,422.17293856,Derris scandens,,unmapped,,,Lupinisoflavone G,lupinisoflavone_g,121747-91-9,121747919,true,ok,C25H26O6,c25h26o6,422.172939,63cc3a6038366f7aa1f293f2f9e4bc1a5d0787caf4589cfd29f42eaa7e3e7bad,175,KNApSAcK World,https://www.knapsackfamily.com/KNApSAcK_World/,compounds_20260602_131155,2026-06-02T13:11:56+00:00,8082,b972aa1f99bfec7ed09802b3335a43dd6384a959dfdafe5d897b22c5e43fb529,review,unresolved_plant_mapping
175,C00009935,128988-20-5,Ulexone A,C25H24O5,404.16237388,Derris scandens,,unmapped,,,Ulexone A,ulexone_a,128988-20-5,128988205,true,ok,C25H24O5,c25h24o5,404.162374,ac99c2b64784712290a96f5390b84c5bfbc0a1f351557584c1d88ed938303d9b,175,KNApSAcK World,https://www.knapsackfamily.com/KNApSAcK_World/,compounds_20260602_131155,2026-06-02T13:11:56+00:00,8083,3801e0234349e4e8554135cfe58f2cf7bf87aa600871b6d635456a83a3856975,review,unresolved_plant_mapping
175,C00009945,139051-61-9,Senegalensin,C25H26O6,422.17293856,Derris scandens,,unmapped,,,Senegalensin,senegalensin,139051-61-9,139051619,true,ok,C25H26O6,c25h26o6,422.172939,ef009e1e51a8d077635ab382e8f98ad9caad8516e6d49e16f662f183f3a4c04b,175,KNApSAcK World,https://www.knapsackfamily.com/KNApSAcK_World/,compounds_20260602_131155,2026-06-02T13:11:56+00:00,8084,30ab49b6db051ab75f0c74b3099c278a6dbaa9fd249c0b4f4caf4785358bf735,review,unresolved_plant_mapping
175,C00010081,51351-35-0,Formononetin 7-O-rutinoside,C28H32O13,576.18429111,Derris scandens,,unmapped,,,Formononetin 7-O-rutinoside,formononetin_7orutinoside,51351-35-0,51351350,true,ok,C28H32O13,c28h32o13,576.184291,f0de5b676c19c412596ec0c3d92c780b62868f790087d1cae85b22268c2fe99e,175,KNApSAcK World,https://www.knapsackfamily.com/KNApSAcK_World/,compounds_20260602_131155,2026-06-02T13:11:56+00:00,8085,11cc2c3e827ddcde1bf4b3ae6115626ffdc308541b8070bcd8a4fb4bbc462933,review,unresolved_plant_mapping
175,C00010095,68862-13-5,8-O-Methylretusin 7-O-glucoside,C23H24O10,460.13694699,Derris scandens,,unmapped,,,8-O-Methylretusin 7-O-glucoside,8omethylretusin_7oglucoside,68862-13-5,68862135,true,ok,C23H24O10,c23h24o10,460.136947,59fb979cb1182ca72ca5cbd8b33b70446c2a7d2f66a35565e8ffb568c35b5831,175,KNApSAcK World,https://www.knapsackfamily.com/KNApSAcK_World/,compounds_20260602_131155,2026-06-02T13:11:56+00:00,8086,6da87d57c546379228b35efcccd547ed34857e0af725adfc24c3c60ecedd48c8,review,unresolved_plant_mapping
175,C00010113,53840-60-1,Biochanin A 7-O-rutinoside,C28H32O14,592.17920573,Derris scandens,,unmapped,,,Biochanin A 7-O-rutinoside,biochanin_a_7orutinoside,53840-60-1,53840601,true,ok,C28H32O14,c28h32o14,592.179206,8251c1a338a61262bcf3ae04755bd31574530c864567b417ffc51e803da551b4,175,KNApSAcK World,https://www.knapsackfamily.com/KNApSAcK_World/,compounds_20260602_131155,2026-06-02T13:11:56+00:00,8087,4df3a963ea0f17465a4d82fe763aa4313f947900f82c39af8bfc9b0138e27a61,review,unresolved_plant_mapping
175,C00019062,154992-17-3,Erysenegalensein E,C25H26O6,422.17293856,Derris scandens,,unmapped,,,Erysenegalensein E,erysenegalensein_e,154992-17-3,154992173,true,ok,C25H26O6,c25h26o6,422.172939,cb86e986ea50d675e387e1ccbf01803576a35e1944312f39854e98d043505864,175,KNApSAcK World,https://www.knapsackfamily.com/KNApSAcK_World/,compounds_20260602_131155,2026-06-02T13:11:56+00:00,8088,e60fe853d071a89cf1db37336ff1351e91c53665a579f823f1eae71d4d280026,review,unresolved_plant_mapping
175,C00019077,714951-95-8,Scandione,C16H12O7,316.05830274,Derris scandens,,unmapped,,,Scandione,scandione,714951-95-8,714951958,true,ok,C16H12O7,c16h12o7,316.058303,f378a14748dd58af53abd8d022ede78fa7529dcf7419e80255788e2e7152f0cf,175,KNApSAcK World,https://www.knapsackfamily.com/KNApSAcK_World/,compounds_20260602_131155,2026-06-02T13:11:56+00:00,8089,78f75b4acad149662b32824063a3971695bf24c3dffeb4a4f114c8fe029781ae,review,unresolved_plant_mapping
175,C00019078,478409-38-0,Scandenal,C21H16O6,364.09468824,Derris scandens,,unmapped,,,Scandenal,scandenal,478409-38-0,478409380,true,ok,C21H16O6,c21h16o6,364.094688,0e9340d71ccb5e28769604255064c99fddf6433535f403194bc45dbc31e17dd5,175,KNApSAcK World,https://www.knapsackfamily.com/KNApSAcK_World/,compounds_20260602_131155,2026-06-02T13:11:56+00:00,8090,1e1b7cf62ecd7e24e57c7d002437de14e3fe9f5825c2db3e05d117ecec76f70f,review,unresolved_plant_mapping
175,C00019079,714951-96-9,Scanderone,C25H24O5,404.16237388,Derris scandens,,unmapped,,,Scanderone,scanderone,714951-96-9,714951969,true,ok,C25H24O5,c25h24o5,404.162374,abb4d32443e7a80ae23fa82ba31bc1ae98f6f98a68c297233e367c941ac06fc5,175,KNApSAcK World,https://www.knapsackfamily.com/KNApSAcK_World/,compounds_20260602_131155,2026-06-02T13:11:56+00:00,8091,740b47aa7d5db13f8b776942721b06dcbc64c7905889804457079698736798fb,review,unresolved_plant_mapping
175,C00019080,76754-30-8,Ulexin B,C25H22O5,402.14672381,Derris scandens,,unmapped,,,Ulexin B,ulexin_b,76754-30-8,76754308,true,ok,C25H22O5,c25h22o5,402.146724,6d8ea0af8d5f73ea8e049441ba67dd81590a65ade6fa73a802899dfddc234b9c,175,KNApSAcK World,https://www.knapsackfamily.com/KNApSAcK_World/,compounds_20260602_131155,2026-06-02T13:11:56+00:00,8092,3574a2751ff56468f45da8dd25e04da3dd0681ed276a824574b2ba55ab79cf99,review,unresolved_plant_mapping
175,C00019081,246870-74-6,Derrisisoflavone A,C26H28O5,420.193674,Derris scandens,,unmapped,,,Derrisisoflavone A,derrisisoflavone_a,246870-74-6,246870746,true,ok,C26H28O5,c26h28o5,420.193674,b5e2cbbe01a7ff0094d1fee036ce7f92802d0c4266d6c00a83825b0a6064d1a5,175,KNApSAcK World,https://www.knapsackfamily.com/KNApSAcK_World/,compounds_20260602_131155,2026-06-02T13:11:56+00:00,8093,cbcef30899a7d61b20b609195e10ed4c2cf1136a1aa2668122ab0461f0c019cf,review,unresolved_plant_mapping
175,C00019092,246870-77-9,Derrisisoflavone D,C26H28O6,436.18858863,Derris scandens,,unmapped,,,Derrisisoflavone D,derrisisoflavone_d,246870-77-9,246870779,true,ok,C26H28O6,c26h28o6,436.188589,6fc2589898d0a7ae9ee735d5828ec0a6410a99c98b1806c645bd4e15965329b2,175,KNApSAcK World,https://www.knapsackfamily.com/KNApSAcK_World/,compounds_20260602_131155,2026-06-02T13:11:56+00:00,8094,c974bb2cc7a428be4374c408845192d42a74e3872cec9eddca84e52996f55365,review,unresolved_plant_mapping
175,C00019093,246870-78-0,Derrisisoflavone E,C26H28O6,436.18858863,Derris scandens,,unmapped,,,Derrisisoflavone E,derrisisoflavone_e,246870-78-0,246870780,true,ok,C26H28O6,c26h28o6,436.188589,2c3bcb14fe039bf785fba88a95e79b8c3e2a419313cdfab315b63b4b46750b14,175,KNApSAcK World,https://www.knapsackfamily.com/KNApSAcK_World/,compounds_20260602_131155,2026-06-02T13:11:56+00:00,8095,856b0adbcf1d1ff29ae822ca46767fe33cfa1c81f3a1417b1e509f52805f7072,review,unresolved_plant_mapping
175,C00019094,246870-79-1,Derrisisoflavone F,C25H26O6,422.17293856,Derris scandens,,unmapped,,,Derrisisoflavone F,derrisisoflavone_f,246870-79-1,246870791,true,ok,C25H26O6,c25h26o6,422.172939,08d45e279e85dbff17ec420a9983b80fc79d41c563c617dcc52a633dd6978ef4,175,KNApSAcK World,https://www.knapsackfamily.com/KNApSAcK_World/,compounds_20260602_131155,2026-06-02T13:11:56+00:00,8096,8d1d6920d3defc2527336b2f3c573f2c8277766b14842134a49fb8e62c4da55b,review,unresolved_plant_mapping
175,C00019095,246870-75-7,Derrisisoflavone B,C25H26O6,422.17293856,Derris scandens,,unmapped,,,Derrisisoflavone B,derrisisoflavone_b,246870-75-7,246870757,true,ok,C25H26O6,c25h26o6,422.172939,397e94f981c37805830faff296798fbb95f3c7b5aa490d827ff92979f6fe2ed1,175,KNApSAcK World,https://www.knapsackfamily.com/KNApSAcK_World/,compounds_20260602_131155,2026-06-02T13:11:56+00:00,8097,ad70afb1346e3d7fa8eac02c334ad1ae486b187c129372e74d03472469deca8b,review,unresolved_plant_mapping
175,C00019096,246870-76-8,Derrisisoflavone C,C26H28O6,436.18858863,Derris scandens,,unmapped,,,Derrisisoflavone C,derrisisoflavone_c,246870-76-8,246870768,true,ok,C26H28O6,c26h28o6,436.188589,b8c24161f0611bfe9b0298307305fbf653f0e51a0684a7e648f1f3d4de26d573,175,KNApSAcK World,https://www.knapsackfamily.com/KNApSAcK_World/,compounds_20260602_131155,2026-06-02T13:11:56+00:00,8098,dea819c3a5730a597957e38047df67bc4d0af2f126734682c5f2f58668f406af,review,unresolved_plant_mapping
175,C00019108,475568-96-8,Derriscandenoside A,C22H22O10,446.12129692,Derris scandens,,unmapped,,,Derriscandenoside A,derriscandenoside_a,475568-96-8,475568968,true,ok,C22H22O10,c22h22o10,446.121297,f83aa9d8ed266f1dd34db2de305cbb2a23ade7b0f2a9c967e5a41cb253710253,175,KNApSAcK World,https://www.knapsackfamily.com/KNApSAcK_World/,compounds_20260602_131155,2026-06-02T13:11:56+00:00,8099,946a4b70a129155ade3abfbc8be7a5a8e144af3b3b0442e1bfbf05c1b3e9b978,review,unresolved_plant_mapping
175,C00019109,477290-24-7,Derriscandenoside B,C28H32O14,592.17920573,Derris scandens,,unmapped,,,Derriscandenoside B,derriscandenoside_b,477290-24-7,477290247,true,ok,C28H32O14,c28h32o14,592.179206,93bfac0d149607ae345b3ce3003dc7427153e88c06e74d084da258312e627a8c,175,KNApSAcK World,https://www.knapsackfamily.com/KNApSAcK_World/,compounds_20260602_131155,2026-06-02T13:11:56+00:00,8100,9e139b8ff6b7340ed12c1d50e7e98f800c42fe74eb9163910bd7a814d764bce6,review,unresolved_plant_mapping
175,C00019110,477290-29-2,Derriscandenoside C,C29H34O14,606.1948558,Derris scandens,,unmapped,,,Derriscandenoside C,derriscandenoside_c,477290-29-2,477290292,true,ok,C29H34O14,c29h34o14,606.194856,991ae8c2ce886a138b0e5b596a6565af80d95935791c4aef663d34c0792d85cb,175,KNApSAcK World,https://www.knapsackfamily.com/KNApSAcK_World/,compounds_20260602_131155,2026-06-02T13:11:56+00:00,8101,46714a7970f49d7965501fbfaa3292431f3d2f334c56baa893c9a7b6a786ca6b,review,unresolved_plant_mapping
175,C00019111,474831-84-0,Derriscandenoside D,C29H34O14,606.1948558,Derris scandens,,unmapped,,,Derriscandenoside D,derriscandenoside_d,474831-84-0,474831840,true,ok,C29H34O14,c29h34o14,606.194856,4e2a1e0e3a8d5e64252527bc800dacf3cc4e07cb249cccc8ae52ed45505c74f5,175,KNApSAcK World,https://www.knapsackfamily.com/KNApSAcK_World/,compounds_20260602_131155,2026-06-02T13:11:56+00:00,8102,acadd53f956d9d3cb7b56913900d58875ef33fb25f4a0bfb60b58d91e198f714,review,unresolved_plant_mapping
175,C00019112,477290-48-5,Derriscandenoside E,C29H34O15,622.18977042,Derris scandens,,unmapped,,,Derriscandenoside E,derriscandenoside_e,477290-48-5,477290485,true,ok,C29H34O15,c29h34o15,622.18977,14d7004ce2fd70fbd0d1912e58ab93c13d4afda78f9889dc4a662b24a4683930,175,KNApSAcK World,https://www.knapsackfamily.com/KNApSAcK_World/,compounds_20260602_131155,2026-06-02T13:11:56+00:00,8103,cf69e8ae237a4017b9c0ae48bd048e80884b5bfd7f4c5b5c87b8115f053b80e8,review,unresolved_plant_mapping
175,C00019113,231280-07-2,Derriscanoside B,C29H34O14,606.1948558,Derris scandens,,unmapped,,,Derriscanoside B,derriscanoside_b,231280-07-2,231280072,true,ok,C29H34O14,c29h34o14,606.194856,bc953c0f473f8f5fc55b0b3a40dd3f11ace63ff6dcc7cc414c6c18c968a64ef1,175,KNApSAcK World,https://www.knapsackfamily.com/KNApSAcK_World/,compounds_20260602_131155,2026-06-02T13:11:56+00:00,8104,b88cd2baf7fd8636afafb9af2876caf6d0cd3de312697d1d6b338f9b3702c9e6,review,unresolved_plant_mapping
175,C00019114,82897-90-3,"8-Hydroxy-4',7-dimethoxyisoflavone 8-O-beta-glucopyranoside",C23H24O10,460.13694699,Derris scandens,,unmapped,,,"8-Hydroxy-4',7-dimethoxyisoflavone 8-O-beta-glucopyranoside",8hydroxy47dimethoxyisoflavone_8obetaglucopyranoside,82897-90-3,82897903,true,ok,C23H24O10,c23h24o10,460.136947,24785016bd59b61581e84153cb8faa956570a3b4a8969f09a4cccc29ec8ad64e,175,KNApSAcK World,https://www.knapsackfamily.com/KNApSAcK_World/,compounds_20260602_131155,2026-06-02T13:11:56+00:00,8105,46e9944298d7e423e4da2f5edfa67577720215f8701b6edb0af898cf53eee1a7,review,unresolved_plant_mapping
175,C00019115,343277-32-7,"7,4'-Dihydroxyisoflavone 7-O-(6''-rhamnosylglucoside)",C27H30O13,562.16864105,Derris scandens,,unmapped,,,"7,4'-Dihydroxyisoflavone 7-O-(6''-rhamnosylglucoside)",74dihydroxyisoflavone_7o6rhamnosylglucoside,343277-32-7,343277327,true,ok,C27H30O13,c27h30o13,562.168641,5db713985f2eb324f1d50c046005277d4c28b9b3b98484fbe325548463c74bd9,175,KNApSAcK World,https://www.knapsackfamily.com/KNApSAcK_World/,compounds_20260602_131155,2026-06-02T13:11:56+00:00,8106,7d0b8d5a8a68ed50b002fda8f0f8f5c7a0b5abad9750762423c84c2cb945796b,review,unresolved_plant_mapping
175,C00019317,478491-44-0,"2-(1-Hydroxy-1-methylethyl)-3-hydroxy-2,3-dihydrofuranoalpinumisoflavone",C25H24O7,436.15220312,Derris scandens,,unmapped,,,"2-(1-Hydroxy-1-methylethyl)-3-hydroxy-2,3-dihydrofuranoalpinumisoflavone",21hydroxy1methylethyl3hydroxy23dihydrofuranoalpinumisoflavone,478491-44-0,478491440,true,ok,C25H24O7,c25h24o7,436.152203,10481b1a5471c7912a12c4fee976ace09be7c9e0e94b7bfbb44d831a40a7178b,175,KNApSAcK World,https://www.knapsackfamily.com/KNApSAcK_World/,compounds_20260602_131155,2026-06-02T13:11:56+00:00,8107,69013c0813f61482707fde90525e0d524df39fbc90ff5c5c7d356604dd734620,review,unresolved_plant_mapping
175,C00019540,159736-33-1,Eturunagarone,C26H28O6,436.18858863,Derris scandens,,unmapped,,,Eturunagarone,eturunagarone,159736-33-1,159736331,true,ok,C26H28O6,c26h28o6,436.188589,24dfd71976d474de630f4266078591991c2aaecda1f27bc31fcaffd06ee70227,175,KNApSAcK World,https://www.knapsackfamily.com/KNApSAcK_World/,compounds_20260602_131155,2026-06-02T13:11:56+00:00,8108,c6c9f8c9d5e331a36898849e7d4f5629bb1d399750b6593a8bf7e9b84f9348b4,review,unresolved_plant_mapping
175,C00019585,1259-39-8,di-O-Methyl scandenin,C28H30O6,462.20423869,Derris scandens,,unmapped,,,di-O-Methyl scandenin,diomethyl_scandenin,1259-39-8,1259398,true,ok,C28H30O6,c28h30o6,462.204239,6b11ab44c9e2223e2fb11aad068a0e0d2a01d8938b8161c12a008f2a44625342,175,KNApSAcK World,https://www.knapsackfamily.com/KNApSAcK_World/,compounds_20260602_131155,2026-06-02T13:11:56+00:00,8109,568f9109afef51f7cdc5571a5af0ef4023284935fcfc0b2deab7299afd507c62,review,unresolved_plant_mapping
176,C00029676,1982-09-7,alpha-Toxicarol,C23H22O7,410.13655306,Derris trifoliata,2e6c474a-aac5-5924-9a70-0491d31e0845,mapped,raw_plant_id,plant_id,alpha-Toxicarol,alphatoxicarol,1982-09-7,1982097,false,checksum_failed,C23H22O7,c23h22o7,410.136553,b0d50bd6803b57c1f1d77a8c1312be5fc16ace4f32e785421145a3efd21b6925,176,KNApSAcK World,https://www.knapsackfamily.com/KNApSAcK_World/,compounds_20260602_131155,2026-06-02T13:11:56+00:00,8124,8857bdce1a49273ce673f5f4636230e9ec623a7487637e57374a8fffd5ee6d6d,review,cas_checksum_failed
178,C00001420,1019-45-0,"5-Methoxy-N,N-dimethyltryptamine",C13H18N2O,218.14191321,Desmodium pulchellum,,unmapped,,,"5-Methoxy-N,N-dimethyltryptamine",5methoxynndimethyltryptamine,1019-45-0,1019450,true,ok,C13H18N2O,c13h18n2o,218.141913,9b9d77e8c4f2831a3f47da51cb48c7897d7d60d9dc68547966aa0d68d722aa29,178,KNApSAcK World,https://www.knapsackfamily.com/KNApSAcK_World/,compounds_20260602_131155,2026-06-02T13:11:56+00:00,8144,7f88f1fbd63fdc3a61aefae4f9ef5c6b3229f4cfb98dc38b7125dadc15b7a664,review,unresolved_plant_mapping
178,C00050733,4006-02-4,"5-Methoxy-N,N-dimethyl-tryptamine Nb-oxide",C13H18N2O2,234.13682783,Desmodium pulchellum,,unmapped,,,"5-Methoxy-N,N-dimethyl-tryptamine Nb-oxide",5methoxynndimethyltryptamine_nboxide,4006-02-4,4006024,true,ok,C13H18N2O2,c13h18n2o2,234.136828,083b6b48688d83b144510ad1965352a6dcf56c27b4cbc4d0dc1c0e52d21e75ee,178,KNApSAcK World,https://www.knapsackfamily.com/KNApSAcK_World/,compounds_20260602_131155,2026-06-02T13:11:56+00:00,8145,19314ae99c8d60c18e5431d07814c0dc0666f0d60efb5bf48ddb7aaf5060c4dd,review,unresolved_plant_mapping
178,C00050734,2009-03-2,5-Methoxy-N-methyltryptamine,C12H16N2O,204.12626315,Desmodium pulchellum,,unmapped,,,5-Methoxy-N-methyltryptamine,5methoxynmethyltryptamine,2009-03-2,2009032,true,ok,C12H16N2O,c12h16n2o,204.126263,73a1975a90c8550da8c296435deca2628f7d2b3f0c23db3bf69c5337c1558618,178,KNApSAcK World,https://www.knapsackfamily.com/KNApSAcK_World/,compounds_20260602_131155,2026-06-02T13:11:56+00:00,8146,4411772d0cd926623219462f55098b518f89678f98871d6243d2278359af8a99,review,unresolved_plant_mapping
180,C00001059,38953-85-4,Isovitexin,C21H20O10,432.10564686,Desmodium triflorum,,unmapped,,,Isovitexin,isovitexin,38953-85-4,38953854,true,ok,C21H20O10,c21h20o10,432.105647,6a5cb0319a11357d83822e3379960b604d71dc5d446e625919811acc10d6bb33,180,KNApSAcK World,https://www.knapsackfamily.com/KNApSAcK_World/,compounds_20260602_131155,2026-06-02T13:11:56+00:00,8153,ec77a5c0bdbe09a4c2eab9b1d080a65eefb84d30e90c2214c68ab052b51f985b,review,unresolved_plant_mapping
180,C00001110,3681-93-4,Vitexin,C21H20O10,432.10564686,Desmodium triflorum,,unmapped,,,Vitexin,vitexin,3681-93-4,3681934,true,ok,C21H20O10,c21h20o10,432.105647,07604bfbcd8aa501e5b3a608d7fe0427f5e950c47f8fe6e91ab76254afceafd5,180,KNApSAcK World,https://www.knapsackfamily.com/KNApSAcK_World/,compounds_20260602_131155,2026-06-02T13:11:56+00:00,8154,ff8fbd3e679db29678c6e5867d611ffb4b12dd4206fc34ac8cf4cb9e2122a2fe,review,unresolved_plant_mapping
180,C00001435,51-67-2,Tyramine,C8H11NO,137.08406398,Desmodium triflorum,,unmapped,,,Tyramine,tyramine,51-67-2,51672,true,ok,C8H11NO,c8h11no,137.084064,dbfaaa3ed3d97fc7d982c833a81b76d19fb3b758a44bae8b1c0ea9ff6982036b,180,KNApSAcK World,https://www.knapsackfamily.com/KNApSAcK_World/,compounds_20260602_131155,2026-06-02T13:11:56+00:00,8155,e69bd8b40d97e9247010e9a7c66bdce7264b98148529e2e4e42d1e0de1e4f4bc,review,unresolved_plant_mapping
180,C00001555,535-83-1,Trigonelline,C7H7NO2,137.04767848,Desmodium triflorum,,unmapped,,,Trigonelline,trigonelline,535-83-1,535831,true,ok,C7H7NO2,c7h7no2,137.047678,a1ba2f789071c17d8d2f609c84e440e64818461dc4a90ecd24ba27f1ddb88b36,180,KNApSAcK World,https://www.knapsackfamily.com/KNApSAcK_World/,compounds_20260602_131155,2026-06-02T13:11:56+00:00,8156,5098bf8d7891beaaefeaff030b142b42691e3498da6a5c5ef02631a2f5f71b22,review,unresolved_plant_mapping
180,C00002074,471-87-4,Stachydrine,C7H13NO2,143.09462867,Desmodium triflorum,,unmapped,,,Stachydrine,stachydrine,471-87-4,471874,true,ok,C7H13NO2,c7h13no2,143.094629,26f3cc678ac9716a771dbbeff5435f5484a1cd689ef358fad8f53f94d4c25247,180,KNApSAcK World,https://www.knapsackfamily.com/KNApSAcK_World/,compounds_20260602_131155,2026-06-02T13:11:56+00:00,8157,7fc5fd13a8f43f3d0d2127bf3fb72a284e8de51f9890ef997805c73b3a1a670d,review,unresolved_plant_mapping
186,C00000892,508-71-4,Rosenonolactone,C20H28O3,316.20384476,Duranta repens,,unmapped,,,Rosenonolactone,rosenonolactone,508-71-4,508714,true,ok,C20H28O3,c20h28o3,316.203845,0966ff37824f90e8e41bc017c5103b4df8956c9c5938f422b2a67aac53a02884,186,KNApSAcK World,https://www.knapsackfamily.com/KNApSAcK_World/,compounds_20260602_131155,2026-06-02T13:11:56+00:00,8202,6266fecb8cb51c82bdc2f9e618af23275b4dc87564bfecda4ef029185cfc893e,review,unresolved_plant_mapping
186,C00002498,120-08-1,Aesculetin dimethyl ether,C11H10O4,206.05790881,Duranta repens,,unmapped,,,Aesculetin dimethyl ether,aesculetin_dimethyl_ether,120-08-1,120081,true,ok,C11H10O4,c11h10o4,206.057909,4c34174e79444ae609230166c9df4d1fc1489700f5e9e8375459246bf62e86a8,186,KNApSAcK World,https://www.knapsackfamily.com/KNApSAcK_World/,compounds_20260602_131155,2026-06-02T13:11:56+00:00,8203,de8d61fa0afd4529cdd14ddf61a0fc35b24a6333d593d99dbdd915134358078e,review,unresolved_plant_mapping
186,C00003776,127-40-2,Lutein,C40H56O2,568.42803103,Duranta repens,,unmapped,,,Lutein,lutein,127-40-2,127402,true,ok,C40H56O2,c40h56o2,568.428031,63a05ac106e560665125a7d949583c5f8ed07eed85518dca8415f45a0b09d1b7,186,KNApSAcK World,https://www.knapsackfamily.com/KNApSAcK_World/,compounds_20260602_131155,2026-06-02T13:11:56+00:00,8204,1b0c4158a7e604030830de2ef98b937fc2a2f1d0bb511005e97ec23f8785eb8c,review,unresolved_plant_mapping
186,C00003834,529-53-3,Scutellarein,C15H10O6,286.04773805,Duranta repens,,unmapped,,,Scutellarein,scutellarein,529-53-3,529533,true,ok,C15H10O6,c15h10o6,286.047738,75c49a34f2b62b6726cbc60861596a8b5588474496485916bfb0cac2233ec860,186,KNApSAcK World,https://www.knapsackfamily.com/KNApSAcK_World/,compounds_20260602_131155,2026-06-02T13:11:56+00:00,8205,93b496a4df70f42c45a35d77343ce6d52b3e85746879e7baf92c05ed1d3677fa,review,unresolved_plant_mapping
186,C00003838,520-12-7,4'-Methylcapillarisin,C17H14O6,314.07903818,Duranta repens,,unmapped,,,4'-Methylcapillarisin,4methylcapillarisin,520-12-7,520127,true,ok,C17H14O6,c17h14o6,314.079038,b42d519b457e2b05af331db099c3fe455a223b058a42e8b7e8744741df817d22,186,KNApSAcK World,https://www.knapsackfamily.com/KNApSAcK_World/,compounds_20260602_131155,2026-06-02T13:11:56+00:00,8206,5dbf4497284e598a5db662eac6284c3b5c038302efb6dec42154ace339b623ec,review,unresolved_plant_mapping
186,C00004607,14787-34-9,"5-Hydroxy-3,6,7,4'-tetramethoxyflavone",C19H18O7,358.10525293,Duranta repens,,unmapped,,,"5-Hydroxy-3,6,7,4'-tetramethoxyflavone",5hydroxy3674tetramethoxyflavone,14787-34-9,14787349,true,ok,C19H18O7,c19h18o7,358.105253,21a6bbf4c3517c3efe0ca564b07cedf51997ad3b48a912c8c23cd58e2f391c85,186,KNApSAcK World,https://www.knapsackfamily.com/KNApSAcK_World/,compounds_20260602_131155,2026-06-02T13:11:56+00:00,8207,b001b7999925c3dcaa38f49e34c8e843abd34390eb1a5ff0a1e6ff2a6dcf749d,review,unresolved_plant_mapping
186,C00005019,88048-20-8,Aliarin 4'-methyl ether,C23H26O8,430.16276781,Duranta repens,,unmapped,,,Aliarin 4'-methyl ether,aliarin_4methyl_ether,88048-20-8,88048208,true,ok,C23H26O8,c23h26o8,430.162768,4f366c4967bdc8033d22065b27d8a3902b2d6a5923acfa757e51bacb7cb3ebeb,186,KNApSAcK World,https://www.knapsackfamily.com/KNApSAcK_World/,compounds_20260602_131155,2026-06-02T13:11:56+00:00,8208,2863b2c9943a2b662b5033a43db5fbaa40d6e04ac2d6057e73f63fb3351efdf4,review,unresolved_plant_mapping
186,C00010593,53526-66-2,Durantoside II,C27H34O14,582.1948558,Duranta repens,,unmapped,,,Durantoside II,durantoside_ii,53526-66-2,53526662,true,ok,C27H34O14,c27h34o14,582.194856,ead1675fb70747cfc589f2b5a3646a0a03f2f4ad6dc7c97e51ba641befe73654,186,KNApSAcK World,https://www.knapsackfamily.com/KNApSAcK_World/,compounds_20260602_131155,2026-06-02T13:11:56+00:00,8209,5676e1c85babffbe2e30a50a4d94eab2724e96e35aae29d8398491a553102001,review,unresolved_plant_mapping
186,C00010594,53526-65-1,Durantoside III,C28H36O15,612.20542048,Duranta repens,,unmapped,,,Durantoside III,durantoside_iii,53526-65-1,53526651,true,ok,C28H36O15,c28h36o15,612.20542,f3f49a5b633eb5148a79e997ba60984668a0af36212bd274978f42aca1db74ee,186,KNApSAcK World,https://www.knapsackfamily.com/KNApSAcK_World/,compounds_20260602_131155,2026-06-02T13:11:56+00:00,8210,9710b2e7bf686c47141a9ea64339ef6b9f279af028f7d72d30442a89368bb094,review,unresolved_plant_mapping
186,C00013520,343337-04-2,"3,7-Dihydroxy-2-[4-hydroxy-3-(4-hydroxy-3-methylbutyl)phenyl]-5,6-dimethoxy-4H-1-benzopyran-4-one",C22H24O8,416.14711774,Duranta repens,,unmapped,,,"3,7-Dihydroxy-2-[4-hydroxy-3-(4-hydroxy-3-methylbutyl)phenyl]-5,6-dimethoxy-4H-1-benzopyran-4-one",37dihydroxy24hydroxy34hydroxy3methylbutylphenyl56dimethoxy4h1benzopyran4one,343337-04-2,343337042,true,ok,C22H24O8,c22h24o8,416.147118,65079925f62ad8cf7d1da34d33b197ad48be282d4d96f9813f4eab5c5b274be4,186,KNApSAcK World,https://www.knapsackfamily.com/KNApSAcK_World/,compounds_20260602_131155,2026-06-02T13:11:56+00:00,8211,c4a5c9240dad4e8f32ee38fb774c3f1d64b3249d98d3e517d6a882daaf291014,review,unresolved_plant_mapping
186,C00013521,343337-05-3,"3,7-Dihydroxy-2-[3-(4-hydroxy-3-methylbutyl)-4-methoxyphenyl]-5,6-dimethoxy-4H-1-benzopyran-4-one",C23H26O8,430.16276781,Duranta repens,,unmapped,,,"3,7-Dihydroxy-2-[3-(4-hydroxy-3-methylbutyl)-4-methoxyphenyl]-5,6-dimethoxy-4H-1-benzopyran-4-one",37dihydroxy234hydroxy3methylbutyl4methoxyphenyl56dimethoxy4h1benzopyran4one,343337-05-3,343337053,true,ok,C23H26O8,c23h26o8,430.162768,a56ff67dc8ccd0fae9fe37ca893acf16226a73356a8c9c92ae5437eebb42e77d,186,KNApSAcK World,https://www.knapsackfamily.com/KNApSAcK_World/,compounds_20260602_131155,2026-06-02T13:11:56+00:00,8212,5838c41babdda9d26294087a50b29e14bd6bfbe387415730ce718e71f3f3a0ea,review,unresolved_plant_mapping
186,C00029301,24470-47-1,(+)-Hardwickiic acid,C20H28O3,316.20384476,Duranta repens,,unmapped,,,(+)-Hardwickiic acid,hardwickiic_acid,24470-47-1,24470471,true,ok,C20H28O3,c20h28o3,316.203845,62a690b54dcba271266829940f1b895901c35902a04656118cfc34a9449bf535,186,KNApSAcK World,https://www.knapsackfamily.com/KNApSAcK_World/,compounds_20260602_131155,2026-06-02T13:11:56+00:00,8213,dd82fde52c0d430a7368b27c33fa0d9b2077b97970a98e1e62efc6e382233cfc,review,unresolved_plant_mapping
186,C00030200,2061-64-5,"5alpha,8alpha-Epidioxyergosta-6,22-dien-3beta-ol",C28H44O3,428.32904527,Duranta repens,,unmapped,,,"5alpha,8alpha-Epidioxyergosta-6,22-dien-3beta-ol",5alpha8alphaepidioxyergosta622dien3betaol,2061-64-5,2061645,true,ok,C28H44O3,c28h44o3,428.329045,62b34677a564a80d47f3a405ddb45851a0ca8bc6a74cf5912a1090ae4bb49775,186,KNApSAcK World,https://www.knapsackfamily.com/KNApSAcK_World/,compounds_20260602_131155,2026-06-02T13:11:56+00:00,8214,a25dcd396fb56784651834ecfe25e34e70710751c06b60c49bfa0db12ddb58e1,review,unresolved_plant_mapping
186,C00031453,159971-08-1,"(+)-3,13-Clerodadien-16,15-olid-18-oic acid",C20H28O4,332.19875938,Duranta repens,,unmapped,,,"(+)-3,13-Clerodadien-16,15-olid-18-oic acid",313clerodadien1615olid18oic_acid,159971-08-1,159971081,true,ok,C20H28O4,c20h28o4,332.198759,7bcca82a47ece718a7e423f41508b4250c09830278f0464bfc5f6fc6ebad053c,186,KNApSAcK World,https://www.knapsackfamily.com/KNApSAcK_World/,compounds_20260602_131155,2026-06-02T13:11:56+00:00,8215,0b271493534385af6bf74a5db823ce681682e5e99cef81a04eee527fbec6d63c,review,unresolved_plant_mapping
186,C00032639,449178-07-8,"3,7-Dihydroxy-3'-(2-hydroxy-3-methyl-3-butenyl)-5,6,4'-trimethoxyflavone",C23H24O8,428.14711774,Duranta repens,,unmapped,,,"3,7-Dihydroxy-3'-(2-hydroxy-3-methyl-3-butenyl)-5,6,4'-trimethoxyflavone",37dihydroxy32hydroxy3methyl3butenyl564trimethoxyflavone,449178-07-8,449178078,true,ok,C23H24O8,c23h24o8,428.147118,966532cf28e81074a8d4d4ddfb1a41f02a6b9c2812454b026c8bba9270aac9e0,186,KNApSAcK World,https://www.knapsackfamily.com/KNApSAcK_World/,compounds_20260602_131155,2026-06-02T13:11:56+00:00,8216,7937ecb47c41df9bf4048bd8ca263eea15ed64819bd33e5316e01de7388c8e9f,review,unresolved_plant_mapping
186,C00032659,449178-06-7,"5,7-Dihydroxy-3'-(2-hydroxy-3-methyl-3-butenyl)-3,6,4'-trimethoxyflavone",C23H24O8,428.14711774,Duranta repens,,unmapped,,,"5,7-Dihydroxy-3'-(2-hydroxy-3-methyl-3-butenyl)-3,6,4'-trimethoxyflavone",57dihydroxy32hydroxy3methyl3butenyl364trimethoxyflavone,449178-06-7,449178067,true,ok,C23H24O8,c23h24o8,428.147118,c42a8dd2e68fa318e915db2e41882b7ba4421e94eda89bf58e0a13a51a1c7247,186,KNApSAcK World,https://www.knapsackfamily.com/KNApSAcK_World/,compounds_20260602_131155,2026-06-02T13:11:56+00:00,8217,578af8639970b11eff558e218ffba56d98cf361487ab065c6ddb1a7d5f91d292,review,unresolved_plant_mapping
186,C00035929,773074-11-6,"3,7,4'-Trihydroxy-3'-(8''-acetoxy-7''-methyloctyl)-5,6-dimethoxyflavone",C28H34O9,514.22028269,Duranta repens,,unmapped,,,"3,7,4'-Trihydroxy-3'-(8''-acetoxy-7''-methyloctyl)-5,6-dimethoxyflavone",374trihydroxy38acetoxy7methyloctyl56dimethoxyflavone,773074-11-6,773074116,true,ok,C28H34O9,c28h34o9,514.220283,8eb5c3c1644334e539fe2d2a75a6967bc9b41e4f9b854f095fed1b16992c2a36,186,KNApSAcK World,https://www.knapsackfamily.com/KNApSAcK_World/,compounds_20260602_131155,2026-06-02T13:11:56+00:00,8218,3f61815100bd8dd790bfc6512970d010648e0c7df11fd779d40f9d680f4a97a3,review,unresolved_plant_mapping
186,C00035977,773074-09-2,"7-O-alpha-D-glucopyranosyl-3,5-dihydroxy-3'-(4''-acetoxyl-3''-methylbutyl)-6,4'-dimethoxyflavone",C30H36O14,620.21050586,Duranta repens,,unmapped,,,"7-O-alpha-D-glucopyranosyl-3,5-dihydroxy-3'-(4''-acetoxyl-3''-methylbutyl)-6,4'-dimethoxyflavone",7oalphadglucopyranosyl35dihydroxy34acetoxyl3methylbutyl64dimethoxyflavone,773074-09-2,773074092,true,ok,C30H36O14,c30h36o14,620.210506,cb3c876b926433f4be8ce14d2ee81aee41a19ea4dd83238859fe8e69c4398c9a,186,KNApSAcK World,https://www.knapsackfamily.com/KNApSAcK_World/,compounds_20260602_131155,2026-06-02T13:11:56+00:00,8219,2b4a61fdf1fc65d1625f7fa31a9a61dbb7cdb4b77c7a16fc8a5db556fb1f9dc0,review,unresolved_plant_mapping
186,C00039055,243668-19-1,Durantanin I,C58H94O27,1222.5982478,Duranta repens,,unmapped,,,Durantanin I,durantanin_i,243668-19-1,243668191,true,ok,C58H94O27,c58h94o27,1222.598248,8179a42c239e13520a0ecd148807a0aa34b21375cce06946568c54f85e069ec3,186,KNApSAcK World,https://www.knapsackfamily.com/KNApSAcK_World/,compounds_20260602_131155,2026-06-02T13:11:56+00:00,8220,32006f97a23dee888cd6920021e2213cdd9ac7729a055318ce4e1030464cdf79,review,unresolved_plant_mapping
186,C00039056,244004-93-1,Durantanin II,C63H102O31,1354.64050655,Duranta repens,,unmapped,,,Durantanin II,durantanin_ii,244004-93-1,244004931,true,ok,C63H102O31,c63h102o31,1354.640507,22e7c955e78e9015764dcc492153739240fb348785d8cd8100407868e0f96641,186,KNApSAcK World,https://www.knapsackfamily.com/KNApSAcK_World/,compounds_20260602_131155,2026-06-02T13:11:56+00:00,8221,87f73ab7f7c8ae4ac80629f7880f2249c04fdb62c00fc567da93cf578f442274,review,unresolved_plant_mapping
186,C00039057,213261-67-7,Durantanin III,C58H94O27,1222.5982478,Duranta repens,,unmapped,,,Durantanin III,durantanin_iii,213261-67-7,213261677,true,ok,C58H94O27,c58h94o27,1222.598248,59df2ad16ea0735c9eb88b9184e821a2ccd2d2b07c72f11c4c0dbd71ba6ad338,186,KNApSAcK World,https://www.knapsackfamily.com/KNApSAcK_World/,compounds_20260602_131155,2026-06-02T13:11:56+00:00,8222,2d1f6376b3bc8f1e9d86df8271771490af54d140cb7c8650ff4e22d0813e7b16,review,unresolved_plant_mapping
190,C00002723,70831-56-0,Chicoric acid,C22H18O12,474.07982604,Echinacea spp.,,unmapped,,,Chicoric acid,chicoric_acid,70831-56-0,70831560,true,ok,C22H18O12,c22h18o12,474.079826,3e109be5e14e689b5baba45ecd1f05f85cc7fe94980de254ca921f41f23752a3,190,KNApSAcK World,https://www.knapsackfamily.com/KNApSAcK_World/,compounds_20260602_131155,2026-06-02T13:11:56+00:00,8324,6d69d4f0d423f05a38fe6d1ae244186dfc9b63e8e1170dd06c304df22d4bcd8a,review,unresolved_plant_mapping
194,C00002336,30891-90-8,(+)-Elaeocarpine,C16H19NO2,257.14157886,Elaeocarpus ganitrus,,unmapped,,,(+)-Elaeocarpine,elaeocarpine,30891-90-8,30891908,true,ok,C16H19NO2,c16h19no2,257.141579,3701d76529191d3cf2a06273214424f1fe6c81ed25bdf6d33586d00c6f66a397,194,KNApSAcK World,https://www.knapsackfamily.com/KNApSAcK_World/,compounds_20260602_131155,2026-06-02T13:11:56+00:00,8343,b236b49114cbc37bab854ca340fc812131330f4a1219a98848311dddd5fd1c26,review,unresolved_plant_mapping
207,C00026017,30883-59-1,Protosinomenine,C19H23NO4,329.16270823,Erythrina lithosperma,,unmapped,,,Protosinomenine,protosinomenine,30883-59-1,30883591,true,ok,C19H23NO4,c19h23no4,329.162708,75d47bd7f105bdb48af311bf25f50c6f073b447eb525262f5c2e6ac315a4a966,207,KNApSAcK World,https://www.knapsackfamily.com/KNApSAcK_World/,compounds_20260602_131155,2026-06-02T13:11:56+00:00,8415,7fa8fea0e3f734a401cb249087aa254e106919982bd7a388582a04e06262d193,review,unresolved_plant_mapping
207,C00027357,29306-29-4,Erythrinine,C18H19NO4,313.1314081,Erythrina lithosperma,,unmapped,,,Erythrinine,erythrinine,29306-29-4,29306294,true,ok,C18H19NO4,c18h19no4,313.131408,d2f248541fe316eb38eb0bc9c36e7fc1c718c50a435d89bcc6397ed3d967bca1,207,KNApSAcK World,https://www.knapsackfamily.com/KNApSAcK_World/,compounds_20260602_131155,2026-06-02T13:11:56+00:00,8416,e479e8eb9cd973e85300ceef382c6dbf9b28bdcdb18938810f3ce2da70cd7db3,review,unresolved_plant_mapping
213,C00000619,97-53-0,Eugenol,C10H12O2,164.08372963,Eugenia caryophyllata,,unmapped,,,Eugenol,eugenol,97-53-0,97530,true,ok,C10H12O2,c10h12o2,164.08373,a77528dbc82552f604bd2478518beac890d92104a0fb87b9a7adccdbd5f14e22,213,KNApSAcK World,https://www.knapsackfamily.com/KNApSAcK_World/,compounds_20260602_131155,2026-06-02T13:11:56+00:00,8535,e148997853793b473324b3b77f65704d76beeba214b89bf6b5129e21a30fdb20,review,unresolved_plant_mapping
213,C00002417,89701-85-9,Biflorin,C16H18O9,354.09508217,Eugenia caryophyllata,,unmapped,,,Biflorin,biflorin,89701-85-9,89701859,true,ok,C16H18O9,c16h18o9,354.095082,18d55b5a74ea84fe4f7e19f2aa10a587e7a0c6cc8f6b0ad9736bbbfb7bf24df7,213,KNApSAcK World,https://www.knapsackfamily.com/KNApSAcK_World/,compounds_20260602_131155,2026-06-02T13:11:56+00:00,8536,d9fdeb922c13d4d358d2a4cfe22353215eb8452f13fcd5f9b51223721de875c1,review,unresolved_plant_mapping
213,C00002920,58970-75-5,Eugeniin,C41H30O26,938.10253114,Eugenia caryophyllata,,unmapped,,,Eugeniin,eugeniin,58970-75-5,58970755,true,ok,C41H30O26,c41h30o26,938.102531,0f6e29700136755fcf5acadcf24b861ecd76b36b6759082835100b4f68639bd0,213,KNApSAcK World,https://www.knapsackfamily.com/KNApSAcK_World/,compounds_20260602_131155,2026-06-02T13:11:56+00:00,8537,8cdfadd53098e830f63cafa68f92aed5e69dff2145c7df88e5f15c076d075bda,review,unresolved_plant_mapping
213,C00003110,87-44-5,beta-Caryophyllene,C15H24,204.18780077,Eugenia caryophyllata,,unmapped,,,beta-Caryophyllene,betacaryophyllene,87-44-5,87445,true,ok,C15H24,c15h24,204.187801,bb906ad9e69e415a193faa1c31e84128e3024d7038d1b71460809c53d4343656,213,KNApSAcK World,https://www.knapsackfamily.com/KNApSAcK_World/,compounds_20260602_131155,2026-06-02T13:11:56+00:00,8538,910227f37cb5d2e282fd3bae07fa7ab24882495a8de5af174129cb3cdc6e7d0c,review,unresolved_plant_mapping
213,C00012483,1139-30-6,(-)-beta-Caryophyllene epoxide,C15H24O,220.18271539,Eugenia caryophyllata,,unmapped,,,(-)-beta-Caryophyllene epoxide,betacaryophyllene_epoxide,1139-30-6,1139306,true,ok,C15H24O,c15h24o,220.182715,b03797fa2960180ce53d47aeb1f3512e5a0172a492f1fe7b800a5b260251c02e,213,KNApSAcK World,https://www.knapsackfamily.com/KNApSAcK_World/,compounds_20260602_131155,2026-06-02T13:11:56+00:00,8539,e06c0ccbb7f1c71fd7f69d4d55cb25c6a2cbdb67c23dfeb55ddcdad340d93792,review,unresolved_plant_mapping
213,C00036226,81571-72-4,Tellimagrandin II,C41H30O26,938.10253114,Eugenia caryophyllata,,unmapped,,,Tellimagrandin II,tellimagrandin_ii,81571-72-4,81571724,true,ok,C41H30O26,c41h30o26,938.102531,59b6cb6ccffd5e1d1743d74275ded330a451a6a33178a45f0c42a8e7451beeb3,213,KNApSAcK World,https://www.knapsackfamily.com/KNApSAcK_World/,compounds_20260602_131155,2026-06-02T13:11:56+00:00,8540,10c35582a87113c4a593ec9c814339ac8cb14fe943aa860c24c55845fb9a4c44,review,unresolved_plant_mapping
213,C00039177,480-12-6,Eugenetin,C12H12O4,220.07355887,Eugenia caryophyllata,,unmapped,,,Eugenetin,eugenetin,480-12-6,480126,true,ok,C12H12O4,c12h12o4,220.073559,b796f5062dc4cc93a612ace3176345fe1e5aafcfcd821226b4a9a124532ec0b8,213,KNApSAcK World,https://www.knapsackfamily.com/KNApSAcK_World/,compounds_20260602_131155,2026-06-02T13:11:56+00:00,8541,0197cbb9f1ba55aefd06180e698d94b35f06db53407d791067d68116cfeb8ec2,review,unresolved_plant_mapping
213,C00050926,519-18-6,Isoeugenitin,C12H12O4,220.07355887,Eugenia caryophyllata,,unmapped,,,Isoeugenitin,isoeugenitin,519-18-6,519186,true,ok,C12H12O4,c12h12o4,220.073559,1498d4eba429e8443ab5fa613772dba8947ae66d755b0eb314652b3a27dd04a3,213,KNApSAcK World,https://www.knapsackfamily.com/KNApSAcK_World/,compounds_20260602_131155,2026-06-02T13:11:56+00:00,8542,8ecadc7e6dc19167aef003d9db1265454fff44232e3c78b85aae92fa98c1521e,review,unresolved_plant_mapping
213,C00050927,479-06-1,Isoeugenitol,C11H10O4,206.05790881,Eugenia caryophyllata,,unmapped,,,Isoeugenitol,isoeugenitol,479-06-1,479061,true,ok,C11H10O4,c11h10o4,206.057909,0c9e67950d0b7560ae12edcbda94c17e360a85e96da7de86bf2a57f60b6e17a0,213,KNApSAcK World,https://www.knapsackfamily.com/KNApSAcK_World/,compounds_20260602_131155,2026-06-02T13:11:56+00:00,8543,9f3ed3a317e2dd3d95dfa31d33ce03d31d83f77f450913892844e8871a3b5ed3,review,unresolved_plant_mapping
213,C00058117,480-27-3,"2,4,6-Trimethoxybenzoylacetone",C13H16O5,252.09977362,Eugenia caryophyllata,,unmapped,,,"2,4,6-Trimethoxybenzoylacetone",246trimethoxybenzoylacetone,480-27-3,480273,true,ok,C13H16O5,c13h16o5,252.099774,c3bbaa264c023ab66f6f90ebe9ac6d0eacfb7aaf0f9aa76f9bfbbc659e92aeca,213,KNApSAcK World,https://www.knapsackfamily.com/KNApSAcK_World/,compounds_20260602_131155,2026-06-02T13:11:56+00:00,8544,1cdbde8116f05126b6f269c7c032ae367f8128f3ce64dac2581e7a50934267ac,review,unresolved_plant_mapping
232,C00003737,638-95-9,alpha-Amyrin,C30H50O,426.38616622,Ficus variegata,,unmapped,,,alpha-Amyrin,alphaamyrin,638-95-9,638959,true,ok,C30H50O,c30h50o,426.386166,a5b8c1fad5dffbf77c2859652dacb59107183dad651853492d5164f6c6083b86,232,KNApSAcK World,https://www.knapsackfamily.com/KNApSAcK_World/,compounds_20260602_131155,2026-06-02T13:11:56+00:00,8740,c0abe4c3ca54c61acd6a0694ad7737e34304480bbe085d8bd9c518be6f18bcdd,review,unresolved_plant_mapping
253,C00003674,83-48-7,beta-Stigmasterol,C29H48O,412.37051615,Hedyotis corymbosa,,unmapped,,,beta-Stigmasterol,betastigmasterol,83-48-7,83487,true,ok,C29H48O,c29h48o,412.370516,089cacead0f01dd5a33cd0006b164acb2c189d50effc106fd0e74b84077227a4,253,KNApSAcK World,https://www.knapsackfamily.com/KNApSAcK_World/,compounds_20260602_131155,2026-06-02T13:11:56+00:00,10665,ba1e98fe420293f5f233a9941869ac4a635b9a57b3db21babbe57b9f4b3fb2b9,review,unresolved_plant_mapping
266,C00033926,10334-25-35-2,Hydrocosisaponin A,C51H82O21,1030.53485968,Hydrocotyle sibthorpioides,1d20c0c6-2414-5066-9946-432679cbc06b,mapped,raw_plant_id,plant_id,Hydrocosisaponin A,hydrocosisaponin_a,10334-25-35-2,1033425352,false,invalid_format,C51H82O21,c51h82o21,1030.53486,15c9999f413d1748ffc0495c0875d50880395e9c03db2a9c562ec5ef502e3b63,266,KNApSAcK World,https://www.knapsackfamily.com/KNApSAcK_World/,compounds_20260602_131155,2026-06-02T13:11:56+00:00,11102,de8a6711713dd43532e1bda36609c7bba4945a618796f9e04dc602473cd823d1,review,cas_invalid_format
279,C00000001,545-97-1,Gibberellin A1,C19H24O6,348.1572885,Ipomoea reptans,,unmapped,,,Gibberellin A1,gibberellin_a1,545-97-1,545971,true,ok,C19H24O6,c19h24o6,348.157288,1d456a6c4462f283df7d7ae6d2e90d31d4abc1e678c062517265ff2e2494d269,279,KNApSAcK World,https://www.knapsackfamily.com/KNApSAcK_World/,compounds_20260602_131155,2026-06-02T13:11:56+00:00,11276,4ef749e26d4d3ea77cfe2945acb4ba6bdc72b8325d213cab84ed955fb4740853,review,unresolved_plant_mapping
279,C00000003,77-06-5,Gibberellin A3,C19H22O6,346.14163844,Ipomoea reptans,,unmapped,,,Gibberellin A3,gibberellin_a3,77-06-5,77065,true,ok,C19H22O6,c19h22o6,346.141638,1ac7c53eb7b652561e3197e5b5031257bfbce89ac09ef82d5bef6e266226512d,279,KNApSAcK World,https://www.knapsackfamily.com/KNApSAcK_World/,compounds_20260602_131155,2026-06-02T13:11:56+00:00,11277,02f9f271a76d7208c5c152ccf92f5e0a7b4f3a21023a27cb7437861463038569,review,unresolved_plant_mapping
279,C00000005,561-56-8,Gibberellin A5,C19H22O5,330.14672381,Ipomoea reptans,,unmapped,,,Gibberellin A5,gibberellin_a5,561-56-8,561568,true,ok,C19H22O5,c19h22o5,330.146724,b8ae146b53118de12eed4ab07d3fbc84e243915fe1cda332de4c6deb73a53663,279,KNApSAcK World,https://www.knapsackfamily.com/KNApSAcK_World/,compounds_20260602_131155,2026-06-02T13:11:56+00:00,11278,811a768893ea982efefa5ce100485f74aeb372595064b30af5ea2f0c9b959c40,review,unresolved_plant_mapping
279,C00000019,6980-44-5,Gibberellin A19,C20H26O6,362.17293856,Ipomoea reptans,,unmapped,,,Gibberellin A19,gibberellin_a19,6980-44-5,6980445,true,ok,C20H26O6,c20h26o6,362.172939,9b4e7eb37698d2b8ee439418c3cbea06062ba8163ae3c985b09ed897cfd0a002,279,KNApSAcK World,https://www.knapsackfamily.com/KNApSAcK_World/,compounds_20260602_131155,2026-06-02T13:11:56+00:00,11279,b62ca1e0e4ef3344d331b29812dd3610b9ef62cea0317d27ef96a41ab52bea9b,review,unresolved_plant_mapping
279,C00000020,19143-87-4,Gibberellin A20,C19H24O5,332.16237388,Ipomoea reptans,,unmapped,,,Gibberellin A20,gibberellin_a20,19143-87-4,19143874,true,ok,C19H24O5,c19h24o5,332.162374,1b977763ced6bb1be1697f323e2f013a5991497a1d55a575d6e7c929b087ad31,279,KNApSAcK World,https://www.knapsackfamily.com/KNApSAcK_World/,compounds_20260602_131155,2026-06-02T13:11:56+00:00,11280,ea7b2f6cec4da1df3e6fd759026b2218b278e384b2b19fe84210807451e925cf,review,unresolved_plant_mapping
280,C00001677,548-42-5,Agroclavin,C16H18N2,238.14699859,Ipomoea spp.,,unmapped,,,Agroclavin,agroclavin,548-42-5,548425,true,ok,C16H18N2,c16h18n2,238.146999,0027d512cee58d1de01301f8c5d30e3945893beb2d27723339f1200c6928bf4e,280,KNApSAcK World,https://www.knapsackfamily.com/KNApSAcK_World/,compounds_20260602_131155,2026-06-02T13:11:56+00:00,11281,4b7fde0f41325d3484135a04434adbb1beb41fd3292a8757499bfb46e8e8137e,review,unresolved_plant_mapping
280,C00002075,72741-87-8,Swainsonine,C8H15NO3,173.10519335,Ipomoea sp. aff. calobra,,unmapped,,,Swainsonine,swainsonine,72741-87-8,72741878,true,ok,C8H15NO3,c8h15no3,173.105193,9804e19982e3d61ecf855dfa130abd08f1a0b1546aaadf14be402352dbb70451,280,KNApSAcK World,https://www.knapsackfamily.com/KNApSAcK_World/,compounds_20260602_131155,2026-06-02T13:11:56+00:00,11282,b0da7fff795924d3126caa7468e5c9917c3aa2b6a91afb1c9da9205c4810931f,review,unresolved_plant_mapping
286,C00003446,29444-03-9,Jatrophone,C20H24O3,312.17254463,Jatropha gossypifolia,,unmapped,,,Jatrophone,jatrophone,29444-03-9,29444039,true,ok,C20H24O3,c20h24o3,312.172545,ebea3ec1576c130777a3a3470e62bc4daf31be7c0a3ad92b6c7275e55db4786c,286,KNApSAcK World,https://www.knapsackfamily.com/KNApSAcK_World/,compounds_20260602_131155,2026-06-02T13:11:56+00:00,11332,7976af869c0dc75cb33f9fa34c47664fddc5665dca43c3b03fdab89cf3ff4da2,review,unresolved_plant_mapping
286,C00031919,623944-97-8,Jatrophenone,C22H30O4,358.21440945,Jatropha gossypifolia,,unmapped,,,Jatrophenone,jatrophenone,623944-97-8,623944978,true,ok,C22H30O4,c22h30o4,358.214409,700668c72819b2ccfcb77a37218ee01ecc4ec1d4273fd9b013cb0b667f678379,286,KNApSAcK World,https://www.knapsackfamily.com/KNApSAcK_World/,compounds_20260602_131155,2026-06-02T13:11:56+00:00,11333,efdd9e928fd8e39db765bc316f9d8ccadf7b1d4de8df9d65e6790e62383bc515,review,unresolved_plant_mapping
286,C00039286,14833-90-0,Gossypidien,C22H18O8,410.10016755,Jatropha gossypifolia,,unmapped,,,Gossypidien,gossypidien,14833-90-0,14833900,true,ok,C22H18O8,c22h18o8,410.100168,d0c70c1bbcfa964a36d8325fac78d4adce5c8100ed5f5165fdc5d3a4244916ea,286,KNApSAcK World,https://www.knapsackfamily.com/KNApSAcK_World/,compounds_20260602_131155,2026-06-02T13:11:56+00:00,11334,0f841cd976cf3328f456a21874fd97b1461118dc57b23fa37691388719f72e78,review,unresolved_plant_mapping
286,C00047939,71424-66-3,Jatropholone A,C20H24O2,296.17763001,Jatropha gossypifolia,,unmapped,,,Jatropholone A,jatropholone_a,71424-66-3,71424663,true,ok,C20H24O2,c20h24o2,296.17763,a3568aaf2665d8c19bdcf1929abf47ba1c39070ca63531ae8e23a029d61a17cf,286,KNApSAcK World,https://www.knapsackfamily.com/KNApSAcK_World/,compounds_20260602_131155,2026-06-02T13:11:56+00:00,11335,f0bc19b47dd2ccd17181def92ad063685af5b0f41b9b196a4d72c815c8c0baf7,review,unresolved_plant_mapping
286,C00047940,71386-38-4,Jatropholone B,C20H24O2,296.17763001,Jatropha gossypifolia,,unmapped,,,Jatropholone B,jatropholone_b,71386-38-4,71386384,true,ok,C20H24O2,c20h24o2,296.17763,2e821c364e2934dea41784ecae244d531026674138e5522a2e0f10531a56039c,286,KNApSAcK World,https://www.knapsackfamily.com/KNApSAcK_World/,compounds_20260602_131155,2026-06-02T13:11:56+00:00,11336,360e7027a70f98379bc4250fc2ccea6c2e4f7e7565caf14d413b6a7ccc6f0c6b,review,unresolved_plant_mapping
286,C00058439,174819-33-1,cyclogossine A,C37H56N8O8,740.42211082,Jatropha gossypifolia,,unmapped,,,cyclogossine A,cyclogossine_a,174819-33-1,174819331,true,ok,C37H56N8O8,c37h56n8o8,740.422111,32b3a84e576b7ab9cec004b8391fd1068808dfc996994255920f5c50ef50c869,286,KNApSAcK World,https://www.knapsackfamily.com/KNApSAcK_World/,compounds_20260602_131155,2026-06-02T13:11:56+00:00,11337,f20b21027c8dbea8e7b5b381c7bab3130532616ddf1f0afe2e68a2d7b9471a0c,review,unresolved_plant_mapping
290,C00000831,471-16-9,Sabinol,C10H16O,152.12011513,Juniperus spp.,,unmapped,,,Sabinol,sabinol,471-16-9,471169,true,ok,C10H16O,c10h16o,152.120115,8376997e2d717d561a9c0e33bf25ef4b1404e0b64dc9187f06becf433220a93d,290,KNApSAcK World,https://www.knapsackfamily.com/KNApSAcK_World/,compounds_20260602_131155,2026-06-02T13:11:56+00:00,11349,c51d10639d7c3a2930cd4d7f7fe7389905b5cfd49cb20ad71f587ddd642274b8,review,unresolved_plant_mapping
290,C00000861,586-62-9,alpha-Terpinolene,C10H16,136.12520051,Juniperus spp.,,unmapped,,,alpha-Terpinolene,alphaterpinolene,586-62-9,586629,true,ok,C10H16,c10h16,136.125201,2429b9d422ef7a234b9fb6c73c213fe8d87dd99068effcae03c7f608609e4d6b,290,KNApSAcK World,https://www.knapsackfamily.com/KNApSAcK_World/,compounds_20260602_131155,2026-06-02T13:11:56+00:00,11350,0e4d66defedd1722b3117d51550534b3752db38216b7e90a5c7d5c2b159aa72a,review,unresolved_plant_mapping
290,C00001015,1617-53-4,Amentoflavone,C30H18O10,538.0899968,Juniperus spp.,,unmapped,,,Amentoflavone,amentoflavone,1617-53-4,1617534,true,ok,C30H18O10,c30h18o10,538.089997,b3b0661c70af304aa90fa81e03eaaa5b5418c631c2d15d13bac73e57253a5430,290,KNApSAcK World,https://www.knapsackfamily.com/KNApSAcK_World/,compounds_20260602_131155,2026-06-02T13:11:56+00:00,11351,ab62442fb890b799e9f9adf30181d321808669e49e51c55683cb50b6183cb3e9,review,unresolved_plant_mapping
290,C00001034,3952-18-9,Cupressuflavone,C30H18O10,538.0899968,Juniperus spp.,,unmapped,,,Cupressuflavone,cupressuflavone,3952-18-9,3952189,true,ok,C30H18O10,c30h18o10,538.089997,feebd118b30b9f36db3b41faee2d4a59e0de072feef11e6f0165f5247b0c09b9,290,KNApSAcK World,https://www.knapsackfamily.com/KNApSAcK_World/,compounds_20260602_131155,2026-06-02T13:11:56+00:00,11352,390f5c52d2be3c67730fb4ecc5b852b15babafff9a4b9bfe712199632c962f55,review,unresolved_plant_mapping
290,C00001049,19202-36-9,Hinokiflavone,C30H18O10,538.0899968,Juniperus spp.,,unmapped,,,Hinokiflavone,hinokiflavone,19202-36-9,19202369,true,ok,C30H18O10,c30h18o10,538.089997,9a4d93b8190846d902fc19958243883f61a9b0aa605cdd421b1e6ee575a7a03d,290,KNApSAcK World,https://www.knapsackfamily.com/KNApSAcK_World/,compounds_20260602_131155,2026-06-02T13:11:56+00:00,11353,a7ead25dea49f173a80c7c34c29a6b7a06e615ca37c755f7ca1a729583733c4d,review,unresolved_plant_mapping
290,C00001094,49620-13-5,Robustaflavone,C30H18O10,538.0899968,Juniperus spp.,,unmapped,,,Robustaflavone,robustaflavone,49620-13-5,49620135,true,ok,C30H18O10,c30h18o10,538.089997,214af2b46b5168f048de5c187d24dbebb7521ff4af309199e7a19b3c96a30e64,290,KNApSAcK World,https://www.knapsackfamily.com/KNApSAcK_World/,compounds_20260602_131155,2026-06-02T13:11:56+00:00,11354,6af67dcc3362cde11eef19c294de6e493ed9e9f8e29892475fcfd6e6006a1370,review,unresolved_plant_mapping
290,C00002598,40456-50-6,(-)-Deoxypodorhizone,C22H24O7,400.15220312,Juniperus spp.,,unmapped,,,(-)-Deoxypodorhizone,deoxypodorhizone,40456-50-6,40456506,true,ok,C22H24O7,c22h24o7,400.152203,7927379e300bb7cbfe561cf5e59bae87434a4983f8a4687e7688dd49bb91e065,290,KNApSAcK World,https://www.knapsackfamily.com/KNApSAcK_World/,compounds_20260602_131155,2026-06-02T13:11:56+00:00,11355,8ea672b70da037fc0ddc7e12d03def88dd2dba52b181785a494cd1662115cb81,review,unresolved_plant_mapping
290,C00003051,99-83-2,alpha-Phellandrene,C10H16,136.12520051,Juniperus spp.,,unmapped,,,alpha-Phellandrene,alphaphellandrene,99-83-2,99832,true,ok,C10H16,c10h16,136.125201,6c564d2fb458ab2e71683836c3111ba0fd48139ac0c30eeaefc3dead553716dd,290,KNApSAcK World,https://www.knapsackfamily.com/KNApSAcK_World/,compounds_20260602_131155,2026-06-02T13:11:56+00:00,11356,498b08004ca6920e5acf9c233cdbf7c0737abafde09c52aece82eef88dfa832d,review,unresolved_plant_mapping
290,C00003052,6153-16-8,(+)-beta-Phellandrene,C10H16,136.12520051,Juniperus spp.,,unmapped,,,(+)-beta-Phellandrene,betaphellandrene,6153-16-8,6153168,true,ok,C10H16,c10h16,136.125201,e2e2b93f825b1e30655983e4c8f511602aacd99f2dc504cc6fc52130295cf89f,290,KNApSAcK World,https://www.knapsackfamily.com/KNApSAcK_World/,compounds_20260602_131155,2026-06-02T13:11:56+00:00,11357,e9f5c8c8176385b96b228b81e0f00a3da9e3049fbbcf8913aff5c9dd7947baf8,review,unresolved_plant_mapping
290,C00003060,99-86-5,alpha-Terpinene,C10H16,136.12520051,Juniperus spp.,,unmapped,,,alpha-Terpinene,alphaterpinene,99-86-5,99865,true,ok,C10H16,c10h16,136.125201,ced8a4d673d21b09b1cb41fb04af8a8c763bae87b61afff41cca74843e8df2a6,290,KNApSAcK World,https://www.knapsackfamily.com/KNApSAcK_World/,compounds_20260602_131155,2026-06-02T13:11:56+00:00,11358,1437a90285c91062aa0287fe08db27a98486170c5c4ad9dd2e74f09bee885d1a,review,unresolved_plant_mapping
290,C00003061,99-85-4,gamma-Terpinene,C10H16,136.12520051,Juniperus spp.,,unmapped,,,gamma-Terpinene,gammaterpinene,99-85-4,99854,true,ok,C10H16,c10h16,136.125201,ad02f1acc474b85ff3579aec84adc9de53f37607b9bfaaa8b609220804dc7929,290,KNApSAcK World,https://www.knapsackfamily.com/KNApSAcK_World/,compounds_20260602_131155,2026-06-02T13:11:56+00:00,11359,9f9039768cfb76e1993e0712820b799b9b3b1be2575963cc33d846049695008b,review,unresolved_plant_mapping
290,C00003106,523-47-7,beta-Cadinene,C15H24,204.18780077,Juniperus spp.,,unmapped,,,beta-Cadinene,betacadinene,523-47-7,523477,true,ok,C15H24,c15h24,204.187801,3b5313d42213db2684dfc57b7d0d3d8c6a04e7fd76b044bbb4e504abde06652b,290,KNApSAcK World,https://www.knapsackfamily.com/KNApSAcK_World/,compounds_20260602_131155,2026-06-02T13:11:56+00:00,11360,161fb6939eb3077e31aa5782797e5b96e7b29d35b08395cf6e9c86c437ce39c3,review,unresolved_plant_mapping
290,C00003110,87-44-5,beta-Caryophyllene,C15H24,204.18780077,Juniperus spp.,,unmapped,,,beta-Caryophyllene,betacaryophyllene,87-44-5,87445,true,ok,C15H24,c15h24,204.187801,86210b860a9b57d8056c605177c036f479c14ef4d676298b916cf5fbe0140488,290,KNApSAcK World,https://www.knapsackfamily.com/KNApSAcK_World/,compounds_20260602_131155,2026-06-02T13:11:56+00:00,11361,e2105ff47263c6be4a32256c84c266587670ebd7c26b5413d7fe2db197bf0be0,review,unresolved_plant_mapping
290,C00004220,26046-94-6,Plantaginin,C21H20O11,448.10056148,Juniperus spp.,,unmapped,,,Plantaginin,plantaginin,26046-94-6,26046946,true,ok,C21H20O11,c21h20o11,448.100561,ba24a4b864544c00a4a6556a8c255cdeeeeb69aee273c8d7717ef59074a8c533,290,KNApSAcK World,https://www.knapsackfamily.com/KNApSAcK_World/,compounds_20260602_131155,2026-06-02T13:11:56+00:00,11362,822cdad4a0eb03c6e84735bf1ba30bf72f5f4ef075a6878813535a93cadcce8e,review,unresolved_plant_mapping
290,C00005404,23284-18-6,Quercetin 3-vicianoside,C26H28O16,596.13773485,Juniperus spp.,,unmapped,,,Quercetin 3-vicianoside,quercetin_3vicianoside,23284-18-6,23284186,true,ok,C26H28O16,c26h28o16,596.137735,0b3d983caa73c7ad472555d2226e18b29f4c442f54a26ba5e13ef684a0dd4d31,290,KNApSAcK World,https://www.knapsackfamily.com/KNApSAcK_World/,compounds_20260602_131155,2026-06-02T13:11:56+00:00,11363,9373abf290042efa018466b02568b45ebdc28a654abe667e37047a2237e190a2,review,unresolved_plant_mapping
290,C00005408,94595-85-4,Quercetin 3-galactosyl-(1->6)-glucoside,C27H30O17,626.14829954,Juniperus spp.,,unmapped,,,Quercetin 3-galactosyl-(1->6)-glucoside,quercetin_3galactosyl16glucoside,94595-85-4,94595854,true,ok,C27H30O17,c27h30o17,626.1483,1c1e32776895b6588133eeae5310190e017c063176ac0911c70829697fd8652e,290,KNApSAcK World,https://www.knapsackfamily.com/KNApSAcK_World/,compounds_20260602_131155,2026-06-02T13:11:56+00:00,11364,82d79ac548ca3027ecaa9ae62c1ba9cb44fa79c416eaec1848a600531c791efa,review,unresolved_plant_mapping
290,C00005958,56316-75-7,Quercetin 3-(6''-galloylglucoside),C28H24O16,616.10643472,Juniperus spp.,,unmapped,,,Quercetin 3-(6''-galloylglucoside),quercetin_36galloylglucoside,56316-75-7,56316757,true,ok,C28H24O16,c28h24o16,616.106435,cfc4da6cf81f72e6b4fe024d914868bf9f3dbd589097b243cfad071c2f0cbf4f,290,KNApSAcK World,https://www.knapsackfamily.com/KNApSAcK_World/,compounds_20260602_131155,2026-06-02T13:11:56+00:00,11365,945b3499fcac8e78218864da10d3a091ddf90f28b393d6615e795129eef396e2,review,unresolved_plant_mapping
290,C00006490,22136-74-9,Podocarpusflavone,C31H20O10,552.10564686,Juniperus spp.,,unmapped,,,Podocarpusflavone,podocarpusflavone,22136-74-9,22136749,true,ok,C31H20O10,c31h20o10,552.105647,2764fc3c6dea5fbf4e22221ec283fab1f2f3a9583c41d83602a24c971537ed77,290,KNApSAcK World,https://www.knapsackfamily.com/KNApSAcK_World/,compounds_20260602_131155,2026-06-02T13:11:56+00:00,11366,a4e91512de1d476fbaf7c78723b7ed0c5f8c913f770c7d1af28cb5802ce4482a,review,unresolved_plant_mapping
290,C00006535,20931-58-2,Isocryptomerin,C31H20O10,552.10564686,Juniperus spp.,,unmapped,,,Isocryptomerin,isocryptomerin,20931-58-2,20931582,true,ok,C31H20O10,c31h20o10,552.105647,b672b13012ec0590835bc093a725882c79349ff62e9d185066eb85513f6514b8,290,KNApSAcK World,https://www.knapsackfamily.com/KNApSAcK_World/,compounds_20260602_131155,2026-06-02T13:11:56+00:00,11367,4fcea7aa49ab72c31bd111b4a1ff337f21c13d2e96a0575f5c5ea1b4cb58459e,review,unresolved_plant_mapping
290,C00010311,2111-53-7,"(S)-3,7-Dimethyl-6-octenoic acid",C10H18O2,170.13067982,Juniperus spp.,,unmapped,,,"(S)-3,7-Dimethyl-6-octenoic acid",s37dimethyl6octenoic_acid,2111-53-7,2111537,true,ok,C10H18O2,c10h18o2,170.13068,62c59c0b4ed73934182dd2388a643137f48b8087066bfc79b28da688bc5314d1,290,KNApSAcK World,https://www.knapsackfamily.com/KNApSAcK_World/,compounds_20260602_131155,2026-06-02T13:11:56+00:00,11368,ff9e50a6664cd6179459a63fa8691dcde9e6ac643e6630b14e8fa4c1870d2ae6,review,unresolved_plant_mapping
290,C00010825,470-67-7,"1,4-Cineole",C10H18O,154.1357652,Juniperus spp.,,unmapped,,,"1,4-Cineole",14cineole,470-67-7,470677,true,ok,C10H18O,c10h18o,154.135765,7a46718b5124eb31f4317d8f81547814dc5a70b2db1081d153167431da639b69,290,KNApSAcK World,https://www.knapsackfamily.com/KNApSAcK_World/,compounds_20260602_131155,2026-06-02T13:11:56+00:00,11369,fffb55f83e1fcee609f71da7b17da7a03d1b2a6f816912bfaa02f8f3fc41596c,review,unresolved_plant_mapping
290,C00010873,6153-17-9,(-)-beta-Phellandrene,C10H16,136.12520051,Juniperus spp.,,unmapped,,,(-)-beta-Phellandrene,betaphellandrene,6153-17-9,6153179,true,ok,C10H16,c10h16,136.125201,cb1708d3fc5202c1ab7cd0dec54d9c2ec2edd2aa696743a737edc179e3b37d17,290,KNApSAcK World,https://www.knapsackfamily.com/KNApSAcK_World/,compounds_20260602_131155,2026-06-02T13:11:56+00:00,11370,b665162a250480d050d5d65fec548fa68e9a5efee16df95decb9389e32ad43d1,review,unresolved_plant_mapping
290,C00010905,1195-32-0,4-Isopropenyl-1-methylbenzene,C10H12,132.09390038,Juniperus sp.,,unmapped,,,4-Isopropenyl-1-methylbenzene,4isopropenyl1methylbenzene,1195-32-0,1195320,true,ok,C10H12,c10h12,132.0939,7d2e7bf63eb86bea4ef9df8756d57e00f8237931de05f692e426af5d502da546,290,KNApSAcK World,https://www.knapsackfamily.com/KNApSAcK_World/,compounds_20260602_131155,2026-06-02T13:11:56+00:00,11371,5498e1228159c4a4bad346cb0f0699a2214e6940079f375d2dc1e6b191439cbe,review,unresolved_plant_mapping
290,C00010931,7785-53-7,(R)-(+)-alpha-Terpineol,C10H18O,154.1357652,Juniperus spp.,,unmapped,,,(R)-(+)-alpha-Terpineol,ralphaterpineol,7785-53-7,7785537,true,ok,C10H18O,c10h18o,154.135765,0e02344101b2b26a0a84ef625517a5aea590a7f4f8803422f97c994fff1772c2,290,KNApSAcK World,https://www.knapsackfamily.com/KNApSAcK_World/,compounds_20260602_131155,2026-06-02T13:11:56+00:00,11372,8848fbde147e285a332ee501ebdb82d01ed9aac36d80e0d0d32e3480092dae1a,review,unresolved_plant_mapping
290,C00010932,10482-56-1,(S)-(-)-p-Menth-1-en-8-ol,C10H18O,154.1357652,Juniperus spp.,,unmapped,,,(S)-(-)-p-Menth-1-en-8-ol,spmenth1en8ol,10482-56-1,10482561,true,ok,C10H18O,c10h18o,154.135765,2b7e89da14d46a8625cdaccbf8e52a6ff6701fd53b642cfbf1dc4b086c08c5cf,290,KNApSAcK World,https://www.knapsackfamily.com/KNApSAcK_World/,compounds_20260602_131155,2026-06-02T13:11:56+00:00,11373,19b52467221b841ae1a8be6557c2b9e8276bde830d91f095cbc7b0523fdad4bd,review,unresolved_plant_mapping
290,C00011009,4570-11-0,beta-Dolabrin,C10H10O2,162.06807956,Juniperus spp.,,unmapped,,,beta-Dolabrin,betadolabrin,4570-11-0,4570110,true,ok,C10H10O2,c10h10o2,162.06808,36600e64f6e71550945d4c1d4891e893886fa3d8aed1194eec62560a28ceb0ee,290,KNApSAcK World,https://www.knapsackfamily.com/KNApSAcK_World/,compounds_20260602_131155,2026-06-02T13:11:56+00:00,11374,d2098e28c08ee379efff39de2f1b977fc11f5df5ef2ab6b34a73551970822c01,review,unresolved_plant_mapping
290,C00011011,1946-74-3,"2-Hydroxy-3-isopropyl-2,4,6-cycloheptatrien-1-one",C10H12O2,164.08372963,Juniperus spp.,,unmapped,,,"2-Hydroxy-3-isopropyl-2,4,6-cycloheptatrien-1-one",2hydroxy3isopropyl246cycloheptatrien1one,1946-74-3,1946743,true,ok,C10H12O2,c10h12o2,164.08373,4b244d6b791242a9672c2adcfd193048aa1047dea8aef6f35fb398cf3da1be47,290,KNApSAcK World,https://www.knapsackfamily.com/KNApSAcK_World/,compounds_20260602_131155,2026-06-02T13:11:56+00:00,11375,eee28cbd2530c06346847cdebea767c659f9f163d7352be39d2f95f5b97447e9,review,unresolved_plant_mapping
290,C00011044,498-15-7,(+)-Carene,C10H16,136.12520051,Juniperus spp.,,unmapped,,,(+)-Carene,carene,498-15-7,498157,true,ok,C10H16,c10h16,136.125201,6a5b8fe40e9fc0ad69e1219e4984b343c57aafb2bed9f8586090e23abc2e8939,290,KNApSAcK World,https://www.knapsackfamily.com/KNApSAcK_World/,compounds_20260602_131155,2026-06-02T13:11:56+00:00,11376,4ea0f0c744431a0bf675747322f8561d84b6caef8d8a636025ddc9ec2ae97d67,review,unresolved_plant_mapping
290,C00011962,4431-03-2,Nootkatin,C15H20O2,232.14632988,Juniperus spp.,,unmapped,,,Nootkatin,nootkatin,4431-03-2,4431032,true,ok,C15H20O2,c15h20o2,232.14633,7c5dec345814553b7aa85ac24cb5bd0d7184512b84cf302ab5fde5d00a7b4899,290,KNApSAcK World,https://www.knapsackfamily.com/KNApSAcK_World/,compounds_20260602_131155,2026-06-02T13:11:56+00:00,11377,0d2710f86fe64539fa22cd0d97ca01015ae3980a6afa89daac3fd254ddb2d474,review,unresolved_plant_mapping
290,C00012510,56324-31-3,(-)-Cuparene,C15H22,202.1721507,Juniperus spp.,,unmapped,,,(-)-Cuparene,cuparene,56324-31-3,56324313,true,ok,C15H22,c15h22,202.172151,3648f83907c1bedf06e566709c76fe259f2751efdb56cae8691b36c5607dd39e,290,KNApSAcK World,https://www.knapsackfamily.com/KNApSAcK_World/,compounds_20260602_131155,2026-06-02T13:11:56+00:00,11378,17202c8396246ac3c505be3b1ffd6ada294176e03984894da999b1c101c70189,review,unresolved_plant_mapping
290,C00020067,21391-99-1,alpha-Calacorene,C15H20,200.15650064,Juniperus sp.,,unmapped,,,alpha-Calacorene,alphacalacorene,21391-99-1,21391991,true,ok,C15H20,c15h20,200.156501,53d95e3b6b2835f0a026e2f9d48739f3f7257894f0ff06cfe6daf09f599411ce,290,KNApSAcK World,https://www.knapsackfamily.com/KNApSAcK_World/,compounds_20260602_131155,2026-06-02T13:11:56+00:00,11379,95047d1adb6bd586d617d087e6398059fa3270b9141629543f007b21449e4f10,review,unresolved_plant_mapping
290,C00056313,1002732-94-6,"2-Methoxy-alpha,6-dimethylbenzyl acetate",C12H16O3,208.10994438,Juniperus spp.,,unmapped,,,"2-Methoxy-alpha,6-dimethylbenzyl acetate",2methoxyalpha6dimethylbenzyl_acetate,1002732-94-6,1002732946,true,ok,C12H16O3,c12h16o3,208.109944,adf8bfc461e4a7e1a12da23088fca726caea830556c203db61828cf08ae903de,290,KNApSAcK World,https://www.knapsackfamily.com/KNApSAcK_World/,compounds_20260602_131155,2026-06-02T13:11:56+00:00,11380,6f7b88af345be06875bc403527ef917ae4a090833ab79f58e915bf70171e8248,review,unresolved_plant_mapping
295,C00001110,3681-93-4,Vitexin,C21H20O10,432.10564686,Kyllinga brevifolia,,unmapped,,,Vitexin,vitexin,3681-93-4,3681934,true,ok,C21H20O10,c21h20o10,432.105647,0055334ca2f86d9fa7a06a561e0544fb0726a8fc2f391d8e25bcda78f6a8adc8,295,KNApSAcK World,https://www.knapsackfamily.com/KNApSAcK_World/,compounds_20260602_131155,2026-06-02T13:11:56+00:00,11401,8c520183847a5c861dc4e1cffe951ade99e319be29cff976e226419eaee00249,review,unresolved_plant_mapping
295,C00006969,484-76-4,Okanin,C15H12O6,288.06338812,Kyllinga brevifolia,,unmapped,,,Okanin,okanin,484-76-4,484764,true,ok,C15H12O6,c15h12o6,288.063388,d921f4ea9775d40568c87e6bf6387cfd0a9afca3a7a64101ee55033ddc7977a5,295,KNApSAcK World,https://www.knapsackfamily.com/KNApSAcK_World/,compounds_20260602_131155,2026-06-02T13:11:56+00:00,11402,9a3d541c942cb92925a452041487cfdab22818250e46aa463f986aede093e055,review,unresolved_plant_mapping
297,C00023644,62929-65-7,(+/-)-Epiepoxydon,C7H8O4,156.04225874,Lagerstroemia indica L.,95d88163-75bb-500d-be47-1e702671e6e4,mapped,raw_plant_id,plant_id,(+/-)-Epiepoxydon,epiepoxydon,62929-65-7,62929657,false,checksum_failed,C7H8O4,c7h8o4,156.042259,9e0b240950b9430108c761f4cc8f3a4b001efb50e6b32bb21532f575070c8dfc,297,KNApSAcK World,https://www.knapsackfamily.com/KNApSAcK_World/,compounds_20260602_131155,2026-06-02T13:11:56+00:00,11425,7fc04944ff40060b1706800507189449092b836c32cc81dadd8aa49f8c313bdb,review,cas_checksum_failed
297,C00058782,6756-5-4,Urs-12-en-28-oic acid,C30H48O2,440.36543078,Lagerstroemia indica,95d88163-75bb-500d-be47-1e702671e6e4,mapped,raw_plant_id,plant_id,Urs-12-en-28-oic acid,urs12en28oic_acid,6756-5-4,675654,false,invalid_format,C30H48O2,c30h48o2,440.365431,5c30f125074831b1ee6e7cf36b016b5db1358eda01c7954ee3aaaadc7696c4c0,297,KNApSAcK World,https://www.knapsackfamily.com/KNApSAcK_World/,compounds_20260602_131155,2026-06-02T13:11:56+00:00,11436,22de43c990016376c16c948a892e66d057385cf7158b879c3e21c87260bcb9d3,review,cas_invalid_format
302,C00002051,552-72-7,Lobelanidine,C22H29NO2,339.21982918,Laurentia longiflora,,unmapped,,,Lobelanidine,lobelanidine,552-72-7,552727,true,ok,C22H29NO2,c22h29no2,339.219829,551d9f23ac9c028b781d0490a5727ea40d411cb9d5759ad6a5b965dee9111e68,302,KNApSAcK World,https://www.knapsackfamily.com/KNApSAcK_World/,compounds_20260602_131155,2026-06-02T13:11:56+00:00,11499,393b39d55c8599c5fb37a62f2913e4afe3b33edd9df74cc7a6e1a84e7b436260,review,unresolved_plant_mapping
313,C00002644,120-80-9,Catechol,C6H6O2,110.03677944,Luffa cylindrica,,unmapped,,,Catechol,catechol,120-80-9,120809,true,ok,C6H6O2,c6h6o2,110.036779,769ac5a97ce470368a8de53ec7b57bfd74c96a02f5a5af22d1fdaf1bdec2ef3c,313,KNApSAcK World,https://www.knapsackfamily.com/KNApSAcK_World/,compounds_20260602_131155,2026-06-02T13:11:56+00:00,11708,9b083f9b2d98c8b19d7a1f9db99b1a644bbfea3608ccf1a845933f33e700b087,review,unresolved_plant_mapping
313,C00003650,469-38-5,Cycloartenol,C30H50O,426.38616622,Luffa cylindrica,,unmapped,,,Cycloartenol,cycloartenol,469-38-5,469385,true,ok,C30H50O,c30h50o,426.386166,5483b17ddd0fdf5c130893f25f63fd4624a31d36504232a0ace8ecaede028df4,313,KNApSAcK World,https://www.knapsackfamily.com/KNApSAcK_World/,compounds_20260602_131155,2026-06-02T13:11:56+00:00,11709,34c027d3eefa3fb50914c7fbf3269f4df12d59a3f6e436ae7c1c90f15e98fbac,review,unresolved_plant_mapping
313,C00003673,481-18-5,Spinasterol,C29H48O,412.37051615,Luffa cylindrica,,unmapped,,,Spinasterol,spinasterol,481-18-5,481185,true,ok,C29H48O,c29h48o,412.370516,ed4a64c70b02e7d4a1acb4fe81f03013a49b381edf80ceab7f64d176c9df024c,313,KNApSAcK World,https://www.knapsackfamily.com/KNApSAcK_World/,compounds_20260602_131155,2026-06-02T13:11:56+00:00,11710,1b72eeb92779a0b3ca496ab6ee8354ae3067ff913e21791ed52cc5eb3f69614a,review,unresolved_plant_mapping
313,C00003755,111-02-4,All-trans-squalene,C30H50,410.39125159,Luffa cylindrica,,unmapped,,,All-trans-squalene,alltranssqualene,111-02-4,111024,true,ok,C30H50,c30h50,410.391252,d2827440b54466639796cd8b4b4ea02a04f977020437773ad49de65061d4fe47,313,KNApSAcK World,https://www.knapsackfamily.com/KNApSAcK_World/,compounds_20260602_131155,2026-06-02T13:11:56+00:00,11711,9d3aaed43a15307f9cd9f437caac14e01657c7546be0c3125d114c8778da43f9,review,unresolved_plant_mapping
313,C00007282,7200-26-2,"(S)-2,3-Epoxysqualene",C30H50O,426.38616622,Luffa cylindrica,,unmapped,,,"(S)-2,3-Epoxysqualene",s23epoxysqualene,7200-26-2,7200262,true,ok,C30H50O,c30h50o,426.386166,4ca35961816bf390923964bb7d8512ac2dee482eddb5a8aa04493605327717b4,313,KNApSAcK World,https://www.knapsackfamily.com/KNApSAcK_World/,compounds_20260602_131155,2026-06-02T13:11:56+00:00,11712,11a136d7a58018a2e8f3e1a11b68a4d0c99d29da6ce706f527827f14a1fe0aa4,review,unresolved_plant_mapping
313,C00051338,152845-76-6,Lucyin,C30H46O5,486.33452458,Luffa cylindrica,,unmapped,,,Lucyin,lucyin,152845-76-6,152845766,true,ok,C30H46O5,c30h46o5,486.334525,96432ef850115eb727f289c25098a5dcc993e6d6838b77ff69d05d3483711968,313,KNApSAcK World,https://www.knapsackfamily.com/KNApSAcK_World/,compounds_20260602_131155,2026-06-02T13:11:56+00:00,11713,8a5b37eac023a0fb7ee58399ea34d401d5813f1ce76b8b6b75d6f34b1d0d9fa4,review,unresolved_plant_mapping
313,C00051339,183294-29-3,Lucyoside Q,C36H58O9,634.40808345,Luffa cylindrica,,unmapped,,,Lucyoside Q,lucyoside_q,183294-29-3,183294293,true,ok,C36H58O9,c36h58o9,634.408083,9b4285a90957cd68bdcdb89e5db7b803598bfa85f5ac3828333601c08fba010c,313,KNApSAcK World,https://www.knapsackfamily.com/KNApSAcK_World/,compounds_20260602_131155,2026-06-02T13:11:56+00:00,11714,b7c34cd38f345b26783fd249475269a462f154a1cf1d0f8fd8135bd48fe430a7,review,unresolved_plant_mapping
313,C00051340,206270-86-2,Lucyoside R,C36H58O11,666.3979127,Luffa cylindrica,,unmapped,,,Lucyoside R,lucyoside_r,206270-86-2,206270862,true,ok,C36H58O11,c36h58o11,666.397913,8eafa6e29ad50e0ca5caab44fce4acb31703c8af41e27136d62eb7839184a9ce,313,KNApSAcK World,https://www.knapsackfamily.com/KNApSAcK_World/,compounds_20260602_131155,2026-06-02T13:11:56+00:00,11715,cf171ccb36cbf196ee5c476e73fb233c967e24a9a7fdc13a30cdf7e7c5f7dc3a,review,unresolved_plant_mapping
313,C00051389,6987-78-6,Machaerinic acid lactone,C30H46O3,454.34469533,Luffa cylindrica,,unmapped,,,Machaerinic acid lactone,machaerinic_acid_lactone,6987-78-6,6987786,true,ok,C30H46O3,c30h46o3,454.344695,cb84c157f03804e51ec972fa4bb197d624de85688ccc3e37f9779dc3a5384ab6,313,KNApSAcK World,https://www.knapsackfamily.com/KNApSAcK_World/,compounds_20260602_131155,2026-06-02T13:11:56+00:00,11716,94872261e6d61c054773a47536dd708f94eaed59fca06ad26586cf515fe351b1,review,unresolved_plant_mapping
313,C00053369,24462-48-4,Isomultiflorenol,C30H50O,426.38616622,Luffa cylindrica,,unmapped,,,Isomultiflorenol,isomultiflorenol,24462-48-4,24462484,true,ok,C30H50O,c30h50o,426.386166,c124265d426d1ec309975063e6c0fe238f100df36a256edfd71eae7d9c70793c,313,KNApSAcK World,https://www.knapsackfamily.com/KNApSAcK_World/,compounds_20260602_131155,2026-06-02T13:11:56+00:00,11717,4347c95eec07b809270ce9b6803bc46eb9292e4c9a33495cece4eef28515d7d2,review,unresolved_plant_mapping
313,C00056309,100156-31-8,Lucyoside J,C42H66O15,810.44017144,Luffa cylindrica,,unmapped,,,Lucyoside J,lucyoside_j,100156-31-8,100156318,true,ok,C42H66O15,c42h66o15,810.440171,944c9cc35f07b55345c8cce1057c00c3f77e8cea1e3a91f1c95dd8f4ce9e1a9b,313,KNApSAcK World,https://www.knapsackfamily.com/KNApSAcK_World/,compounds_20260602_131155,2026-06-02T13:11:56+00:00,11718,9b28121af8508e027c3067eba43093a2e6a73f2beafcbf0c53314f1fb0440439,review,unresolved_plant_mapping
313,C00056310,100156-32-9,Lucyoside M,C44H68O15,836.4558215,Luffa cylindrica,,unmapped,,,Lucyoside M,lucyoside_m,100156-32-9,100156329,true,ok,C44H68O15,c44h68o15,836.455821,fcac0f8f68d850a9038d052b02445f77874ce619e9337ab4809a49c6eb382ad8,313,KNApSAcK World,https://www.knapsackfamily.com/KNApSAcK_World/,compounds_20260602_131155,2026-06-02T13:11:56+00:00,11719,78fab3e5450e6df1ac13a1d663b83e976e91e2317b2fa1928504e2c5524a0348,review,unresolved_plant_mapping
313,C00056311,100179-68-8,Lucyoside L,C48H76O19,956.49808025,Luffa cylindrica,,unmapped,,,Lucyoside L,lucyoside_l,100179-68-8,100179688,true,ok,C48H76O19,c48h76o19,956.49808,51550797340b9dcf7f98208e03bd98a79a06cbd933e07225d830584350982ab4,313,KNApSAcK World,https://www.knapsackfamily.com/KNApSAcK_World/,compounds_20260602_131155,2026-06-02T13:11:56+00:00,11720,806d6e47adaaeb187a44371df475f09f0b68396f19e54db6474f55734860ac8c,review,unresolved_plant_mapping
319,C00002376,18719-76-1,Antirrhinin,C27H31O15.Cl,630.13514803,Manihot utilissima,,unmapped,,,Antirrhinin,antirrhinin,18719-76-1,18719761,true,ok,C27H31O15.Cl,c27h31o15cl,630.135148,e8bcbcd5c17d014716afb4426fade56fcf1d29bca73341a40a69c8145a8677dc,319,KNApSAcK World,https://www.knapsackfamily.com/KNApSAcK_World/,compounds_20260602_131155,2026-06-02T13:11:56+00:00,11768,8362166977f6252b258ead721378345a3dca3321c971f648587f0d3c717de12b,review,unresolved_plant_mapping
319,C00006708,15674-58-5,Tulipanin,C27H31O16.Cl,646.13006266,Manihot utilissima,,unmapped,,,Tulipanin,tulipanin,15674-58-5,15674585,true,ok,C27H31O16.Cl,c27h31o16cl,646.130063,922a4d9f8a74cb3e93ea5df81a29e24811275dbb9507410550454ae6a776a73c,319,KNApSAcK World,https://www.knapsackfamily.com/KNApSAcK_World/,compounds_20260602_131155,2026-06-02T13:11:56+00:00,11769,ef088c53bdf3a47841050a97169aa91bac64677fc7b233c7661ea404bf1d3ce5,review,unresolved_plant_mapping
322,C00000136,470-82-6,"1,8-Cineol",C10H18O,154.1357652,Melaleuca leucadendron,,unmapped,,,"1,8-Cineol",18cineol,470-82-6,470826,true,ok,C10H18O,c10h18o,154.135765,6f1d5311f66726b550095a918a904778e6a2dcd79459b8a6eac40b33c3e21fc9,322,KNApSAcK World,https://www.knapsackfamily.com/KNApSAcK_World/,compounds_20260602_131155,2026-06-02T13:11:56+00:00,11826,6cf3d567930026c0db45f03b656eea387d9995acfd9e1d45e7fc85428e436276,review,unresolved_plant_mapping
322,C00003161,577-27-5,Ledol,C15H26O,222.19836545,Melaleuca leucadendron,,unmapped,,,Ledol,ledol,577-27-5,577275,true,ok,C15H26O,c15h26o,222.198365,ef75dea9cb372d6b1eb70ad9a5b817f07a4f8fc751ee7c79697526c17f2a9903,322,KNApSAcK World,https://www.knapsackfamily.com/KNApSAcK_World/,compounds_20260602_131155,2026-06-02T13:11:56+00:00,11827,698ec0a4e11aeeb3a12430e54e93ed1a967e538b2038865a19f4324dc9fa0b7c,review,unresolved_plant_mapping
322,C00003467,150-86-7,Phytol,C20H40O,296.3079159,Melaleuca leucadendron,,unmapped,,,Phytol,phytol,150-86-7,150867,true,ok,C20H40O,c20h40o,296.307916,d96df0d9160a51e4021fbfa207101cd0a6f49dd065886c36efb20850a04046c0,322,KNApSAcK World,https://www.knapsackfamily.com/KNApSAcK_World/,compounds_20260602_131155,2026-06-02T13:11:56+00:00,11828,0e1a59f848e43d4ae69c814949f0ddc922a3eef7a14d5dcdb037f99b70f3aec7,review,unresolved_plant_mapping
322,C00003741,472-15-1,beta-Betulinic acid,C30H48O3,456.3603454,Melaleuca leucadendron,,unmapped,,,beta-Betulinic acid,betabetulinic_acid,472-15-1,472151,true,ok,C30H48O3,c30h48o3,456.360345,f395b881c5e65e2df1694901840592d2454bf905ad2f610d13917fcd51bd6c6c,322,KNApSAcK World,https://www.knapsackfamily.com/KNApSAcK_World/,compounds_20260602_131155,2026-06-02T13:11:56+00:00,11829,c70d91c83572e84a9201f90fb7e1793e76ddc7765f7950a4d3e2ee38f47334d3,review,unresolved_plant_mapping
322,C00003755,111-02-4,All-trans-squalene,C30H50,410.39125159,Melaleuca leucadendron,,unmapped,,,All-trans-squalene,alltranssqualene,111-02-4,111024,true,ok,C30H50,c30h50,410.391252,c75d38654ba302e9a56b5bf3b44c7ba3dbc771b0169253588eaffdf75d1c5565,322,KNApSAcK World,https://www.knapsackfamily.com/KNApSAcK_World/,compounds_20260602_131155,2026-06-02T13:11:56+00:00,11830,27e05fe23da59c19dd03905d011b920d98645a48ddf640935025ecfa53a95f4c,review,unresolved_plant_mapping
322,C00014274,249915-34-2,Leucadenone A,C33H32O7,540.21480338,Melaleuca leucadendron,,unmapped,,,Leucadenone A,leucadenone_a,249915-34-2,249915342,true,ok,C33H32O7,c33h32o7,540.214803,5135965db14d0d91bfddeac2a2c1b04d3237a060e67c687cfcca5275e922cae9,322,KNApSAcK World,https://www.knapsackfamily.com/KNApSAcK_World/,compounds_20260602_131155,2026-06-02T13:11:56+00:00,11831,4aeaa0cd5a375e251587a33e5583b7aefd7d18dc42f3e75377de798bd65f29bd,review,unresolved_plant_mapping
322,C00014275,249915-36-4,Leucadenone B,C33H32O7,540.21480338,Melaleuca leucadendron,,unmapped,,,Leucadenone B,leucadenone_b,249915-36-4,249915364,true,ok,C33H32O7,c33h32o7,540.214803,dad0cfb268c71f7f2cb12fc6b5d706eb27c273b34f4e263614715e7dca687564,322,KNApSAcK World,https://www.knapsackfamily.com/KNApSAcK_World/,compounds_20260602_131155,2026-06-02T13:11:56+00:00,11832,ddd10ffabc964e989664fa06a77da10e2de3b286652f602f330ccc477d0784a7,review,unresolved_plant_mapping
322,C00014276,249915-38-6,Leucadenone C,C33H32O7,540.21480338,Melaleuca leucadendron,,unmapped,,,Leucadenone C,leucadenone_c,249915-38-6,249915386,true,ok,C33H32O7,c33h32o7,540.214803,48fee6d7cb1b1e5b6729502bdda117965ac9b534dddc1fe01742220aa201436e,322,KNApSAcK World,https://www.knapsackfamily.com/KNApSAcK_World/,compounds_20260602_131155,2026-06-02T13:11:56+00:00,11833,a4cdfbff1f429271df1261236eb8586e79ddb1230a2063e46f7add40cd161bf4,review,unresolved_plant_mapping
322,C00014277,249915-39-7,Leucadenone D,C33H32O7,540.21480338,Melaleuca leucadendron,,unmapped,,,Leucadenone D,leucadenone_d,249915-39-7,249915397,true,ok,C33H32O7,c33h32o7,540.214803,58e74340308fee71ee8fd6de341889c736ff6cbd1456ce19846ef0bc1b3a41fb,322,KNApSAcK World,https://www.knapsackfamily.com/KNApSAcK_World/,compounds_20260602_131155,2026-06-02T13:11:56+00:00,11834,b5b83e6b380c63b1de258b0aa7412d7828f403ad5eb55c14b717fa420b65af2b,review,unresolved_plant_mapping
322,C00021212,5986-49-2,Palustrol,C15H26O,222.19836545,Melaleuca leucadendron,,unmapped,,,Palustrol,palustrol,5986-49-2,5986492,true,ok,C15H26O,c15h26o,222.198365,7708c2e35d7d1e858e5d13008b818b01a73d3e4deab29db4e771543d34e328f2,322,KNApSAcK World,https://www.knapsackfamily.com/KNApSAcK_World/,compounds_20260602_131155,2026-06-02T13:11:56+00:00,11835,954bfed1d1d47ac79306b47cffdfb813cfd8216c9a1700035fff410f2a9f8a2d,review,unresolved_plant_mapping
322,C00021217,552-02-3,Viridiflorol,C15H26O,222.19836545,Melaleuca leucadendron,,unmapped,,,Viridiflorol,viridiflorol,552-02-3,552023,true,ok,C15H26O,c15h26o,222.198365,b2fd2f98ea34d5c77d0522d7ef8d79418ac78243fbf643f21ebbd8f64e87d117,322,KNApSAcK World,https://www.knapsackfamily.com/KNApSAcK_World/,compounds_20260602_131155,2026-06-02T13:11:56+00:00,11836,6abc7e72f479c4f47254da55e44887fcd3668aec0f951213aeace0a6120a2948,review,unresolved_plant_mapping
322,C00021220,21747-46-6,Viridiflorene,C15H24,204.18780077,Melaleuca leucadendron,,unmapped,,,Viridiflorene,viridiflorene,21747-46-6,21747466,true,ok,C15H24,c15h24,204.187801,875340ada5e4a021dbb329519486b6d55349f5c39e446003537c4caa90a6af68,322,KNApSAcK World,https://www.knapsackfamily.com/KNApSAcK_World/,compounds_20260602_131155,2026-06-02T13:11:56+00:00,11837,ce381541c42c3b8ea33aa41720d09a4c49112c30e7c0e8232423efaf19348476,review,unresolved_plant_mapping
322,C00021221,6060-06-6,Platanic acid,C29H46O4,458.33960996,Melaleuca leucadendron,,unmapped,,,Platanic acid,platanic_acid,6060-06-6,6060066,true,ok,C29H46O4,c29h46o4,458.33961,8fd0f3fbcc96c46ba27e3a03b61157556478cf3fc61cc6e4db0f5a3e2fea9b7b,322,KNApSAcK World,https://www.knapsackfamily.com/KNApSAcK_World/,compounds_20260602_131155,2026-06-02T13:11:56+00:00,11838,201dc4c3b37e7888f301d010de2ea632b1e35d6a7717bd81d7a5d1dc8adc823a,review,unresolved_plant_mapping
322,C00021222,202651-66-9,"(3beta)-28-Norlup-20(29)-ene-3,17-diol",C29H48O2,428.36543078,Melaleuca leucadendron,,unmapped,,,"(3beta)-28-Norlup-20(29)-ene-3,17-diol",3beta28norlup2029ene317diol,202651-66-9,202651669,true,ok,C29H48O2,c29h48o2,428.365431,5ee836d01f350302557e8b994e0516e2a53faefce5340372c005b816f53adef0,322,KNApSAcK World,https://www.knapsackfamily.com/KNApSAcK_World/,compounds_20260602_131155,2026-06-02T13:11:56+00:00,11839,24ae9cdd1d212d06eb6b8e8c6d5092d237b2e0810595cff3eca42f8eabe769d7,review,unresolved_plant_mapping
322,C00021223,202651-67-0,"(3beta)-28-Norlup-20(29)-ene-3,17-diol 3-acetate",C31H50O3,470.37599546,Melaleuca leucadendron,,unmapped,,,"(3beta)-28-Norlup-20(29)-ene-3,17-diol 3-acetate",3beta28norlup2029ene317diol_3acetate,202651-67-0,202651670,true,ok,C31H50O3,c31h50o3,470.375995,0a53a4a1dbf89855730dcb360f67704dc0545ef8c85d12654868ee21ce31c8c7,322,KNApSAcK World,https://www.knapsackfamily.com/KNApSAcK_World/,compounds_20260602_131155,2026-06-02T13:11:56+00:00,11840,0c2c26b1e64ab4b9f935c18473e40273814b9d6e41fe1886290c9ef095a7062f,review,unresolved_plant_mapping
322,C00021224,13159-28-9,Betulinaldehyde,C30H48O2,440.36543078,Melaleuca leucadendron,,unmapped,,,Betulinaldehyde,betulinaldehyde,13159-28-9,13159289,true,ok,C30H48O2,c30h48o2,440.365431,f015009f35955eb5aac672ac1b961624f70a16658ba0067cc0cea52a3dd8b945,322,KNApSAcK World,https://www.knapsackfamily.com/KNApSAcK_World/,compounds_20260602_131155,2026-06-02T13:11:56+00:00,11841,96516de9e532c7075e1df9677bfa8b98a05965697c6eb720fb3a399ee821fa34,review,unresolved_plant_mapping
322,C00021229,25246-27-9,allo-Aromadendrene,C15H24,204.18780077,Melaleuca leucadendron,,unmapped,,,allo-Aromadendrene,alloaromadendrene,25246-27-9,25246279,true,ok,C15H24,c15h24,204.187801,d6390ac9a5ebeef22d06d6273ae4b76719be03f8fdd6ac8d9d92606dc5a04a81,322,KNApSAcK World,https://www.knapsackfamily.com/KNApSAcK_World/,compounds_20260602_131155,2026-06-02T13:11:56+00:00,11842,1472db5a5d2db27e701a3528e717381ff5c54e94c6c1632e7246823fb397e310,review,unresolved_plant_mapping
322,C00029451,4547-24-4,"2alpha,3beta-Dihydroxyurs-12-en-28-oic acid",C30H48O4,472.35526002,Melaleuca leucadendron,,unmapped,,,"2alpha,3beta-Dihydroxyurs-12-en-28-oic acid",2alpha3betadihydroxyurs12en28oic_acid,4547-24-4,4547244,true,ok,C30H48O4,c30h48o4,472.35526,bf7b39365116e0624bfa37b020049671413385694af93fb62f444bbef5a7b40d,322,KNApSAcK World,https://www.knapsackfamily.com/KNApSAcK_World/,compounds_20260602_131155,2026-06-02T13:11:56+00:00,11843,727d3e7814b4dc8af9f025960626bcb2b113eeb2216a8dbf901a7172474dcf96,review,unresolved_plant_mapping
322,C00029633,7372-30-7,Acetylursolic acid,C32H50O4,498.37091008,Melaleuca leucadendron,,unmapped,,,Acetylursolic acid,acetylursolic_acid,7372-30-7,7372307,true,ok,C32H50O4,c32h50o4,498.37091,43c5c431270279f861e02237c4ba2c338dba54c2bfff3458844e32622570d4e1,322,KNApSAcK World,https://www.knapsackfamily.com/KNApSAcK_World/,compounds_20260602_131155,2026-06-02T13:11:56+00:00,11844,f4fdf6d1a159e62effe12e7eeee49b52c224790c2fa5d743a4de762a9c63944a,review,unresolved_plant_mapping
322,C00043076,217075-73-5,trans-3beta-Caffeoyloxy-2alpha-hydroxyurs-12-en-28-oic acid,C39H54O7,634.38695408,Melaleuca leucadendron,,unmapped,,,trans-3beta-Caffeoyloxy-2alpha-hydroxyurs-12-en-28-oic acid,trans3betacaffeoyloxy2alphahydroxyurs12en28oic_acid,217075-73-5,217075735,true,ok,C39H54O7,c39h54o7,634.386954,d1acdd9c79a8831fbdc1c7ae4ef721ef7f970ecc403a31a412370f68273f410b,322,KNApSAcK World,https://www.knapsackfamily.com/KNApSAcK_World/,compounds_20260602_131155,2026-06-02T13:11:56+00:00,11845,ba904ad06dbc4b5afcd94baedd834d0031f6290a06738804055f5c8e73fc8f40,review,unresolved_plant_mapping
322,C00049603,239789-90-3,"20-Taraxastene-3alpha,28-diol",C30H50O2,442.38108084,Melaleuca leucadendron,,unmapped,,,"20-Taraxastene-3alpha,28-diol",20taraxastene3alpha28diol,239789-90-3,239789903,true,ok,C30H50O2,c30h50o2,442.381081,065e99c2f59ff312f88d8c2f5ac5da3358b9dc7cf711625810f7a4f9754900ff,322,KNApSAcK World,https://www.knapsackfamily.com/KNApSAcK_World/,compounds_20260602_131155,2026-06-02T13:11:56+00:00,11846,85e26830564742767836966a791633943e9e3e5b57283f8aaac0443138aa03ed,review,unresolved_plant_mapping
322,C00049605,239789-91-4,"3alpha,27-Dihydroxy-28,20beta-taraxastanolide",C30H48O4,472.35526002,Melaleuca leucadendron,,unmapped,,,"3alpha,27-Dihydroxy-28,20beta-taraxastanolide",3alpha27dihydroxy2820betataraxastanolide,239789-91-4,239789914,true,ok,C30H48O4,c30h48o4,472.35526,55c87e41d186d759ddf6a0d9fb0f7584cab37e447d7f2c5f897183a1fc3d2ecc,322,KNApSAcK World,https://www.knapsackfamily.com/KNApSAcK_World/,compounds_20260602_131155,2026-06-02T13:11:56+00:00,11847,beec7eda0439b75a3c0b679541e1c3c23fcbd5f942575a1468f07af955eb5ea0,review,unresolved_plant_mapping
322,C00049606,239789-92-5,"3alpha-Hydroxy-13(18)-oleanene-27,28-dioic acid",C30H46O5,486.33452458,Melaleuca leucadendron,,unmapped,,,"3alpha-Hydroxy-13(18)-oleanene-27,28-dioic acid",3alphahydroxy1318oleanene2728dioic_acid,239789-92-5,239789925,true,ok,C30H46O5,c30h46o5,486.334525,cc477c3d36aac1386338459c90d1c33690637e9012919ec7b8b1f71017814cc1,322,KNApSAcK World,https://www.knapsackfamily.com/KNApSAcK_World/,compounds_20260602_131155,2026-06-02T13:11:56+00:00,11848,1ab418c080c41521bd269f4fa4cd07059477321da20f297f1221d61bcc13e6b4,review,unresolved_plant_mapping
323,C00009368,147977-00-3,Melabathrin E,C55H38O30,1178.14478988,Melastoma malabathricum,dca2217e-d4f2-53cb-b082-24c58c20abd4,mapped,raw_plant_id,plant_id,Melabathrin E,melabathrin_e,147977-00-3,147977003,false,checksum_failed,C55H38O30,c55h38o30,1178.14479,c3c054a39dffbdebf00d2104e6a8f7f8a2bbae142e11cece5d2adc4cf1c1ba4b,323,KNApSAcK World,https://www.knapsackfamily.com/KNApSAcK_World/,compounds_20260602_131155,2026-06-02T13:11:56+00:00,11852,12f1ec226e7dc37d6dfc4d9d593e6f1055e92780dc992104b6e8e430e582c29d,review,cas_checksum_failed
341,C00000152,7400-08-0,p-Coumaric acid,C9H8O3,164.04734412,Moringa oleifera,,unmapped,,,p-Coumaric acid,pcoumaric_acid,7400-08-0,7400080,true,ok,C9H8O3,c9h8o3,164.047344,7613af7a91c43a590a89fdb463c2a7f26cab4d22309c6821a1e2b5fcfe989718,341,KNApSAcK World,https://www.knapsackfamily.com/KNApSAcK_World/,compounds_20260602_131155,2026-06-02T13:11:56+00:00,12435,380e86e7dfa6df0aef0765f83cd6a6e61c14255aa63c7473c4294ff2e33fc906,review,unresolved_plant_mapping
341,C00000206,69-72-7,Salicylic acid,C7H6O3,138.03169406,Moringa oleifera,,unmapped,,,Salicylic acid,salicylic_acid,69-72-7,69727,true,ok,C7H6O3,c7h6o3,138.031694,d0401aa08b25c266f9dbbfed850456738a30adc2f9477665eb8f36b5dbd58c3c,341,KNApSAcK World,https://www.knapsackfamily.com/KNApSAcK_World/,compounds_20260602_131155,2026-06-02T13:11:56+00:00,12436,5bdee067938ee0d36044d1bca06cfe661ec50cebd9a9a43ca5a5ebef72c3834e,review,unresolved_plant_mapping
341,C00000615,501-16-6,Caffeic acid,C9H8O4,180.04225874,Moringa oleifera,,unmapped,,,Caffeic acid,caffeic_acid,501-16-6,501166,true,ok,C9H8O4,c9h8o4,180.042259,0f471686b611ec823eb7b4b5e1fcf1706ef4c9de0ab838555cf5f0b058f29415,341,KNApSAcK World,https://www.knapsackfamily.com/KNApSAcK_World/,compounds_20260602_131155,2026-06-02T13:11:56+00:00,12437,72f7a169d743974044f2cf5a99a3dc2945ca07c247797e1f247d5e00f9f62fd9,review,unresolved_plant_mapping
341,C00000619,97-53-0,Eugenol,C10H12O2,164.08372963,Moringa oleifera,,unmapped,,,Eugenol,eugenol,97-53-0,97530,true,ok,C10H12O2,c10h12o2,164.08373,a0aa12f6dd9b2266c525e503962bf406ab647b26c2e56ea1be4e71a31c177350,341,KNApSAcK World,https://www.knapsackfamily.com/KNApSAcK_World/,compounds_20260602_131155,2026-06-02T13:11:56+00:00,12438,ee176e95d853055b48673b4771079646ced3e92358496bb52eb2d541a184bb52,review,unresolved_plant_mapping
341,C00000674,491-70-3,"5,7,3',4'-Tetrahydroxyflavone",C15H10O6,286.04773805,Moringa oleifera,,unmapped,,,"5,7,3',4'-Tetrahydroxyflavone",5734tetrahydroxyflavone,491-70-3,491703,true,ok,C15H10O6,c15h10o6,286.047738,44342487bbeb114837aa99d48a6a8be3b62d9b7fd0c3669500c364e0dd70c9f9,341,KNApSAcK World,https://www.knapsackfamily.com/KNApSAcK_World/,compounds_20260602_131155,2026-06-02T13:11:56+00:00,12439,a31159cb0ca1180606ed90d507b7f6b93af837e44e7b0898cc8ba60ce9eb2f76,review,unresolved_plant_mapping
341,C00000956,490-46-0,(-)-Epicatechin,C15H14O6,290.07903818,Moringa oleifera,,unmapped,,,(-)-Epicatechin,epicatechin,490-46-0,490460,true,ok,C15H14O6,c15h14o6,290.079038,ab2da99d32b89bd3b20db461fff1705e15f2afe2c26c4f3da13012da44cb150c,341,KNApSAcK World,https://www.knapsackfamily.com/KNApSAcK_World/,compounds_20260602_131155,2026-06-02T13:11:56+00:00,12440,c88e25baab14b44cd20bf8c162cae37fcce6a544fa27ece577416a1a8730033f,review,unresolved_plant_mapping
341,C00001071,529-44-2,Myricetin,C15H10O8,318.0375673,Moringa oleifera,,unmapped,,,Myricetin,myricetin,529-44-2,529442,true,ok,C15H10O8,c15h10o8,318.037567,7c09e6e1e23b72e1f57373b406b2d93d4afae61d0faa822c19e2e35e00a2c1c2,341,KNApSAcK World,https://www.knapsackfamily.com/KNApSAcK_World/,compounds_20260602_131155,2026-06-02T13:11:56+00:00,12441,514dc6c1e7b1f34d15c7f7adf02530bd62b42586627e4cd2e7727622b8c8f5f4,review,unresolved_plant_mapping
341,C00001468,499-24-1,Glucocochlearin,C11H21NO9S2,375.06577274,Moringa oleifera,,unmapped,,,Glucocochlearin,glucocochlearin,499-24-1,499241,true,ok,C11H21NO9S2,c11h21no9s2,375.065773,b33a588af8996fd8faef857bb60dd93b0471d890a5bf9dd78b9d9d8b3050d317,341,KNApSAcK World,https://www.knapsackfamily.com/KNApSAcK_World/,compounds_20260602_131155,2026-06-02T13:11:56+00:00,12442,233402e23c0514391fb268210d1abc10bf0bedc4ba02e4575559d55973e7e9cf,review,unresolved_plant_mapping
341,C00001469,28463-28-7,Glucoconringiin,C11H21NO10S2,391.06068736,Moringa oleifera,,unmapped,,,Glucoconringiin,glucoconringiin,28463-28-7,28463287,true,ok,C11H21NO10S2,c11h21no10s2,391.060687,bb0e06d958fcd92a6ddd5e6b4959cd949887ba2a16cd676f9beb5a1d490ec4bf,341,KNApSAcK World,https://www.knapsackfamily.com/KNApSAcK_World/,compounds_20260602_131155,2026-06-02T13:11:56+00:00,12443,edea03a6db9e8020dfbe6053f3ce9059a4ca0d5491e23e1afc919d804614e15b,review,unresolved_plant_mapping
341,C00001479,18432-16-1,Glucoputranjivin,C10H19NO9S2,361.05012267,Moringa oleifera,,unmapped,,,Glucoputranjivin,glucoputranjivin,18432-16-1,18432161,true,ok,C10H19NO9S2,c10h19no9s2,361.050123,cce622c6cf94950fcd4ef1aad85df9408a1516bc66f473f0a0931ecdf8650e17,341,KNApSAcK World,https://www.knapsackfamily.com/KNApSAcK_World/,compounds_20260602_131155,2026-06-02T13:11:56+00:00,12444,621636f31520410ce479d653cabe0c91d4605a414dfacf8a946a133a02c1ad57,review,unresolved_plant_mapping
341,C00001487,20196-67-2,Sinalbin,C14H19NO10S2,425.0450373,Moringa oleifera,,unmapped,,,Sinalbin,sinalbin,20196-67-2,20196672,true,ok,C14H19NO10S2,c14h19no10s2,425.045037,e230edc7f016c946407584017b30333c92b3f5e23bc22194328b56656917ea9b,341,KNApSAcK World,https://www.knapsackfamily.com/KNApSAcK_World/,compounds_20260602_131155,2026-06-02T13:11:56+00:00,12445,eb217057c015c398a3d2259390388fb52e06d9d808308377ead94990ddb9ea8b,review,unresolved_plant_mapping
341,C00002526,446-72-0,Genistein,C15H10O5,270.05282343,Moringa oleifera,,unmapped,,,Genistein,genistein,446-72-0,446720,true,ok,C15H10O5,c15h10o5,270.052823,d6ed8ca2327b29e9ee5416da370294e405ee8f656ac688a8afb73b851023276f,341,KNApSAcK World,https://www.knapsackfamily.com/KNApSAcK_World/,compounds_20260602_131155,2026-06-02T13:11:56+00:00,12446,76f470ff9155320232b285af8dd5467dd49ab540977d368125e78293cf50028a,review,unresolved_plant_mapping
341,C00002647,149-91-7,Gallic acid,C7H6O5,170.0215233,Moringa oleifera,,unmapped,,,Gallic acid,gallic_acid,149-91-7,149917,true,ok,C7H6O5,c7h6o5,170.021523,ae5979380259f9e8173ab187d96710eebc876e72970707b5c457db5d4f6961c0,341,KNApSAcK World,https://www.knapsackfamily.com/KNApSAcK_World/,compounds_20260602_131155,2026-06-02T13:11:56+00:00,12447,9497d76ed64de58be259eaa6c2030370f45b32dc61432df36cbf0535e4716f44,review,unresolved_plant_mapping
341,C00002648,490-79-9,Gentisic acid,C7H6O4,154.02660868,Moringa oleifera,,unmapped,,,Gentisic acid,gentisic_acid,490-79-9,490799,true,ok,C7H6O4,c7h6o4,154.026609,407f212fde9fb786bf334316471a0c28171ffb22517a36c0936867ab33cc7861,341,KNApSAcK World,https://www.knapsackfamily.com/KNApSAcK_World/,compounds_20260602_131155,2026-06-02T13:11:56+00:00,12448,5b1850f8f8b94d4abbaea6b1a237550cb665a212f581b03510934fb2f82b79b4,review,unresolved_plant_mapping
341,C00002674,530-57-4,Syringic acid,C9H10O5,198.05282343,Moringa oleifera,,unmapped,,,Syringic acid,syringic_acid,530-57-4,530574,true,ok,C9H10O5,c9h10o5,198.052823,fa1147be21b2dbb87489e3a869e6402ea536d798ac3f42590aa0b3d580029aad,341,KNApSAcK World,https://www.knapsackfamily.com/KNApSAcK_World/,compounds_20260602_131155,2026-06-02T13:11:56+00:00,12449,d3b868f142d1e4dae561a4f357ef335c4080d6803bea24479124762157465a70,review,unresolved_plant_mapping
341,C00002683,5463-22-9,Vanillin,C8H8O3,152.04734412,Moringa oleifera,,unmapped,,,Vanillin,vanillin,5463-22-9,5463229,true,ok,C8H8O3,c8h8o3,152.047344,59a37064a8091eed2bbdd5d3d05e4ab44ef0d7b7b8a9dc3639ed11374dcb7872,341,KNApSAcK World,https://www.knapsackfamily.com/KNApSAcK_World/,compounds_20260602_131155,2026-06-02T13:11:56+00:00,12450,4c7ad2f41cfe04ae6850fd02b8c7ae73a519e0b545ae98d9ee7dd084de6d65a9,review,unresolved_plant_mapping
341,C00002724,327-97-9,3-O-Caffeoylquinic acid,C16H18O9,354.09508217,Moringa oleifera,,unmapped,,,3-O-Caffeoylquinic acid,3ocaffeoylquinic_acid,327-97-9,327979,true,ok,C16H18O9,c16h18o9,354.095082,a9dcac7aad11e1bdf52438a932c277b2109837efff9326fdaf2bdec395398624,341,KNApSAcK World,https://www.knapsackfamily.com/KNApSAcK_World/,compounds_20260602_131155,2026-06-02T13:11:56+00:00,12451,46326409d57631e9a60c91d9f0b45a37c09a2fa85d419a4edaed42f72a7900aa,review,unresolved_plant_mapping
341,C00002729,583-17-5,2-Hydroxycinnamic acid,C9H8O3,164.04734412,Moringa oleifera,,unmapped,,,2-Hydroxycinnamic acid,2hydroxycinnamic_acid,583-17-5,583175,true,ok,C9H8O3,c9h8o3,164.047344,8b7ceebd7080aebcb10a11602d427f9d583d1f24d77385a7b451a2180a36fcd0,341,KNApSAcK World,https://www.knapsackfamily.com/KNApSAcK_World/,compounds_20260602_131155,2026-06-02T13:11:56+00:00,12452,4b6333408cc4233d1e7e970271253551619c7158366814f1610784b94da19c05,review,unresolved_plant_mapping
341,C00002743,1135-24-6,Ferulic acid,C10H10O4,194.05790881,Moringa oleifera,,unmapped,,,Ferulic acid,ferulic_acid,1135-24-6,1135246,true,ok,C10H10O4,c10h10o4,194.057909,ec807a6b46e0e9165f5f8213b3dca8f9fb53f6718c2a07593d15c119975ff855,341,KNApSAcK World,https://www.knapsackfamily.com/KNApSAcK_World/,compounds_20260602_131155,2026-06-02T13:11:56+00:00,12453,9115874c562ee6cfebbafe38b7c2b0100da5c930a098adc961034eb59c3d7d2a,review,unresolved_plant_mapping
341,C00002776,530-59-6,Sinapic acid,C11H12O5,224.06847349,Moringa oleifera,,unmapped,,,Sinapic acid,sinapic_acid,530-59-6,530596,true,ok,C11H12O5,c11h12o5,224.068473,c243c06118b89f46d502f4de60e0e9b225d16d9051406ad54a4dda0b691d2966,341,KNApSAcK World,https://www.knapsackfamily.com/KNApSAcK_World/,compounds_20260602_131155,2026-06-02T13:11:56+00:00,12454,e6e6fd2dbd0ac73e8f1678667f0f4a8ceec42d5c6e68dcc7cafa6d658460ea7a,review,unresolved_plant_mapping
341,C00003040,99-87-6,p-Cymene,C10H14,134.10955045,Moringa oleifera,,unmapped,,,p-Cymene,pcymene,99-87-6,99876,true,ok,C10H14,c10h14,134.10955,eb02cd95feaa8bfb7e533cbacac378733896b2a8578b42fc59bcfb473d347605,341,KNApSAcK World,https://www.knapsackfamily.com/KNApSAcK_World/,compounds_20260602_131155,2026-06-02T13:11:56+00:00,12455,baab23d650e0f0935fc1ba4f57d530e8e588a785606c36add864b01d354f1153,review,unresolved_plant_mapping
341,C00003051,99-83-2,alpha-Phellandrene,C10H16,136.12520051,Moringa oleifera,,unmapped,,,alpha-Phellandrene,alphaphellandrene,99-83-2,99832,true,ok,C10H16,c10h16,136.125201,b4bef81420301302d4b69dc27003c83cd30bfcbe7eb0324990d79e47dff8796e,341,KNApSAcK World,https://www.knapsackfamily.com/KNApSAcK_World/,compounds_20260602_131155,2026-06-02T13:11:56+00:00,12456,270ce463f2158cd61a348a8648c1b0271ddc2998dda23100e40cfdfd434f1e53,review,unresolved_plant_mapping
341,C00003672,83-46-5,(-)-beta-Sitosterol,C29H50O,414.38616622,Moringa oleifera,,unmapped,,,(-)-beta-Sitosterol,betasitosterol,83-46-5,83465,true,ok,C29H50O,c29h50o,414.386166,f435e88ee0146a1899ca4021bc8908353d11de0f4d2412f83036440c70aa8fda,341,KNApSAcK World,https://www.knapsackfamily.com/KNApSAcK_World/,compounds_20260602_131155,2026-06-02T13:11:56+00:00,12457,177698e90017cd8d3d9f1f1e957154f8cf24a53387cf93d7ee198b43e0b93205,review,unresolved_plant_mapping
341,C00003737,638-95-9,alpha-Amyrin,C30H50O,426.38616622,Moringa oleifera,,unmapped,,,alpha-Amyrin,alphaamyrin,638-95-9,638959,true,ok,C30H50O,c30h50o,426.386166,be3c36d8a77d7b139417db581f39e5f4fc0e82eb518c148c6b60501cc0b84c08,341,KNApSAcK World,https://www.knapsackfamily.com/KNApSAcK_World/,compounds_20260602_131155,2026-06-02T13:11:56+00:00,12458,fb7f82ba94831d48a07092090736c92b3d759d55a7dd799843d70bd420f652b6,review,unresolved_plant_mapping
341,C00003738,559-70-6,beta-Amyrin,C30H50O,426.38616622,Moringa oleifera,,unmapped,,,beta-Amyrin,betaamyrin,559-70-6,559706,true,ok,C30H50O,c30h50o,426.386166,69ba0f36c84c091d37a36f0c8e35100cdf718fc5b206b555295cdc24338405f6,341,KNApSAcK World,https://www.knapsackfamily.com/KNApSAcK_World/,compounds_20260602_131155,2026-06-02T13:11:56+00:00,12459,65569693b7e53a36359f3e9dc54cc438622b9b126ab9e3466c1504a0203ec96d,review,unresolved_plant_mapping
341,C00003749,545-47-1,Lupeol,C30H50O,426.38616622,Moringa oleifera,,unmapped,,,Lupeol,lupeol,545-47-1,545471,true,ok,C30H50O,c30h50o,426.386166,b76fb9492bc5ada1a8454c77fca264d158acfd127700084a5042f0d70d67ec8f,341,KNApSAcK World,https://www.knapsackfamily.com/KNApSAcK_World/,compounds_20260602_131155,2026-06-02T13:11:56+00:00,12460,2f8cd6bca2ea9c94c8ba751b5bb5407a9ff9731f69f429f7ad70f1beb15e6315,review,unresolved_plant_mapping
341,C00003750,1617-68-1,Lupeol acetate,C32H52O2,468.3967309,Moringa oleifera,,unmapped,,,Lupeol acetate,lupeol_acetate,1617-68-1,1617681,true,ok,C32H52O2,c32h52o2,468.396731,58dc52970ced3c69dac406d401130f60c6dc886f42e69e7f26efa51af071d9a3,341,KNApSAcK World,https://www.knapsackfamily.com/KNApSAcK_World/,compounds_20260602_131155,2026-06-02T13:11:56+00:00,12461,48308d0eb34937ecae3de8f12f958b2ef9d26ec473dae8ef1c52ad5eb5ffd195,review,unresolved_plant_mapping
341,C00003776,127-40-2,Lutein,C40H56O2,568.42803103,Moringa oleifera,,unmapped,,,Lutein,lutein,127-40-2,127402,true,ok,C40H56O2,c40h56o2,568.428031,87b3b409b15a9d4e8d1144db8ccda04000c36ce3695ba6ab77926d2efe5769e5,341,KNApSAcK World,https://www.knapsackfamily.com/KNApSAcK_World/,compounds_20260602_131155,2026-06-02T13:11:56+00:00,12462,96d0469bb70eb532e3f91ecd6984a13fbfb21b9bf7e0a3da05c3eea1cc978f66,review,unresolved_plant_mapping
341,C00003817,520-36-5,Apigenin,C15H10O5,270.05282343,Moringa oleifera,,unmapped,,,Apigenin,apigenin,520-36-5,520365,true,ok,C15H10O5,c15h10o5,270.052823,baafc9cd202b002567d15ffa6971d87ce5e4185731e8471f28301ccc2517ac2c,341,KNApSAcK World,https://www.knapsackfamily.com/KNApSAcK_World/,compounds_20260602_131155,2026-06-02T13:11:56+00:00,12463,715ffe7abdec4d2eff94328c09710ad87683f739a895eb6a0dfc55778ac5d9b0,review,unresolved_plant_mapping
341,C00004565,520-18-3,Kaempferol,C15H10O6,286.04773805,Moringa oleifera,,unmapped,,,Kaempferol,kaempferol,520-18-3,520183,true,ok,C15H10O6,c15h10o6,286.047738,5e433fd2738b4d84d29bfeb8c269d364809d830f468335c622103128bb61dc4a,341,KNApSAcK World,https://www.knapsackfamily.com/KNApSAcK_World/,compounds_20260602_131155,2026-06-02T13:11:56+00:00,12464,d45f1e22ae5a5bf7d21a61b467fda5b7d3e46e5159bd38628e13fa6e837cd22f,review,unresolved_plant_mapping
341,C00004631,117-39-5,Quercetin,C15H10O7,302.04265268,Moringa oleifera,,unmapped,,,Quercetin,quercetin,117-39-5,117395,true,ok,C15H10O7,c15h10o7,302.042653,eddea2efdaf7e53aa42144e33beaadedb5f0006152019e7be79304b6ee1a91f8,341,KNApSAcK World,https://www.knapsackfamily.com/KNApSAcK_World/,compounds_20260602_131155,2026-06-02T13:11:56+00:00,12465,7be81f76a3885631e6b7808a8fa37e1d7f19c563b68e5f9a8325220a496aed07,review,unresolved_plant_mapping
341,C00004634,90-19-7,Rhamnetin,C16H12O7,316.05830274,Moringa oleifera,,unmapped,,,Rhamnetin,rhamnetin,90-19-7,90197,true,ok,C16H12O7,c16h12o7,316.058303,d6591ed4b3738bdb182799fc4c68d6600ba99b6114b709ad04291145cf547cf0,341,KNApSAcK World,https://www.knapsackfamily.com/KNApSAcK_World/,compounds_20260602_131155,2026-06-02T13:11:56+00:00,12466,3c75991fcc70f4bdfeb0e9474cb11622250c05fab95c37ef69173d24573443a8,review,unresolved_plant_mapping
341,C00004635,480-19-3,Isorhamnetin,C16H12O7,316.05830274,Moringa oleifera,,unmapped,,,Isorhamnetin,isorhamnetin,480-19-3,480193,true,ok,C16H12O7,c16h12o7,316.058303,45ddec8e00e1d8c3907bb4f390fe3971bfedd0f640f435ca058013f9dde6334a,341,KNApSAcK World,https://www.knapsackfamily.com/KNApSAcK_World/,compounds_20260602_131155,2026-06-02T13:11:56+00:00,12467,108ca969ecb370899e17be9dbb814d035228ef7e0e9c4b6bdf199a99f9e103b9,review,unresolved_plant_mapping
341,C00005138,480-10-4,Astragalin,C21H20O11,448.10056148,Moringa oleifera,,unmapped,,,Astragalin,astragalin,480-10-4,480104,true,ok,C21H20O11,c21h20o11,448.100561,8a6ff04728260f05166afb683f6e86fd0bdebe12b84a04953107ab49e74765f8,341,KNApSAcK World,https://www.knapsackfamily.com/KNApSAcK_World/,compounds_20260602_131155,2026-06-02T13:11:56+00:00,12468,39722087828048cc8afdffd10e89d51009576545f62e946ffb9d627f2dccf88d,review,unresolved_plant_mapping
341,C00005165,19895-95-5,Kaempferol 3-O-sophoroside,C27H30O16,610.15338491,Moringa oleifera,,unmapped,,,Kaempferol 3-O-sophoroside,kaempferol_3osophoroside,19895-95-5,19895955,true,ok,C27H30O16,c27h30o16,610.153385,b637e89dfdc010313b6468a8cd928c570be3818566d4b19f7f4f7976f932dc63,341,KNApSAcK World,https://www.knapsackfamily.com/KNApSAcK_World/,compounds_20260602_131155,2026-06-02T13:11:56+00:00,12469,8bb348dea6f18324b1535a33bfe63b9cb3437188db29729af015aff96ea05e85,review,unresolved_plant_mapping
341,C00005169,17650-84-9,Kaempferol 3-rutinoside,C27H30O15,594.15847029,Moringa oleifera,,unmapped,,,Kaempferol 3-rutinoside,kaempferol_3rutinoside,17650-84-9,17650849,true,ok,C27H30O15,c27h30o15,594.15847,ae9eba3f16fcbb735466d23a130f7a1c8f626c0099a0fac8af693d688097ee88,341,KNApSAcK World,https://www.knapsackfamily.com/KNApSAcK_World/,compounds_20260602_131155,2026-06-02T13:11:56+00:00,12470,625cc9f67735ebacb59f97c7c35fbbcf6e9e183cba09df5ba50d2e39b1744fb4,review,unresolved_plant_mapping
341,C00005373,482-35-9,Hirsutrin,C21H20O12,464.09547611,Moringa oleifera,,unmapped,,,Hirsutrin,hirsutrin,482-35-9,482359,true,ok,C21H20O12,c21h20o12,464.095476,53b3c646ee614634d01dc8afbb260502ecce42e725919ca26fe0083a3776d2fd,341,KNApSAcK World,https://www.knapsackfamily.com/KNApSAcK_World/,compounds_20260602_131155,2026-06-02T13:11:56+00:00,12471,78e3f101dc99538ba2c16d3e718e406e2d0ab0e691d665d83c4c22c5348f5d01,review,unresolved_plant_mapping
341,C00005374,522-12-3,Quercetin 3-O-alpha-L-rhamnoside,C21H20O11,448.10056148,Moringa oleifera,,unmapped,,,Quercetin 3-O-alpha-L-rhamnoside,quercetin_3oalphalrhamnoside,522-12-3,522123,true,ok,C21H20O11,c21h20o11,448.100561,274907b057d674e5656bc7e29415408599db4b3db008f971defb3c18ac8c2f61,341,KNApSAcK World,https://www.knapsackfamily.com/KNApSAcK_World/,compounds_20260602_131155,2026-06-02T13:11:56+00:00,12472,5a9d2f015ec80cf9b34dbfe1a6f05d1d008bd61caa8869378b1708eb1f94cce2,review,unresolved_plant_mapping
341,C00005413,153-18-4,Quercetin 3-rutinoside,C27H30O16,610.15338491,Moringa oleifera,,unmapped,,,Quercetin 3-rutinoside,quercetin_3rutinoside,153-18-4,153184,true,ok,C27H30O16,c27h30o16,610.153385,27fba79b39d2715353315eaf9a962028b3176fbb0891ab7016c16405eaa8ed78,341,KNApSAcK World,https://www.knapsackfamily.com/KNApSAcK_World/,compounds_20260602_131155,2026-06-02T13:11:56+00:00,12473,a4dba2c7fb555f1d00ee2370b48c3501aee3b148fe5652be6fca092cad8dd20c,review,unresolved_plant_mapping
341,C00006229,23666-13-9,Vicenin,C27H30O15,594.15847029,Moringa oleifera,,unmapped,,,Vicenin,vicenin,23666-13-9,23666139,true,ok,C27H30O15,c27h30o15,594.15847,c173777c7908836fb03af330359d9e1980077ff0d1919cfaa49388c313e8e2ee,341,KNApSAcK World,https://www.knapsackfamily.com/KNApSAcK_World/,compounds_20260602_131155,2026-06-02T13:11:56+00:00,12474,7538fa7153defef9d24860ba85f35262fb15cb0de4249d6e23bb337748755753,review,unresolved_plant_mapping
341,C00007346,499-26-3,Benzylglucosinolate,C14H19NO9S2,409.05012267,Moringa oleifera,,unmapped,,,Benzylglucosinolate,benzylglucosinolate,499-26-3,499263,true,ok,C14H19NO9S2,c14h19no9s2,409.050123,e679cbb9ce50ce77045815daa01ad09a06babcd135ad51f8c251c92c05e639af,341,KNApSAcK World,https://www.knapsackfamily.com/KNApSAcK_World/,compounds_20260602_131155,2026-06-02T13:11:56+00:00,12475,a84efa217442e905ced7e63c4d85360196684bfd39f385dfc08846a6ebb784e3,review,unresolved_plant_mapping
341,C00007789,549503-17-5,4-(4'-O-Acetyl-alpha-L-rhamnopyranosyloxyl)benzyl glucosinolate,C22H31NO15S2,613.11351079,Moringa oleifera,,unmapped,,,4-(4'-O-Acetyl-alpha-L-rhamnopyranosyloxyl)benzyl glucosinolate,44oacetylalphalrhamnopyranosyloxylbenzyl_glucosinolate,549503-17-5,549503175,true,ok,C22H31NO15S2,c22h31no15s2,613.113511,567fc821fa7f980ccf028aa6795b26bf48b84bdc8b0cc0ce62d0516552f55270,341,KNApSAcK World,https://www.knapsackfamily.com/KNApSAcK_World/,compounds_20260602_131155,2026-06-02T13:11:56+00:00,12476,e4bfd8c0098937ec461b61ce484989672a0853a553f30cad07a5dbe98345344e,review,unresolved_plant_mapping
341,C00007805,19253-84-0,4-Hydroxybenzyl glucosinolate,C14H19NO10S2,425.0450373,Moringa oleifera,,unmapped,,,4-Hydroxybenzyl glucosinolate,4hydroxybenzyl_glucosinolate,19253-84-0,19253840,true,ok,C14H19NO10S2,c14h19no10s2,425.045037,562794a12b06b09dc1353ff1357977c98519a9d1a96dda723439afedf3f80176,341,KNApSAcK World,https://www.knapsackfamily.com/KNApSAcK_World/,compounds_20260602_131155,2026-06-02T13:11:56+00:00,12477,1461d79eafeaf879f16347af9786bc7c9788b196badeebb5ea28d8e7ff7f2e48,review,unresolved_plant_mapping
341,C00007830,38226-91-4,2-Methylpropyl glucosinolate,C11H21NO9S2,375.06577274,Moringa oleifera,,unmapped,,,2-Methylpropyl glucosinolate,2methylpropyl_glucosinolate,38226-91-4,38226914,true,ok,C11H21NO9S2,c11h21no9s2,375.065773,e083f4e1c51fc365274fa33e342cd100cb16366d73926ee4c84b155e8b2db083,341,KNApSAcK World,https://www.knapsackfamily.com/KNApSAcK_World/,compounds_20260602_131155,2026-06-02T13:11:56+00:00,12478,c8bb1f71919d9b69d2f2811473bdc9c8fc4742f2aad4afe2f3d0eb3960071da9,review,unresolved_plant_mapping
341,C00007860,,4-(alpha-L-Rhamnopyranosyloxy)benzyl glucosinolate,C20H29NO14S2,571.1029461,Moringa oleifera,,unmapped,,,4-(alpha-L-Rhamnopyranosyloxy)benzyl glucosinolate,4alphalrhamnopyranosyloxybenzyl_glucosinolate,,,false,missing,C20H29NO14S2,c20h29no14s2,571.102946,06408d609669a0869d29182adf47e7b3998fb1049b69258f2bba0ce1891d4290,341,KNApSAcK World,https://www.knapsackfamily.com/KNApSAcK_World/,compounds_20260602_131155,2026-06-02T13:11:56+00:00,12479,dbc2fff9e89b0b17e84c10262333314192dd8ec6331f1253f587deda816a1e7f,review,unresolved_plant_mapping
341,C00009380,486-66-8,Daidzein,C15H10O4,254.05790881,Moringa oleifera,,unmapped,,,Daidzein,daidzein,486-66-8,486668,true,ok,C15H10O4,c15h10o4,254.057909,d504cb80ee20ce608bb1c035eebf95befb12fce9c241a45d04de625da1511353,341,KNApSAcK World,https://www.knapsackfamily.com/KNApSAcK_World/,compounds_20260602_131155,2026-06-02T13:11:56+00:00,12480,d4727b6073bac82221810c351110b5dcb219058e7e79c6a14075fbb153b15211,review,unresolved_plant_mapping
341,C00011153,476-66-4,Ellagic acid,C14H6O8,302.00626717,Moringa oleifera,,unmapped,,,Ellagic acid,ellagic_acid,476-66-4,476664,true,ok,C14H6O8,c14h6o8,302.006267,32f350e9537817963edb5656d5501ebf734a86f80c355d06e8dab584e5122fa6,341,KNApSAcK World,https://www.knapsackfamily.com/KNApSAcK_World/,compounds_20260602_131155,2026-06-02T13:11:56+00:00,12481,0a0bf4ec274ab225893376b741610d00579b64bd5caed9ced6c97e138d39cde9,review,unresolved_plant_mapping
341,C00019308,474-58-8,3-O-beta-D-Glucopyranosyl sitosterol,C35H60O6,576.43898965,Moringa oleifera,,unmapped,,,3-O-beta-D-Glucopyranosyl sitosterol,3obetadglucopyranosyl_sitosterol,474-58-8,474588,true,ok,C35H60O6,c35h60o6,576.43899,4017cad89811d72e31e41fedb9ce6b01d296bcb898b6d1fc6ab9c4030d57aec4,341,KNApSAcK World,https://www.knapsackfamily.com/KNApSAcK_World/,compounds_20260602_131155,2026-06-02T13:11:56+00:00,12482,8507212313da068ff64bdd8f2f737bf4410750c2fcdbdad0548eeed261f963fb,review,unresolved_plant_mapping
341,C00029540,905-99-7,4-Caffeoylquinic acid,C16H18O9,354.09508217,Moringa oleifera,,unmapped,,,4-Caffeoylquinic acid,4caffeoylquinic_acid,905-99-7,905997,true,ok,C16H18O9,c16h18o9,354.095082,c38e2a9184578a37c1fd468a3105b31a81881eba39b23a74c7d924f204735383,341,KNApSAcK World,https://www.knapsackfamily.com/KNApSAcK_World/,compounds_20260602_131155,2026-06-02T13:11:56+00:00,12483,f19dca4ea4f0937760c1a4644438524f23acf6c335e14b0913228d2620e9d420,review,unresolved_plant_mapping
341,C00030807,906-33-2,5-Caffeoylquinic acid,C16H18O9,354.09508217,Moringa oleifera,,unmapped,,,5-Caffeoylquinic acid,5caffeoylquinic_acid,906-33-2,906332,true,ok,C16H18O9,c16h18o9,354.095082,4589ee6c143e18414fd8c5f8871ffca4420ceba0b84dbcd13d6875bdc5dadd01,341,KNApSAcK World,https://www.knapsackfamily.com/KNApSAcK_World/,compounds_20260602_131155,2026-06-02T13:11:56+00:00,12484,a6f255453439e501a5cf908400f6dc8978885cccb2eb8115570e134e93aa57a6,review,unresolved_plant_mapping
341,C00032761,622-78-6,Benzyl isothiocyanate,C8H7NS,149.02991996,Moringa oleifera,,unmapped,,,Benzyl isothiocyanate,benzyl_isothiocyanate,622-78-6,622786,true,ok,C8H7NS,c8h7ns,149.02992,b5c8ef882e5c6ae36cb0af949948c7301690bff82948b68b46059a7a3f7f502e,341,KNApSAcK World,https://www.knapsackfamily.com/KNApSAcK_World/,compounds_20260602_131155,2026-06-02T13:11:56+00:00,12485,c904b17f336b4f7741ec66f4a7e6e8f456948d8df001909ab013549a807d57f3,review,unresolved_plant_mapping
341,C00043309,100-46-9,Benzylamine,C7H9N,107.07349929,Moringa oleifera,,unmapped,,,Benzylamine,benzylamine,100-46-9,100469,true,ok,C7H9N,c7h9n,107.073499,0c3803b904124ed1f6f1f82039afa8e18f8f8ac3d383f441092cd1062ef5b3f3,341,KNApSAcK World,https://www.knapsackfamily.com/KNApSAcK_World/,compounds_20260602_131155,2026-06-02T13:11:56+00:00,12486,0ba0026997b4cb9de32edac70b3f81cb3b845ee545534cc1b934ffd91442d2ff,review,unresolved_plant_mapping
341,C00054424,198898-37-2,Amino (methoxysulfinyl) pentasulfide,CH5NO2S6,254.86445279,Moringa oleifera,,unmapped,,,Amino (methoxysulfinyl) pentasulfide,amino_methoxysulfinyl_pentasulfide,198898-37-2,198898372,true,ok,CH5NO2S6,ch5no2s6,254.864453,ae791b6ebc5dff1c2b9793e252a7aa6d1cc1f0528287700a5a4a97f1fc00ee7b,341,KNApSAcK World,https://www.knapsackfamily.com/KNApSAcK_World/,compounds_20260602_131155,2026-06-02T13:11:56+00:00,12487,1d22a1c7fbedf8abe1317a479add6af451a16ac82ae651324fd24a5ea29ef8be,review,unresolved_plant_mapping
341,C00056848,11054-42-5,Pterygospermin,C22H18N2O2S2,406.08096929,Moringa oleifera,,unmapped,,,Pterygospermin,pterygospermin,11054-42-5,11054425,true,ok,C22H18N2O2S2,c22h18n2o2s2,406.080969,e0bb8f3ec60fab061d3ae5b75dc245f302ec2f1e454d412498b3a5e13145d2fb,341,KNApSAcK World,https://www.knapsackfamily.com/KNApSAcK_World/,compounds_20260602_131155,2026-06-02T13:11:56+00:00,12488,829ab25d60b5e6d4daaf297a052a46912bc97060f5e080108c799f81ecf3dcd4,review,unresolved_plant_mapping
341,C00056952,122001-32-5,Niazirin,C14H17NO5,279.11067266,Moringa oleifera,,unmapped,,,Niazirin,niazirin,122001-32-5,122001325,true,ok,C14H17NO5,c14h17no5,279.110673,9aa199dee547ecf669367dc858f2b6ac2e407f517da0896fbb956e33fbf736b4,341,KNApSAcK World,https://www.knapsackfamily.com/KNApSAcK_World/,compounds_20260602_131155,2026-06-02T13:11:56+00:00,12489,f869d0f8eb92c145a640c4031a171361570c29119e2d1585c3c995e01b24bad2,review,unresolved_plant_mapping
341,C00057079,147821-47-4,Niazinin B,C15H21NO6S,343.10895814,Moringa oleifera,,unmapped,,,Niazinin B,niazinin_b,147821-47-4,147821474,true,ok,C15H21NO6S,c15h21no6s,343.108958,c30fbd6862e3618640ddc46a2b440f12a4d9b671397828d5e48fb0dc9b3eb748,341,KNApSAcK World,https://www.knapsackfamily.com/KNApSAcK_World/,compounds_20260602_131155,2026-06-02T13:11:56+00:00,12490,229b6a706974fbee23043bc8f1f87dc0aa06115120e1db9e429df8c845c22d65,review,unresolved_plant_mapping
341,C00057080,147821-49-6,Niazimicin A,C16H23NO6S,357.1246082,Moringa oleifera,,unmapped,,,Niazimicin A,niazimicin_a,147821-49-6,147821496,true,ok,C16H23NO6S,c16h23no6s,357.124608,11e0248b71f9395dafebf50692ac3914329322e97ebf82814aed693a45d0ea31,341,KNApSAcK World,https://www.knapsackfamily.com/KNApSAcK_World/,compounds_20260602_131155,2026-06-02T13:11:56+00:00,12491,8d3eb2e257f7843e3139986b445bb816724516039bb8d9b19d848b73e1bb954a,review,unresolved_plant_mapping
341,C00057081,147821-51-0,Niaziminin A,C18H25NO7S,399.13517289,Moringa oleifera,,unmapped,,,Niaziminin A,niaziminin_a,147821-51-0,147821510,true,ok,C18H25NO7S,c18h25no7s,399.135173,5af61e392e056fad0b53b3d61849f7a11054f5c09537fc70467b30a61b2ed145,341,KNApSAcK World,https://www.knapsackfamily.com/KNApSAcK_World/,compounds_20260602_131155,2026-06-02T13:11:56+00:00,12492,c53a4a5b04c9965e9e56ca49589671756f57abe749be2adddb0f3d6b135b4e63,review,unresolved_plant_mapping
341,C00057083,147921-21-9,Niaziminin B,C18H25NO7S,399.13517289,Moringa oleifera,,unmapped,,,Niaziminin B,niaziminin_b,147921-21-9,147921219,true,ok,C18H25NO7S,c18h25no7s,399.135173,ce3364e3faa7e67ad69bf5e997f1d8770138e3b1dd922e49e42978cb5b4cfb5f,341,KNApSAcK World,https://www.knapsackfamily.com/KNApSAcK_World/,compounds_20260602_131155,2026-06-02T13:11:56+00:00,12493,84207e4aa4bfd4432e9df57aa7f0b4fc8fb4cb09d2bbb60b8b1b594bf08ac87c,review,unresolved_plant_mapping
341,C00057089,148152-07-2,Niazinin A,C15H21NO6S,343.10895814,Moringa oleifera,,unmapped,,,Niazinin A,niazinin_a,148152-07-2,148152072,true,ok,C15H21NO6S,c15h21no6s,343.108958,0049c2edfb4163a415dd595db675b69f993f3b795ec6ef50556a4dbef65dc9f5,341,KNApSAcK World,https://www.knapsackfamily.com/KNApSAcK_World/,compounds_20260602_131155,2026-06-02T13:11:56+00:00,12494,14e00169feed86ba81e048272caabdf4ef782315ed13a102d1044a4e367d6cf1,review,unresolved_plant_mapping
341,C00057116,159397-73-6,Niazirinin,C16H19NO6,321.12123735,Moringa oleifera,,unmapped,,,Niazirinin,niazirinin,159397-73-6,159397736,true,ok,C16H19NO6,c16h19no6,321.121237,8fc2db166d7c4d8071fceabe501814c3f52feacc1e573e7eda296d8beb98d416,341,KNApSAcK World,https://www.knapsackfamily.com/KNApSAcK_World/,compounds_20260602_131155,2026-06-02T13:11:56+00:00,12495,77b18d6dad7d831e9060e62a3e220bfedadb51da59e3199970ff331d1173f2e3,review,unresolved_plant_mapping
341,C00057117,159768-73-7,Niazimin A,C18H25NO8,383.15801678,Moringa oleifera,,unmapped,,,Niazimin A,niazimin_a,159768-73-7,159768737,true,ok,C18H25NO8,c18h25no8,383.158017,b2029c116239eeaab076bf4db7f8e87a9477bc30ae3b498da4d8f7cbd34aaf00,341,KNApSAcK World,https://www.knapsackfamily.com/KNApSAcK_World/,compounds_20260602_131155,2026-06-02T13:11:56+00:00,12496,afc21e3c4d51afc4cc6e07761c4178ae4b6120babb3b183e4aefccfb053f59e2,review,unresolved_plant_mapping
341,C00057118,159768-74-8,Niazicin A,C17H23NO7S,385.11952283,Moringa oleifera,,unmapped,,,Niazicin A,niazicin_a,159768-74-8,159768748,true,ok,C17H23NO7S,c17h23no7s,385.119523,a11a8de4f02c3e7afc0daf5b3005f0b138c81883ae69bf552c3dcb820b16fa67,341,KNApSAcK World,https://www.knapsackfamily.com/KNApSAcK_World/,compounds_20260602_131155,2026-06-02T13:11:56+00:00,12497,5eaeb47de8bea5c52c4ae7d2534a42bc782782637172f4f03507dd9baa0dd3a4,review,unresolved_plant_mapping
341,C00057129,163812-19-9,Niazicinin A,C17H23NO8,369.14236672,Moringa oleifera,,unmapped,,,Niazicinin A,niazicinin_a,163812-19-9,163812199,true,ok,C17H23NO8,c17h23no8,369.142367,3af736404af43448f4e48410b80a2f89d24aafcb32f4528a856677203ffc6680,341,KNApSAcK World,https://www.knapsackfamily.com/KNApSAcK_World/,compounds_20260602_131155,2026-06-02T13:11:56+00:00,12498,a03e9146f57fa74fecab9c2d6fa4f1c73681df9d64db6c158a48a98c134b4fc0,review,unresolved_plant_mapping
341,C00057216,198969-42-5,Niazidin,C15H18N2O6S,354.08855705,Moringa oleifera,,unmapped,,,Niazidin,niazidin,198969-42-5,198969425,true,ok,C15H18N2O6S,c15h18n2o6s,354.088557,0c61fee053e9856ebbf541b74df978c7170797b101849c64f12388deac1374ac,341,KNApSAcK World,https://www.knapsackfamily.com/KNApSAcK_World/,compounds_20260602_131155,2026-06-02T13:11:56+00:00,12499,d4bce21d15a5e02422f75ed219096a7cfbafeafac264e607a95153c0576e3c14,review,unresolved_plant_mapping
341,C00057533,74542-19-1,4-O-alpha-L-Rhamnopyranosylglucosinalbin,C20H29NO14S2,571.1029461,Moringa oleifera,,unmapped,,,4-O-alpha-L-Rhamnopyranosylglucosinalbin,4oalphalrhamnopyranosylglucosinalbin,74542-19-1,74542191,true,ok,C20H29NO14S2,c20h29no14s2,571.102946,490c8d9d00c44ffd13ad6053a3adf14b1301fc38809aaca01d8f6cc4b4bbba72,341,KNApSAcK World,https://www.knapsackfamily.com/KNApSAcK_World/,compounds_20260602_131155,2026-06-02T13:11:56+00:00,12500,a797e6bb84953227a5ba80a7e9f7a361063a36150454d5efa27081f1cba6fc3a,review,unresolved_plant_mapping
341,C00057712,97400-73-2,Moringyne,C15H20O7,312.12090299,Moringa oleifera,,unmapped,,,Moringyne,moringyne,97400-73-2,97400732,true,ok,C15H20O7,c15h20o7,312.120903,249d708d99938113916e0476dcd84472423b14ff5662975878be4a06c01d21a2,341,KNApSAcK World,https://www.knapsackfamily.com/KNApSAcK_World/,compounds_20260602_131155,2026-06-02T13:11:56+00:00,12501,20c098f372b26b53182fc6259b24d9043d50b573a42e26260f5083e8edb8affb,review,unresolved_plant_mapping
341,C00063770,1309604-34-9,Marumoside A,C14H19NO6,297.12123735,Moringa oleifera,,unmapped,,,Marumoside A,marumoside_a,1309604-34-9,1309604349,true,ok,C14H19NO6,c14h19no6,297.121237,ae7388f3a44474151dea3b0b3227dbd5902bd8015752a1c2ed9852b81563592b,341,KNApSAcK World,https://www.knapsackfamily.com/KNApSAcK_World/,compounds_20260602_131155,2026-06-02T13:11:56+00:00,12502,c0af62349d627efca1f35384623ecd5ba8e1286b40a541242e26958ae6301f02,review,unresolved_plant_mapping
341,C00063771,1309604-35-0,Marumoside B,C20H29NO11,459.17406078,Moringa oleifera,,unmapped,,,Marumoside B,marumoside_b,1309604-35-0,1309604350,true,ok,C20H29NO11,c20h29no11,459.174061,b2450c25b471f60aeeddf029c20dc31d5f736e1b61405e5f00a2b88278add12f,341,KNApSAcK World,https://www.knapsackfamily.com/KNApSAcK_World/,compounds_20260602_131155,2026-06-02T13:11:56+00:00,12503,f07928c57aa44925878524e161512f2a8c98a78b4b265fd76dbb5cae137e771c,review,unresolved_plant_mapping
341,C00064228,2595-97-3,D-Allose,C6H12O6,180.06338812,Moringa oleifera,,unmapped,,,D-Allose,dallose,2595-97-3,2595973,true,ok,C6H12O6,c6h12o6,180.063388,6a0040445e7cf41e7cfdb4aaf3576efa1cfc19da17721ad23e753baa83570410,341,KNApSAcK World,https://www.knapsackfamily.com/KNApSAcK_World/,compounds_20260602_131155,2026-06-02T13:11:56+00:00,12504,f7c0fc7014894ba5c62ec56ed5b0957698a334df6114e00e6e06e6a49e2ae328,review,unresolved_plant_mapping
341,C00064531,765935-41-9,Cholest-5-en-3-ol,C27H46O,386.35486609,Moringa oleifera,,unmapped,,,Cholest-5-en-3-ol,cholest5en3ol,765935-41-9,765935419,true,ok,C27H46O,c27h46o,386.354866,45a6225a71f816fd09424761b842a1aea3c2c4f66149e3b3966c9274ad827a71,341,KNApSAcK World,https://www.knapsackfamily.com/KNApSAcK_World/,compounds_20260602_131155,2026-06-02T13:11:56+00:00,12505,f2ea6dabc9ef8ee4766a8db9733e3ad5960f0ca8bc34fe07705d13e599975769,review,unresolved_plant_mapping
341,C00064533,768398-63-6,Niaziridin,C14H17NO6,295.10558728,Moringa oleifera,,unmapped,,,Niaziridin,niaziridin,768398-63-6,768398636,true,ok,C14H17NO6,c14h17no6,295.105587,21c71c9eaf9b03cb69ed6d4c61ceb0b6bbb8577640e19af1f19b0c6590538b8b,341,KNApSAcK World,https://www.knapsackfamily.com/KNApSAcK_World/,compounds_20260602_131155,2026-06-02T13:11:56+00:00,12506,8274fd75e437a38aba5e65f078ff20c8786bec76c8aa1d31e6a0015f370bdb11,review,unresolved_plant_mapping
347,C00001408,51-61-6,Dopamine,C8H11NO2,153.0789786,Musa sapientum,,unmapped,,,Dopamine,dopamine,51-61-6,51616,true,ok,C8H11NO2,c8h11no2,153.078979,b5ffe9d30cfd597d0377e05662a21d6076b2d173091701a8890a52060e296dc4,347,KNApSAcK World,https://www.knapsackfamily.com/KNApSAcK_World/,compounds_20260602_131155,2026-06-02T13:11:56+00:00,13192,eec96a944d65d9a9d03a53040f5d531a360ec24f4226564dba61da60738f95c8,review,unresolved_plant_mapping
347,C00001414,51-45-6,Histamine,C5H9N3,111.07964731,Musa sapientum,,unmapped,,,Histamine,histamine,51-45-6,51456,true,ok,C5H9N3,c5h9n3,111.079647,1fb5efb580a62b71a10636952ac23c09dd68dd2dca481667a4f2fb25d88decff,347,KNApSAcK World,https://www.knapsackfamily.com/KNApSAcK_World/,compounds_20260602_131155,2026-06-02T13:11:56+00:00,13193,c99bfbfe088b394334a89386d18ffb77f5271dbb08e3f10d203cd64e7d0b836b,review,unresolved_plant_mapping
347,C00001424,51-41-2,Noradrenaline,C8H11NO3,169.07389323,Musa sapientum,,unmapped,,,Noradrenaline,noradrenaline,51-41-2,51412,true,ok,C8H11NO3,c8h11no3,169.073893,b8ae63bb0da6a23bb0d57192c6b19a9d9aeaf3e4baa3164b82234f13da9be58d,347,KNApSAcK World,https://www.knapsackfamily.com/KNApSAcK_World/,compounds_20260602_131155,2026-06-02T13:11:56+00:00,13194,f18d6bc25b8f10630aae8224141c5082703edad3ad142347f2c34627558fb96b,review,unresolved_plant_mapping
347,C00001426,64-04-0,Phenethylamine,C8H11N,121.08914936,Musa sapientum,,unmapped,,,Phenethylamine,phenethylamine,64-04-0,64040,true,ok,C8H11N,c8h11n,121.089149,821cae8008ad1febc29ecafa1f7725c4fcc31b8303e01e4acf6602584d94632c,347,KNApSAcK World,https://www.knapsackfamily.com/KNApSAcK_World/,compounds_20260602_131155,2026-06-02T13:11:56+00:00,13195,5f6eb2f997e34d765ebfcc58a44440fd9019fa0dbc58a4e6ca01c364cb813eaa,review,unresolved_plant_mapping
347,C00001429,50-67-9,5-Hydroxytryptamine,C10H12N2O,176.09496302,Musa sapientum,,unmapped,,,5-Hydroxytryptamine,5hydroxytryptamine,50-67-9,50679,true,ok,C10H12N2O,c10h12n2o,176.094963,253dba513b1cfe885abd61c568f9b0f7c54c6c8d3403daa1211215609a174023,347,KNApSAcK World,https://www.knapsackfamily.com/KNApSAcK_World/,compounds_20260602_131155,2026-06-02T13:11:56+00:00,13196,46a1eb5fafb275ffa1584f81d5b9d5d8f83c78dc25ad2f8796bad39c6e3fcf85,review,unresolved_plant_mapping
347,C00001435,51-67-2,Tyramine,C8H11NO,137.08406398,Musa sapientum,,unmapped,,,Tyramine,tyramine,51-67-2,51672,true,ok,C8H11NO,c8h11no,137.084064,d1887e8ab85adbf92bcbc5ff1312d4b4da78210a96fa64a229fd33c88cb26971,347,KNApSAcK World,https://www.knapsackfamily.com/KNApSAcK_World/,compounds_20260602_131155,2026-06-02T13:11:56+00:00,13197,136b6bd88a65c384bd315bbcccd5b8c1980dc9bd3e6a460974fbf1a93ee24d91,review,unresolved_plant_mapping
347,C00049074,149756-25-2,24-Methylenepollinastanone,C29H46O,410.35486609,Musa sapientum L.,,unmapped,,,24-Methylenepollinastanone,24methylenepollinastanone,149756-25-2,149756252,true,ok,C29H46O,c29h46o,410.354866,239c489a32b85d348eeec27a5528ca5ada78d98946f66a3b6b6479d78d1f6b9c,347,KNApSAcK World,https://www.knapsackfamily.com/KNApSAcK_World/,compounds_20260602_131155,2026-06-02T13:11:56+00:00,13198,a5516a941988b5fa288eff24ce77245a57a25a16df8c57b1e8ae6f9ae309f6ee,review,unresolved_plant_mapping
347,C00049087,127243-83-8,3-Epicycloeucalenol,C30H50O,426.38616622,Musa sapientum L.,,unmapped,,,3-Epicycloeucalenol,3epicycloeucalenol,127243-83-8,127243838,true,ok,C30H50O,c30h50o,426.386166,86868ef68a2a5b756b2b920476789b86ce6abd73f47211b8c7a6db7c6c60a61d,347,KNApSAcK World,https://www.knapsackfamily.com/KNApSAcK_World/,compounds_20260602_131155,2026-06-02T13:11:56+00:00,13199,15747df024fe0694899d57a3cba305695ff6659e45e52a5ff5e39f676d854fcd,review,unresolved_plant_mapping
347,C00049088,207850-20-2,3-Epicyclomusalenol,C30H50O,426.38616622,Musa sapientum L.,,unmapped,,,3-Epicyclomusalenol,3epicyclomusalenol,207850-20-2,207850202,true,ok,C30H50O,c30h50o,426.386166,1f715b2ab035743791e4c7d629f1303935f798aeef24f2af9f2be90801e9c51b,347,KNApSAcK World,https://www.knapsackfamily.com/KNApSAcK_World/,compounds_20260602_131155,2026-06-02T13:11:56+00:00,13200,47abb0adcfbd9653dc2c313a42cb92502860ed8b5a933712eb13b42aa98731df,review,unresolved_plant_mapping
347,C00054189,2464-44-0,Cyclomusalenol,C30H50O,426.38616622,Musa sapientum,,unmapped,,,Cyclomusalenol,cyclomusalenol,2464-44-0,2464440,true,ok,C30H50O,c30h50o,426.386166,ea0ca4e97a7225944a18288363ee5d4e02f0a13aa1fdde40f6b2e717b737d4d6,347,KNApSAcK World,https://www.knapsackfamily.com/KNApSAcK_World/,compounds_20260602_131155,2026-06-02T13:11:56+00:00,13201,1ffe415913deb04f6d5b9201492f98fa19fce7f016cac041b61eb6eafe0beede,review,unresolved_plant_mapping
347,C00054190,30452-60-9,Cyclomusalenone,C30H48O,424.37051615,Musa sapientum,,unmapped,,,Cyclomusalenone,cyclomusalenone,30452-60-9,30452609,true,ok,C30H48O,c30h48o,424.370516,35b9b4d51e0c58deb2fdbbd6262f1b3a0e07b1a9577c24e751085285448b7da1,347,KNApSAcK World,https://www.knapsackfamily.com/KNApSAcK_World/,compounds_20260602_131155,2026-06-02T13:11:56+00:00,13202,b8053f18fc14b8c01b62965c745665380ae88d3febb159f41a96e544e399efb7,review,unresolved_plant_mapping
347,C00054339,190206-62-3,Cycloabyssinone,C30H48O,424.37051615,Musa sapientum,,unmapped,,,Cycloabyssinone,cycloabyssinone,190206-62-3,190206623,true,ok,C30H48O,c30h48o,424.370516,21663c22daa6efceadd3e942e415e957d94341b6f733fbf5d1d23ec6481de357,347,KNApSAcK World,https://www.knapsackfamily.com/KNApSAcK_World/,compounds_20260602_131155,2026-06-02T13:11:56+00:00,13203,7c9cd64723248d96f08e4d267004e2258b18261ee2b451b5ec8dea40f26d8c3d,review,unresolved_plant_mapping
347,C00054340,1255-12-5,Cycloeucalenone,C30H48O,424.37051615,Musa sapientum,,unmapped,,,Cycloeucalenone,cycloeucalenone,1255-12-5,1255125,true,ok,C30H48O,c30h48o,424.370516,b1d6e303c2995891ef3ae33c5a2bb73ee16c58902ede48f30f6f0eb2f6dc6d98,347,KNApSAcK World,https://www.knapsackfamily.com/KNApSAcK_World/,compounds_20260602_131155,2026-06-02T13:11:56+00:00,13204,242be93938716a8c0bcff14da2752c3310d628094ff8d3b6729e00a33893c123,review,unresolved_plant_mapping
347,C00057233,207850-21-3,28-Norcyclomusalenone,C29H46O,410.35486609,Musa sapientum,,unmapped,,,28-Norcyclomusalenone,28norcyclomusalenone,207850-21-3,207850213,true,ok,C29H46O,c29h46o,410.354866,f3b319d91311a80afdf7ccd9ff8c8446681844ae85e1effb4afbb59da7c52e36,347,KNApSAcK World,https://www.knapsackfamily.com/KNApSAcK_World/,compounds_20260602_131155,2026-06-02T13:11:56+00:00,13205,38bd22f3683a425a65bfb91ba6283c618b182809e90f9c79cbc07cd7b3250fe3,review,unresolved_plant_mapping
347,C00057234,207850-22-4,"29-Norcycloartane-3,24-dione",C29H46O2,426.34978071,Musa sapientum,,unmapped,,,"29-Norcycloartane-3,24-dione",29norcycloartane324dione,207850-22-4,207850224,true,ok,C29H46O2,c29h46o2,426.349781,d362b7a83f5dca073be5fdf7e105e3cccf61a10fa548c87a8a85003de60a2922,347,KNApSAcK World,https://www.knapsackfamily.com/KNApSAcK_World/,compounds_20260602_131155,2026-06-02T13:11:56+00:00,13206,b5c00a2029f28716a0deb3efff39ea098938d6fb396dde3a7c4b01411ee91e0a,review,unresolved_plant_mapping
353,C00010291,66957-75-7,"(2E,6S)-Dimethyl-2,7-octadiene-1,6-diol",C10H18O2,170.13067982,Nicotiana tabacum,021f486c-9a50-5cc2-ae22-bdb5f380427f,mapped,raw_plant_id,plant_id,"(2E,6S)-Dimethyl-2,7-octadiene-1,6-diol",2e6sdimethyl27octadiene16diol,66957-75-7,66957757,false,checksum_failed,C10H18O2,c10h18o2,170.13068,a1446548ca217f9aec4331a3efe5c04d41c371565e2dd3b86b236611e0876a65,353,KNApSAcK World,https://www.knapsackfamily.com/KNApSAcK_World/,compounds_20260602_131155,2026-06-02T13:11:56+00:00,13500,23febf564bced98ebaa6f19078a62b62c4052ef6b210d96f28cd1b724691df90,review,cas_checksum_failed
354,C00036119,117652-9,Gramisterol,C29H48O,412.37051615,Nigella sativa,e104fc82-a836-50c5-9dbb-5546e38ee23e,mapped,raw_plant_id,plant_id,Gramisterol,gramisterol,117652-9,1176529,false,invalid_format,C29H48O,c29h48o,412.370516,cd57ed2b114387841deb87bc04d7134c80d70827d0af6f3016ddb4a03ec6b3ef,354,KNApSAcK World,https://www.knapsackfamily.com/KNApSAcK_World/,compounds_20260602_131155,2026-06-02T13:11:56+00:00,14098,3da0384be78e6dc9b5f9cc68d30f26890260ca1f0304624a2b1eebaa0aa8403f,review,cas_invalid_format
363,C00003821,5631-70-9,"5,7,4'-Trimethoxyflavone",C18H16O5,312.09977362,Orthosiphon spicatus,,unmapped,,,"5,7,4'-Trimethoxyflavone",574trimethoxyflavone,5631-70-9,5631709,true,ok,C18H16O5,c18h16o5,312.099774,862198299158131a41eef3c462b150b9fd13d9ec929af63330d8835e4c93b7b9,363,KNApSAcK World,https://www.knapsackfamily.com/KNApSAcK_World/,compounds_20260602_131155,2026-06-02T13:11:56+00:00,14511,ec8a53084d490b163f66943c122a2e4f08852b50bfd188e35d9e2c5bac3d41bc,review,unresolved_plant_mapping
363,C00003841,1168-42-9,"Scutellarein 5,6,7,4'-tetramethyl ether",C19H18O6,342.11033831,Orthosiphon spicatus,,unmapped,,,"Scutellarein 5,6,7,4'-tetramethyl ether",scutellarein_5674tetramethyl_ether,1168-42-9,1168429,true,ok,C19H18O6,c19h18o6,342.110338,858a2de96f8659dc749b36f890d46d6fbf4c45a3e783969b5c7e4b55316060fb,363,KNApSAcK World,https://www.knapsackfamily.com/KNApSAcK_World/,compounds_20260602_131155,2026-06-02T13:11:56+00:00,14512,dfd6c95466fec5fb30fafe4d57e92dfb278dee54d454405542f18cf8dc7b0dcb,review,unresolved_plant_mapping
363,C00003868,32174-62-2,Pilloin,C17H14O6,314.07903818,Orthosiphon spicatus,,unmapped,,,Pilloin,pilloin,32174-62-2,32174622,true,ok,C17H14O6,c17h14o6,314.079038,67b1e45ce1f9aa430f5d2c6f2a9e51111a86695db25366720c578ae67d0194c4,363,KNApSAcK World,https://www.knapsackfamily.com/KNApSAcK_World/,compounds_20260602_131155,2026-06-02T13:11:56+00:00,14513,9a2d620ca22b6f4aaadf5eff910d1d8e3179032dd7088904875ea941acd03ed6,review,unresolved_plant_mapping
363,C00003871,855-97-0,"5,7,3',4'-Tetramethoxyflavone",C19H18O6,342.11033831,Orthosiphon spicatus,,unmapped,,,"5,7,3',4'-Tetramethoxyflavone",5734tetramethoxyflavone,855-97-0,855970,true,ok,C19H18O6,c19h18o6,342.110338,0645cd496a4e66e25cc1cc370f70a2c5ebce6f499b340dba752104a21fb85b66,363,KNApSAcK World,https://www.knapsackfamily.com/KNApSAcK_World/,compounds_20260602_131155,2026-06-02T13:11:56+00:00,14514,8fff4f94fe6128e537656f560a3c778af3a9e726f259482263aff73690c1bc84,review,unresolved_plant_mapping
363,C00003894,855-96-9,Eupatorin,C18H16O7,344.08960287,Orthosiphon spicatus,,unmapped,,,Eupatorin,eupatorin,855-96-9,855969,true,ok,C18H16O7,c18h16o7,344.089603,d1fc172cc8d1be33e224efbf54daacfc9504aebfea977d1fbadd9464896a9108,363,KNApSAcK World,https://www.knapsackfamily.com/KNApSAcK_World/,compounds_20260602_131155,2026-06-02T13:11:56+00:00,14515,00689b56eebede259e47fcfd5cffddf6d1af51ae8f675df58f0c0e9d0e3ed048,review,unresolved_plant_mapping
363,C00004642,552-54-5,"Quercetin 7,3'-dimethyl ether",C17H14O7,330.0739528,Orthosiphon spicatus,,unmapped,,,"Quercetin 7,3'-dimethyl ether",quercetin_73dimethyl_ether,552-54-5,552545,true,ok,C17H14O7,c17h14o7,330.073953,4ac00b0c8e635b4529b0007c77ea7151904ad78328eff70144abc37426606c0f,363,KNApSAcK World,https://www.knapsackfamily.com/KNApSAcK_World/,compounds_20260602_131155,2026-06-02T13:11:56+00:00,14516,fe5ebe788a123ea6956fe71c32ad85c9c5d8c74bf56ec4ba74896bb16f137781,review,unresolved_plant_mapping
363,C00013596,2306-27-6,Sinensetin,C20H20O7,372.12090299,Orthosiphon spicatus,,unmapped,,,Sinensetin,sinensetin,2306-27-6,2306276,true,ok,C20H20O7,c20h20o7,372.120903,5e5ee6f4de8ec71c8d81250d6bd80ac78ec037be73669f04c9859e132c1aec68,363,KNApSAcK World,https://www.knapsackfamily.com/KNApSAcK_World/,compounds_20260602_131155,2026-06-02T13:11:56+00:00,14517,689432524b439422ca7f6379f4ee7708e32dd8e4ca5f05ede1da87e5be5dc315,review,unresolved_plant_mapping
369,C00003072,14259-45-1,Asperuloside,C18H22O11,414.11621155,Paederia scandens,,unmapped,,,Asperuloside,asperuloside,14259-45-1,14259451,true,ok,C18H22O11,c18h22o11,414.116212,14b9f90964d0ee8589e2d70290e1122eaad3853f1dfec743e522414a0e5cc729,369,KNApSAcK World,https://www.knapsackfamily.com/KNApSAcK_World/,compounds_20260602_131155,2026-06-02T13:11:56+00:00,15124,9b523b38617e5bc5fe878db7990d3137b37b6359fc3c430113c0b423ba42b65a,review,unresolved_plant_mapping
369,C00003094,20547-45-9,Paederoside,C18H22O11S,446.08828228,Paederia scandens var. mairei,,unmapped,,,Paederoside,paederoside,20547-45-9,20547459,true,ok,C18H22O11S,c18h22o11s,446.088282,5fd876ec07b99437cba2afc35dfb5dd21860301a096d171a63d1a92f76202962,369,KNApSAcK World,https://www.knapsackfamily.com/KNApSAcK_World/,compounds_20260602_131155,2026-06-02T13:11:56+00:00,15125,50f0519012b1572a41e06a21f5ed947dadfcc6888f5a12781daa435db5157eae,review,unresolved_plant_mapping
369,C00010644,18842-98-3,Paederosidic acid,C18H24O12S,464.09884696,Paederia scandens,,unmapped,,,Paederosidic acid,paederosidic_acid,18842-98-3,18842983,true,ok,C18H24O12S,c18h24o12s,464.098847,d3060f2e75a6aa4d8c1e96d122bc5abb7185f7725f8e45aad0aa48445361eece,369,KNApSAcK World,https://www.knapsackfamily.com/KNApSAcK_World/,compounds_20260602_131155,2026-06-02T13:11:56+00:00,15126,3576f9b82ee0b2e3a86622dee5ef92ee8e6a31ffb246db100a7848e8c8533970,review,unresolved_plant_mapping
369,C00010679,18842-99-4,Scandoside,C16H22O11,390.11621155,Paederia scandens,,unmapped,,,Scandoside,scandoside,18842-99-4,18842994,true,ok,C16H22O11,c16h22o11,390.116212,cafdda6eb69d1ce97bf1a7a6d966fbc4bf90a0206d4f1a13bb88dec9c8387de5,369,KNApSAcK World,https://www.knapsackfamily.com/KNApSAcK_World/,compounds_20260602_131155,2026-06-02T13:11:56+00:00,15127,5f522792c1d031e3a3eab4fb1922f7147fb2d234524baf09151ca43006ea8655,review,unresolved_plant_mapping
369,C00019064,508-02-1,Oleanolic acid,C30H48O3,456.3603454,Paederia scandens,,unmapped,,,Oleanolic acid,oleanolic_acid,508-02-1,508021,true,ok,C30H48O3,c30h48o3,456.360345,40b07e90226a9e630ee496842684aeaecfff77027bc53ea9dd69dda0b17a7b4b,369,KNApSAcK World,https://www.knapsackfamily.com/KNApSAcK_World/,compounds_20260602_131155,2026-06-02T13:11:56+00:00,15128,d8c36f6ad4c86a24cb29355f824bdcbe0d4c1fc2fd74c88dc2ef4194530e3273,review,unresolved_plant_mapping
369,C00029749,25368-11-0,Asperulosidic acid,C18H24O12,432.12677623,Paederia scandens,,unmapped,,,Asperulosidic acid,asperulosidic_acid,25368-11-0,25368110,true,ok,C18H24O12,c18h24o12,432.126776,882d921d78776a555c2b0f5be0f445af13fc4e6ea8d6e8160d07e8aad710ef91,369,KNApSAcK World,https://www.knapsackfamily.com/KNApSAcK_World/,compounds_20260602_131155,2026-06-02T13:11:56+00:00,15129,5f2fb8880a5a99df938a78e27e3a173806784e547930f3934a8b17c007116641,review,unresolved_plant_mapping
369,C00030092,18843-01-1,Deacetyl asperuloside,C16H20O10,372.10564686,Paederia scandens,,unmapped,,,Deacetyl asperuloside,deacetyl_asperuloside,18843-01-1,18843011,true,ok,C16H20O10,c16h20o10,372.105647,69415cb629518ee7864d5cf513634f8b92174d95735f2000303b615c3e518a27,369,KNApSAcK World,https://www.knapsackfamily.com/KNApSAcK_World/,compounds_20260602_131155,2026-06-02T13:11:56+00:00,15130,458da7f03afed0072927dda332a33f746d443237dad6f082d51a694b32db59dc,review,unresolved_plant_mapping
369,C00030094,52613-28-2,6alpha-Hydroxygeniposide,C17H24O11,404.13186161,Paederia scandens,,unmapped,,,6alpha-Hydroxygeniposide,6alphahydroxygeniposide,52613-28-2,52613282,true,ok,C17H24O11,c17h24o11,404.131862,a3d6f40adbf91364080790ae8c51607ee0d421975cbeb941f93a32d2063795f8,369,KNApSAcK World,https://www.knapsackfamily.com/KNApSAcK_World/,compounds_20260602_131155,2026-06-02T13:11:56+00:00,15131,a77f2a156ca4bb6cbeb3a3436b916b52109d71458e6d3c4782568ba9d97636ac,review,unresolved_plant_mapping
369,C00031491,836674-93-2,10-O-E-Feruloylmonotropein,C26H30O14,566.16355567,Paederia scandens,,unmapped,,,10-O-E-Feruloylmonotropein,10oeferuloylmonotropein,836674-93-2,836674932,true,ok,C26H30O14,c26h30o14,566.163556,b17fd90e1bbba16edd4b83829d1a3e1efc8d5bb9b4758856243cb3c164c5d618,369,KNApSAcK World,https://www.knapsackfamily.com/KNApSAcK_World/,compounds_20260602_131155,2026-06-02T13:11:56+00:00,15132,89a9a2205d9213e18f3a69dfba9bf7b666f13bc2d4528f12f0e59e2679d11f0b,review,unresolved_plant_mapping
369,C00031721,14260-99-2,Daphylloside,C19H26O12,446.1424263,Paederia scandens,,unmapped,,,Daphylloside,daphylloside,14260-99-2,14260992,true,ok,C19H26O12,c19h26o12,446.142426,a98d593215b008c9368824061e8838fbceca112c65cce7394a0d8bb40f819556,369,KNApSAcK World,https://www.knapsackfamily.com/KNApSAcK_World/,compounds_20260602_131155,2026-06-02T13:11:56+00:00,15133,1b1e4925389a0713a0b325d53e5a1bafc4f98eb2c44a2b3426bbb15803124844,review,unresolved_plant_mapping
369,C00032106,122413-01-8,Paederosidic acid methyl ester,C19H26O12S,478.11449703,Paederia scandens,,unmapped,,,Paederosidic acid methyl ester,paederosidic_acid_methyl_ester,122413-01-8,122413018,true,ok,C19H26O12S,c19h26o12s,478.114497,21f7b9975b6360ba55d36cdeed14a15f94cfd4380745699c0d87fbe67c1be532,369,KNApSAcK World,https://www.knapsackfamily.com/KNApSAcK_World/,compounds_20260602_131155,2026-06-02T13:11:56+00:00,15134,83d58fe7ba3307d41d4dd375f2e87349648ddb4cae1c47ad1f21e0ead5057c30,review,unresolved_plant_mapping
369,C00035966,836674-92-1,6'-O-E-Feruloylmonotropein,C26H30O14,566.16355567,Paederia scandens,,unmapped,,,6'-O-E-Feruloylmonotropein,6oeferuloylmonotropein,836674-92-1,836674921,true,ok,C26H30O14,c26h30o14,566.163556,7396087da6d94516bfe2a189e615f5d1ee25656a13ac88f52181869476455082,369,KNApSAcK World,https://www.knapsackfamily.com/KNApSAcK_World/,compounds_20260602_131155,2026-06-02T13:11:56+00:00,15135,a9854ba4467815a4a6596d6097974cb5c5569a0a93273d8ea2e1adc62cb734c8,review,unresolved_plant_mapping
369,C00036512,438240-83-6,"3,4-Dihydro-3-methoxypaederoside",C19H26O12S,478.11449703,Paederia scandens,,unmapped,,,"3,4-Dihydro-3-methoxypaederoside",34dihydro3methoxypaederoside,438240-83-6,438240836,true,ok,C19H26O12S,c19h26o12s,478.114497,d79a47f7067f95cd76a75ca26e506618b9087a4dc6894791e99d0f3da95a9879,369,KNApSAcK World,https://www.knapsackfamily.com/KNApSAcK_World/,compounds_20260602_131155,2026-06-02T13:11:56+00:00,15136,d6e0d986f05590e6b68602476ba47f1f61e776ea67bdc3129315696277dd3345,review,unresolved_plant_mapping
373,C00024626,37687--34-6,6-Acetonyldihydrosanguinarine,C23H19NO5,389.12632273,Papaver somniferum L.,a276ec76-a93d-5ff6-b99a-cca2b39a11a1,mapped,raw_plant_id,plant_id,6-Acetonyldihydrosanguinarine,6acetonyldihydrosanguinarine,37687--34-6,37687346,false,invalid_format,C23H19NO5,c23h19no5,389.126323,9666508478af08de2f438ee6882f254cb7643d8b6766e4ab669fbb9ec329fe1a,373,KNApSAcK World,https://www.knapsackfamily.com/KNApSAcK_World/,compounds_20260602_131155,2026-06-02T13:11:56+00:00,15206,d19115a1cc1b840bc251d05ae1fc5528315b036729cd00288fdd2a8729e11f41,review,cas_invalid_format
381,C00000134,21293-29-8,Abscisic acid,C15H20O4,264.13615913,Persea gratissima,,unmapped,,,Abscisic acid,abscisic_acid,21293-29-8,21293298,true,ok,C15H20O4,c15h20o4,264.136159,6daacd6d9d6ad63f70e6b41870fa5e888968bea66ae04847752888936e09b6ae,381,KNApSAcK World,https://www.knapsackfamily.com/KNApSAcK_World/,compounds_20260602_131155,2026-06-02T13:11:56+00:00,15357,0da23ac8a03d3a05ddeb34d09a4089fbf7b9c209a02d11c82ce054efa43659cd,review,unresolved_plant_mapping
381,C00001167,527-06-0,Perseitol,C7H16O7,212.08960287,Persea gratissima,,unmapped,,,Perseitol,perseitol,527-06-0,527060,true,ok,C7H16O7,c7h16o7,212.089603,269f0f3551727ac6a92a6de5a58f5e5430d297d6405a4342ba2aee7b77e24c71,381,KNApSAcK World,https://www.knapsackfamily.com/KNApSAcK_World/,compounds_20260602_131155,2026-06-02T13:11:56+00:00,15358,c004443737b137ed6df6680cae88f33da51c6d1f770d7264922d0be8453dba69,review,unresolved_plant_mapping
381,C00002719,29554-26-5,N-Caffeoylputrescine,C13H18N2O3,250.13174246,Persea gratissima,,unmapped,,,N-Caffeoylputrescine,ncaffeoylputrescine,29554-26-5,29554265,true,ok,C13H18N2O3,c13h18n2o3,250.131742,332698f6e67786dc4e9ebd07b2704b56854fb479a78b5391d1b72aedc84e3a40,381,KNApSAcK World,https://www.knapsackfamily.com/KNApSAcK_World/,compounds_20260602_131155,2026-06-02T13:11:56+00:00,15359,3f4cc35f65a38c3383406f12fbfaa0fdc11ced01e0f00af25e7409020cfc4a23,review,unresolved_plant_mapping
381,C00002740,140-67-0,Estragol,C10H12O,148.08881501,Persea gratissima,,unmapped,,,Estragol,estragol,140-67-0,140670,true,ok,C10H12O,c10h12o,148.088815,9bcd96065f02f97291a8443c73d7430302a32c0440a7ea48dac31e671f961187,381,KNApSAcK World,https://www.knapsackfamily.com/KNApSAcK_World/,compounds_20260602_131155,2026-06-02T13:11:56+00:00,15360,18f04ed77b04d60aa5de302cfbdbb982bb39caacd81c9ff3bcacd6c58aa08d9b,review,unresolved_plant_mapping
381,C00002780,501-13-3,Feruloylputrescine,C14H20N2O3,264.14739252,Persea gratissima,,unmapped,,,Feruloylputrescine,feruloylputrescine,501-13-3,501133,true,ok,C14H20N2O3,c14h20n2o3,264.147393,be1d9aee78decc18e49d274e67017e5b453712cb64218b01a71b7015def927e1,381,KNApSAcK World,https://www.knapsackfamily.com/KNApSAcK_World/,compounds_20260602_131155,2026-06-02T13:11:56+00:00,15361,5fa49a51026214924a04008b24fb82f9695343ea4e24a323500829674acb98a5,review,unresolved_plant_mapping
381,C00002934,41743-41-3,Procyanidin A2,C30H24O12,576.12677623,Persea gratissima,,unmapped,,,Procyanidin A2,procyanidin_a2,41743-41-3,41743413,true,ok,C30H24O12,c30h24o12,576.126776,70205dd24b0637bb15841191a77cf9f216eda47ef37c880cf0cad0d6576edc44,381,KNApSAcK World,https://www.knapsackfamily.com/KNApSAcK_World/,compounds_20260602_131155,2026-06-02T13:11:56+00:00,15362,e9aa1dcecd3b1847a6ddeee31e814c5419cd6b4b9b591e0d17993e56ba8c97b5,review,unresolved_plant_mapping
381,C00009075,20315-25-7,Procyanidin B1,C30H26O12,578.1424263,Persea gratissima,,unmapped,,,Procyanidin B1,procyanidin_b1,20315-25-7,20315257,true,ok,C30H26O12,c30h26o12,578.142426,ff8c91d582291024d588ccae6182930ac259d60e3c07eaa33c5b85b324735697,381,KNApSAcK World,https://www.knapsackfamily.com/KNApSAcK_World/,compounds_20260602_131155,2026-06-02T13:11:56+00:00,15363,4b90a1087123919bde536097cb64e9b570cb74f1006106ebdc01c026b23ab4b7,review,unresolved_plant_mapping
381,C00009077,29106-49-8,Procyanidin B2,C30H26O12,578.1424263,Persea gratissima,,unmapped,,,Procyanidin B2,procyanidin_b2,29106-49-8,29106498,true,ok,C30H26O12,c30h26o12,578.142426,9b1126e2eefb75a2a92786eca816e58343f47d1ae6033ab409ca2c7b4b171f6c,381,KNApSAcK World,https://www.knapsackfamily.com/KNApSAcK_World/,compounds_20260602_131155,2026-06-02T13:11:56+00:00,15364,2b27f34e5f2853ea9b39f22ad38aa9d26e0e2e0897999246966cf384ef6b91a6,review,unresolved_plant_mapping
381,C00009277,103883-03-0,Proanthocyanidin A1,C30H24O12,576.12677623,Persea gratissima,,unmapped,,,Proanthocyanidin A1,proanthocyanidin_a1,103883-03-0,103883030,true,ok,C30H24O12,c30h24o12,576.126776,8194833fb1d2ddbd93c5ba5868c821de8bcc84fc2dcf07d4b6a8a4c18b22f4bb,381,KNApSAcK World,https://www.knapsackfamily.com/KNApSAcK_World/,compounds_20260602_131155,2026-06-02T13:11:56+00:00,15365,cd51fd4bb743655d38e4d07277880a9742c748ee3e696593ae6d2d52a0198353,review,unresolved_plant_mapping
381,C00053347,34227-09-3,Isoavocadienofuran,C17H26O,246.19836545,Persea gratissima,,unmapped,,,Isoavocadienofuran,isoavocadienofuran,34227-09-3,34227093,true,ok,C17H26O,c17h26o,246.198365,76b714c1d5d23b4c353d8ed994c2b450025475ccbd2e604095cbd4166b02443c,381,KNApSAcK World,https://www.knapsackfamily.com/KNApSAcK_World/,compounds_20260602_131155,2026-06-02T13:11:56+00:00,15366,b9ea6307764eb8f6babb76003045ca6530ec29c5c6380974819223b6eed900a6,review,unresolved_plant_mapping
381,C00053637,34136-53-3,p-Coumaroylputrescine,C13H18N2O2,234.13682783,Persea gratissima,,unmapped,,,p-Coumaroylputrescine,pcoumaroylputrescine,34136-53-3,34136533,true,ok,C13H18N2O2,c13h18n2o2,234.136828,4d72aee35c1241e0c41a56047620cd34c3a7fa772b23d84641e7c3d8d3637e36,381,KNApSAcK World,https://www.knapsackfamily.com/KNApSAcK_World/,compounds_20260602_131155,2026-06-02T13:11:56+00:00,15367,279e64630b59e6dd6030d8c733a399e4e4e6fae2f8a0c764cfeaac711c239e39,review,unresolved_plant_mapping
381,C00057015,13111-79-0,D-glycero-D-manno-2-Octulose,C8H16O8,240.08451749,Persea gratissima,,unmapped,,,D-glycero-D-manno-2-Octulose,dglycerodmanno2octulose,13111-79-0,13111790,true,ok,C8H16O8,c8h16o8,240.084517,b3d8b4ea61ea56a307866e0e3c3e9ee781414088cd78ba750760323c9c6c6ab5,381,KNApSAcK World,https://www.knapsackfamily.com/KNApSAcK_World/,compounds_20260602_131155,2026-06-02T13:11:56+00:00,15368,8571941093ee4af6c5682b14645d342f5ab4a23c011be81dd857b84b5c837c1c,review,unresolved_plant_mapping
384,C00053792,595-14-2,Soyasapogenol C,C30H48O2,440.36543078,Phaseolus radiatus,,unmapped,,,Soyasapogenol C,soyasapogenol_c,595-14-2,595142,true,ok,C30H48O2,c30h48o2,440.365431,57602efb91ba742eba3009335b5ac0675e0bdc979ba32711ce2777492a964fcc,384,KNApSAcK World,https://www.knapsackfamily.com/KNApSAcK_World/,compounds_20260602_131155,2026-06-02T13:11:56+00:00,15384,b292c6f25a5d33c7587cfb59bded1fb47816591f7dc1f342180150a45ece27d0,review,unresolved_plant_mapping
384,C00054319,505-72-6,3-(Carboxymethylamino)propanoic acid,C5H9NO4,147.05315778,Phaseolus radiatus var. typicus,,unmapped,,,3-(Carboxymethylamino)propanoic acid,3carboxymethylaminopropanoic_acid,505-72-6,505726,true,ok,C5H9NO4,c5h9no4,147.053158,dfa5e90a07e08a6b69c65afd965fc05c82c0f8a197a72aabe69b01bdc9e1d91b,384,KNApSAcK World,https://www.knapsackfamily.com/KNApSAcK_World/,compounds_20260602_131155,2026-06-02T13:11:56+00:00,15385,0ed462919770c5933a8927aecdb8739b0dc9714edb0699b57646f8082b781fe4,review,unresolved_plant_mapping
392,C00005401,52525-35-6,Quercetin 3-O-rhamnosyl-(1->6)-galactoside,C27H30O16,610.15338491,Physalis angulata L.,,unmapped,,,Quercetin 3-O-rhamnosyl-(1->6)-galactoside,quercetin_3orhamnosyl16galactoside,52525-35-6,52525356,true,ok,C27H30O16,c27h30o16,610.153385,ed5a1ad1a4baf34a09ee704f5e00988c09ef4428dfcee7fb879fbec342e42783,392,KNApSAcK World,https://www.knapsackfamily.com/KNApSAcK_World/,compounds_20260602_131155,2026-06-02T13:11:56+00:00,16074,bee5d8d4a4edda9696460d8458bc9771f717f200125e8ac65ffae31a2bd2fed2,review,unresolved_plant_mapping
392,C00013965,431887-48-8,Myricetin 3-neohesperidoside,C27H30O17,626.14829954,Physalis angulata,,unmapped,,,Myricetin 3-neohesperidoside,myricetin_3neohesperidoside,431887-48-8,431887488,true,ok,C27H30O17,c27h30o17,626.1483,60550a3efe63fba85d70ef20bd1b9fae3fa03d43ad3794bca09859adb5d1b48c,392,KNApSAcK World,https://www.knapsackfamily.com/KNApSAcK_World/,compounds_20260602_131155,2026-06-02T13:11:56+00:00,16075,301ee29baf2fddfa40e6e4dffc578da2eef1f934993e6f58f82f1c862e0fcfac,review,unresolved_plant_mapping
392,C00031019,146713-92-0,Physagulin D,C34H52O10,620.35604788,Physalis angulata L.,,unmapped,,,Physagulin D,physagulin_d,146713-92-0,146713920,true,ok,C34H52O10,c34h52o10,620.356048,c55ca3a2bb2ad8fcb17c6a9674ecb7173f92d7d04acab0e6cdce67504b3bff31,392,KNApSAcK World,https://www.knapsackfamily.com/KNApSAcK_World/,compounds_20260602_131155,2026-06-02T13:11:56+00:00,16076,4eda1bb79ec242d943e2163244a60563d0eb8e05874382dbd91a30f1afacaf63,review,unresolved_plant_mapping
392,C00031020,914774-49-5,Physagulin L,C30H42O10,562.27779756,Physalis angulata L.,,unmapped,,,Physagulin L,physagulin_l,914774-49-5,914774495,true,ok,C30H42O10,c30h42o10,562.277798,c4fe77dbca5b0d50508f9bfa2cb78fbe9b1a627c64d51d38135d0b98c71355bb,392,KNApSAcK World,https://www.knapsackfamily.com/KNApSAcK_World/,compounds_20260602_131155,2026-06-02T13:11:56+00:00,16077,a83630fff919834a2a22e348be67448d00e17660acb5ecd5629c1a100a5652ef,review,unresolved_plant_mapping
392,C00031021,914774-50-8,Physagulin M,C30H40O9,544.26723288,Physalis angulata L.,,unmapped,,,Physagulin M,physagulin_m,914774-50-8,914774508,true,ok,C30H40O9,c30h40o9,544.267233,4dc5c7cc8dfc1725977617f86a9d2b519eb47ce1c30bb78534d51d528bc014f5,392,KNApSAcK World,https://www.knapsackfamily.com/KNApSAcK_World/,compounds_20260602_131155,2026-06-02T13:11:56+00:00,16078,e68d961af8979ca5e0c5ce2658d72f3725d66e5a88356c63d1efcf038b5459ab,review,unresolved_plant_mapping
392,C00031022,914774-51-9,Physagulin N,C31H42O8,542.28796832,Physalis angulata L.,,unmapped,,,Physagulin N,physagulin_n,914774-51-9,914774519,true,ok,C31H42O8,c31h42o8,542.287968,4b57d2d8b3d86387df49f4fb59a1cb617f0daf4170ad0416b244f68b8f7e3d26,392,KNApSAcK World,https://www.knapsackfamily.com/KNApSAcK_World/,compounds_20260602_131155,2026-06-02T13:11:56+00:00,16079,3eb225ef67a7ece25fdb1ccbc7d6f65110c0f1e20194f014c69dc16d6a82508f,review,unresolved_plant_mapping
392,C00032510,120824-03-5,Withangulatin A,C30H38O8,526.25666819,Physalis angulata L.,,unmapped,,,Withangulatin A,withangulatin_a,120824-03-5,120824035,true,ok,C30H38O8,c30h38o8,526.256668,77d7b7b143ef5b981093d9fe9bc1b1091b80d9c4ce4f6316cd75f916ff6b6e71,392,KNApSAcK World,https://www.knapsackfamily.com/KNApSAcK_World/,compounds_20260602_131155,2026-06-02T13:11:56+00:00,16080,23f2a04cb92e5a8d87fa27dbf4e1998173f32edece2bfb8b4d6b4a79ef16fe7f,review,unresolved_plant_mapping
392,C00032511,1039021-31-2,Withangulatin I,C30H36O8,524.24101813,Physalis angulata L.,,unmapped,,,Withangulatin I,withangulatin_i,1039021-31-2,1039021312,true,ok,C30H36O8,c30h36o8,524.241018,878c6210d613ab7d552b02f8c36cb97006e566de94c7f0ad00de64be98c3ab41,392,KNApSAcK World,https://www.knapsackfamily.com/KNApSAcK_World/,compounds_20260602_131155,2026-06-02T13:11:56+00:00,16081,b0b3be6f71621bedb942f9d034218c66609a73714aa960179f5b5d2a0d932b40,review,unresolved_plant_mapping
392,C00032512,40326-62-3,Withanolide,C28H46O2,414.34978071,Physalis angulata L.,,unmapped,,,Withanolide,withanolide,40326-62-3,40326623,true,ok,C28H46O2,c28h46o2,414.349781,5ad4edea3018dd50a72642ac3c34170a00e5964964892d1531d525047f6a2301,392,KNApSAcK World,https://www.knapsackfamily.com/KNApSAcK_World/,compounds_20260602_131155,2026-06-02T13:11:56+00:00,16082,6a913b4a45cf103d7316ee5973dd3fde2e1a326a49a6986c890d41739728735c,review,unresolved_plant_mapping
392,C00039032,38253-76-8,Dihydrowithanolide E,C28H40O7,488.27740363,Physalis angulata,,unmapped,,,Dihydrowithanolide E,dihydrowithanolide_e,38253-76-8,38253768,true,ok,C28H40O7,c28h40o7,488.277404,d251ad3c2622266fa53f3eaed052a505b01cbea4a28eff0b50b4a7aac2a59de3,392,KNApSAcK World,https://www.knapsackfamily.com/KNApSAcK_World/,compounds_20260602_131155,2026-06-02T13:11:56+00:00,16083,69eefb716a3b1a381493b2993fcb921a39bd7df3d62c5e2a550b0770fccf70be,review,unresolved_plant_mapping
392,C00039999,23133-56-4,Physalin B,C28H30O9,510.18898256,Physalis angulata,,unmapped,,,Physalin B,physalin_b,23133-56-4,23133564,true,ok,C28H30O9,c28h30o9,510.188983,91f961189b5db8e51e402f763485bf131ade494560c2107402470c197c05ae60,392,KNApSAcK World,https://www.knapsackfamily.com/KNApSAcK_World/,compounds_20260602_131155,2026-06-02T13:11:56+00:00,16084,26073182aff7f1abf52ca2df235d5993e94e824a025a66cac717b478757ad773,review,unresolved_plant_mapping
392,C00040000,54980-22-2,Physalin D,C28H32O11,544.19446187,Physalis angulata,,unmapped,,,Physalin D,physalin_d,54980-22-2,54980222,true,ok,C28H32O11,c28h32o11,544.194462,c9eba210a89da721cefdf0928e757be7a1f73c766432d6e4fa0e875fd54b103b,392,KNApSAcK World,https://www.knapsackfamily.com/KNApSAcK_World/,compounds_20260602_131155,2026-06-02T13:11:56+00:00,16085,c6b7b9856a72f80b442e84b1c18d985caad69a03e001836d7f24efad99f6c229,review,unresolved_plant_mapping
392,C00040001,57423-71-9,Physalin F,C28H30O10,526.18389718,Physalis angulata,,unmapped,,,Physalin F,physalin_f,57423-71-9,57423719,true,ok,C28H30O10,c28h30o10,526.183897,c292b197e6bd85cb88b8d2dd00496785951fbe45b15b5a644c593e79b203c4b8,392,KNApSAcK World,https://www.knapsackfamily.com/KNApSAcK_World/,compounds_20260602_131155,2026-06-02T13:11:56+00:00,16086,2305afdd9e0753a25a3f88b68dc666b89cfdc584a4ae45b54e5ce3bc2922a670,review,unresolved_plant_mapping
392,C00040002,69913-56-0,Physalin G,C28H30O10,526.18389718,Physalis angulata,,unmapped,,,Physalin G,physalin_g,69913-56-0,69913560,true,ok,C28H30O10,c28h30o10,526.183897,e96de1a3ae3b1266f578cd12d334c4f2c12bb0e8164069b07db712c7205072e8,392,KNApSAcK World,https://www.knapsackfamily.com/KNApSAcK_World/,compounds_20260602_131155,2026-06-02T13:11:56+00:00,16087,323a42666d8576f579ab442597e1104d529848187fbfad72a6a8125e868524ca,review,unresolved_plant_mapping
392,C00040003,70293-99-1,Physalin I,C29H34O11,558.21011193,Physalis angulata,,unmapped,,,Physalin I,physalin_i,70293-99-1,70293991,true,ok,C29H34O11,c29h34o11,558.210112,a82677493dbed22b2c38cd7c0f4c5bf94c0261631f79f7a7271750fae1f6d878,392,KNApSAcK World,https://www.knapsackfamily.com/KNApSAcK_World/,compounds_20260602_131155,2026-06-02T13:11:56+00:00,16088,281820e5cadb40bd1788ba8dcc16d68f0e8e0c38c8756c1b3b08bae32a59de09,review,unresolved_plant_mapping
392,C00040005,57517-46-1,Physalin J,C28H30O10,526.18389718,Physalis angulata,,unmapped,,,Physalin J,physalin_j,57517-46-1,57517461,true,ok,C28H30O10,c28h30o10,526.183897,b3d1e41ddf31d608ae9805a07f8dd7e0c05c9072d0b936787e1d7c27ccd21e3c,392,KNApSAcK World,https://www.knapsackfamily.com/KNApSAcK_World/,compounds_20260602_131155,2026-06-02T13:11:56+00:00,16089,a0238cdca7549657a44b9540be336394b3442409ddee1b4ac9cdde32506ca593,review,unresolved_plant_mapping
392,C00040006,73051-80-6,Physalin T,C28H34O11,546.21011193,Physalis angulata,,unmapped,,,Physalin T,physalin_t,73051-80-6,73051806,true,ok,C28H34O11,c28h34o11,546.210112,b4c883e11ed7fc28ff22ffccb3105aada10e3bd5305bc46146afac455f38f4e0,392,KNApSAcK World,https://www.knapsackfamily.com/KNApSAcK_World/,compounds_20260602_131155,2026-06-02T13:11:56+00:00,16090,8f9754ebf6a87d9755ac54e1a35f771010a7900bd4b10841198cceaf76d63559,review,unresolved_plant_mapping
392,C00040007,877823-77-3,Physalin U,C29H34O11,558.21011193,Physalis angulata,,unmapped,,,Physalin U,physalin_u,877823-77-3,877823773,true,ok,C29H34O11,c29h34o11,558.210112,6e8f06b1b0ddd7502facbbf93c6a6d5dbac4c5ab3a42eb575fddbef1d01014c8,392,KNApSAcK World,https://www.knapsackfamily.com/KNApSAcK_World/,compounds_20260602_131155,2026-06-02T13:11:56+00:00,16091,12e0f86c56715c5acb220601670bdb72c7c0cf03f6a051af683e3ea7f5e3d1ca,review,unresolved_plant_mapping
392,C00040008,904892-55-3,Physalin V,C30H34O10,554.21519731,Physalis angulata,,unmapped,,,Physalin V,physalin_v,904892-55-3,904892553,true,ok,C30H34O10,c30h34o10,554.215197,85c5cf78ce11c9fe997eb3bcba99495bb2b1e822a0768600cd702cf1b1ba6587,392,KNApSAcK World,https://www.knapsackfamily.com/KNApSAcK_World/,compounds_20260602_131155,2026-06-02T13:11:56+00:00,16092,77322b9a908f9ceb0d1ab50c6660d760d03b18b48e2cf6329d5057e19ddfee3e,review,unresolved_plant_mapping
392,C00040009,944718-72-3,Physalin W,C28H30O10,526.18389718,Physalis angulata,,unmapped,,,Physalin W,physalin_w,944718-72-3,944718723,true,ok,C28H30O10,c28h30o10,526.183897,f2587fa521e94fff780b59098fc849111e40ed2a5cfa3ba48976334e281223f3,392,KNApSAcK World,https://www.knapsackfamily.com/KNApSAcK_World/,compounds_20260602_131155,2026-06-02T13:11:56+00:00,16093,139bbfa05c7f876a9498e442f2018704db8bf6ab640d84a7a3f0482e5b61f2a3,review,unresolved_plant_mapping
392,C00040013,904892-54-2,Physanolide A,C30H44O6,500.31378914,Physalis angulata,,unmapped,,,Physanolide A,physanolide_a,904892-54-2,904892542,true,ok,C30H44O6,c30h44o6,500.313789,3d0a8022d081cd466b6802bec960de098ca284aff3e9094d260ceee8166000b2,392,KNApSAcK World,https://www.knapsackfamily.com/KNApSAcK_World/,compounds_20260602_131155,2026-06-02T13:11:56+00:00,16094,c765a5061beec31ddb556b978e301d3edd4264070b563c876ff7c681b0609778,review,unresolved_plant_mapping
392,C00040653,946074-78-8,Withangulatin B,C28H38O9,518.25158281,Physalis angulata,,unmapped,,,Withangulatin B,withangulatin_b,946074-78-8,946074788,true,ok,C28H38O9,c28h38o9,518.251583,5e9f2f6c66f86727d53bbc9c0632c925a8092a9e3b0b10664951b498b5656708,392,KNApSAcK World,https://www.knapsackfamily.com/KNApSAcK_World/,compounds_20260602_131155,2026-06-02T13:11:56+00:00,16095,003233a67bb281604f7252fe1f15e3814a8a80f7578b902f212c6ea05a08a4c0,review,unresolved_plant_mapping
392,C00040654,946074-79-9,Withangulatin C,C29H42O9,534.28288294,Physalis angulata,,unmapped,,,Withangulatin C,withangulatin_c,946074-79-9,946074799,true,ok,C29H42O9,c29h42o9,534.282883,dd224564bad12eed146053f12c783790f5133f9eedfe9752e1ab509e7165425f,392,KNApSAcK World,https://www.knapsackfamily.com/KNApSAcK_World/,compounds_20260602_131155,2026-06-02T13:11:56+00:00,16096,6d159f4129c414fdd6d730eb9c00d8f1991779d764ff53c34b48b38ffa5962a5,review,unresolved_plant_mapping
392,C00040655,946074-80-2,Withangulatin D,C29H44O10,552.29344763,Physalis angulata,,unmapped,,,Withangulatin D,withangulatin_d,946074-80-2,946074802,true,ok,C29H44O10,c29h44o10,552.293448,5ade44b5ad77313aee7953c045188aaf67046042d1c79f40cb7b5727ab5c225e,392,KNApSAcK World,https://www.knapsackfamily.com/KNApSAcK_World/,compounds_20260602_131155,2026-06-02T13:11:56+00:00,16097,979ab61d905d5d2309d5d2a9aa606e2219ceaf898404d8b63f6e8952d23c8a2e,review,unresolved_plant_mapping
392,C00040656,946074-81-3,Withangulatin E,C29H42O8,518.28796832,Physalis angulata,,unmapped,,,Withangulatin E,withangulatin_e,946074-81-3,946074813,true,ok,C29H42O8,c29h42o8,518.287968,dbb6d1ef2bf84b29697e829a44600845a7e2534f1caf1c2d829bf821e0cc362e,392,KNApSAcK World,https://www.knapsackfamily.com/KNApSAcK_World/,compounds_20260602_131155,2026-06-02T13:11:56+00:00,16098,a3b1a1c52ee79139684fcab625a35892cb4a2c2736ac4d92f64dcb3dff21492c,review,unresolved_plant_mapping
392,C00040657,946074-82-4,Withangulatin F,C28H38O6,470.26683895,Physalis angulata,,unmapped,,,Withangulatin F,withangulatin_f,946074-82-4,946074824,true,ok,C28H38O6,c28h38o6,470.266839,1e7cf8d8ca6f7cdc7958c5a58d5010e36184590eef0f0c0462c857c039775416,392,KNApSAcK World,https://www.knapsackfamily.com/KNApSAcK_World/,compounds_20260602_131155,2026-06-02T13:11:56+00:00,16099,299376ec7960c54c5658514d67e128199f4ce300558a03d0c3c6e70674cc1290,review,unresolved_plant_mapping
392,C00040658,946074-83-5,Withangulatin G,C28H40O10,536.2621475,Physalis angulata,,unmapped,,,Withangulatin G,withangulatin_g,946074-83-5,946074835,true,ok,C28H40O10,c28h40o10,536.262147,80bec73b51b6ca58d4e07caa71915db47eeb712976d750d54e24e273a0ca73d5,392,KNApSAcK World,https://www.knapsackfamily.com/KNApSAcK_World/,compounds_20260602_131155,2026-06-02T13:11:56+00:00,16100,80adcb760971ca4d96b683579325b6f70c6d90a9027c1479cc6747e2ef998f10,review,unresolved_plant_mapping
392,C00040659,946074-84-6,Withangulatin H,C29H42O9,534.28288294,Physalis angulata,,unmapped,,,Withangulatin H,withangulatin_h,946074-84-6,946074846,true,ok,C29H42O9,c29h42o9,534.282883,43e8d5b8e0c8f46bb7f28031c071f0227cfd2f4ce5bff0774fe86fc28b70f88c,392,KNApSAcK World,https://www.knapsackfamily.com/KNApSAcK_World/,compounds_20260602_131155,2026-06-02T13:11:56+00:00,16101,5593372a82f3c481f2e8cfd7dc82a1494452daaf8201097f95cb7f527871f12f,review,unresolved_plant_mapping
392,C00040660,57423-72-0,Withaphysalin A,C28H34O6,466.23553882,Physalis angulata,,unmapped,,,Withaphysalin A,withaphysalin_a,57423-72-0,57423720,true,ok,C28H34O6,c28h34o6,466.235539,eb176b2b84cea90d00afc1ac82327bf4e3a55c207177cd94777f9bce84fa9817,392,KNApSAcK World,https://www.knapsackfamily.com/KNApSAcK_World/,compounds_20260602_131155,2026-06-02T13:11:56+00:00,16102,deacc8f79a9e2b58a71a9bf5e980f02a63ed8bc02fea9050ea38b740d24ef9d5,review,unresolved_plant_mapping
392,C00040661,74799-65-8,Withaphysanolide,C28H38O7,486.26175357,Physalis angulata,,unmapped,,,Withaphysanolide,withaphysanolide,74799-65-8,74799658,true,ok,C28H38O7,c28h38o7,486.261754,d377ee7b19a411591b87d710189ec4cf35f30165956d5250260a8f4fd36c2df4,392,KNApSAcK World,https://www.knapsackfamily.com/KNApSAcK_World/,compounds_20260602_131155,2026-06-02T13:11:56+00:00,16103,bff86aa3e23d5d40824c1899099c2a36e9727a17d8b8bce7a617e50367585ad0,review,unresolved_plant_mapping
392,C00054835,107221-66-9,"24,25-Epoxywithanolide D. 5,6",C28H38O7,486.26175357,Physalis angulata,,unmapped,,,"24,25-Epoxywithanolide D. 5,6",2425epoxywithanolide_d_56,107221-66-9,107221669,true,ok,C28H38O7,c28h38o7,486.261754,6f03ee84be550e56375fcd592894e8c4f64848da1e8e94b40274ead088363a4e,392,KNApSAcK World,https://www.knapsackfamily.com/KNApSAcK_World/,compounds_20260602_131155,2026-06-02T13:11:56+00:00,16104,5027429522d072aa1c3848bc4f65ff55e3f3952e5d9b0fd9ab108e6030666336,review,unresolved_plant_mapping
392,C00056416,107221-65-8,14-Hydroxyixocarpanolide,C28H40O7,488.27740363,Physalis angulata,,unmapped,,,14-Hydroxyixocarpanolide,14hydroxyixocarpanolide,107221-65-8,107221658,true,ok,C28H40O7,c28h40o7,488.277404,84de5f9c5e33d12fd438046b9ab52f9a7c58e5dabbf17191bc7a977258e953c2,392,KNApSAcK World,https://www.knapsackfamily.com/KNApSAcK_World/,compounds_20260602_131155,2026-06-02T13:11:56+00:00,16105,71fd74ba1153ef09bf3952197c66094b168bfa226aab4ccf729efaa307ad6650,review,unresolved_plant_mapping
392,C00057016,131749-58-1,Physangulide,C28H42O9,522.28288294,Physalis angulata,,unmapped,,,Physangulide,physangulide,131749-58-1,131749581,true,ok,C28H42O9,c28h42o9,522.282883,2cfd9af3c0023d26b75388bd219c7236b044eff4bbd684ce93beb1dad405a172,392,KNApSAcK World,https://www.knapsackfamily.com/KNApSAcK_World/,compounds_20260602_131155,2026-06-02T13:11:56+00:00,16106,7d0ecfc2e19dc1b423ad41d0f4e100f12daab52d729d09793267b4b41b2dbddd,review,unresolved_plant_mapping
392,C00057038,136997-67-6,Physagulin C,C30H38O9,542.25158281,Physalis angulata,,unmapped,,,Physagulin C,physagulin_c,136997-67-6,136997676,true,ok,C30H38O9,c30h38o9,542.251583,ede279ee4add743f2c13670ecfd007f7e6d28be8dc227f2b405fd19818a43c47,392,KNApSAcK World,https://www.knapsackfamily.com/KNApSAcK_World/,compounds_20260602_131155,2026-06-02T13:11:56+00:00,16107,7abb3140b77669a0af0ec72c7445b902d23fd3a3213fd0a2053c6b8efefe65d4,review,unresolved_plant_mapping
392,C00057072,146713-97-5,Physagulin B,C30H39ClO7,546.23843131,Physalis angulata,,unmapped,,,Physagulin B,physagulin_b,146713-97-5,146713975,true,ok,C30H39ClO7,c30h39clo7,546.238431,bd4199fd1bbaad192c65814a21153baa21e4c4e2d292fb46c2f0b00fcf9b575d,392,KNApSAcK World,https://www.knapsackfamily.com/KNApSAcK_World/,compounds_20260602_131155,2026-06-02T13:11:56+00:00,16108,7222f1a68b85046e044545adfb34c792ffd76570dae094229d6cecdf32b51b34,review,unresolved_plant_mapping
392,C00057073,146713-98-6,Physagulin A,C30H38O7,510.26175357,Physalis angulata,,unmapped,,,Physagulin A,physagulin_a,146713-98-6,146713986,true,ok,C30H38O7,c30h38o7,510.261754,dbda5bc83e27d330b4aedd3aeedb27454c355920755359a9630a4af038511f5c,392,KNApSAcK World,https://www.knapsackfamily.com/KNApSAcK_World/,compounds_20260602_131155,2026-06-02T13:11:56+00:00,16109,daa5566d24dc68746c4ab9f0e3080ae150cd07ca449536ab048097c3f077ae32,review,unresolved_plant_mapping
392,C00057085,148054-12-0,Physagulin F,C30H40O9,544.26723288,Physalis angulata,,unmapped,,,Physagulin F,physagulin_f,148054-12-0,148054120,true,ok,C30H40O9,c30h40o9,544.267233,3aca94f5ca5c6ef1f7ffc299eac09a376cf3e87dfc1c1e1976b4b39ae54495b6,392,KNApSAcK World,https://www.knapsackfamily.com/KNApSAcK_World/,compounds_20260602_131155,2026-06-02T13:11:56+00:00,16110,837c9a966f0ef6fc33ce8f6b5c675f31a251c9ba17c33fc81d49a00301ea6d74,review,unresolved_plant_mapping
392,C00057086,148054-13-1,Physagulin E,C36H50O14,706.32005631,Physalis angulata,,unmapped,,,Physagulin E,physagulin_e,148054-13-1,148054131,true,ok,C36H50O14,c36h50o14,706.320056,d3087087cf7acde258e1661970a9c015ef81933f1f4ad8c0e6a9bee3b2f7a474,392,KNApSAcK World,https://www.knapsackfamily.com/KNApSAcK_World/,compounds_20260602_131155,2026-06-02T13:11:56+00:00,16111,9331471f641bc463a91113c6e43d921b33543a0b78bdcc12bc60610d9102b1ac,review,unresolved_plant_mapping
392,C00057087,148076-22-6,Physagulin G,C36H50O15,722.31497093,Physalis angulata,,unmapped,,,Physagulin G,physagulin_g,148076-22-6,148076226,true,ok,C36H50O15,c36h50o15,722.314971,41e912bb651c2804716a13b0b8d93472f6239f0adc11d600fd12de4b3dc9c185,392,KNApSAcK World,https://www.knapsackfamily.com/KNApSAcK_World/,compounds_20260602_131155,2026-06-02T13:11:56+00:00,16112,6e1c6e1243766bd7eac1e1719752c925b6578f3a2c99299fd77cf4eb8d2b22eb,review,unresolved_plant_mapping
392,C00057088,148139-97-3,Phygrine,C16H28N2O2,280.21507815,Physalis angulata,,unmapped,,,Phygrine,phygrine,148139-97-3,148139973,true,ok,C16H28N2O2,c16h28n2o2,280.215078,4a92f40a0089512610c33898745e47ec21f27b72f31cc6fd580ab49092a948e4,392,KNApSAcK World,https://www.knapsackfamily.com/KNApSAcK_World/,compounds_20260602_131155,2026-06-02T13:11:56+00:00,16113,36c5e4bf289634b02a831acde836698e3ae8e7b48ef5578cd6ed8fcc2e9af95d,review,unresolved_plant_mapping
392,C00057504,70241-09-7,Physalin H,C28H31ClO10,562.16057492,Physalis angulata,,unmapped,,,Physalin H,physalin_h,70241-09-7,70241097,true,ok,C28H31ClO10,c28h31clo10,562.160575,c77b1d25a4b08704ff5405b397fe5288f25adbed355f05ace847b4f5824a1764,392,KNApSAcK World,https://www.knapsackfamily.com/KNApSAcK_World/,compounds_20260602_131155,2026-06-02T13:11:56+00:00,16114,d5cfabba8f90dbe764b06c4de87d76fb75ad9ed5c2a58e5d8bd0887eee617335,review,unresolved_plant_mapping
392,C00057505,70241-10-0,Physalin E,C28H32O11,544.19446187,Physalis angulata,,unmapped,,,Physalin E,physalin_e,70241-10-0,70241100,true,ok,C28H32O11,c28h32o11,544.194462,e9eaeb4f88fe281eaa541fda74fd40ec85c226da87d826e493759456c36f9faf,392,KNApSAcK World,https://www.knapsackfamily.com/KNApSAcK_World/,compounds_20260602_131155,2026-06-02T13:11:56+00:00,16115,5ff4f24c4f5ee7c905e3e4cec7c2ca483049f071e88092f6c57420ff130c510f,review,unresolved_plant_mapping
392,C00057540,76045-35-7,Physalin K,C28H30O12,558.17372642,Physalis angulata,,unmapped,,,Physalin K,physalin_k,76045-35-7,76045357,true,ok,C28H30O12,c28h30o12,558.173726,f5c866f1c10c89f5d92cdc48d9065faf06001fe856f95953599023dacc2b9c43,392,KNApSAcK World,https://www.knapsackfamily.com/KNApSAcK_World/,compounds_20260602_131155,2026-06-02T13:11:56+00:00,16116,3960dd806be1505bf50eac24e53bfe1d4c4bc94e04dfb0bf6f5a9d70621ff6c6,review,unresolved_plant_mapping
392,C00057555,791084-72-5,Physagulin H,C30H38O8,526.25666819,Physalis angulata,,unmapped,,,Physagulin H,physagulin_h,791084-72-5,791084725,true,ok,C30H38O8,c30h38o8,526.256668,00abcacfd24f05608388b367d3fa5c997fcb1a1559dc992f8018c971c7a7b582,392,KNApSAcK World,https://www.knapsackfamily.com/KNApSAcK_World/,compounds_20260602_131155,2026-06-02T13:11:56+00:00,16117,90be71c4ca83a5528914cbca65f6045ea1195f2c4a45971a8c97b5035bf974ae,review,unresolved_plant_mapping
392,C00057556,791084-73-6,Physagulin I,C30H39ClO8,562.23334593,Physalis angulata,,unmapped,,,Physagulin I,physagulin_i,791084-73-6,791084736,true,ok,C30H39ClO8,c30h39clo8,562.233346,ecfe8f4598089b39def39863a274e6074688a7ca73fe47f6012a0e203d798bfd,392,KNApSAcK World,https://www.knapsackfamily.com/KNApSAcK_World/,compounds_20260602_131155,2026-06-02T13:11:56+00:00,16118,8249fcb8cf9dd7ccf31d75e2ab0026124c08636c50e3ab859160a4d5245d562a,review,unresolved_plant_mapping
392,C00057557,791084-74-7,Physagulin J,C30H42O8,530.28796832,Physalis angulata,,unmapped,,,Physagulin J,physagulin_j,791084-74-7,791084747,true,ok,C30H42O8,c30h42o8,530.287968,c49b4bbadcb7171823bd3b21aa6cce29f1fddb416293c372b4fd994ccdb6a768,392,KNApSAcK World,https://www.knapsackfamily.com/KNApSAcK_World/,compounds_20260602_131155,2026-06-02T13:11:56+00:00,16119,ceae442a3279fdde0bd314a85ca89f1e53dd156d508317a14c37cf43c52850ca,review,unresolved_plant_mapping
392,C00057558,791084-75-8,Physagulin K,C30H42O9,546.28288294,Physalis angulata,,unmapped,,,Physagulin K,physagulin_k,791084-75-8,791084758,true,ok,C30H42O9,c30h42o9,546.282883,5cec7585ef96ab0bb60fdbdf40dd9b78ae1ea439d9b253ecf14919a592aeaf01,392,KNApSAcK World,https://www.knapsackfamily.com/KNApSAcK_World/,compounds_20260602_131155,2026-06-02T13:11:56+00:00,16120,152d469a1424fda0357ba5084c1ee1422a13d7fd32373169d8962f14d73172b3,review,unresolved_plant_mapping
392,C00057689,952671-88-4,Physagulin O,C30H40O9,544.26723288,Physalis angulata,,unmapped,,,Physagulin O,physagulin_o,952671-88-4,952671884,true,ok,C30H40O9,c30h40o9,544.267233,9aba055293b9251b933aefb6c75928629de66f7b14c3cc02b6bbcefb1a99891c,392,KNApSAcK World,https://www.knapsackfamily.com/KNApSAcK_World/,compounds_20260602_131155,2026-06-02T13:11:56+00:00,16121,660849c0b461e196401ba5f5273c4512de754b0d529e9b8e011ab226287852f6,review,unresolved_plant_mapping
392,C00057779,114332-66-0,Vamonolide,C28H40O6,472.28248901,Physalis angulata,,unmapped,,,Vamonolide,vamonolide,114332-66-0,114332660,true,ok,C28H40O6,c28h40o6,472.282489,c6a9ce8badc7b1e8a4e4e761057adde49b1726860148627ec28756d0e55270c7,392,KNApSAcK World,https://www.knapsackfamily.com/KNApSAcK_World/,compounds_20260602_131155,2026-06-02T13:11:56+00:00,16122,e880b3f5ad0d3804bda5dcea03b71e838f0661b4e96faf0d3c4896ddeaa83892,review,unresolved_plant_mapping
397,C00050619,84897-03-2,"(8R,8'R,9'S)-5-Methoxyclusin",C23H28O8,432.17841787,Piper cubeba,7ee52f33-7a42-594b-b302-6547e6ec3605,mapped,raw_plant_id,plant_id,"(8R,8'R,9'S)-5-Methoxyclusin",8r8r9s5methoxyclusin,84897-03-2,84897032,false,checksum_failed,C23H28O8,c23h28o8,432.178418,01bc5f074edc60b418f585c764222e2a7dc4dbe2ce8a708736634a4082154632,397,KNApSAcK World,https://www.knapsackfamily.com/KNApSAcK_World/,compounds_20260602_131155,2026-06-02T13:11:56+00:00,16245,8f4fe491dbc01bf34def87373fd84fc140fe4b0527eed33aa01a80e745793f12,review,cas_checksum_failed
398,C00002987,1952-41-6,"5,6-Dehydrokawain",C14H12O3,228.07864425,Piper methysticum,,unmapped,,,"5,6-Dehydrokawain",56dehydrokawain,1952-41-6,1952416,true,ok,C14H12O3,c14h12o3,228.078644,74a6ba1d0d72d515ee2d3929e5fdc7d9a5f553c83f9b43de08b90c95829160db,398,KNApSAcK World,https://www.knapsackfamily.com/KNApSAcK_World/,compounds_20260602_131155,2026-06-02T13:11:56+00:00,16254,f6d1def11df2cd402531cdaa094cb5c2192891166126c0a35f1a4d283368034a,review,unresolved_plant_mapping
398,C00002988,19902-91-1,Dihydromethysticin,C15H16O5,276.09977362,Piper methysticum,,unmapped,,,Dihydromethysticin,dihydromethysticin,19902-91-1,19902911,true,ok,C15H16O5,c15h16o5,276.099774,7445b2b61e035b21f4f1e199aee2cb4d26f880d10ca797d3e729dbdfcdb7e45b,398,KNApSAcK World,https://www.knapsackfamily.com/KNApSAcK_World/,compounds_20260602_131155,2026-06-02T13:11:56+00:00,16255,ae79800a11ef80ed6136a4c3760ddf9afd6fd3934f5aa8ed919c69cfe546402f,review,unresolved_plant_mapping
398,C00003000,500-64-1,Kawain,C14H14O3,230.09429431,Piper methysticum,,unmapped,,,Kawain,kawain,500-64-1,500641,true,ok,C14H14O3,c14h14o3,230.094294,28e415f81a0ba40e0071d9b089a18ef667279e6fc3c003d7a8d6e2a17ecaa0dc,398,KNApSAcK World,https://www.knapsackfamily.com/KNApSAcK_World/,compounds_20260602_131155,2026-06-02T13:11:56+00:00,16256,2e8515624db028368b0d02638cd6d35002d78456a2697e5926576389d9bd9265,review,unresolved_plant_mapping
398,C00003005,495-85-2,Methysticin,C15H14O5,274.08412356,Piper methysticum,,unmapped,,,Methysticin,methysticin,495-85-2,495852,true,ok,C15H14O5,c15h14o5,274.084124,8bbadf53f7e95b2774b3a4da1d4a8b89292e96f131f6da1dc4fd9c73a3fce83e,398,KNApSAcK World,https://www.knapsackfamily.com/KNApSAcK_World/,compounds_20260602_131155,2026-06-02T13:11:56+00:00,16257,ccd2c7346ef927cdba9ddd75cc26b067eee4888bd879ed24a1c9a2cbd4e5dc6b,review,unresolved_plant_mapping
398,C00003024,500-62-9,Yangonin,C15H14O4,258.08920894,Piper methysticum,,unmapped,,,Yangonin,yangonin,500-62-9,500629,true,ok,C15H14O4,c15h14o4,258.089209,1365179d5b81060b725a26f31a657a50d7d25b922c5bc538c4a3b0a8712acf8b,398,KNApSAcK World,https://www.knapsackfamily.com/KNApSAcK_World/,compounds_20260602_131155,2026-06-02T13:11:56+00:00,16258,0588b2ab47513ca7e310c980f7dd1fedb677fbcc20da9b6c1ce882ef7f1e6c2d,review,unresolved_plant_mapping
398,C00003674,83-48-7,beta-Stigmasterol,C29H48O,412.37051615,Piper methysticum Forst.f.,,unmapped,,,beta-Stigmasterol,betastigmasterol,83-48-7,83487,true,ok,C29H48O,c29h48o,412.370516,9cd000cf1de0b1a51aa8e4ac52337dfcf385e90a9b7ddef73ade575f77a1e400,398,KNApSAcK World,https://www.knapsackfamily.com/KNApSAcK_World/,compounds_20260602_131155,2026-06-02T13:11:56+00:00,16259,24fc4358afcee05214f496f183b49f6981547b9442eccf6234e03e351542c752,review,unresolved_plant_mapping
398,C00006936,1775-97-9,Flavokawin B,C17H16O4,284.104859,Piper methysticum,,unmapped,,,Flavokawin B,flavokawin_b,1775-97-9,1775979,true,ok,C17H16O4,c17h16o4,284.104859,9278fee0c8f0d5e69a8edbfdf1b1d7c1222c9c456b691066b0acbdc87a3007a7,398,KNApSAcK World,https://www.knapsackfamily.com/KNApSAcK_World/,compounds_20260602_131155,2026-06-02T13:11:56+00:00,16260,70b8457397092f6dfd5ac5a953315ba8c5fe67163daebb5f2ad7874b5aa7fac8,review,unresolved_plant_mapping
398,C00006957,37308-75-1,Flavokawain C,C17H16O5,300.09977362,Piper methysticum,,unmapped,,,Flavokawain C,flavokawain_c,37308-75-1,37308751,true,ok,C17H16O5,c17h16o5,300.099774,51c3eb91c2afb3160a1bc30fea50a4628ef6f3986d4f82c5960582bfd7301d9f,398,KNApSAcK World,https://www.knapsackfamily.com/KNApSAcK_World/,compounds_20260602_131155,2026-06-02T13:11:56+00:00,16261,2205b34f73a61fbb261ea62c4cca2bac6c65ae57320a7826a8fa426cdbe18d7c,review,unresolved_plant_mapping
398,C00006958,3420-72-2,Flavokawin A,C18H18O5,314.11542369,Piper methysticum,,unmapped,,,Flavokawin A,flavokawin_a,3420-72-2,3420722,true,ok,C18H18O5,c18h18o5,314.115424,a92d80d77942a1ddf1d34f8694ce0fe0f2764a0022221aa476c2cf64d2c3755e,398,KNApSAcK World,https://www.knapsackfamily.com/KNApSAcK_World/,compounds_20260602_131155,2026-06-02T13:11:56+00:00,16262,3b773faa84a7123cba2872f69346c38574ffe2404a363e62ab78d6a3dd509d90,review,unresolved_plant_mapping
398,C00014600,42546-55-4,Dihydroflavokawain C,C17H18O5,302.11542369,Piper methysticum,,unmapped,,,Dihydroflavokawain C,dihydroflavokawain_c,42546-55-4,42546554,true,ok,C17H18O5,c17h18o5,302.115424,decbb35f5a4e95b833716ab7a397a7cfff0f0a18ef5cb7347f6b2d5c2b021161,398,KNApSAcK World,https://www.knapsackfamily.com/KNApSAcK_World/,compounds_20260602_131155,2026-06-02T13:11:56+00:00,16263,6e9935b41b3f4407eaab26bc78df16431837713703ce2b2a70bc214c7d31a244,review,unresolved_plant_mapping
398,C00014601,3791-75-1,Flavokavain A,C18H20O5,316.13107375,Piper methysticum,,unmapped,,,Flavokavain A,flavokavain_a,3791-75-1,3791751,true,ok,C18H20O5,c18h20o5,316.131074,e0b975b146b949e3780b89b422492330f5229dedfa83bebb4b5ca2f94240d853,398,KNApSAcK World,https://www.knapsackfamily.com/KNApSAcK_World/,compounds_20260602_131155,2026-06-02T13:11:56+00:00,16264,7dafabc6461b8eaa27670c02dbacaadf681390d829c9aa689c4b6aab247ff6fb,review,unresolved_plant_mapping
398,C00024779,95377-96-1,Yagonin,C20H17NO6,367.10558728,Piper methysticum,,unmapped,,,Yagonin,yagonin,95377-96-1,95377961,true,ok,C20H17NO6,c20h17no6,367.105587,299e6b59645d7686898ed440f381049bd65e6e8a76e81232a451b193cf8ee434,398,KNApSAcK World,https://www.knapsackfamily.com/KNApSAcK_World/,compounds_20260602_131155,2026-06-02T13:11:56+00:00,16265,09944f97a2f3d7c15fddfe7ce9fce3c8afd300a445d9dc03597b3ef377bee7f4,review,unresolved_plant_mapping
398,C00025787,55610-01-0,Cepharadione A,C18H11NO4,305.06880785,Piper methysticum,,unmapped,,,Cepharadione A,cepharadione_a,55610-01-0,55610010,true,ok,C18H11NO4,c18h11no4,305.068808,6ff9483109e152224e1d0bb1840b1fa08ff528a072a91159b6255e99272293a1,398,KNApSAcK World,https://www.knapsackfamily.com/KNApSAcK_World/,compounds_20260602_131155,2026-06-02T13:11:56+00:00,16266,121d20359f190317e85a928e01750470c63a44aa0f8344ce66a8288259e1cf7c,review,unresolved_plant_mapping
398,C00029373,7638-92-8,10-Methoxyyagonin,C16H16O5,288.09977362,Piper methysticum,,unmapped,,,10-Methoxyyagonin,10methoxyyagonin,7638-92-8,7638928,true,ok,C16H16O5,c16h16o5,288.099774,44c35842c72364fd1d2ddf1eca50efb90b85e93e96688c815df408eadb6054ca,398,KNApSAcK World,https://www.knapsackfamily.com/KNApSAcK_World/,compounds_20260602_131155,2026-06-02T13:11:56+00:00,16267,a11d4d5411c5e0b4ea0260fb84a92a575662c0d9171840c5409456db03da5603,review,unresolved_plant_mapping
398,C00029378,38146-59-7,11-Hydroxy-12-methoxydihydrokavain,C15H18O5,278.11542369,Piper methysticum,,unmapped,,,11-Hydroxy-12-methoxydihydrokavain,11hydroxy12methoxydihydrokavain,38146-59-7,38146597,true,ok,C15H18O5,c15h18o5,278.115424,82ff0d8f36350b4603ac8e6648f9ba0154f414fba2ae0c0ac0cdc31d1bd2e104,398,KNApSAcK World,https://www.knapsackfamily.com/KNApSAcK_World/,compounds_20260602_131155,2026-06-02T13:11:56+00:00,16268,2b31b95cf470c0c7aff5510efce3270881c5c4878485ca4786959f6017a8a06b,review,unresolved_plant_mapping
398,C00029550,15345-89-8,"5,6-Dehydrokawain",C14H12O3,228.07864425,Piper methysticum Forst.f.,,unmapped,,,"5,6-Dehydrokawain",56dehydrokawain,15345-89-8,15345898,true,ok,C14H12O3,c14h12o3,228.078644,b21b6924ea85d15aa9d0f1fbbc3f5b9b2bcdcd5d9b645c2c8746d61e35a3961a,398,KNApSAcK World,https://www.knapsackfamily.com/KNApSAcK_World/,compounds_20260602_131155,2026-06-02T13:11:56+00:00,16269,b7b8f9f239a3c20de3e056ee36369b5a796f3ca6e2e2e16cf47952698b28a939,review,unresolved_plant_mapping
398,C00029551,56070-90-7,"5,6-Dehydromethysticin",C15H12O5,272.06847349,Piper methysticum,,unmapped,,,"5,6-Dehydromethysticin",56dehydromethysticin,56070-90-7,56070907,true,ok,C15H12O5,c15h12o5,272.068473,4a60c1cbc39949e00afe2a87c2835df90671bfe2efaafe84892cdf83a42785da,398,KNApSAcK World,https://www.knapsackfamily.com/KNApSAcK_World/,compounds_20260602_131155,2026-06-02T13:11:56+00:00,16270,9ddc9c4a592b496c3c9ce29889d0595be5e629501c43bd52c5ddb9786a98e57f,review,unresolved_plant_mapping
398,C00029583,587-63-3,"7,8-Dihydrokavain",C14H16O3,232.10994438,Piper methysticum,,unmapped,,,"7,8-Dihydrokavain",78dihydrokavain,587-63-3,587633,true,ok,C14H16O3,c14h16o3,232.109944,ed23bfe56ede00dec638b42a793876094300e3fccc6562d1207299ef1626f520,398,KNApSAcK World,https://www.knapsackfamily.com/KNApSAcK_World/,compounds_20260602_131155,2026-06-02T13:11:56+00:00,16271,0692172be197361eb279c738ba139365d823c6c306f9b31208cff743804298a0,review,unresolved_plant_mapping
398,C00029962,5034-00-4,Cinnamic acid bornyl ester,C20H26O3,314.1881947,Piper methysticum,,unmapped,,,Cinnamic acid bornyl ester,cinnamic_acid_bornyl_ester,5034-00-4,5034004,true,ok,C20H26O3,c20h26o3,314.188195,a415fb04667cfda6276cefd408099c4110ef16557398bc6b292b4ef99f53f4a7,398,KNApSAcK World,https://www.knapsackfamily.com/KNApSAcK_World/,compounds_20260602_131155,2026-06-02T13:11:56+00:00,16272,d409ca0a9b3d809ea64cdafd09912c36f9ccdefe90aa253cca311443f5e12f95,review,unresolved_plant_mapping
398,C00030497,334833-30-6,Hydroxykavain,C14H14O4,246.08920894,Piper methysticum,,unmapped,,,Hydroxykavain,hydroxykavain,334833-30-6,334833306,true,ok,C14H14O4,c14h14o4,246.089209,20116efe2728b8a8ea8344396a227940af44fd21c082d17e7ffb91bb3c7b9a58,398,KNApSAcK World,https://www.knapsackfamily.com/KNApSAcK_World/,compounds_20260602_131155,2026-06-02T13:11:56+00:00,16273,3c67c248fcfe9aeaf68aa0465f445f0a7370bb653819e12b9007cf21a55b6ab2,review,unresolved_plant_mapping
398,C00033558,14737-89-4,"3,4-Dimethoxy-trans-cinnamic acid",C11H12O4,208.07355887,Piper methysticum,,unmapped,,,"3,4-Dimethoxy-trans-cinnamic acid",34dimethoxytranscinnamic_acid,14737-89-4,14737894,true,ok,C11H12O4,c11h12o4,208.073559,dc2c141b072a8f4eb18fca90ebc43943cf9e093ed95684a31a6ed896e2b69985,398,KNApSAcK World,https://www.knapsackfamily.com/KNApSAcK_World/,compounds_20260602_131155,2026-06-02T13:11:56+00:00,16274,9149cafc72d9e75e0bc6591400cc972334aeb2e8c82f01bf9c90f01011232c86,review,unresolved_plant_mapping
398,C00036514,17172-93-9,"3,4-Methylenedioxycinnamylideneacetone",C13H12O3,216.07864425,Piper methysticum Forst.f.,,unmapped,,,"3,4-Methylenedioxycinnamylideneacetone",34methylenedioxycinnamylideneacetone,17172-93-9,17172939,true,ok,C13H12O3,c13h12o3,216.078644,8c2459f6eda75f1b7e776bbc3fc33e1b551f00603b01a578706b37f048a7b460,398,KNApSAcK World,https://www.knapsackfamily.com/KNApSAcK_World/,compounds_20260602_131155,2026-06-02T13:11:56+00:00,16275,950c2ab08f3b1a2a20e691e8ba2d1792b24a1b30691a65d2475f2f69048bd20c,review,unresolved_plant_mapping
398,C00036788,593254-86-5,Awaine,C14H17NO2,231.12592879,Piper methysticum,,unmapped,,,Awaine,awaine,593254-86-5,593254865,true,ok,C14H17NO2,c14h17no2,231.125929,b49447c2141e3ac0395b604ef6db0dda31cd0f081f958cff344b0fc3b12e375f,398,KNApSAcK World,https://www.knapsackfamily.com/KNApSAcK_World/,compounds_20260602_131155,2026-06-02T13:11:56+00:00,16276,c94fc227dfa5de2a2f9a3a2fb4a9d4cd51558488d6b76194c2b674b0567f1d86,review,unresolved_plant_mapping
398,C00037157,64680-84-8,Flavokawain A,C18H18O5,314.11542369,Piper methysticum,,unmapped,,,Flavokawain A,flavokawain_a,64680-84-8,64680848,true,ok,C18H18O5,c18h18o5,314.115424,12f9b42905a14cfe858973374ce5f87bc11a46300f6ad75a3ed686e947667ee7,398,KNApSAcK World,https://www.knapsackfamily.com/KNApSAcK_World/,compounds_20260602_131155,2026-06-02T13:11:56+00:00,16277,e7e7cd5ca7678f29d699258b451fe0d2fc70f0369b09de093bf330f73d00cadf,review,unresolved_plant_mapping
398,C00037653,71627-22-0,Pipermethystine,C16H17NO4,287.11575804,piper methysticum,,unmapped,,,Pipermethystine,pipermethystine,71627-22-0,71627220,true,ok,C16H17NO4,c16h17no4,287.115758,d4462acb2991e0b6556e3d2362eb4a0c92272812a64c30a4ea2a94866ee02e93,398,KNApSAcK World,https://www.knapsackfamily.com/KNApSAcK_World/,compounds_20260602_131155,2026-06-02T13:11:56+00:00,16278,79cef9b9de1120f840bc4996a11cc20b7fe668548aa59d89fd63e5e4d301c334,review,unresolved_plant_mapping
398,C00045544,76554-24-0,"2'-Hydroxy-4',6'-dimethoxychalcone",C17H16O4,284.104859,Piper methysticum,,unmapped,,,"2'-Hydroxy-4',6'-dimethoxychalcone",2hydroxy46dimethoxychalcone,76554-24-0,76554240,true,ok,C17H16O4,c17h16o4,284.104859,db126791d1cdffb21aed458429d76b9614ae802383a6a0d504ba51fab7ef6e3b,398,KNApSAcK World,https://www.knapsackfamily.com/KNApSAcK_World/,compounds_20260602_131155,2026-06-02T13:11:56+00:00,16279,80f89df4391ff1be9bd8ea4dada234a98469ac265f0c34cf6b239f6ede9b9a5a,review,unresolved_plant_mapping
398,C00054408,38146-60-0,"7,8-Dihydro-11,12-dimethoxykawain",C16H20O5,292.13107375,Piper methysticum,,unmapped,,,"7,8-Dihydro-11,12-dimethoxykawain",78dihydro1112dimethoxykawain,38146-60-0,38146600,true,ok,C16H20O5,c16h20o5,292.131074,94bd54f61e7bf2299bf8d8d5a05030a08cc5562ca44276945b633a2124ce8e6e,398,KNApSAcK World,https://www.knapsackfamily.com/KNApSAcK_World/,compounds_20260602_131155,2026-06-02T13:11:56+00:00,16280,a037924bbd2923563e8550fa975008b6cf02922bcd7eb7682b3e2b3c1d9d7f25,review,unresolved_plant_mapping
398,C00054676,4173-44-8,Cinnamylideneacetone,C12H12O,172.08881501,Piper methysticum,,unmapped,,,Cinnamylideneacetone,cinnamylideneacetone,4173-44-8,4173448,true,ok,C12H12O,c12h12o,172.088815,954820b085ac36f880dbf0980a7d3512f827cd6f23873914b158b091046664cb,398,KNApSAcK World,https://www.knapsackfamily.com/KNApSAcK_World/,compounds_20260602_131155,2026-06-02T13:11:56+00:00,16281,bedf64f55cd9d27f46e68dfd440357dc4ae7f6d708c0dde58a29a75c270ee3e6,review,unresolved_plant_mapping
398,C00057348,33046-41-2,6-Phenyl-3-hexen-2-one,C12H14O,174.10446507,Piper methysticum,,unmapped,,,6-Phenyl-3-hexen-2-one,6phenyl3hexen2one,33046-41-2,33046412,true,ok,C12H14O,c12h14o,174.104465,421d70aa3f716e3c89d10675b7b7957190269b03952a885dbbdb177baa4b9fbd,398,KNApSAcK World,https://www.knapsackfamily.com/KNApSAcK_World/,compounds_20260602_131155,2026-06-02T13:11:56+00:00,16282,ef76115d977c95bc2d0b99ba33d4e6b272bc3e8d1eb74f7e521283bc9cbeb4d4,review,unresolved_plant_mapping
398,C00058121,49776-58-1,"5,6,7,8-Tetrahydroyangonin",C15H18O4,262.12050906,Piper methysticum,,unmapped,,,"5,6,7,8-Tetrahydroyangonin",5678tetrahydroyangonin,49776-58-1,49776581,true,ok,C15H18O4,c15h18o4,262.120509,0549dab8f4e0d3c352aad21fb49a5b615a8254c84f0b057300e87a3f00203387,398,KNApSAcK World,https://www.knapsackfamily.com/KNApSAcK_World/,compounds_20260602_131155,2026-06-02T13:11:56+00:00,16283,12725a19d51eba135226f50dd639729aaccd25a4a7471e0c4811ccee37a7cc49,review,unresolved_plant_mapping
407,C00003080,20867-01-0,Fulvoplumierin,C14H12O4,244.07355887,Plumeria acutifolia,,unmapped,,,Fulvoplumierin,fulvoplumierin,20867-01-0,20867010,true,ok,C14H12O4,c14h12o4,244.073559,e7a5bfc77cd02045a68a91610e09e803b25b17d5123d1b1526f6c9774174a668,407,KNApSAcK World,https://www.knapsackfamily.com/KNApSAcK_World/,compounds_20260602_131155,2026-06-02T13:11:56+00:00,16619,5a9045d5ad193e64f9fc9470018d12748328b902b07fe5bb2d3a29651c601306,review,unresolved_plant_mapping
407,C00003096,511-89-7,Plumieride,C21H26O12,470.1424263,Plumeria acutifolia,,unmapped,,,Plumieride,plumieride,511-89-7,511897,true,ok,C21H26O12,c21h26o12,470.142426,29c384af01024d2484a3caa388b0e3a8a1d4e050728ea6d1cc250b0df4f7c1de,407,KNApSAcK World,https://www.knapsackfamily.com/KNApSAcK_World/,compounds_20260602_131155,2026-06-02T13:11:56+00:00,16620,9e9e408d198712fd38d593af5ba430193528880dfcca2a5b26324e7977bb4e03,review,unresolved_plant_mapping
420,C00000004,468-44-0,Gibberellin A4,C19H24O5,332.16237388,Pyrus malus,,unmapped,,,Gibberellin A4,gibberellin_a4,468-44-0,468440,true,ok,C19H24O5,c19h24o5,332.162374,dc61ca809105b41690f5dedad9f9419279ace0610ca4a5ddac19bfa1323abf85,420,KNApSAcK World,https://www.knapsackfamily.com/KNApSAcK_World/,compounds_20260602_131155,2026-06-02T13:11:56+00:00,17522,f0dea70564bf7ba58b1658a6090a6f1b4668c02448bd88dcfb6fb8e0ae14d662,review,unresolved_plant_mapping
420,C00000061,81826-98-4,Gibberellin A61,C19H24O5,332.16237388,Pyrus malus,,unmapped,,,Gibberellin A61,gibberellin_a61,81826-98-4,81826984,true,ok,C19H24O5,c19h24o5,332.162374,47a68c580739fba1a24638b8dc3cf41f0a2ab2151f1ff794251032214b58bd78,420,KNApSAcK World,https://www.knapsackfamily.com/KNApSAcK_World/,compounds_20260602_131155,2026-06-02T13:11:56+00:00,17523,a6c318cd1087989f8b0987fa4de5169d939bf5ee103742adb3cec9cc3beb48ec,review,unresolved_plant_mapping
420,C00000062,81826-99-5,Gibberellin A62,C19H22O5,330.14672381,Pyrus malus,,unmapped,,,Gibberellin A62,gibberellin_a62,81826-99-5,81826995,true,ok,C19H22O5,c19h22o5,330.146724,8bb885c247c532898029a96c5880a2417823b74c80583ed801e442a3af149a84,420,KNApSAcK World,https://www.knapsackfamily.com/KNApSAcK_World/,compounds_20260602_131155,2026-06-02T13:11:56+00:00,17524,8b8e4b992fe21e2561f35d82b478422d8d4bd950d680140f0b95056a70a06c1f,review,unresolved_plant_mapping
420,C00000113,771-50-6,Indole-3-carboxylic acid,C9H7NO2,161.04767848,Pyrus malus,,unmapped,,,Indole-3-carboxylic acid,indole3carboxylic_acid,771-50-6,771506,true,ok,C9H7NO2,c9h7no2,161.047678,15565be673cb2e4f35510ff6eb0c5e61213529189f0f5d31eb4d61e5fa54d08a,420,KNApSAcK World,https://www.knapsackfamily.com/KNApSAcK_World/,compounds_20260602_131155,2026-06-02T13:11:56+00:00,17525,20e09aef4c40d0903c4db6ed882fdb52519940badcd30cc0aa2d14a5360aa907,review,unresolved_plant_mapping
420,C00001142,585-99-9,Melibiose,C12H22O11,342.11621155,Pyrus malus,,unmapped,,,Melibiose,melibiose,585-99-9,585999,true,ok,C12H22O11,c12h22o11,342.116212,e2d62eb5ea57e2bafa26a02fd4bc214a5b60c183f13d39a88e5d77105d7f2dc0,420,KNApSAcK World,https://www.knapsackfamily.com/KNApSAcK_World/,compounds_20260602_131155,2026-06-02T13:11:56+00:00,17526,522f181ed8a665aca997686777cfe3e9731d743e90c39ca7f27d5facbdff77ef,review,unresolved_plant_mapping
420,C00031074,13849-91-7,Pomolic acid,C30H48O4,472.35526002,Pyrus malus L.,,unmapped,,,Pomolic acid,pomolic_acid,13849-91-7,13849917,true,ok,C30H48O4,c30h48o4,472.35526,880a4105bc87a60d16219293730f0c4087d3b31ca17e1f48ab9a73aec919f19b,420,KNApSAcK World,https://www.knapsackfamily.com/KNApSAcK_World/,compounds_20260602_131155,2026-06-02T13:11:56+00:00,17527,1ad2e25462b572728077b0910801c5d71bbcafcb30377f2917145377f18a24af,review,unresolved_plant_mapping
420,C00033322,13849-90-6,Pomonic acid,C30H46O4,470.33960996,Pyrus malus L.,,unmapped,,,Pomonic acid,pomonic_acid,13849-90-6,13849906,true,ok,C30H46O4,c30h46o4,470.33961,d964c83f743b0c268cc25bebf89d614c81890d74a95b8a10a9ca526b6ee0d40a,420,KNApSAcK World,https://www.knapsackfamily.com/KNApSAcK_World/,compounds_20260602_131155,2026-06-02T13:11:56+00:00,17528,7d1bd5943d184a4ca5d93e479e30ef832c1a775ac9c9fd3ad336b8e5a3120752,review,unresolved_plant_mapping
420,C00057456,5848-11-3,"1,28-Octacosanediol",C28H58O2,426.44368109,Pyrus malus,,unmapped,,,"1,28-Octacosanediol",128octacosanediol,5848-11-3,5848113,true,ok,C28H58O2,c28h58o2,426.443681,9b0786c4da1d38cebfc3b292f974eae19badbc820d55ad13ef220d030238dda4,420,KNApSAcK World,https://www.knapsackfamily.com/KNApSAcK_World/,compounds_20260602_131155,2026-06-02T13:11:56+00:00,17529,36a7f533a4e12afbf5d38e5d4366d2b7ce225ae4ef65aa1eb3e2d4ad0312448d,review,unresolved_plant_mapping
420,C00058025,22513-82-2,"1,24-Tetracosanediol",C24H50O2,370.38108084,Pyrus malus,,unmapped,,,"1,24-Tetracosanediol",124tetracosanediol,22513-82-2,22513822,true,ok,C24H50O2,c24h50o2,370.381081,b68fd41985c5a6a5e7eb699bd8a1fb692d291b0f148cf493c7b48fdec59b5370,420,KNApSAcK World,https://www.knapsackfamily.com/KNApSAcK_World/,compounds_20260602_131155,2026-06-02T13:11:56+00:00,17530,dd09521270121f8577ba2e3116170bdcd3e69caf56fb73ca79ece2b2f9bca3d6,review,unresolved_plant_mapping
423,C00001391,52809-07-1,Quisqualic acid,C5H7N3O5,189.03857036,Quisqualis indica,,unmapped,,,Quisqualic acid,quisqualic_acid,52809-07-1,52809071,true,ok,C5H7N3O5,c5h7n3o5,189.03857,b259d4d428227d05379801ae67aaba3abc9d285b087cb9ebe1aa95b6e47e5d0d,423,KNApSAcK World,https://www.knapsackfamily.com/KNApSAcK_World/,compounds_20260602_131155,2026-06-02T13:11:56+00:00,17541,447406ff8d2783572d43c3591b256b7f68f5dcac2d3703fa2194aaeb824974a0,review,unresolved_plant_mapping
423,C00001555,535-83-1,Trigonelline,C7H7NO2,137.04767848,Quisqualis indica,,unmapped,,,Trigonelline,trigonelline,535-83-1,535831,true,ok,C7H7NO2,c7h7no2,137.047678,ccd2560e730536650a789682d585ac34aec2425ea47d757da358bf009eacf716,423,KNApSAcK World,https://www.knapsackfamily.com/KNApSAcK_World/,compounds_20260602_131155,2026-06-02T13:11:56+00:00,17542,add355f0ba8389b481fbd95ad7694b57dcde1d269d1d2c41db365d0267383267,review,unresolved_plant_mapping
429,C00001678,483-04-5,Ajmalicine,C21H24N2O3,352.17869265,Rauwolfia serpentina,,unmapped,,,Ajmalicine,ajmalicine,483-04-5,483045,true,ok,C21H24N2O3,c21h24n2o3,352.178693,d37be606762b3182ff6b4474bb4e8842c4b938e3d6f8771f8031e864843696ba,429,KNApSAcK World,https://www.knapsackfamily.com/KNApSAcK_World/,compounds_20260602_131155,2026-06-02T13:11:56+00:00,17803,f3d400dd284e573f79664997ab2ed36264dd25b8111b5b73d0cf42d4b34f4dc8,review,unresolved_plant_mapping
429,C00001679,4360-12-7,(+)-Ajmaline,C20H26N2O2,326.19942809,Rauwolfia serpentina,,unmapped,,,(+)-Ajmaline,ajmaline,4360-12-7,4360127,true,ok,C20H26N2O2,c20h26n2o2,326.199428,2222d41ef081b18e5f9e42c8cfcf4e9ff65370839341dfae77e2351ea4c96a11,429,KNApSAcK World,https://www.knapsackfamily.com/KNApSAcK_World/,compounds_20260602_131155,2026-06-02T13:11:56+00:00,17804,ad9f6ff8bec6406862bf54171d8030a7c0725bbc82ecb19a45032a4c61dedb79,review,unresolved_plant_mapping
429,C00001763,50-55-5,Reserpine,C33H40N2O9,608.27338089,Rauwolfia serpentina Benth ex Kurz.,,unmapped,,,Reserpine,reserpine,50-55-5,50555,true,ok,C33H40N2O9,c33h40n2o9,608.273381,ff2503bebf5853cc7c239c06249902f9677eaa653dc9c2ef238d19f6d32cec7c,429,KNApSAcK World,https://www.knapsackfamily.com/KNApSAcK_World/,compounds_20260602_131155,2026-06-02T13:11:56+00:00,17805,6fa59050be1d647e1d459f79eae8f8bad98a16733aecef78bb53f94a16f51b31,review,unresolved_plant_mapping
429,C00001767,482-68-8,Sarpagine,C19H22N2O2,310.16812796,Rauwolfia serpentina Benth ex Kurz.,,unmapped,,,Sarpagine,sarpagine,482-68-8,482688,true,ok,C19H22N2O2,c19h22n2o2,310.168128,e3d39f5c873618d37cf4828270ad3aafe4ea9f30a57c382d9651959df05f49da,429,KNApSAcK World,https://www.knapsackfamily.com/KNApSAcK_World/,compounds_20260602_131155,2026-06-02T13:11:56+00:00,17806,9ee75f4e409894c8a5a96f89214994c9b4bd74f1aac87bca1124106bf1d153be,review,unresolved_plant_mapping
429,C00001769,18786-24-8,Serpentine,C21H21N2O3,349.15521755,Rauwolfia serpentina Benth ex Kurz.,,unmapped,,,Serpentine,serpentine,18786-24-8,18786248,true,ok,C21H21N2O3,c21h21n2o3,349.155218,69430b89aac11f5bc6863232173f5a7864a9dd5208cd1086da0687a5afdf01d3,429,KNApSAcK World,https://www.knapsackfamily.com/KNApSAcK_World/,compounds_20260602_131155,2026-06-02T13:11:56+00:00,17807,98f656fbcd80c78c42588c424ece13d3f9ff7264bd37ab1557be46bbe7e2279a,review,unresolved_plant_mapping
429,C00001789,146-48-5,Yohimbine,C21H26N2O3,354.19434271,Rauwolfia serpentina,,unmapped,,,Yohimbine,yohimbine,146-48-5,146485,true,ok,C21H26N2O3,c21h26n2o3,354.194343,14808becee727cb97f0b9dfbdaf45f15d81aec4dacb9f1a494124b8ef16bf4f5,429,KNApSAcK World,https://www.knapsackfamily.com/KNApSAcK_World/,compounds_20260602_131155,2026-06-02T13:11:56+00:00,17808,7c649b76eb0f06ef9792662bd9b4b956b27b19272ce264fb8d2108cb423a1f6e,review,unresolved_plant_mapping
429,C00001899,58-74-2,Papaverine,C20H21NO4,339.14705817,Rauwolfia serpentina,,unmapped,,,Papaverine,papaverine,58-74-2,58742,true,ok,C20H21NO4,c20h21no4,339.147058,f6fbcbb2b7acd13e928985146494360eacd4d4307a15a240f87600d008563a42,429,KNApSAcK World,https://www.knapsackfamily.com/KNApSAcK_World/,compounds_20260602_131155,2026-06-02T13:11:56+00:00,17809,b29c224d12a5e6128769e8583b88eaffc4a6c70fa955a08b09d87db271d8d4b0,review,unresolved_plant_mapping
429,C00010604,22255-40-9,Loganate,C16H24O10,376.13694699,Rauwolfia serpentina,,unmapped,,,Loganate,loganate,22255-40-9,22255409,true,ok,C16H24O10,c16h24o10,376.136947,eba3d50613d84aa8ad94afc19916afc8c73a8cd5e2db695c73b20af9e48ba051,429,KNApSAcK World,https://www.knapsackfamily.com/KNApSAcK_World/,compounds_20260602_131155,2026-06-02T13:11:56+00:00,17810,deaf067fa407111fe1603b6db50b837c2d979884b2eb60c8d58cf57621d49a8f,review,unresolved_plant_mapping
429,C00024288,59846-31-0,Ajmalimine,C30H36N2O6,520.2573369,Rauwolfia serpentina Benth ex Kurz.,,unmapped,,,Ajmalimine,ajmalimine,59846-31-0,59846310,true,ok,C30H36N2O6,c30h36n2o6,520.257337,65fceea12e8ab014ca4f6cc611f65935dec73340decb1de6de3687127dc0a59f,429,KNApSAcK World,https://www.knapsackfamily.com/KNApSAcK_World/,compounds_20260602_131155,2026-06-02T13:11:56+00:00,17811,6a5e22d12c7021010a40c83401bdc2e9aeaac1f0de84846062cb5dc8cfb5e1e1,review,unresolved_plant_mapping
429,C00024300,31282-07-2,Raucaffricine,C27H32N2O8,512.21586601,Rauwolfia serpentina,,unmapped,,,Raucaffricine,raucaffricine,31282-07-2,31282072,true,ok,C27H32N2O8,c27h32n2o8,512.215866,0e564018053de7fa2d27e798db3fafb13cbfc8f15dcf0fdec62a1175dc7a0d6f,429,KNApSAcK World,https://www.knapsackfamily.com/KNApSAcK_World/,compounds_20260602_131155,2026-06-02T13:11:56+00:00,17812,1e4a3bc960a980af35240c87d54d0cf124bfa53f1d8fc3884c861c7779f11a43,review,unresolved_plant_mapping
429,C00025150,109031-00-7,Ajmalicidine,C21H26N2O4,370.18925733,Rauwolfia serpentina,,unmapped,,,Ajmalicidine,ajmalicidine,109031-00-7,109031007,true,ok,C21H26N2O4,c21h26n2o4,370.189257,73e27231f1e51020d8452820f7d59465ef738790d50a304c82214707366f9ca8,429,KNApSAcK World,https://www.knapsackfamily.com/KNApSAcK_World/,compounds_20260602_131155,2026-06-02T13:11:56+00:00,17813,626831d794e9d4b231ea83f376498a8dafe2e3f4fbdb7bbf82772b607c192dd9,review,unresolved_plant_mapping
429,C00025169,439-69-0,Geissoschizol,C19H24N2O,296.1888634,Rauwolfia serpentina,,unmapped,,,Geissoschizol,geissoschizol,439-69-0,439690,true,ok,C19H24N2O,c19h24n2o,296.188863,fb23b0e1d5efa2b770cd743e88d69382388742ee4dde438645294459e1042178,429,KNApSAcK World,https://www.knapsackfamily.com/KNApSAcK_World/,compounds_20260602_131155,2026-06-02T13:11:56+00:00,17814,f4497636b4457bd912ae412dac80bd13473cd0caffcc737b707d20ca7904a9c1,review,unresolved_plant_mapping
429,C00025177,85612-35-7,Indobine,C18H17NO2,279.12592879,Rauwolfia serpentina,,unmapped,,,Indobine,indobine,85612-35-7,85612357,true,ok,C18H17NO2,c18h17no2,279.125929,96d33ba5bbbf913aa0d28b38ee0a64d840ce96eb73780fa0fa26177fb2a478ae,429,KNApSAcK World,https://www.knapsackfamily.com/KNApSAcK_World/,compounds_20260602_131155,2026-06-02T13:11:56+00:00,17815,c023defbec5cba70fc1d2003079be5e1ca8db213cf63987faca13fca6c0f423c,review,unresolved_plant_mapping
429,C00025178,109897-76-9,Indobinine,C17H21NO2,271.15722892,Rauwolfia serpentina,,unmapped,,,Indobinine,indobinine,109897-76-9,109897769,true,ok,C17H21NO2,c17h21no2,271.157229,15b7835539690051d83c44fdc620f28b232ef91ffc6c7d176af6055aea5780e5,429,KNApSAcK World,https://www.knapsackfamily.com/KNApSAcK_World/,compounds_20260602_131155,2026-06-02T13:11:56+00:00,17816,e5416ede878737adab8cc6be5e65fc835374f92e28df39bf5235572e8f5077f9,review,unresolved_plant_mapping
429,C00025193,604-99-9,Normacusine B,C19H22N2O,294.17321334,Rauwolfia serpentina,,unmapped,,,Normacusine B,normacusine_b,604-99-9,604999,true,ok,C19H22N2O,c19h22n2o,294.173213,26db11bfa4380f9b57a5c7f88c13813c0db11d488f5cc58013d445017432807f,429,KNApSAcK World,https://www.knapsackfamily.com/KNApSAcK_World/,compounds_20260602_131155,2026-06-02T13:11:56+00:00,17817,91c61be0b8da15f471b63eba2037dcd8a7caffa84756ffc31c0bb8c17c90e364,review,unresolved_plant_mapping
429,C00025205,110222-52-1,Rescinnamidine,C35H44N2O9,636.30468102,Rauwolfia serpentina,,unmapped,,,Rescinnamidine,rescinnamidine,110222-52-1,110222521,true,ok,C35H44N2O9,c35h44n2o9,636.304681,4c4e0ae2091ec820c2a24e479d6c1e5287836b6930c09094aac2dfe57a1c44a1,429,KNApSAcK World,https://www.knapsackfamily.com/KNApSAcK_World/,compounds_20260602_131155,2026-06-02T13:11:56+00:00,17818,dc76ba7ccc51bc857dbf2b93eaa64273c9fc33652b08d29ea6aa3136ddda5f1f,review,unresolved_plant_mapping
429,C00025206,109028-40-2,Rescinnaminol,C32H42N2O6,550.30428709,Rauwolfia serpentina,,unmapped,,,Rescinnaminol,rescinnaminol,109028-40-2,109028402,true,ok,C32H42N2O6,c32h42n2o6,550.304287,799998906dbc8cec5005d8dbba942b62c102e643815475a30cd0ddf74baea1ab,429,KNApSAcK World,https://www.knapsackfamily.com/KNApSAcK_World/,compounds_20260602_131155,2026-06-02T13:11:56+00:00,17819,68d58519cffa162fd1b5958641e2a04110621f955d608a48aa7a71c74398f425,review,unresolved_plant_mapping
429,C00025207,131-02-2,Reserpiline,C23H28N2O5,412.19982202,Rauwolfia serpentina Benth ex Kurz.,,unmapped,,,Reserpiline,reserpiline,131-02-2,131022,true,ok,C23H28N2O5,c23h28n2o5,412.199822,665ce5fed47663e32980c152aaf59775d4e12c98278962dbdc83fd67ca935ee3,429,KNApSAcK World,https://www.knapsackfamily.com/KNApSAcK_World/,compounds_20260602_131155,2026-06-02T13:11:56+00:00,17820,6356e556f3b2344f6f01e311499e5c69d8c4b08f918e1545002d153e1a02440d,review,unresolved_plant_mapping
429,C00026059,509-38-6,(+)-Tetraphyllicine,C20H24N2O,308.1888634,Rauwolfia serpentina,,unmapped,,,(+)-Tetraphyllicine,tetraphyllicine,509-38-6,509386,true,ok,C20H24N2O,c20h24n2o,308.188863,e40f6f75754e11abd55da460c2466e3dde7b3bdb3e030ea50ef6fe072a7d1de8,429,KNApSAcK World,https://www.knapsackfamily.com/KNApSAcK_World/,compounds_20260602_131155,2026-06-02T13:11:56+00:00,17821,f224b6fb1b117b5370982c1b094e120af27e9240aea083f6f60bbe24651eb288,review,unresolved_plant_mapping
429,C00026781,132923-02-5,(-)-Raumacline,C20H26N2O2,326.19942809,Rauwolfia serpentina,,unmapped,,,(-)-Raumacline,raumacline,132923-02-5,132923025,true,ok,C20H26N2O2,c20h26n2o2,326.199428,d6b7db6d137cde4bcb45a1644e1e1cf7e7402c4676431e55410ebb7c76faa077,429,KNApSAcK World,https://www.knapsackfamily.com/KNApSAcK_World/,compounds_20260602_131155,2026-06-02T13:11:56+00:00,17822,49c5bc5b84faa1990cb42cf1b0d2820778f0c51bc2189c0226ee6884c4f5c7bf,review,unresolved_plant_mapping
429,C00027699,81703-06-2,18-Hydroxyepialloyohimbine,C21H26N2O4,370.18925733,Rauwolfia serpentina,,unmapped,,,18-Hydroxyepialloyohimbine,18hydroxyepialloyohimbine,81703-06-2,81703062,true,ok,C21H26N2O4,c21h26n2o4,370.189257,000489ead85ca127c6e8a2a3e81708f07dc283314254dddb441b234091bad22a,429,KNApSAcK World,https://www.knapsackfamily.com/KNApSAcK_World/,compounds_20260602_131155,2026-06-02T13:11:56+00:00,17823,17a480d19e65c400c1749f3830711d99f1bb32b26a9cfc90ec24535d6d5979bd,review,unresolved_plant_mapping
429,C00031346,58822-47-2,Secoxyloganin,C17H24O11,404.13186161,Rauwolfia serpentina,,unmapped,,,Secoxyloganin,secoxyloganin,58822-47-2,58822472,true,ok,C17H24O11,c17h24o11,404.131862,a9b1e6d82eaec7aa1cdc3780b19c174dad6f0aa844ec9535c402d17327919113,429,KNApSAcK World,https://www.knapsackfamily.com/KNApSAcK_World/,compounds_20260602_131155,2026-06-02T13:11:56+00:00,17824,8c1d592fe9bfca3a1b25f59f6ac693de00608959b32e37d3419d939939be24a7,review,unresolved_plant_mapping
429,C00036651,22487-36-1,7-Deoxyloganic acid,C16H24O9,360.14203237,Rauwolfia serpentina,,unmapped,,,7-Deoxyloganic acid,7deoxyloganic_acid,22487-36-1,22487361,true,ok,C16H24O9,c16h24o9,360.142032,e0520c0c02b4a57121677ea9958dff664fbecbe210ef140c1557e6c714796515,429,KNApSAcK World,https://www.knapsackfamily.com/KNApSAcK_World/,compounds_20260602_131155,2026-06-02T13:11:56+00:00,17825,ef6297fea8cda002cde072242b1f6f967772212dfd27fcd2189e717f4aed7501,review,unresolved_plant_mapping
429,C00042129,857297-90-6,3-Hydroxysarpagine,C19H22N2O3,326.16304258,Rauwolfia serpentina,,unmapped,,,3-Hydroxysarpagine,3hydroxysarpagine,857297-90-6,857297906,true,ok,C19H22N2O3,c19h22n2o3,326.163043,dd33ef9de31668d961650d025f6a97519a2cb8f77e73fe14b7998f48e6214f7c,429,KNApSAcK World,https://www.knapsackfamily.com/KNApSAcK_World/,compounds_20260602_131155,2026-06-02T13:11:56+00:00,17826,3e05633f6ba46acd34d649e6be95a7ab3aaee9c5f3b5d5c1d8003965fdea42bc,review,unresolved_plant_mapping
429,C00042564,202471-84-9,Glomeratose A,C24H34O15,562.18977042,Rauwolfia serpentina,,unmapped,,,Glomeratose A,glomeratose_a,202471-84-9,202471849,true,ok,C24H34O15,c24h34o15,562.18977,39d4eea8a63f4b2dc673222570ea3ff3c8f7a406bb80752c29d5137a350cf830,429,KNApSAcK World,https://www.knapsackfamily.com/KNApSAcK_World/,compounds_20260602_131155,2026-06-02T13:11:56+00:00,17827,3f8f97d511541dfdc00ee53156a625eabe44808fdc5acf7c7b1fb85918ec16b2,review,unresolved_plant_mapping
429,C00042639,483-05-6,Isorauhimbinic acid,C20H24N2O3,340.17869265,Rauwolfia serpentina,,unmapped,,,Isorauhimbinic acid,isorauhimbinic_acid,483-05-6,483056,true,ok,C20H24N2O3,c20h24n2o3,340.178693,53a87e0c3b2fd596299e56e5466eef86d8411887db6e2197e353aeb9650f4cd1,429,KNApSAcK World,https://www.knapsackfamily.com/KNApSAcK_World/,compounds_20260602_131155,2026-06-02T13:11:56+00:00,17828,3ee079e7b210ddb03d5960fa2be442ca8c8439dbc4882f39b6c7caebec112066,review,unresolved_plant_mapping
429,C00042737,2901-66-8,Methyl reserpate,C23H30N2O5,414.21547208,Rauwolfia serpentina,,unmapped,,,Methyl reserpate,methyl_reserpate,2901-66-8,2901668,true,ok,C23H30N2O5,c23h30n2o5,414.215472,2549178061bb20285b1aac1f78fce4214beec55f7292cfcbd490ff19e27235ed,429,KNApSAcK World,https://www.knapsackfamily.com/KNApSAcK_World/,compounds_20260602_131155,2026-06-02T13:11:56+00:00,17829,f8d008ca1cdcd6514020f1a203e53a0411f749dd2160595de7df572ecffa0d3b,review,unresolved_plant_mapping
429,C00042762,857297-89-3,Nb-Methylisoajmaline,C21H29N2O2,341.22290318,Rauwolfia serpentina,,unmapped,,,Nb-Methylisoajmaline,nbmethylisoajmaline,857297-89-3,857297893,true,ok,C21H29N2O2,c21h29n2o2,341.222903,f2ad173c248de36eca19fe63312f1ef4855875b111a490a073bd222851f5cf49,429,KNApSAcK World,https://www.knapsackfamily.com/KNApSAcK_World/,compounds_20260602_131155,2026-06-02T13:11:56+00:00,17830,8de783d66db935132bfe1488cf4950386f30d97490e066e736fe742aa8806f9d,review,unresolved_plant_mapping
429,C00043120,522-87-2,Yohimbinic acid,C20H24N2O3,340.17869265,Rauwolfia serpentina,,unmapped,,,Yohimbinic acid,yohimbinic_acid,522-87-2,522872,true,ok,C20H24N2O3,c20h24n2o3,340.178693,ec40c4010d569d97c2c98c7243b543d95d4e7dae3cf6aa3c0b26c1c8fbe4dc3f,429,KNApSAcK World,https://www.knapsackfamily.com/KNApSAcK_World/,compounds_20260602_131155,2026-06-02T13:11:56+00:00,17831,514ec81cb6119d273b25c611c6c911319c7d3bd8f992599a33239747dc91ee9f,review,unresolved_plant_mapping
429,C00063949,16100-84-8,"19(S),20(R)-Dihydroperaksine",C19H24N2O2,312.18377802,Rauwolfia serpentina,,unmapped,,,"19(S),20(R)-Dihydroperaksine",19s20rdihydroperaksine,16100-84-8,16100848,true,ok,C19H24N2O2,c19h24n2o2,312.183778,b34be79ac72e09a1aba1152e4114a0eda927f99a227b8ae02ec120d60480e77c,429,KNApSAcK World,https://www.knapsackfamily.com/KNApSAcK_World/,compounds_20260602_131155,2026-06-02T13:11:56+00:00,17832,c7fd69aa2834043d193f99ded1521bd87a3b1f2b63334c28848f6bbeae032958,review,unresolved_plant_mapping
429,C00064219,25171-66-8,7-Epiloganin,C17H26O10,390.15259705,Rauwolfia serpentina,,unmapped,,,7-Epiloganin,7epiloganin,25171-66-8,25171668,true,ok,C17H26O10,c17h26o10,390.152597,c944e07f523e03c9bbaac50a513a5d4e921d7b1aaa7807df8df74fa377c38291,429,KNApSAcK World,https://www.knapsackfamily.com/KNApSAcK_World/,compounds_20260602_131155,2026-06-02T13:11:56+00:00,17833,be4f5443924b141391480d9379674a860506075d8a216bcd6f8535db19ccdc39,review,unresolved_plant_mapping
429,C00064331,451478-46-9,"19(S),20(R)-Dihydroperaksine-17-al",C19H22N2O2,310.16812796,Rauwolfia serpentina,,unmapped,,,"19(S),20(R)-Dihydroperaksine-17-al",19s20rdihydroperaksine17al,451478-46-9,451478469,true,ok,C19H22N2O2,c19h22n2o2,310.168128,f66b486934d4ced0fe184d1a2b126e72d8f285aa18ffc2d13aba625d65e06604,429,KNApSAcK World,https://www.knapsackfamily.com/KNApSAcK_World/,compounds_20260602_131155,2026-06-02T13:11:56+00:00,17834,f8045c44435d465f8484f1e34f29173f8db009732a59b2ad3de4d086eaeebdac,review,unresolved_plant_mapping
462,C00002264,126-17-0,Solasodine,C27H43NO2,413.32937962,Solanum indicum,,unmapped,,,Solasodine,solasodine,126-17-0,126170,true,ok,C27H43NO2,c27h43no2,413.32938,d3b140d2c923f5c859cfa8b92b6bdd2a6253717ed8c5c85348f46c6634bd3449,462,KNApSAcK World,https://www.knapsackfamily.com/KNApSAcK_World/,compounds_20260602_131155,2026-06-02T13:11:56+00:00,18417,cf85826cda27a6d09216112001d63d25834a41c79fd5e5718da90024efe08deb,review,unresolved_plant_mapping
462,C00002499,92-61-5,Scopoletin,C10H8O4,192.04225874,Solanum indicum,,unmapped,,,Scopoletin,scopoletin,92-61-5,92615,true,ok,C10H8O4,c10h8o4,192.042259,d067583614879012439758c58eebc64bf65b197755a58683e4d457f82e037a0a,462,KNApSAcK World,https://www.knapsackfamily.com/KNApSAcK_World/,compounds_20260602_131155,2026-06-02T13:11:56+00:00,18418,8fcf899c64287f4f8e9c275152e31f3b1d2d295348606b5495b51938f79c1dfa,review,unresolved_plant_mapping
462,C00003191,61167-63-3,Solavetivone,C15H22O,218.16706532,Solanum indicum,,unmapped,,,Solavetivone,solavetivone,61167-63-3,61167633,true,ok,C15H22O,c15h22o,218.167065,217026e5eed984960a10df51e324e78edf46f18771be11e025bd47f8a4636d00,462,KNApSAcK World,https://www.knapsackfamily.com/KNApSAcK_World/,compounds_20260602_131155,2026-06-02T13:11:56+00:00,18419,084fda93d86479c750e5deacbb77726d6e1d223a9e678566dfae649de6fff6b3,review,unresolved_plant_mapping
462,C00003585,55056-80-9,Protodioscin,C51H84O22,1048.54542437,Solanum indicum,,unmapped,,,Protodioscin,protodioscin,55056-80-9,55056809,true,ok,C51H84O22,c51h84o22,1048.545424,d1442133227742076d262a4fd01707c340f6d284467d12591c22ca5ebb4a5693,462,KNApSAcK World,https://www.knapsackfamily.com/KNApSAcK_World/,compounds_20260602_131155,2026-06-02T13:11:56+00:00,18420,45c4ab97afe70edee36c6a0b89a3e87fe4ed9467cdcb45944ee6194275cc3948,review,unresolved_plant_mapping
462,C00003657,79-63-0,Lanosterol,C30H50O,426.38616622,Solanum indicum,,unmapped,,,Lanosterol,lanosterol,79-63-0,79630,true,ok,C30H50O,c30h50o,426.386166,764c6538bde2e0707d2159dd6aa8c417dc31e3a0816aba181b82006c930ecbdc,462,KNApSAcK World,https://www.knapsackfamily.com/KNApSAcK_World/,compounds_20260602_131155,2026-06-02T13:11:56+00:00,18421,8d32d93fb26521e4f83eec4a2d35dea02a25e137abd5e306ae581cf360e9adb5,review,unresolved_plant_mapping
462,C00030764,54522-52-0,22-O-Methylprotodioscin,C52H86O22,1062.56107443,Solanum indicum,,unmapped,,,22-O-Methylprotodioscin,22omethylprotodioscin,54522-52-0,54522520,true,ok,C52H86O22,c52h86o22,1062.561074,1b64e9b510bd847f7a2e122274e018f0f4affde6f31d163fd81fab0587e3f3f3,462,KNApSAcK World,https://www.knapsackfamily.com/KNApSAcK_World/,compounds_20260602_131155,2026-06-02T13:11:56+00:00,18422,50e2b818acdef11b8da625628577366fa83fccd7773ef82b7475d7dd99132ff2,review,unresolved_plant_mapping
463,C00048948,444065-7,3-Hexenal,C6H10O,98.07316494,Solanum lycopersicum,e0eebf3a-d8a8-5f9e-83f0-e1ce7c13d71a,mapped,raw_plant_id,plant_id,3-Hexenal,3hexenal,444065-7,4440657,false,invalid_format,C6H10O,c6h10o,98.073165,1df7934f2bcd45652b38b25432334e3ff776b2889414a125ba6ff3a49cf7e06d,463,KNApSAcK World,https://www.knapsackfamily.com/KNApSAcK_World/,compounds_20260602_131155,2026-06-02T13:11:56+00:00,18871,1f7972dda302a0dae40769ff94990adf7c73aaae5ff1657a514b17b471791902,review,cas_invalid_format
474,C00026040,5692-4-6,Stebisimine,C36H34N2O6,590.24168683,Stephania japonica Miers,f3a47d42-1aa2-52d3-863b-8f801b909e39,mapped,raw_plant_id,plant_id,Stebisimine,stebisimine,5692-4-6,569246,false,invalid_format,C36H34N2O6,c36h34n2o6,590.241687,508927f8c2fc7be380d170ff2fbb68a44ba77da54f08721d98b1e0e03108ee1b,474,KNApSAcK World,https://www.knapsackfamily.com/KNApSAcK_World/,compounds_20260602_131155,2026-06-02T13:11:56+00:00,19855,1fcf15a6cb9d11c7ff339a7eb2011fe66511c7008e7785ae2fa21606a6a0dca5,review,cas_invalid_format
479,C00001695,357-57-3,Brucine,C23H26N2O4,394.18925733,Strychnos ligustrina,,unmapped,,,Brucine,brucine,357-57-3,357573,true,ok,C23H26N2O4,c23h26n2o4,394.189257,6dbb35abddb9c22fdf1a5aa8ca108488248b6942b911a9d710c50258fa50e2f5,479,KNApSAcK World,https://www.knapsackfamily.com/KNApSAcK_World/,compounds_20260602_131155,2026-06-02T13:11:56+00:00,19935,db66f4e729f6453212c0b91ea73ebeb75e80c7d66226e5bf48abb29b8b93b39f,review,unresolved_plant_mapping
479,C00001770,57-24-9,Strychnine,C21H22N2O2,334.16812796,Strychnos ligustrina,,unmapped,,,Strychnine,strychnine,57-24-9,57249,true,ok,C21H22N2O2,c21h22n2o2,334.168128,a12f7b5e8c50f8690b44c2b3160d7cce70bc360f1c5e3566eb46922811dc85fe,479,KNApSAcK World,https://www.knapsackfamily.com/KNApSAcK_World/,compounds_20260602_131155,2026-06-02T13:11:56+00:00,19936,da3664320b35d6de1730c1df51bf3c18ac63ec25c8febfae20650d5cbdd00ccf,review,unresolved_plant_mapping
480,C00010774,714361-22-6,Sylvestroside I,C33H48O19,748.27897935,Strychnos lucida,5d414b86-69c4-514b-8352-d224a773e57c,mapped,raw_plant_id,plant_id,Sylvestroside I,sylvestroside_i,714361-22-6,714361226,false,checksum_failed,C33H48O19,c33h48o19,748.278979,aaa144852dd787b059ba741b1a91e5e597140f8d429f7b41d0d2bbe8b7cc1e10,480,KNApSAcK World,https://www.knapsackfamily.com/KNApSAcK_World/,compounds_20260602_131155,2026-06-02T13:11:56+00:00,19945,a54eac19cd3b0f3f20e6d8598feb62217077f4131ea60789bb1c17a742052174,review,cas_checksum_failed
484,C00024103,126321-89-1,Swietemahonolide,C32H40O9,568.26723288,Swietenia mahagoni JACQ.,9115ff6d-2c26-5736-9485-983331b197e8,mapped,raw_plant_id,plant_id,Swietemahonolide,swietemahonolide,126321-89-1,126321891,false,checksum_failed,C32H40O9,c32h40o9,568.267233,3317aad3e799815b29d454859dbae2ffd4eec05b7a69dd97260e6434a35d573c,484,KNApSAcK World,https://www.knapsackfamily.com/KNApSAcK_World/,compounds_20260602_131155,2026-06-02T13:11:56+00:00,20015,7ff69c6b8b57386ecab01f4643a1ae0829222fb72b616ac817af695cc80cfba8,review,cas_checksum_failed
484,C00024107,4802-01-0,Swietenin E,C32H42O9,570.28288294,Swietenia mahagoni JACQ.,9115ff6d-2c26-5736-9485-983331b197e8,mapped,raw_plant_id,plant_id,Swietenin E,swietenin_e,4802-01-0,4802010,false,checksum_failed,C32H42O9,c32h42o9,570.282883,cc8441b26696e26d205964ab898e3de0f93306cd34af9be0c4d2913be88dd660,484,KNApSAcK World,https://www.knapsackfamily.com/KNApSAcK_World/,compounds_20260602_131155,2026-06-02T13:11:56+00:00,20019,beb6843fcc223fdad7ab818629f211136e609478379cb29b2d82e1f02f3299ac,review,cas_checksum_failed
486,C00019064,508-02-1,Oleanolic acid,C30H48O3,456.3603454,Syzygium aromatica,,unmapped,,,Oleanolic acid,oleanolic_acid,508-02-1,508021,true,ok,C30H48O3,c30h48o3,456.360345,94ad77e20e14b50b40bc934acacbd45095ccdfe6c6361f9b653dae41b4fd4821,486,KNApSAcK World,https://www.knapsackfamily.com/KNApSAcK_World/,compounds_20260602_131155,2026-06-02T13:11:56+00:00,20060,0998345a570d49bee2190b8a4aebb6d865d9199ec9a077dd3ae0656a9b71e8ad,review,unresolved_plant_mapping
486,C00030742,4373-41-5,"2alpha,3beta-Dihydroxyolean-12-en-28-oic acid",C30H48O4,472.35526002,Syzygium aromatica,,unmapped,,,"2alpha,3beta-Dihydroxyolean-12-en-28-oic acid",2alpha3betadihydroxyolean12en28oic_acid,4373-41-5,4373415,true,ok,C30H48O4,c30h48o4,472.35526,2b13b6aa5e6e3d0bd65efb017936ce8853485813dce7d516bf34bd72c23bcc9f,486,KNApSAcK World,https://www.knapsackfamily.com/KNApSAcK_World/,compounds_20260602_131155,2026-06-02T13:11:56+00:00,20061,3b770fdc2245cc606ccd6cd55d0ff4b8158eee4d662ac029fcdc796eb5b4619d,review,unresolved_plant_mapping
490,C00001689,2122-36-3,(-)-Apparicine,C18H20N2,264.16264865,Tabernaemontana divaricata,,unmapped,,,(-)-Apparicine,apparicine,2122-36-3,2122363,true,ok,C18H20N2,c18h20n2,264.162649,816e271666bc8afbe27d3d080b8a7398d7aa557f039cf8813f9fe8779a0333aa,490,KNApSAcK World,https://www.knapsackfamily.com/KNApSAcK_World/,compounds_20260602_131155,2026-06-02T13:11:56+00:00,20144,04e8fe827812fc6686060a39db63d6684b9ecfca1a5f1d9eaa9ca339dfde8822,review,unresolved_plant_mapping
490,C00024457,72058-36-7,Lochnericine,C21H24N2O3,352.17869265,Tabernaemontana divaricata (L.)R.Br.,,unmapped,,,Lochnericine,lochnericine,72058-36-7,72058367,true,ok,C21H24N2O3,c21h24n2o3,352.178693,122ce2ac09f9c390f17400a0b9ea82a227ae8fcc2702be375e734545034ee12a,490,KNApSAcK World,https://www.knapsackfamily.com/KNApSAcK_World/,compounds_20260602_131155,2026-06-02T13:11:56+00:00,20145,a95a2f3adb11ed55522cee75fc59eb1bd050def2d31a767504de2b4145011d07,review,unresolved_plant_mapping
490,C00024587,2447-58-7,Pachysiphine,C21H24N2O3,352.17869265,Tabernaemontana divaricata,,unmapped,,,Pachysiphine,pachysiphine,2447-58-7,2447587,true,ok,C21H24N2O3,c21h24n2o3,352.178693,464d8263b48eee516943633d8229b539f7f0faddd9a26a3d9fc7f2fb5c44150c,490,KNApSAcK World,https://www.knapsackfamily.com/KNApSAcK_World/,compounds_20260602_131155,2026-06-02T13:11:56+00:00,20146,1eb64b70086f1accb1601f073108aa7463a7e30cc2cabb2a1ba9a1c2f3562fc1,review,unresolved_plant_mapping
490,C00024617,142741-23-9,Voaharine,C19H22N2O3,326.16304258,Tabernaemontana divaricata,,unmapped,,,Voaharine,voaharine,142741-23-9,142741239,true,ok,C19H22N2O3,c19h22n2o3,326.163043,f6700182f315c1df738655bd338d76e102269e6446017540c4f7ea17d9098a3b,490,KNApSAcK World,https://www.knapsackfamily.com/KNApSAcK_World/,compounds_20260602_131155,2026-06-02T13:11:56+00:00,20147,fee1af61259255be514ca344bd75bbb40094d157c3ac8f614d2787809580985f,review,unresolved_plant_mapping
490,C00024618,18269-16-4,Voaphylline hydroxyindolenine,C19H24N2O2,312.18377802,Tabernaemontana divaricata,,unmapped,,,Voaphylline hydroxyindolenine,voaphylline_hydroxyindolenine,18269-16-4,18269164,true,ok,C19H24N2O2,c19h24n2o2,312.183778,16b003e76f04374765376a038632ee441850e62459bedb896914974696420e36,490,KNApSAcK World,https://www.knapsackfamily.com/KNApSAcK_World/,compounds_20260602_131155,2026-06-02T13:11:56+00:00,20148,e13df9b1922c025ca55818fb64c81ee3ab7ec4c3aa1c10f9e8b6ab2542382765,review,unresolved_plant_mapping
490,C00024619,15266-46-3,Voaphylline,C19H24N2O,296.1888634,Tabernaemontana divaricata (L.)R.Br.,,unmapped,,,Voaphylline,voaphylline,15266-46-3,15266463,true,ok,C19H24N2O,c19h24n2o,296.188863,3ba226b87ea756bfb5cd42fbac89a3a1b9f6c7a462322c20926477de685184dd,490,KNApSAcK World,https://www.knapsackfamily.com/KNApSAcK_World/,compounds_20260602_131155,2026-06-02T13:11:56+00:00,20149,eb0dcc9751ca85cdbb0fbd91b6a0af71556852160958fd1037929a8d125334c3,review,unresolved_plant_mapping
490,C00025148,39967-46-9,3-Oxocoronaridine,C21H24N2O3,352.17869265,Tabernaemontana divaricata (L.) R.Br.,,unmapped,,,3-Oxocoronaridine,3oxocoronaridine,39967-46-9,39967469,true,ok,C21H24N2O3,c21h24n2o3,352.178693,3f88322e57f2664bb5088d8872f835a75585f164aa61b6b199e580748f3fe9f2,490,KNApSAcK World,https://www.knapsackfamily.com/KNApSAcK_World/,compounds_20260602_131155,2026-06-02T13:11:56+00:00,20150,5e58346eaa04fe93917ff6cf0bcca3d03163b587d25c16b7fe89edcc9f160a33,review,unresolved_plant_mapping
490,C00025159,16671-16-2,Coronaridine hydroxyindolenine,C21H26N2O3,354.19434271,Tabernaemontana divaricata (L.) R.Br.,,unmapped,,,Coronaridine hydroxyindolenine,coronaridine_hydroxyindolenine,16671-16-2,16671162,true,ok,C21H26N2O3,c21h26n2o3,354.194343,c68c968daad78dcf38dde595167afb2aba8824f3bfeaa47dfc8536530fe60171,490,KNApSAcK World,https://www.knapsackfamily.com/KNApSAcK_World/,compounds_20260602_131155,2026-06-02T13:11:56+00:00,20151,605e5cb79679bd88210339f647160c9be39a126bf5d334a006320388f06c93ec,review,unresolved_plant_mapping
490,C00025223,510-22-5,Voacangine,C22H28N2O3,368.20999277,Tabernaemontana divaricata (L.) R.Br.,,unmapped,,,Voacangine,voacangine,510-22-5,510225,true,ok,C22H28N2O3,c22h28n2o3,368.209993,3623f73326143fc8f3d40e9b207c73b88135025322e02c21fb647cd66ffb193c,490,KNApSAcK World,https://www.knapsackfamily.com/KNApSAcK_World/,compounds_20260602_131155,2026-06-02T13:11:56+00:00,20152,f4a2af1fe0442f4325ead75c116b53f0d7c9c65e453d883e8c25e44b95811fdc,review,unresolved_plant_mapping
490,C00025227,545-84-6,Voacristine,C22H28N2O4,384.2049074,Tabernaemontana divaricata (L.) R.Br.,,unmapped,,,Voacristine,voacristine,545-84-6,545846,true,ok,C22H28N2O4,c22h28n2o4,384.204907,8eec7d192111cc6a6839e27e942fed090076d04c0335c17bcf1f3bdb1b13f7d3,490,KNApSAcK World,https://www.knapsackfamily.com/KNApSAcK_World/,compounds_20260602_131155,2026-06-02T13:11:56+00:00,20153,d04aa88265572a07c11ddf39cf73e5e712231a7aa909b044605793221a0f204f,review,unresolved_plant_mapping
490,C00025752,76129-72-1,5-Hydroxy-6-oxocoronaridine,C21H24N2O4,368.17360727,Tabernaemontana divaricata (L.)R.Br.,,unmapped,,,5-Hydroxy-6-oxocoronaridine,5hydroxy6oxocoronaridine,76129-72-1,76129721,true,ok,C21H24N2O4,c21h24n2o4,368.173607,31c1e3a7070882210d7dece841f8dbaf12c58585d24469ea15743b7a0bd763d3,490,KNApSAcK World,https://www.knapsackfamily.com/KNApSAcK_World/,compounds_20260602_131155,2026-06-02T13:11:56+00:00,20154,b35d9a91a540eab948fb0701c2440ad98ecc09889399b84c3ed2b8f1f44e6d3b,review,unresolved_plant_mapping
490,C00025754,76129-70-9,5-Oxocoronaridine,C21H24N2O3,352.17869265,Tabernaemontana divaricata (L.)R.Br.,,unmapped,,,5-Oxocoronaridine,5oxocoronaridine,76129-70-9,76129709,true,ok,C21H24N2O3,c21h24n2o3,352.178693,0431890b78cfee1af53a98e22cbcf293ff152fb65124fd8ca3623a795ff4a83f,490,KNApSAcK World,https://www.knapsackfamily.com/KNApSAcK_World/,compounds_20260602_131155,2026-06-02T13:11:56+00:00,20155,29faeb943ad454eda217a2fc1ed07bed91ec5d2988090bf29fd1586c19934c67,review,unresolved_plant_mapping
490,C00025757,76129-71-0,6-Oxocoronaridine,C21H24N2O3,352.17869265,Tabernaemontana divaricata (L.)R.Br.,,unmapped,,,6-Oxocoronaridine,6oxocoronaridine,76129-71-0,76129710,true,ok,C21H24N2O3,c21h24n2o3,352.178693,585245c4bed176ee5d79e1de18d0891acad08bc7c3feaa2eeaa11fb4b241b117,490,KNApSAcK World,https://www.knapsackfamily.com/KNApSAcK_World/,compounds_20260602_131155,2026-06-02T13:11:56+00:00,20156,28124f3d04ff7a16a1c7c8028bc9cfbdff5b6a725a0df79e14ba1b8f6cba3ed9,review,unresolved_plant_mapping
490,C00025859,2299-26-5,Dregamine,C21H26N2O3,354.19434271,Tabernaemontana divaricata (L.)R.Br.,,unmapped,,,Dregamine,dregamine,2299-26-5,2299265,true,ok,C21H26N2O3,c21h26n2o3,354.194343,a2e824036e37cb9e88092dda773ecae46873315c643618aa2e2f48336c25f81b,490,KNApSAcK World,https://www.knapsackfamily.com/KNApSAcK_World/,compounds_20260602_131155,2026-06-02T13:11:56+00:00,20157,52a8a20bb1c9d2c655a99aae80627fb003733ab9c752533f06eac20d1fda9d94,review,unresolved_plant_mapping
490,C00025916,596-54-3,Isovoacangine,C22H28N2O3,368.20999277,Tabernaemontana divaricata (L.) R.Br.,,unmapped,,,Isovoacangine,isovoacangine,596-54-3,596543,true,ok,C22H28N2O3,c22h28n2o3,368.209993,1164b1867cd382c85d070bf842b15a82e4fbdb38dd17ef5b92c9bde2bb6b0b62,490,KNApSAcK World,https://www.knapsackfamily.com/KNApSAcK_World/,compounds_20260602_131155,2026-06-02T13:11:56+00:00,20158,b4aa0746d62bc11cdf2fc99b33690bd2e2c8eaa2b94a41d52de3b80c62678c4c,review,unresolved_plant_mapping
490,C00025917,5525-37-1,(19S)-Heyneanine,C22H28N2O4,384.2049074,Tabernaemontana divaricata (L.)R.Br.,,unmapped,,,(19S)-Heyneanine,19sheyneanine,5525-37-1,5525371,true,ok,C22H28N2O4,c22h28n2o4,384.204907,b6078448339539737665d9c75c7d0abc50f3f7ddaf9a047f564269841dcb6ba0,490,KNApSAcK World,https://www.knapsackfamily.com/KNApSAcK_World/,compounds_20260602_131155,2026-06-02T13:11:56+00:00,20159,0608612535bdb767cde56aa52b8a3eee4ba0c9ecc3affa6b9f8830ed961bbb05,review,unresolved_plant_mapping
490,C00026055,2134-98-7,Tabernaemontanine,C21H26N2O3,354.19434271,Tabernaemontana divaricata (L.)R.Br.,,unmapped,,,Tabernaemontanine,tabernaemontanine,2134-98-7,2134987,true,ok,C21H26N2O3,c21h26n2o3,354.194343,5587d09b339ca0b3ed4de262f300ec5bb2f7c00fe6d22e14afa38d38cf527dd9,490,KNApSAcK World,https://www.knapsackfamily.com/KNApSAcK_World/,compounds_20260602_131155,2026-06-02T13:11:56+00:00,20160,5edf4b9e56316ae76fd18a6d492133b9eee1ec5d239abcf0ab6f57bb23ef20a2,review,unresolved_plant_mapping
490,C00029225,181284-52-6,Voafinine,C19H24N2O2,312.18377802,Tabernaemontana divaricata,,unmapped,,,Voafinine,voafinine,181284-52-6,181284526,true,ok,C19H24N2O2,c19h24n2o2,312.183778,d822907097a7f29e6ccf6a4ce3be5a8eff6cb17827340346be8ec48f30ca5042,490,KNApSAcK World,https://www.knapsackfamily.com/KNApSAcK_World/,compounds_20260602_131155,2026-06-02T13:11:56+00:00,20161,16ba3002b35bf5de8c317108de0870fc7a9450a88726759a2fac02e436c57719,review,unresolved_plant_mapping
502,C00000176,72962-43-7,Brassinolide,C28H48O6,480.34508927,Thea sinensis,,unmapped,,,Brassinolide,brassinolide,72962-43-7,72962437,true,ok,C28H48O6,c28h48o6,480.345089,b754eae8e211a9f0c1143e16bd9187be5983cb659971ef841a7f84826d06374e,502,KNApSAcK World,https://www.knapsackfamily.com/KNApSAcK_World/,compounds_20260602_131155,2026-06-02T13:11:56+00:00,20293,dbb313dd251b98a127a057d0156c463121f1309b0a4513329f0063a4d6d816ce,review,unresolved_plant_mapping
502,C00000181,80736-41-0,Castasterone,C28H48O5,464.35017464,Thea sinensis,,unmapped,,,Castasterone,castasterone,80736-41-0,80736410,true,ok,C28H48O5,c28h48o5,464.350175,7f196c6c544050bfaafbe2f2bf5b426d15795bade3b6f38566149ff2e5fe1eb8,502,KNApSAcK World,https://www.knapsackfamily.com/KNApSAcK_World/,compounds_20260602_131155,2026-06-02T13:11:56+00:00,20294,94024754b5dffaf981bca59ddee4b1b82ddf1eed1fa954b9b37e665ffc6e4d13,review,unresolved_plant_mapping
502,C00000185,87734-68-7,Typhasterol,C28H48O4,448.35526002,Thea sinensis,,unmapped,,,Typhasterol,typhasterol,87734-68-7,87734687,true,ok,C28H48O4,c28h48o4,448.35526,62d21994dadec6499ac4b29555b53838c0b4e2b04f021942b6644085e2b2c441,502,KNApSAcK World,https://www.knapsackfamily.com/KNApSAcK_World/,compounds_20260602_131155,2026-06-02T13:11:56+00:00,20295,538312db02733a228def7753bb9026b421131014c1eb777c3540550738d6785c,review,unresolved_plant_mapping
502,C00000186,92751-21-8,Teasterone,C28H48O4,448.35526002,Thea sinensis,,unmapped,,,Teasterone,teasterone,92751-21-8,92751218,true,ok,C28H48O4,c28h48o4,448.35526,750fad2ed265fc4d5f613ce4641898f7b943c1bafeb4bc4c43d1284c71fc4d10,502,KNApSAcK World,https://www.knapsackfamily.com/KNApSAcK_World/,compounds_20260602_131155,2026-06-02T13:11:56+00:00,20296,1a4738bf61b226f8b69842f63c41334a3d048ebbe3c9b084d7d68c624731e0b3,review,unresolved_plant_mapping
502,C00000189,83464-85-1,28-Norcastasterone,C27H46O5,450.33452458,Thea sinensis,,unmapped,,,28-Norcastasterone,28norcastasterone,83464-85-1,83464851,true,ok,C27H46O5,c27h46o5,450.334525,4ad46efaf9ef12a49789094af7ff59c3d3519b15229406db4c1516722949ba2c,502,KNApSAcK World,https://www.knapsackfamily.com/KNApSAcK_World/,compounds_20260602_131155,2026-06-02T13:11:56+00:00,20297,6ad14f1622d030c8f3b6cfb93da2720aec6d94fa62056b60584594dee1c13538,review,unresolved_plant_mapping
502,C00000190,83509-42-6,28-Homocastasterone,C29H50O5,478.36582471,Thea sinensis,,unmapped,,,28-Homocastasterone,28homocastasterone,83509-42-6,83509426,true,ok,C29H50O5,c29h50o5,478.365825,f7f2ffe29e6a76c7ffb5c4dd3129f9bf8520c0ad928bed565bc46f479ab92001,502,KNApSAcK World,https://www.knapsackfamily.com/KNApSAcK_World/,compounds_20260602_131155,2026-06-02T13:11:56+00:00,20298,834b845359fa7b975f789571e9ab316dd3957db16fafbd5fa6714ffcc993b1b6,review,unresolved_plant_mapping
502,C00000351,6728-26-3,(2E)-2-Hexanal,C6H10O,98.07316494,Thea sinensis,,unmapped,,,(2E)-2-Hexanal,2e2hexanal,6728-26-3,6728263,true,ok,C6H10O,c6h10o,98.073165,3046b0983123e8d2b4e7018a89112ba8dd6b1283ed245dfd38972b0f75447000,502,KNApSAcK World,https://www.knapsackfamily.com/KNApSAcK_World/,compounds_20260602_131155,2026-06-02T13:11:56+00:00,20299,20ead03c1e1ded1e459c83dfa4fd05b8a7b4ea5ec8708a6e53bb7ac6ffad4625,review,unresolved_plant_mapping
502,C00000353,6789-80-6,cis-3-Hexenal,C6H10O,98.07316494,Thea sinensis,,unmapped,,,cis-3-Hexenal,cis3hexenal,6789-80-6,6789806,true,ok,C6H10O,c6h10o,98.073165,60ae8a3491c954869a09ba41529c9f8b324d3544e0e16c53331a71a4fe49e796,502,KNApSAcK World,https://www.knapsackfamily.com/KNApSAcK_World/,compounds_20260602_131155,2026-06-02T13:11:56+00:00,20300,4ec570ec41fcfc7ca3bf5ed5f23badcc07563eb81aec6a443d92eca722b7c3c6,review,unresolved_plant_mapping
502,C00000356,928-96-1,cis-3-Hexen-1-ol,C6H12O,100.08881501,Thea sinensis,,unmapped,,,cis-3-Hexen-1-ol,cis3hexen1ol,928-96-1,928961,true,ok,C6H12O,c6h12o,100.088815,09d6de4c7924c1a88340ee679f2cd20f8b4f0693be7dcb41c1149a5be6262d5d,502,KNApSAcK World,https://www.knapsackfamily.com/KNApSAcK_World/,compounds_20260602_131155,2026-06-02T13:11:56+00:00,20301,9e2e17adfcf6567ae03c4e3dfea784ca43cf7398a421b8c33eaf3296ba707273,review,unresolved_plant_mapping
502,C00000357,66-25-1,Hexanal,C6H12O,100.08881501,Thea sinensis,,unmapped,,,Hexanal,hexanal,66-25-1,66251,true,ok,C6H12O,c6h12o,100.088815,bc23b2dab2528592c2d8c3fd19d8b4fdd553cedc7258fdb60cc1b88a28e8d57b,502,KNApSAcK World,https://www.knapsackfamily.com/KNApSAcK_World/,compounds_20260602_131155,2026-06-02T13:11:56+00:00,20302,c207fe91992d9acf14b70b8809b66c6bf4d5344e3a7c4b8f30ac99b5dc3f1fbb,review,unresolved_plant_mapping
502,C00000958,989-51-5,epi-Gallocatechin 3-O-gallate,C22H18O11,458.08491142,Thea sinensis,,unmapped,,,epi-Gallocatechin 3-O-gallate,epigallocatechin_3ogallate,989-51-5,989515,true,ok,C22H18O11,c22h18o11,458.084911,f92448fee900c6891a96aa1f901693c3ee3e93fa4d1282db87e829513370ae1d,502,KNApSAcK World,https://www.knapsackfamily.com/KNApSAcK_World/,compounds_20260602_131155,2026-06-02T13:11:56+00:00,20303,bd3aabcd4e7f6fecd64789b5bf7d096d4c52b12980f7cf02e4a3acf7a97d55c2,review,unresolved_plant_mapping
502,C00001010,89064-31-3,Theasinensin A,C44H34O22,914.15417278,Thea sinensis,,unmapped,,,Theasinensin A,theasinensin_a,89064-31-3,89064313,true,ok,C44H34O22,c44h34o22,914.154173,d8c92c8ede274925fdd31ea9b5a9b7dc19912a95c7b597082e26816dbc9d6bb8,502,KNApSAcK World,https://www.knapsackfamily.com/KNApSAcK_World/,compounds_20260602_131155,2026-06-02T13:11:56+00:00,20304,2b9445d4b9f53427d503dde4460291b16b8772a10e09048871aab27dc8de3bfc,review,unresolved_plant_mapping
502,C00002724,327-97-9,3-O-Caffeoylquinic acid,C16H18O9,354.09508217,Thea sinensis,,unmapped,,,3-O-Caffeoylquinic acid,3ocaffeoylquinic_acid,327-97-9,327979,true,ok,C16H18O9,c16h18o9,354.095082,dd8043541bfbe4d1045494cbedf64c9c240d5be4d6d5b237ce3e57e00426b784,502,KNApSAcK World,https://www.knapsackfamily.com/KNApSAcK_World/,compounds_20260602_131155,2026-06-02T13:11:56+00:00,20305,50d38ec13fbbf303ce2d4dfa4b7a99c95cd376d39a8eeadef96142738cac21a5,review,unresolved_plant_mapping
502,C00003505,17304-24-4,Barringtogenol C,C30H50O5,490.36582471,Thea sinensis,,unmapped,,,Barringtogenol C,barringtogenol_c,17304-24-4,17304244,true,ok,C30H50O5,c30h50o5,490.365825,2d5efa66f414ac693ef58ac21dfd1110a01bcdf16c9450056c6be2da4ac61f1e,502,KNApSAcK World,https://www.knapsackfamily.com/KNApSAcK_World/,compounds_20260602_131155,2026-06-02T13:11:56+00:00,20306,34fcb965f14f0cf98a14893a9ad0a919ab16cc3d0bf84c126a0c173b1d801c61,review,unresolved_plant_mapping
502,C00005728,15648-86-9,Myricetin 3-O-galactopyranoside,C21H20O13,480.09039073,Thea sinensis,,unmapped,,,Myricetin 3-O-galactopyranoside,myricetin_3ogalactopyranoside,15648-86-9,15648869,true,ok,C21H20O13,c21h20o13,480.090391,f1f1d91a56fcccd70fe40ee86d4cfaae47cc1fb63a72acb80c8aef27f41e93c0,502,KNApSAcK World,https://www.knapsackfamily.com/KNApSAcK_World/,compounds_20260602_131155,2026-06-02T13:11:56+00:00,20307,6be042f4f63f13e447120e2df3b4412bb7cc89b899401427e3de474595e1c2c1,review,unresolved_plant_mapping
502,C00005734,520-14-9,Myricetin 3'-glucoside,C21H20O13,480.09039073,Thea sinensis,,unmapped,,,Myricetin 3'-glucoside,myricetin_3glucoside,520-14-9,520149,true,ok,C21H20O13,c21h20o13,480.090391,4b9d56b29364de0ba9b435fe12d1e8792c02c24aac87296128b89f1f228b2f20,502,KNApSAcK World,https://www.knapsackfamily.com/KNApSAcK_World/,compounds_20260602_131155,2026-06-02T13:11:56+00:00,20308,fa639fbede6142873d950158729ee03e72db4615916b7f278de3cd4656f76afe,review,unresolved_plant_mapping
502,C00006612,65618-21-5,Tricetinidin,C15H11O6,287.05556308,Thea sinensis,,unmapped,,,Tricetinidin,tricetinidin,65618-21-5,65618215,true,ok,C15H11O6,c15h11o6,287.055563,bac1757873cf5c83fb424a107f5a279a2d0d4214aa5df434bfa19043063240a1,502,KNApSAcK World,https://www.knapsackfamily.com/KNApSAcK_World/,compounds_20260602_131155,2026-06-02T13:11:56+00:00,20309,28c6d87df9138689bf6ee0f2789e2155ff76dfa5f21daa66a2acbd4123ee75bd,review,unresolved_plant_mapping
502,C00008808,18829-70-4,(-)-Catechin,C15H14O6,290.07903818,Thea sinensis,,unmapped,,,(-)-Catechin,catechin,18829-70-4,18829704,true,ok,C15H14O6,c15h14o6,290.079038,063b6291b1b6460ff98acdef97b068bd9fcbb18afabff1aee610c43ae2ad2af8,502,KNApSAcK World,https://www.knapsackfamily.com/KNApSAcK_World/,compounds_20260602_131155,2026-06-02T13:11:56+00:00,20310,b8a192e774305dbccc73af34987adef75bb34d7b7fbc1467ef64a01a99f24eed,review,unresolved_plant_mapping
502,C00008883,83104-87-4,Epigallocatechin 3-O-(3-O-methylgallate),C23H20O11,472.10056148,Thea sinensis,,unmapped,,,Epigallocatechin 3-O-(3-O-methylgallate),epigallocatechin_3o3omethylgallate,83104-87-4,83104874,true,ok,C23H20O11,c23h20o11,472.100561,a875de237dc3350a642722c5ee6ef2771875a97d131c4a1de9db4782aea735a2,502,KNApSAcK World,https://www.knapsackfamily.com/KNApSAcK_World/,compounds_20260602_131155,2026-06-02T13:11:56+00:00,20311,2e029e353fed5c04917d5f6d696280641ce536530cf1e67e56a578b4c776d21a,review,unresolved_plant_mapping
502,C00008887,37484-73-4,"Epigallocatechin 3,5,-di-O-gallate",C29H22O15,610.09587004,Thea sinensis,,unmapped,,,"Epigallocatechin 3,5,-di-O-gallate",epigallocatechin_35diogallate,37484-73-4,37484734,true,ok,C29H22O15,c29h22o15,610.09587,a9880b69e2f640c538bf653fe5e11628e3d8bc18f58683b0ec2095ff657428ae,502,KNApSAcK World,https://www.knapsackfamily.com/KNApSAcK_World/,compounds_20260602_131155,2026-06-02T13:11:56+00:00,20312,6494e9e354bf7fefbfe1418b46e6de899c483ec0570e15e88d95107a9a10a07a,review,unresolved_plant_mapping
502,C00008888,89013-66-1,"Epigallocatechin 3,3',-di-O-gallate",C29H22O15,610.09587004,Thea sinensis,,unmapped,,,"Epigallocatechin 3,3',-di-O-gallate",epigallocatechin_33diogallate,89013-66-1,89013661,true,ok,C29H22O15,c29h22o15,610.09587,4d730872b88bbeaa26c8276ac4d52e26edacebe98dee1dbda06dfcd73a9e4d46,502,KNApSAcK World,https://www.knapsackfamily.com/KNApSAcK_World/,compounds_20260602_131155,2026-06-02T13:11:56+00:00,20313,bf05ca81fdd84c310a457dc961c604e62770069425054bad7171466c4d918b2b,review,unresolved_plant_mapping
502,C00008889,89013-67-2,"Epigallocatechin 3,4',-di-O-gallate",C29H22O15,610.09587004,Thea sinensis,,unmapped,,,"Epigallocatechin 3,4',-di-O-gallate",epigallocatechin_34diogallate,89013-67-2,89013672,true,ok,C29H22O15,c29h22o15,610.09587,914c95b23a6c9818c7a3e6918afabe4b4f28694a3975ab58c1bd4ec45bd7bfe4,502,KNApSAcK World,https://www.knapsackfamily.com/KNApSAcK_World/,compounds_20260602_131155,2026-06-02T13:11:56+00:00,20314,bc6c507221af2b85f5872b660e92f82cb5e511a5077b96c8080aa680606da908,review,unresolved_plant_mapping
502,C00008916,89064-32-4,Theasinensin B,C37H30O18,762.14321416,Thea sinensis,,unmapped,,,Theasinensin B,theasinensin_b,89064-32-4,89064324,true,ok,C37H30O18,c37h30o18,762.143214,25754a6d8a3797b1148b11ca27ea3752f266e978696bb1df428c0816e1c8ea3a,502,KNApSAcK World,https://www.knapsackfamily.com/KNApSAcK_World/,compounds_20260602_131155,2026-06-02T13:11:56+00:00,20315,bfa7ee4db428c12e3ec900dd6c54489c2622221cfe7e19186fe18d830d7abf4d,review,unresolved_plant_mapping
502,C00009210,89064-33-5,Catechin-(4alpha->8)-epicatechin-3-O-gallate,C37H30O16,730.15338491,Thea sinensis,,unmapped,,,Catechin-(4alpha->8)-epicatechin-3-O-gallate,catechin4alpha8epicatechin3ogallate,89064-33-5,89064335,true,ok,C37H30O16,c37h30o16,730.153385,d48df616af05a97acbe2a30c37e5e53e3fdeb74fe368c9678f89aa6b876faec6,502,KNApSAcK World,https://www.knapsackfamily.com/KNApSAcK_World/,compounds_20260602_131155,2026-06-02T13:11:56+00:00,20316,4877a1d9a95e9888e736f7acd9ca9c44fb39c132fcf9b764a848ccb2e9607742,review,unresolved_plant_mapping
502,C00009212,73086-04-1,Epicatechin-(4beta->8)-epicatechin-3-O-gallate,C37H30O16,730.15338491,Thea sinensis,,unmapped,,,Epicatechin-(4beta->8)-epicatechin-3-O-gallate,epicatechin4beta8epicatechin3ogallate,73086-04-1,73086041,true,ok,C37H30O16,c37h30o16,730.153385,04fca3b3a0aa1eca7d5773c058c0c8d1d7f329d75310f28fbcfe50f51687c9b3,502,KNApSAcK World,https://www.knapsackfamily.com/KNApSAcK_World/,compounds_20260602_131155,2026-06-02T13:11:56+00:00,20317,e15e1bae443f4343282a38819b5d438fca70f1b22b5d84698823b1e0468ee943,review,unresolved_plant_mapping
502,C00009213,79907-44-1,"3,3'-Digalloylprocyanidin B2",C44H34O20,882.16434353,Thea sinensis,,unmapped,,,"3,3'-Digalloylprocyanidin B2",33digalloylprocyanidin_b2,79907-44-1,79907441,true,ok,C44H34O20,c44h34o20,882.164344,2b8dd2ca74d533be409ba7a383db58f6d71fd98ef562c46679ea0ffb711ec02f,502,KNApSAcK World,https://www.knapsackfamily.com/KNApSAcK_World/,compounds_20260602_131155,2026-06-02T13:11:56+00:00,20318,728a3ad32f8a65383ad4727644284079ff06e774f69c1f08be46410616b095b5,review,unresolved_plant_mapping
502,C00009238,86588-88-7,Epigallocatechin-(4beta->8)-epigallocatechin-3-O-gallate,C37H30O18,762.14321416,Thea sinensis,,unmapped,,,Epigallocatechin-(4beta->8)-epigallocatechin-3-O-gallate,epigallocatechin4beta8epigallocatechin3ogallate,86588-88-7,86588887,true,ok,C37H30O18,c37h30o18,762.143214,474ee7e60a8e5b4fc40eecf00ce03a68d920d9c13e4ab2635ccaf74a55c3f593,502,KNApSAcK World,https://www.knapsackfamily.com/KNApSAcK_World/,compounds_20260602_131155,2026-06-02T13:11:56+00:00,20319,fe21def7c16dd5c69b80357d45ca1ff1a855b0c18912a057f796d000f0247c14,review,unresolved_plant_mapping
502,C00010325,14049-11-7,Epoxylinalool,C10H18O2,170.13067982,Thea sinensis,,unmapped,,,Epoxylinalool,epoxylinalool,14049-11-7,14049117,true,ok,C10H18O2,c10h18o2,170.13068,7284d58e8b750f1d00dc9d7fcf9e70f9c60a997e5a2b8232e5ab9b4ec6003dc8,502,KNApSAcK World,https://www.knapsackfamily.com/KNApSAcK_World/,compounds_20260602_131155,2026-06-02T13:11:56+00:00,20320,1fac523790d80f50116c0378423531096779dd252683657f048d697d6de5401f,review,unresolved_plant_mapping
502,C00010335,60047-17-8,Linalyl oxide,C10H18O2,170.13067982,Thea sinensis,,unmapped,,,Linalyl oxide,linalyl_oxide,60047-17-8,60047178,true,ok,C10H18O2,c10h18o2,170.13068,ed0a4deb8b6ef0604ad3c9500d2777c9e2c612b86728f3719109666101a42be5,502,KNApSAcK World,https://www.knapsackfamily.com/KNApSAcK_World/,compounds_20260602_131155,2026-06-02T13:11:56+00:00,20321,8ad8f5ce7e69227b6696b8d48fd98c145dda2df92b1db9167429852f55ae0937,review,unresolved_plant_mapping
502,C00035814,71-36-3,1-Butanol,C4H10O,74.07316494,Thea sinensis,,unmapped,,,1-Butanol,1butanol,71-36-3,71363,true,ok,C4H10O,c4h10o,74.073165,ecd9bc02bd82e9c3f33a93c3d2cdc07d37d191492a69e14c522568b579c7239b,502,KNApSAcK World,https://www.knapsackfamily.com/KNApSAcK_World/,compounds_20260602_131155,2026-06-02T13:11:56+00:00,20322,8dd00df12d93eb255dd7278e5d554c1080f430e3938d75c18baa702eb36e6743,review,unresolved_plant_mapping
502,C00053660,616-25-1,1-Penten-3-ol,C5H10O,86.07316494,Thea sinensis,,unmapped,,,1-Penten-3-ol,1penten3ol,616-25-1,616251,true,ok,C5H10O,c5h10o,86.073165,ff7d6a4527adff6b66c9eb1ec4a173ba2001032f2bad3614a304ca3828f80fb2,502,KNApSAcK World,https://www.knapsackfamily.com/KNApSAcK_World/,compounds_20260602_131155,2026-06-02T13:11:56+00:00,20323,c7c972c520be17e53917ad258c85d6ccb473864bc6e16eca8a4d829c7cf374cb,review,unresolved_plant_mapping
502,C00054173,13844-01-4,Acutangenol B,C30H50O5,490.36582471,Thea sinensis,,unmapped,,,Acutangenol B,acutangenol_b,13844-01-4,13844014,true,ok,C30H50O5,c30h50o5,490.365825,9d52777cfcaa27025152c476bef74d099da4dbff6a5863eb1133769b5b58bfd9,502,KNApSAcK World,https://www.knapsackfamily.com/KNApSAcK_World/,compounds_20260602_131155,2026-06-02T13:11:56+00:00,20324,478270c831e88a5fc761105abee1612ea2ace47b20534a3df8db0b7bf9ae7047,review,unresolved_plant_mapping
502,C00055314,77790-54-6,"22,23-Dihydro-alpha-spinasterone",C29H48O,412.37051615,Thea sinensis,,unmapped,,,"22,23-Dihydro-alpha-spinasterone",2223dihydroalphaspinasterone,77790-54-6,77790546,true,ok,C29H48O,c29h48o,412.370516,5476aab12c97b0ae84907d857ec624495cc8c95aa9118085ef31e08e5a95bc12,502,KNApSAcK World,https://www.knapsackfamily.com/KNApSAcK_World/,compounds_20260602_131155,2026-06-02T13:11:56+00:00,20325,70b782df3092a5e77161e797e925ece61b34785a3ba288b0a6704eab98e9d63d,review,unresolved_plant_mapping
502,C00055539,15399-41-4,Camelliagenin E,C30H48O6,504.34508927,Thea sinensis,,unmapped,,,Camelliagenin E,camelliagenin_e,15399-41-4,15399414,true,ok,C30H48O6,c30h48o6,504.345089,5bbe97b6984d69a0732a01d1f56de12838b347a307e5585705a62bc640f04681,502,KNApSAcK World,https://www.knapsackfamily.com/KNApSAcK_World/,compounds_20260602_131155,2026-06-02T13:11:56+00:00,20326,ccc9e264b23bd5dd6ba7376c976cf6592eb4120a45f16a0d1f8f51715d204b6e,review,unresolved_plant_mapping
502,C00057388,4219-24-3,2-Pentene-1-carboxylic acid,C6H10O2,114.06807956,Thea sinensis,,unmapped,,,2-Pentene-1-carboxylic acid,2pentene1carboxylic_acid,4219-24-3,4219243,true,ok,C6H10O2,c6h10o2,114.06808,04990ea091b35e91d29a4df3db2244d24298998215adfc558478b8772649c4d9,502,KNApSAcK World,https://www.knapsackfamily.com/KNApSAcK_World/,compounds_20260602_131155,2026-06-02T13:11:56+00:00,20327,6abb7622ce7379d9ad304229a9df64fc2b82fe0319f825f1906baac8dc007d20,review,unresolved_plant_mapping
502,C00058039,23455-44-9,alpha-Spinasterone,C29H46O,410.35486609,Thea sinensis,,unmapped,,,alpha-Spinasterone,alphaspinasterone,23455-44-9,23455449,true,ok,C29H46O,c29h46o,410.354866,51c00c5dfbee16f39a0aa75022c2fb6f9d6830a080362b597eb2fd9c6ff0f8c5,502,KNApSAcK World,https://www.knapsackfamily.com/KNApSAcK_World/,compounds_20260602_131155,2026-06-02T13:11:56+00:00,20328,7873c97732a67662ed5810e3d1992672dc93a5420ebd9f7360b8b93103f56b3d,review,unresolved_plant_mapping
502,C00058170,65410-38-0,Traumatin,C12H20O3,212.1412445,Thea sinensis,,unmapped,,,Traumatin,traumatin,65410-38-0,65410380,true,ok,C12H20O3,c12h20o3,212.141244,162e0a4e4ab68c26ba324ef2a3c183c007a967760e36d6bcb84d027bfe6cd20f,502,KNApSAcK World,https://www.knapsackfamily.com/KNApSAcK_World/,compounds_20260602_131155,2026-06-02T13:11:56+00:00,20329,4726457d82b962f3f2973e6ad180c3abf60d44f55b564f262a850421d2f44b68,review,unresolved_plant_mapping
505,C00025950,1942-3-6,N-Acetylnornuciferine,C20H21NO3,323.15214354,Tinospora crispa Miers,7a2474e0-42e9-5f23-8696-92e68750f96c,mapped,raw_plant_id,plant_id,N-Acetylnornuciferine,nacetylnornuciferine,1942-3-6,194236,false,invalid_format,C20H21NO3,c20h21no3,323.152144,f1240285906b58fa1c32a661a79c60a0a46f002ab05228988df5862f4be6a5e6,505,KNApSAcK World,https://www.knapsackfamily.com/KNApSAcK_World/,compounds_20260602_131155,2026-06-02T13:11:56+00:00,20448,00a5953510888ce5c8adedcd4dd14a2d3eccac622dca64559de6d35cfd351c09,review,cas_invalid_format
507,C00025324,80510-09-4,N-cis-Feruloyltyramine,C18H19NO4,313.1314081,Tinospora tuberculata Beaumee,,unmapped,,,N-cis-Feruloyltyramine,ncisferuloyltyramine,80510-09-4,80510094,true,ok,C18H19NO4,c18h19no4,313.131408,d36e45db50dbb8d3af0967264ab3da5e15a193ac5e7b1f1f0c0399bee6d1c091,507,KNApSAcK World,https://www.knapsackfamily.com/KNApSAcK_World/,compounds_20260602_131155,2026-06-02T13:11:56+00:00,20475,4973bf218e4313409585ba133dd26f1a2eedda81ce1d3848f9503ed53f037ca3,review,unresolved_plant_mapping
507,C00025334,66648-43-9,N-trans-Feruloyltyramine,C18H19NO4,313.1314081,Tinospora tuberculata Beaumee,,unmapped,,,N-trans-Feruloyltyramine,ntransferuloyltyramine,66648-43-9,66648439,true,ok,C18H19NO4,c18h19no4,313.131408,6f3f0a9b48d11a19ba98270123162ac8f103c7f64ed878ff4933c97ec4f35e66,507,KNApSAcK World,https://www.knapsackfamily.com/KNApSAcK_World/,compounds_20260602_131155,2026-06-02T13:11:56+00:00,20476,360097e5ee5b1a6fa71b3d5a66206798344566347e38260f712c325e7abcd749,review,unresolved_plant_mapping
514,C00025219,5629-60-7,Uncarine C,C21H24N2O4,368.17360727,Uncaria ferrea,,unmapped,,,Uncarine C,uncarine_c,5629-60-7,5629607,true,ok,C21H24N2O4,c21h24n2o4,368.173607,5fa1370b889ec329a6e8d6180d3ca8788bafcea4e4578d965ef75c6e8eb78f42,514,KNApSAcK World,https://www.knapsackfamily.com/KNApSAcK_World/,compounds_20260602_131155,2026-06-02T13:11:56+00:00,20597,743f12656df15b0afd0545dc899ae5a7efdd5f4e85d8e0a732d8f64cf50eb19d,review,unresolved_plant_mapping
514,C00025220,4697-68-1,Speciophylline,C21H24N2O4,368.17360727,Uncaria ferrea,,unmapped,,,Speciophylline,speciophylline,4697-68-1,4697681,true,ok,C21H24N2O4,c21h24n2o4,368.173607,349d981c75fb2534d70f53ad3f26cad1c688b8cf5116225060ef6e44b5ada253,514,KNApSAcK World,https://www.knapsackfamily.com/KNApSAcK_World/,compounds_20260602_131155,2026-06-02T13:11:56+00:00,20598,d0075538de97dc58a300690a3c48a5ece9dcd61eda4e3e6ff492b696c95d8e2e,review,unresolved_plant_mapping
514,C00025221,5171-37-9,Isopteropodine,C21H24N2O4,368.17360727,Uncaria ferrea,,unmapped,,,Isopteropodine,isopteropodine,5171-37-9,5171379,true,ok,C21H24N2O4,c21h24n2o4,368.173607,787b15add4d07299114020e7ff2b6533b6b64606521e111be385f8922737f855,514,KNApSAcK World,https://www.knapsackfamily.com/KNApSAcK_World/,compounds_20260602_131155,2026-06-02T13:11:56+00:00,20599,abde8eb57beaa299e88f86294c4cd7d4e248e61c5f4009905ea4765e1ec5a852,review,unresolved_plant_mapping
522,C00000091,1637-39-4,trans-Zeatin,C10H13N5O,219.11201007,Vinca rosea,,unmapped,,,trans-Zeatin,transzeatin,1637-39-4,1637394,true,ok,C10H13N5O,c10h13n5o,219.11201,fec8de7c3c8c0476b48ac2501b61c2297bc7d26b5c25cb86ef428d8cf5a83cfc,522,KNApSAcK World,https://www.knapsackfamily.com/KNApSAcK_World/,compounds_20260602_131155,2026-06-02T13:11:56+00:00,20940,3be09e9536e8012000794827f9f0637bad1b420fb2aaae8225a25e23baba03e5,review,unresolved_plant_mapping
522,C00000096,6025-53-2,9-Ribosyl-trans-zeatin,C15H21N5O5,351.15426882,Vinca rosea,,unmapped,,,9-Ribosyl-trans-zeatin,9ribosyltranszeatin,6025-53-2,6025532,true,ok,C15H21N5O5,c15h21n5o5,351.154269,eecee21851ffe71f0de274dee81a5c49b073ee10f7c09942a1d257750d80d071,522,KNApSAcK World,https://www.knapsackfamily.com/KNApSAcK_World/,compounds_20260602_131155,2026-06-02T13:11:56+00:00,20941,8db74c505447a8bfaf7a147f8bfbc5e588f855831afa9fb64c32e6304c9cf401,review,unresolved_plant_mapping
522,C00001678,483-04-5,Ajmalicine,C21H24N2O3,352.17869265,Vinca rosea,,unmapped,,,Ajmalicine,ajmalicine,483-04-5,483045,true,ok,C21H24N2O3,c21h24n2o3,352.178693,354893efbefd4bb6ffa69451c66b64bac4797fbfe4a03fe7653407c0ff251cee,522,KNApSAcK World,https://www.knapsackfamily.com/KNApSAcK_World/,compounds_20260602_131155,2026-06-02T13:11:56+00:00,20942,082fb174cc2ba53eb2d238c3046a5a103d8155c93bd45b4fdfc72720ab69237f,review,unresolved_plant_mapping
522,C00001683,47485-83-6,Alstonine,C21H20N2O3,348.14739252,Vinca rosea,,unmapped,,,Alstonine,alstonine,47485-83-6,47485836,true,ok,C21H20N2O3,c21h20n2o3,348.147393,01d8a9f9e477e8ae071e6a3c0480d6d79a45a547dc63548770c8bea9e65ebbcf,522,KNApSAcK World,https://www.knapsackfamily.com/KNApSAcK_World/,compounds_20260602_131155,2026-06-02T13:11:56+00:00,20943,862c6ca2b6fca7cf9124626e03a3ad6016a957a7e3c4a8a014c8a65dd5a82de8,review,unresolved_plant_mapping
522,C00001704,2468-21-5,Catharanthine,C21H24N2O2,336.18377802,Vinca rosea,,unmapped,,,Catharanthine,catharanthine,2468-21-5,2468215,true,ok,C21H24N2O2,c21h24n2o2,336.183778,01bfad27fe40954937026b35864df3d1a8c935f95519c86be03e8f8f5b44433e,522,KNApSAcK World,https://www.knapsackfamily.com/KNApSAcK_World/,compounds_20260602_131155,2026-06-02T13:11:56+00:00,20944,1c320cb728a03ef46824cd17c6433962c6588e23318872318fa4b0312e52876f,review,unresolved_plant_mapping
522,C00001705,1355-31-3,Catharine,C46H54N4O10,822.38399398,Vinca rosea,,unmapped,,,Catharine,catharine,1355-31-3,1355313,true,ok,C46H54N4O10,c46h54n4o10,822.383994,f044a46a3f31e69f1ef6147a0eabda445b2bae6d6d86987f45a661f383e1babd,522,KNApSAcK World,https://www.knapsackfamily.com/KNApSAcK_World/,compounds_20260602_131155,2026-06-02T13:11:56+00:00,20945,f0e8c2ad45d9f860dfff25be709ee446f50db5379c9a35c22d91ef00cf3c0c5f,review,unresolved_plant_mapping
522,C00001743,15228-71-4,Leurosidine,C46H58N4O9,810.42037948,Vinca rosea,,unmapped,,,Leurosidine,leurosidine,15228-71-4,15228714,true,ok,C46H58N4O9,c46h58n4o9,810.420379,41d802d432a47127e202d40ef50bc50bd160a3ea7b11bc98e25571518474960e,522,KNApSAcK World,https://www.knapsackfamily.com/KNApSAcK_World/,compounds_20260602_131155,2026-06-02T13:11:56+00:00,20946,603f574f3d8a6f2c0c766567b3c99d48d78fa3c80ad3f272bb503799887f32ad,review,unresolved_plant_mapping
522,C00001744,23360-92-1,Leurosine,C46H56N4O9,808.40472942,Vinca rosea,,unmapped,,,Leurosine,leurosine,23360-92-1,23360921,true,ok,C46H56N4O9,c46h56n4o9,808.404729,955d54d405352dc5b5bb341f2ff0eaa66cbc02997640abe18c298a39a2bdca5e,522,KNApSAcK World,https://www.knapsackfamily.com/KNApSAcK_World/,compounds_20260602_131155,2026-06-02T13:11:56+00:00,20947,633bb34d99593ff96cd711985f60402cb2240ee1c93563169c8374f2a3eb2250,review,unresolved_plant_mapping
522,C00001769,18786-24-8,Serpentine,C21H21N2O3,349.15521755,Vinca rosea,,unmapped,,,Serpentine,serpentine,18786-24-8,18786248,true,ok,C21H21N2O3,c21h21n2o3,349.155218,d3faabc2d2757909b2ec8f66bb4c9c62f9d6513852bbd1c81fe9da3338bc5604,522,KNApSAcK World,https://www.knapsackfamily.com/KNApSAcK_World/,compounds_20260602_131155,2026-06-02T13:11:56+00:00,20948,d9d4aef2e9ae483166af1391d4c2a2bce007b53ab94b020a0c348d63db7af1df,review,unresolved_plant_mapping
522,C00001781,865-21-4,Vinblastine,C46H58N4O9,810.42037948,Vinca rosea,,unmapped,,,Vinblastine,vinblastine,865-21-4,865214,true,ok,C46H58N4O9,c46h58n4o9,810.420379,c83d9d9a8be6bc26452621d386ad16e5d24132bc415e9c30bf99b2ee73866398,522,KNApSAcK World,https://www.knapsackfamily.com/KNApSAcK_World/,compounds_20260602_131155,2026-06-02T13:11:56+00:00,20949,d8ef11b53202e88b9ba6396f3c7f2bd9d458fde48a146eeae9b8db7b4beb84e7,review,unresolved_plant_mapping
522,C00001783,57-22-7,Vincristine,C46H56N4O10,824.39964404,Vinca rosea,,unmapped,,,Vincristine,vincristine,57-22-7,57227,true,ok,C46H56N4O10,c46h56n4o10,824.399644,158f6ea3934fa344168c61bd201446a0e29031091b7e12ecafe5e742e7a692c2,522,KNApSAcK World,https://www.knapsackfamily.com/KNApSAcK_World/,compounds_20260602_131155,2026-06-02T13:11:56+00:00,20950,61078342f4e7c4dd001dd7c47b3f5a0a651b33bcdead2c32f1554a3552683709,review,unresolved_plant_mapping
522,C00001784,2182-14-1,Vindoline,C25H32N2O6,456.22603677,Vinca rosea,,unmapped,,,Vindoline,vindoline,2182-14-1,2182141,true,ok,C25H32N2O6,c25h32n2o6,456.226037,ab91262b6672bfdf9245b58a5b5f3e97341f90826432795f4a1ddf85703fb065,522,KNApSAcK World,https://www.knapsackfamily.com/KNApSAcK_World/,compounds_20260602_131155,2026-06-02T13:11:56+00:00,20951,93c277238faa1a0a8ae05f2b975efe293ef6727d76459251c25645f5e960937c,review,unresolved_plant_mapping
522,C00010605,152-91-0,7-Ketologanin,C17H24O10,388.13694699,Vinca rosea,,unmapped,,,7-Ketologanin,7ketologanin,152-91-0,152910,true,ok,C17H24O10,c17h24o10,388.136947,9e075f18d15e5b0ca6a0df4cd1afbe5cb72c16019b37307f9f9e234b8dc2ff62,522,KNApSAcK World,https://www.knapsackfamily.com/KNApSAcK_World/,compounds_20260602_131155,2026-06-02T13:11:56+00:00,20952,7b0eeb8cfb0fb895c1fd2e2f7437d06db36e93ef8d5fc26eeab7cb1d080721e2,review,unresolved_plant_mapping
522,C00025912,6519-27-3,"16R,19E-Isositsirikine",C21H26N2O3,354.19434271,Vinca rosea L.,,unmapped,,,"16R,19E-Isositsirikine",16r19eisositsirikine,6519-27-3,6519273,true,ok,C21H26N2O3,c21h26n2o3,354.194343,8dd346cae63fd44cfa550314de24da5592c4f8e8574e44e769305214a0666aaa,522,KNApSAcK World,https://www.knapsackfamily.com/KNApSAcK_World/,compounds_20260602_131155,2026-06-02T13:11:56+00:00,20953,2a0e40aa662b3486840d06e8f0d4147bf3af42a4225e50ed988608e4531ce8cf,review,unresolved_plant_mapping
522,C00026009,975-77-9,Pericyclivine,C20H22N2O2,322.16812796,Vinca rosea L.,,unmapped,,,Pericyclivine,pericyclivine,975-77-9,975779,true,ok,C20H22N2O2,c20h22n2o2,322.168128,1a875f49a9572c4c8e8de8a7478dc445128214e0f5ec5f86bf1907aaa79160e5,522,KNApSAcK World,https://www.knapsackfamily.com/KNApSAcK_World/,compounds_20260602_131155,2026-06-02T13:11:56+00:00,20954,9791967aca8f69e2c091ba4a745e37b29b86b657a4ed205089e25ef215f9a5c9,review,unresolved_plant_mapping
522,C00027069,522-47-4,10-O-Methylsarpagine,C20H24N2O2,324.18377802,Vinca rosea L.,,unmapped,,,10-O-Methylsarpagine,10omethylsarpagine,522-47-4,522474,true,ok,C20H24N2O2,c20h24n2o2,324.183778,97bf6700c73d67b77fe5c52c0950097a2b67c4ae88bb8a0b3fadaafcdb7f66d4,522,KNApSAcK World,https://www.knapsackfamily.com/KNApSAcK_World/,compounds_20260602_131155,2026-06-02T13:11:56+00:00,20955,faf271c07198e3b03074793eadd1ab592d590186a6d384019d7125b9292bf21e,review,unresolved_plant_mapping
522,C00052431,162652-95-1,Vinflunine,C45H54F2N4O8,816.39097113,Vinca rosea,,unmapped,,,Vinflunine,vinflunine,162652-95-1,162652951,true,ok,C45H54F2N4O8,c45h54f2n4o8,816.390971,7542f628545cba6e8821cb47d01c94e6444f1b0231bbc25cd244e2bfa5530677,522,KNApSAcK World,https://www.knapsackfamily.com/KNApSAcK_World/,compounds_20260602_131155,2026-06-02T13:11:56+00:00,20956,61d4da13857568ca7fe9be3f864672d6ccfdb25f0d12ae0c88248e5fc8412b4c,review,unresolved_plant_mapping
522,C00052432,71486-22-1,Vinorelbine,C45H54N4O8,778.39416473,Vinca rosea,,unmapped,,,Vinorelbine,vinorelbine,71486-22-1,71486221,true,ok,C45H54N4O8,c45h54n4o8,778.394165,81df5f21b480cfc2b9a73a94164379d689fd4268fcb551b89caeb83c1c5b89f0,522,KNApSAcK World,https://www.knapsackfamily.com/KNApSAcK_World/,compounds_20260602_131155,2026-06-02T13:11:56+00:00,20957,f193bf9d496023350f2d55406fc3383c9bef784e946710388f1904bd544e2a95,review,unresolved_plant_mapping
531,C00001062,1592-70-7,Isokaempferide,C16H12O6,300.06338812,Zingiber aromaticum,,unmapped,,,Isokaempferide,isokaempferide,1592-70-7,1592707,true,ok,C16H12O6,c16h12o6,300.063388,06cb3f4f33a09f4f22475432be22bc172911c4423878d2f0f9a74cf72c435720,531,KNApSAcK World,https://www.knapsackfamily.com/KNApSAcK_World/,compounds_20260602_131155,2026-06-02T13:11:56+00:00,21203,a8030039d6f593f49fa24bb2648fc901be53f265cb44b0e500b71db2e97b586f,review,unresolved_plant_mapping
531,C00002748,23513-14-6,(S)-6-Gingerol,C17H26O4,294.18310932,Zingiber aromaticum,,unmapped,,,(S)-6-Gingerol,s6gingerol,23513-14-6,23513146,true,ok,C17H26O4,c17h26o4,294.183109,465c65cec0d798341e32fb0b3b35b1d3d58680d1116e2575a64f97fd6a4be091,531,KNApSAcK World,https://www.knapsackfamily.com/KNApSAcK_World/,compounds_20260602_131155,2026-06-02T13:11:56+00:00,21204,72b0c11a443502796176c1c43c15e24223267fcc93fa92066848e7e5183e2e31,review,unresolved_plant_mapping
531,C00003672,83-46-5,(-)-beta-Sitosterol,C29H50O,414.38616622,Zingiber aromaticum,,unmapped,,,(-)-beta-Sitosterol,betasitosterol,83-46-5,83465,true,ok,C29H50O,c29h50o,414.386166,9af4a68d67b1a12320356a40bc69c8b7159bf73ef709ca61195fefc63cf9cd9b,531,KNApSAcK World,https://www.knapsackfamily.com/KNApSAcK_World/,compounds_20260602_131155,2026-06-02T13:11:56+00:00,21205,f0bfc4c62a445de17979c8c547cc626c60c7f27568b6640f98d50c3fcb05c48d,review,unresolved_plant_mapping
531,C00005140,482-39-3,Afzelin,C21H20O10,432.10564686,Zingiber aromaticum,,unmapped,,,Afzelin,afzelin,482-39-3,482393,true,ok,C21H20O10,c21h20o10,432.105647,cc8444cd7e8492ac5e2205189f56c34927b2d8f130dfe7317859d023eb5729f6,531,KNApSAcK World,https://www.knapsackfamily.com/KNApSAcK_World/,compounds_20260602_131155,2026-06-02T13:11:56+00:00,21206,5cac3cedf179106fcf4956212e979aa11f39511b04e341dadc7e281e0cc57b64,review,unresolved_plant_mapping
531,C00005861,135618-16-5,4''-O-Acetylafzelin,C23H22O11,474.11621155,Zingiber aromaticum,,unmapped,,,4''-O-Acetylafzelin,4oacetylafzelin,135618-16-5,135618165,true,ok,C23H22O11,c23h22o11,474.116212,484c6ce9439347eaa4f8ec018918a81078c778ccc6c35c444b8b48770c7ce858,531,KNApSAcK World,https://www.knapsackfamily.com/KNApSAcK_World/,compounds_20260602_131155,2026-06-02T13:11:56+00:00,21207,82aab8d967668e927fe0002e191c444ce81221ad20fb98aa086675992041b51e,review,unresolved_plant_mapping
531,C00012467,471-05-6,Zerumbone,C15H22O,218.16706532,Zingiber aromaticum,,unmapped,,,Zerumbone,zerumbone,471-05-6,471056,true,ok,C15H22O,c15h22o,218.167065,97b4a6e74b0a05757c45a96c1884469e47f4183a4c9e9862cf2072a6652d5b32,531,KNApSAcK World,https://www.knapsackfamily.com/KNApSAcK_World/,compounds_20260602_131155,2026-06-02T13:11:56+00:00,21208,d6c46ec97bb0abc52560788bc501404bd6fd62e2c7d77e5426061d817f72c365,review,unresolved_plant_mapping
531,C00019308,474-58-8,3-O-beta-D-Glucopyranosyl sitosterol,C35H60O6,576.43898965,Zingiber aromaticum,,unmapped,,,3-O-beta-D-Glucopyranosyl sitosterol,3obetadglucopyranosyl_sitosterol,474-58-8,474588,true,ok,C35H60O6,c35h60o6,576.43899,c78c50d7b83d0d51d28119a788c2c8ded8dacf0dea09e7db865b2067ad13dc62,531,KNApSAcK World,https://www.knapsackfamily.com/KNApSAcK_World/,compounds_20260602_131155,2026-06-02T13:11:56+00:00,21209,a6423a9192df92cfe229c9caf38201ccdaba41b5078212f771ba29d620953211,review,unresolved_plant_mapping
531,C00022001,21446-02-6,Tricyclohumuladiol,C15H26O2,238.19328007,Zingiber aromaticum,,unmapped,,,Tricyclohumuladiol,tricyclohumuladiol,21446-02-6,21446026,true,ok,C15H26O2,c15h26o2,238.19328,bee2b4312c290c10dece1a40dd48079d1ba4faa302a74423d5c1d9b63510f238,531,KNApSAcK World,https://www.knapsackfamily.com/KNApSAcK_World/,compounds_20260602_131155,2026-06-02T13:11:56+00:00,21210,9a0982125a4b1f62a186b621119c7cca8e68f68e9e6f4cbd19a2646a2cc5752e,review,unresolved_plant_mapping
531,C00031418,104186-05-2,trans-10-Shogaol,C21H32O3,332.23514489,Zingiber aromaticum,,unmapped,,,trans-10-Shogaol,trans10shogaol,104186-05-2,104186052,true,ok,C21H32O3,c21h32o3,332.235145,7b3569accbc17c1b2a56a427c7bde3a0c97f7a5b6a385d6e174514a2fd807b4b,531,KNApSAcK World,https://www.knapsackfamily.com/KNApSAcK_World/,compounds_20260602_131155,2026-06-02T13:11:56+00:00,21211,8b2a9cb6ce8870c2142883514a2eddb120c15cc037e6b9f139d91cd6cf9cdb3c,review,unresolved_plant_mapping
531,C00031419,23513-13-5,trans-6-Shogaol,C17H24O3,276.17254463,Zingiber aromaticum,,unmapped,,,trans-6-Shogaol,trans6shogaol,23513-13-5,23513135,true,ok,C17H24O3,c17h24o3,276.172545,e6a178345a9681ed90f45adf3b783779a21a9ceb01b56b3849728a70f855703f,531,KNApSAcK World,https://www.knapsackfamily.com/KNApSAcK_World/,compounds_20260602_131155,2026-06-02T13:11:56+00:00,21212,3ba23bdc50ea8fb3306c60e39e0052ee81e0f59e7ae5e94d29dd7160965613df,review,unresolved_plant_mapping
531,C00031442,86391-07-3,Zerumbone epoxide,C15H22O2,234.16197995,Zingiber aromaticum,,unmapped,,,Zerumbone epoxide,zerumbone_epoxide,86391-07-3,86391073,true,ok,C15H22O2,c15h22o2,234.16198,6abca9b24f012852aa24c0b67f46bfd60a23619749afcf5ec8feafa231d271ea,531,KNApSAcK World,https://www.knapsackfamily.com/KNApSAcK_World/,compounds_20260602_131155,2026-06-02T13:11:56+00:00,21213,c471963a9529de98c8e5a480090136ba8d5a87c03fc284ab31aeea3714b02e87,review,unresolved_plant_mapping
531,C00031474,23513-15-7,(S)-10-Gingerol,C21H34O4,350.24570957,Zingiber aromaticum,,unmapped,,,(S)-10-Gingerol,s10gingerol,23513-15-7,23513157,true,ok,C21H34O4,c21h34o4,350.24571,dbb36e8ed2c2b115ba65d64abb87274cbae245916f832b501a0a3934e84df41d,531,KNApSAcK World,https://www.knapsackfamily.com/KNApSAcK_World/,compounds_20260602_131155,2026-06-02T13:11:56+00:00,21214,45c332ce58099e65eeead8c693dfd77290dd0ffbcec2014255824ee14199036b,review,unresolved_plant_mapping
531,C00031475,23513-08-8,(S)-8-Gingerol,C19H30O4,322.21440945,Zingiber aromaticum,,unmapped,,,(S)-8-Gingerol,s8gingerol,23513-08-8,23513088,true,ok,C19H30O4,c19h30o4,322.214409,3483b4f00510d292483714c0cb7f0b18a4812e0d64a44bb496b8030375440d54,531,KNApSAcK World,https://www.knapsackfamily.com/KNApSAcK_World/,compounds_20260602_131155,2026-06-02T13:11:56+00:00,21215,7f8a340ec8810fd4fcfc1a3ae7e6b9571b58bc40c8a18d761bb0b29d381134c9,review,unresolved_plant_mapping
531,C00031538,852541-08-3,"2,9-Humuladien-6-ol-8-one",C15H24O2,236.17763001,Zingiber aromaticum,,unmapped,,,"2,9-Humuladien-6-ol-8-one",29humuladien6ol8one,852541-08-3,852541083,true,ok,C15H24O2,c15h24o2,236.17763,057f7e381f18849c1f62b2ecdba65be72ad1d9da0dabba1d70bca72be2e908ab,531,KNApSAcK World,https://www.knapsackfamily.com/KNApSAcK_World/,compounds_20260602_131155,2026-06-02T13:11:56+00:00,21216,0f5447237541dafe575c3e53cbf1f2699805e64a2dbc4e30609c872a2f66e186,review,unresolved_plant_mapping
