plant_compound_review_id,compound_candidate_id,compound_id,canonical_key,candidate_status,enrichment_status,plant_id,canonical_plant_id,source_compound_key,source_plant_raw_id,source_name,source_batch_id,retrieved_at,issue_type,issue_reason,evidence_summary_json
cmprev_285393d6ef7e0b42,cmpcand_00c929e5637b4702,d73cfd69-de34-53f1-a566-229fe4ea8f85,inchi::XWTCRKNSJARUIU-UHFFFAOYSA-N,ready,conflict,175,,4c0aeec6b3dec32204a3e123d743cc81cef5474fcd46184baac73672e7956798,175,PubChem,2026-05-24T15:05:42.738345+00:00,2026-05-24T15:05:42.738345+00:00,unmapped_plant_reference,member_map_missing_canonical_plant_id,"{""candidate_id"": ""cmpcand_00c929e5637b4702"", ""compound_id"": ""d73cfd69-de34-53f1-a566-229fe4ea8f85"", ""member_count"": 1, ""member_ids_preview"": [""cmpcandm_d93162966f09ad17""], ""missing_member_count"": 1, ""raw_plant_ids_preview"": [""175""], ""source_compound_keys_preview"": [""4c0aeec6b3dec32204a3e123d743cc81cef5474fcd46184baac73672e7956798""]}"
cmprev_cb36bb750b163ea2,cmpcand_00f02d1e763ddb6a,507c3fa4-b4b6-5a0b-89ed-3faed25174af,inchi::MQLSOVRLZHTATK-PEYNGXJCSA-N,ready,conflict,429,,a9b1e6d82eaec7aa1cdc3780b19c174dad6f0aa844ec9535c402d17327919113,429,PubChem,2026-05-24T15:07:21.356255+00:00,2026-05-24T15:07:21.356255+00:00,unmapped_plant_reference,member_map_missing_canonical_plant_id,"{""candidate_id"": ""cmpcand_00f02d1e763ddb6a"", ""compound_id"": ""507c3fa4-b4b6-5a0b-89ed-3faed25174af"", ""member_count"": 1, ""member_ids_preview"": [""cmpcandm_5efde5e12cc7d4cd""], ""missing_member_count"": 1, ""raw_plant_ids_preview"": [""429""], ""source_compound_keys_preview"": [""a9b1e6d82eaec7aa1cdc3780b19c174dad6f0aa844ec9535c402d17327919113""]}"
cmprev_fd1e088fdb2fb666,cmpcand_01206ef53bf18cd9,7e8aaf66-7244-51ea-819f-bbe0152a907d,inchi::WQZGKKKJIJFFOK-DVKNGEFBSA-N,ready,conflict,155,,f0c011f3066a462572dee1f813b4a7a5ce3a83f745e756a2a228c3e75048cf98,155,ChEMBL,2026-05-24T15:06:35.819079+00:00,2026-05-24T15:06:35.819079+00:00,unmapped_plant_reference,member_map_missing_canonical_plant_id,"{""candidate_id"": ""cmpcand_01206ef53bf18cd9"", ""compound_id"": ""7e8aaf66-7244-51ea-819f-bbe0152a907d"", ""member_count"": 1, ""member_ids_preview"": [""cmpcandm_d31c9c8b79917ddf""], ""missing_member_count"": 1, ""raw_plant_ids_preview"": [""155""], ""source_compound_keys_preview"": [""f0c011f3066a462572dee1f813b4a7a5ce3a83f745e756a2a228c3e75048cf98""]}"
cmprev_5837b57e903c7ce9,cmpcand_01833bfbf11b6600,7a0a3432-9410-5280-ac0c-74940782765a,inchi::QMMFVYPAHWMCMS-UHFFFAOYSA-N,ready,conflict,139,,25edfa24424e04cb6e87a6583daa23d5f9b0aecd446eb051f96120f44a2edda2,139,ChEMBL,2026-05-24T15:08:15.799012+00:00,2026-05-24T15:08:15.799012+00:00,unmapped_plant_reference,member_map_missing_canonical_plant_id,"{""candidate_id"": ""cmpcand_01833bfbf11b6600"", ""compound_id"": ""7a0a3432-9410-5280-ac0c-74940782765a"", ""member_count"": 1, ""member_ids_preview"": [""cmpcandm_a04b9d21dbaaec52""], ""missing_member_count"": 1, ""raw_plant_ids_preview"": [""139""], ""source_compound_keys_preview"": [""25edfa24424e04cb6e87a6583daa23d5f9b0aecd446eb051f96120f44a2edda2""]}"
cmprev_3a736ff29d89f20b,cmpcand_01d5a1ab29bda4c8,0fb42c2a-e261-55b8-bf4b-c3fcc8e4ff83,inchi::VNGUCOGHCJHFID-FLZFTVBESA-N,ready,conflict,384,,57602efb91ba742eba3009335b5ac0675e0bdc979ba32711ce2777492a964fcc,384,PubChem,2026-05-24T15:07:25.576432+00:00,2026-05-24T15:07:25.576432+00:00,unmapped_plant_reference,member_map_missing_canonical_plant_id,"{""candidate_id"": ""cmpcand_01d5a1ab29bda4c8"", ""compound_id"": ""0fb42c2a-e261-55b8-bf4b-c3fcc8e4ff83"", ""member_count"": 1, ""member_ids_preview"": [""cmpcandm_a420c808d5503af8""], ""missing_member_count"": 1, ""raw_plant_ids_preview"": [""384""], ""source_compound_keys_preview"": [""57602efb91ba742eba3009335b5ac0675e0bdc979ba32711ce2777492a964fcc""]}"
cmprev_0b99210922c21b7b,cmpcand_0276e310f430bcab,fc1e36bc-958e-5d32-ae64-bd743cfed459,inchi::MOJZMWJRUKIQGL-XILRTYJMSA-N,ready,conflict,120,,f1458056aa0215ca552ec42e3f9d2929d5a11fe3d24302b1b558edc75c22024e,120;122,ChEMBL,2026-05-24T15:07:47.386352+00:00,2026-05-24T15:07:47.386352+00:00,unmapped_plant_reference,member_map_missing_canonical_plant_id,"{""candidate_id"": ""cmpcand_0276e310f430bcab"", ""compound_id"": ""fc1e36bc-958e-5d32-ae64-bd743cfed459"", ""member_count"": 2, ""member_ids_preview"": [""cmpcandm_970b83d8f1c44da6"", ""cmpcandm_e46fee5354a9bf69""], ""missing_member_count"": 2, ""raw_plant_ids_preview"": [""120"", ""122""], ""source_compound_keys_preview"": [""f1458056aa0215ca552ec42e3f9d2929d5a11fe3d24302b1b558edc75c22024e"", ""b733768eee2d8042288a8675970c9bab7e45ec964f6cd0baebdce276e8beb975""]}"
cmprev_a922035c4e4d3bcc,cmpcand_02834687d83045b2,bc0d25d5-c1ea-500f-93f5-a850848248e0,inchi::CJHDBEPXEKGBDW-VMPITWQZSA-N,ready,conflict,381,,4d72aee35c1241e0c41a56047620cd34c3a7fa772b23d84641e7c3d8d3637e36,381,ChEMBL,2026-05-24T15:05:50.004389+00:00,2026-05-24T15:05:50.004389+00:00,unmapped_plant_reference,member_map_missing_canonical_plant_id,"{""candidate_id"": ""cmpcand_02834687d83045b2"", ""compound_id"": ""bc0d25d5-c1ea-500f-93f5-a850848248e0"", ""member_count"": 1, ""member_ids_preview"": [""cmpcandm_0ad6e6c7284a9831""], ""missing_member_count"": 1, ""raw_plant_ids_preview"": [""381""], ""source_compound_keys_preview"": [""4d72aee35c1241e0c41a56047620cd34c3a7fa772b23d84641e7c3d8d3637e36""]}"
cmprev_e513ded558310e19,cmpcand_028dc935cb973a88,feede003-773b-55f4-8dc7-ebd732072089,inchi::SOWISUOFXLRAML-UHFFFAOYSA-N,ready,conflict,107,,d5e08df7b0a70300a4a116259e91bc6fd973a6b1f6d519b64b3214d0457a5bf3,107,PubChem,2026-05-24T15:03:08.573426+00:00,2026-05-24T15:03:08.573426+00:00,unmapped_plant_reference,member_map_missing_canonical_plant_id,"{""candidate_id"": ""cmpcand_028dc935cb973a88"", ""compound_id"": ""feede003-773b-55f4-8dc7-ebd732072089"", ""member_count"": 1, ""member_ids_preview"": [""cmpcandm_2d934d603a223119""], ""missing_member_count"": 1, ""raw_plant_ids_preview"": [""107""], ""source_compound_keys_preview"": [""d5e08df7b0a70300a4a116259e91bc6fd973a6b1f6d519b64b3214d0457a5bf3""]}"
cmprev_935b206c1de7779f,cmpcand_029863a8a5a1d414,50fa0667-2e28-5694-b8c0-14b11a11d6ca,inchi::JXOHGGNKMLTUBP-HSUXUTPPSA-N,ready,conflict,155,,0fb9c1c96b56c85424556822d4bfd7dede058226b581845015f9114114e09040,155,ChEMBL,2026-05-24T15:03:41.449556+00:00,2026-05-24T15:03:41.449556+00:00,unmapped_plant_reference,member_map_missing_canonical_plant_id,"{""candidate_id"": ""cmpcand_029863a8a5a1d414"", ""compound_id"": ""50fa0667-2e28-5694-b8c0-14b11a11d6ca"", ""member_count"": 1, ""member_ids_preview"": [""cmpcandm_6defdeeee5969832""], ""missing_member_count"": 1, ""raw_plant_ids_preview"": [""155""], ""source_compound_keys_preview"": [""0fb9c1c96b56c85424556822d4bfd7dede058226b581845015f9114114e09040""]}"
cmprev_00f079d820a2deed,cmpcand_02cbea2a232252f7,aaa2c31e-99af-5f83-800b-cbe221af2398,inchi::SESFRYSPDFLNCH-UHFFFAOYSA-N,ready,conflict,122,,bf091602ed4e8acdc42f11b2d6c038b33d16245fdd8474f2540accee042fbf41,122,ChEMBL,2026-05-24T15:03:09.584492+00:00,2026-05-24T15:03:09.584492+00:00,unmapped_plant_reference,member_map_missing_canonical_plant_id,"{""candidate_id"": ""cmpcand_02cbea2a232252f7"", ""compound_id"": ""aaa2c31e-99af-5f83-800b-cbe221af2398"", ""member_count"": 1, ""member_ids_preview"": [""cmpcandm_1536b9650f3e0480""], ""missing_member_count"": 1, ""raw_plant_ids_preview"": [""122""], ""source_compound_keys_preview"": [""bf091602ed4e8acdc42f11b2d6c038b33d16245fdd8474f2540accee042fbf41""]}"
cmprev_b66f2d5190aff517,cmpcand_03570d4f3f51a984,1965f44a-b5c7-5aa3-8349-0c2d990c9ec7,inchi::WIKUZWCBCFNRHH-ZCQRYNMDSA-N,ready,conflict,83,,983df9eb80b3c189b03edaa89bb45921f04fe4b397b72f7625b078a5ef35d837,83,ChEMBL,2026-05-24T15:04:42.480068+00:00,2026-05-24T15:04:42.480068+00:00,unmapped_plant_reference,member_map_missing_canonical_plant_id,"{""candidate_id"": ""cmpcand_03570d4f3f51a984"", ""compound_id"": ""1965f44a-b5c7-5aa3-8349-0c2d990c9ec7"", ""member_count"": 1, ""member_ids_preview"": [""cmpcandm_a8d2a3bc4fa0a8ea""], ""missing_member_count"": 1, ""raw_plant_ids_preview"": [""83""], ""source_compound_keys_preview"": [""983df9eb80b3c189b03edaa89bb45921f04fe4b397b72f7625b078a5ef35d837""]}"
cmprev_4c523f2b160ec217,cmpcand_0379da322365a501,228017c5-6ea5-53a4-92b0-ecb5ea2a17ef,inchi::MQRBOKLXGOXXGG-RDJZCZTQSA-N,ready,conflict,175,,f83aa9d8ed266f1dd34db2de305cbb2a23ade7b0f2a9c967e5a41cb253710253,175,ChEMBL,2026-05-24T15:06:26.643823+00:00,2026-05-24T15:06:26.643823+00:00,unmapped_plant_reference,member_map_missing_canonical_plant_id,"{""candidate_id"": ""cmpcand_0379da322365a501"", ""compound_id"": ""228017c5-6ea5-53a4-92b0-ecb5ea2a17ef"", ""member_count"": 1, ""member_ids_preview"": [""cmpcandm_548105229945f157""], ""missing_member_count"": 1, ""raw_plant_ids_preview"": [""175""], ""source_compound_keys_preview"": [""f83aa9d8ed266f1dd34db2de305cbb2a23ade7b0f2a9c967e5a41cb253710253""]}"
cmprev_08c0e30c8514c858,cmpcand_03c287e57c57a4d5,8078303f-ff7c-5126-a085-3aeac8880d15,inchi::OFNSUWBAQRCHAV-OYQUVCAXSA-N,ready,conflict,139,,601292b2f6d3a861fdac6f36d01eb786c8fac44a8259fc256950e6618d651f25,139,PubChem,2026-05-24T15:07:43.196893+00:00,2026-05-24T15:07:43.196893+00:00,unmapped_plant_reference,member_map_missing_canonical_plant_id,"{""candidate_id"": ""cmpcand_03c287e57c57a4d5"", ""compound_id"": ""8078303f-ff7c-5126-a085-3aeac8880d15"", ""member_count"": 1, ""member_ids_preview"": [""cmpcandm_19135f1eed04c123""], ""missing_member_count"": 1, ""raw_plant_ids_preview"": [""139""], ""source_compound_keys_preview"": [""601292b2f6d3a861fdac6f36d01eb786c8fac44a8259fc256950e6618d651f25""]}"
cmprev_20ccb0026ab5f213,cmpcand_03f1dd0d6540e4b1,9ad13bfa-401d-5a8a-8ab0-799fab6650c6,inchi::ANVAOWXLWRTKGA-NTXLUARGSA-N,ready,conflict,139,,e0d89b166e62dc5a05cf0f391ba2bd3ae60d1c308e50c8df2774e4b3abae3510,139,PubChem,2026-05-24T15:08:15.141423+00:00,2026-05-24T15:08:15.141423+00:00,unmapped_plant_reference,member_map_missing_canonical_plant_id,"{""candidate_id"": ""cmpcand_03f1dd0d6540e4b1"", ""compound_id"": ""9ad13bfa-401d-5a8a-8ab0-799fab6650c6"", ""member_count"": 1, ""member_ids_preview"": [""cmpcandm_13916638da150aaa""], ""missing_member_count"": 1, ""raw_plant_ids_preview"": [""139""], ""source_compound_keys_preview"": [""e0d89b166e62dc5a05cf0f391ba2bd3ae60d1c308e50c8df2774e4b3abae3510""]}"
cmprev_2295a6bfde60bf6f,cmpcand_05074b5bc8bc6cdf,776485a6-ff44-5c07-bf7e-319836888469,inchi::ORJDDOBAOGKRJV-AWEZNQCLSA-N,ready,conflict,76,,45bc60f3ebe813a6c00374d9d092f4d49f88067aa819ffcc2e330afd16bc7109,76,PubChem,2026-05-24T15:06:29.754634+00:00,2026-05-24T15:06:29.754634+00:00,unmapped_plant_reference,member_map_missing_canonical_plant_id,"{""candidate_id"": ""cmpcand_05074b5bc8bc6cdf"", ""compound_id"": ""776485a6-ff44-5c07-bf7e-319836888469"", ""member_count"": 1, ""member_ids_preview"": [""cmpcandm_cc98e70d6b51e9a6""], ""missing_member_count"": 1, ""raw_plant_ids_preview"": [""76""], ""source_compound_keys_preview"": [""45bc60f3ebe813a6c00374d9d092f4d49f88067aa819ffcc2e330afd16bc7109""]}"
cmprev_cd87b8b6eec68d41,cmpcand_052f1b831b8356fe,59231094-57f7-5348-94ee-abc1ba5e5d9b,inchi::HGHOPAZIUPORIN-UHFFFAOYSA-N,ready,conflict,175,,883841a3f2363d39cf8fa403766029582c0c5dc7d80181b06e377d631a08c18c,175,ChEMBL,2026-05-24T15:06:18.171163+00:00,2026-05-24T15:06:18.171163+00:00,unmapped_plant_reference,member_map_missing_canonical_plant_id,"{""candidate_id"": ""cmpcand_052f1b831b8356fe"", ""compound_id"": ""59231094-57f7-5348-94ee-abc1ba5e5d9b"", ""member_count"": 1, ""member_ids_preview"": [""cmpcandm_e5a38cd971c49bb2""], ""missing_member_count"": 1, ""raw_plant_ids_preview"": [""175""], ""source_compound_keys_preview"": [""883841a3f2363d39cf8fa403766029582c0c5dc7d80181b06e377d631a08c18c""]}"
cmprev_95c47f32fe909886,cmpcand_05850ceda0a7c37c,4b17d68d-abc0-5de7-b217-64d189e66297,inchi::BDTIUXPVZCDCDF-YWNMGZTBSA-O,ready,conflict,522,,1a875f49a9572c4c8e8de8a7478dc445128214e0f5ec5f86bf1907aaa79160e5,522,ChEMBL,2026-05-24T15:09:17.154657+00:00,2026-05-24T15:09:17.154657+00:00,unmapped_plant_reference,member_map_missing_canonical_plant_id,"{""candidate_id"": ""cmpcand_05850ceda0a7c37c"", ""compound_id"": ""4b17d68d-abc0-5de7-b217-64d189e66297"", ""member_count"": 1, ""member_ids_preview"": [""cmpcandm_17b7676b75014dea""], ""missing_member_count"": 1, ""raw_plant_ids_preview"": [""522""], ""source_compound_keys_preview"": [""1a875f49a9572c4c8e8de8a7478dc445128214e0f5ec5f86bf1907aaa79160e5""]}"
cmprev_10d22f8f59ad69fd,cmpcand_0613f4d7f67ac641,738f5199-995e-5319-af9e-f8574cb1ebf3,inchi::NSEWTSAADLNHNH-TXZJYACMSA-N,ready,conflict,381,,8194833fb1d2ddbd93c5ba5868c821de8bcc84fc2dcf07d4b6a8a4c18b22f4bb,381,ChEMBL,2026-05-24T15:02:18.959336+00:00,2026-05-24T15:02:18.959336+00:00,unmapped_plant_reference,member_map_missing_canonical_plant_id,"{""candidate_id"": ""cmpcand_0613f4d7f67ac641"", ""compound_id"": ""738f5199-995e-5319-af9e-f8574cb1ebf3"", ""member_count"": 1, ""member_ids_preview"": [""cmpcandm_31e5152440e9b64e""], ""missing_member_count"": 1, ""raw_plant_ids_preview"": [""381""], ""source_compound_keys_preview"": [""8194833fb1d2ddbd93c5ba5868c821de8bcc84fc2dcf07d4b6a8a4c18b22f4bb""]}"
cmprev_6cf554f3934b9270,cmpcand_066b154bccd785a0,12e74e5f-100c-5210-9b2b-e53fcc6d27f3,inchi::ICTKKPLVSHVNDV-RXNBVSSQSA-N,ready,conflict,369,,d3060f2e75a6aa4d8c1e96d122bc5abb7185f7725f8e45aad0aa48445361eece,369,ChEMBL,2026-05-24T15:04:35.215189+00:00,2026-05-24T15:04:35.215189+00:00,unmapped_plant_reference,member_map_missing_canonical_plant_id,"{""candidate_id"": ""cmpcand_066b154bccd785a0"", ""compound_id"": ""12e74e5f-100c-5210-9b2b-e53fcc6d27f3"", ""member_count"": 1, ""member_ids_preview"": [""cmpcandm_88c82a65d4273f79""], ""missing_member_count"": 1, ""raw_plant_ids_preview"": [""369""], ""source_compound_keys_preview"": [""d3060f2e75a6aa4d8c1e96d122bc5abb7185f7725f8e45aad0aa48445361eece""]}"
cmprev_2ade7fb8bb79e9f3,cmpcand_070d2f5775338ae7,d0837469-4c1a-52c1-a50a-522b3af3ec67,inchi::WUOACPNHFRMFPN-VIFPVBQESA-N,ready,conflict,290,,0e02344101b2b26a0a84ef625517a5aea590a7f4f8803422f97c994fff1772c2,290,PubChem,2026-05-24T15:08:23.042632+00:00,2026-05-24T15:08:23.042632+00:00,unmapped_plant_reference,member_map_missing_canonical_plant_id,"{""candidate_id"": ""cmpcand_070d2f5775338ae7"", ""compound_id"": ""d0837469-4c1a-52c1-a50a-522b3af3ec67"", ""member_count"": 1, ""member_ids_preview"": [""cmpcandm_de6ce9354cdc8e02""], ""missing_member_count"": 1, ""raw_plant_ids_preview"": [""290""], ""source_compound_keys_preview"": [""0e02344101b2b26a0a84ef625517a5aea590a7f4f8803422f97c994fff1772c2""]}"
cmprev_99b1b9a9ad25ff26,cmpcand_075d3ae96fde8e3a,7243ee75-4673-59d3-bdb8-92f3be0ef258,inchi::SASUFNRGCZMRFD-WVKTXKMSSA-N,ready,conflict,392,,5ad4edea3018dd50a72642ac3c34170a00e5964964892d1531d525047f6a2301,392,ChEMBL,2026-05-24T15:06:10.342002+00:00,2026-05-24T15:06:10.342002+00:00,unmapped_plant_reference,member_map_missing_canonical_plant_id,"{""candidate_id"": ""cmpcand_075d3ae96fde8e3a"", ""compound_id"": ""7243ee75-4673-59d3-bdb8-92f3be0ef258"", ""member_count"": 1, ""member_ids_preview"": [""cmpcandm_9b196743c3027f0c""], ""missing_member_count"": 1, ""raw_plant_ids_preview"": [""392""], ""source_compound_keys_preview"": [""5ad4edea3018dd50a72642ac3c34170a00e5964964892d1531d525047f6a2301""]}"
cmprev_53bc64d9627079d0,cmpcand_07bbb3af95309e71,5c03de57-ce3d-523a-b70d-79d2af3b3e46,inchi::DCTLYFZHFGENCW-UUOKFMHZSA-N,ready,conflict,139,,c977cc47aca1694bf468ab864968f14751d0c5f8a5827a5f4c2621729d40f0dc,139,ChEMBL,2026-05-24T15:06:52.552348+00:00,2026-05-24T15:06:52.552348+00:00,unmapped_plant_reference,member_map_missing_canonical_plant_id,"{""candidate_id"": ""cmpcand_07bbb3af95309e71"", ""compound_id"": ""5c03de57-ce3d-523a-b70d-79d2af3b3e46"", ""member_count"": 1, ""member_ids_preview"": [""cmpcandm_9f03dab6ef8b528c""], ""missing_member_count"": 1, ""raw_plant_ids_preview"": [""139""], ""source_compound_keys_preview"": [""c977cc47aca1694bf468ab864968f14751d0c5f8a5827a5f4c2621729d40f0dc""]}"
cmprev_2cf3afa67c789691,cmpcand_080015f6bdb7f395,b9ff0ae6-8a1c-5fd2-aed8-5ccef7b03cc3,inchi::VVQRJFUYBNCTQX-STRQQOONSA-N,ready,conflict,392,,ede279ee4add743f2c13670ecfd007f7e6d28be8dc227f2b405fd19818a43c47,392,ChEMBL,2026-05-24T15:03:39.312111+00:00,2026-05-24T15:03:39.312111+00:00,unmapped_plant_reference,member_map_missing_canonical_plant_id,"{""candidate_id"": ""cmpcand_080015f6bdb7f395"", ""compound_id"": ""b9ff0ae6-8a1c-5fd2-aed8-5ccef7b03cc3"", ""member_count"": 1, ""member_ids_preview"": [""cmpcandm_8bb5efc68567b35f""], ""missing_member_count"": 1, ""raw_plant_ids_preview"": [""392""], ""source_compound_keys_preview"": [""ede279ee4add743f2c13670ecfd007f7e6d28be8dc227f2b405fd19818a43c47""]}"
cmprev_81fdf5677d001a09,cmpcand_080444cba59c40e0,27c18407-11ec-54e1-b9e9-f5f125983607,inchi::RLZJNVWJFNVMCT-TZIWHRDSSA-N,ready,conflict,286,,d0c70c1bbcfa964a36d8325fac78d4adce5c8100ed5f5165fdc5d3a4244916ea,286,ChEMBL,2026-05-24T15:03:55.221234+00:00,2026-05-24T15:03:55.221234+00:00,unmapped_plant_reference,member_map_missing_canonical_plant_id,"{""candidate_id"": ""cmpcand_080444cba59c40e0"", ""compound_id"": ""27c18407-11ec-54e1-b9e9-f5f125983607"", ""member_count"": 1, ""member_ids_preview"": [""cmpcandm_89ee25490d8ffe72""], ""missing_member_count"": 1, ""raw_plant_ids_preview"": [""286""], ""source_compound_keys_preview"": [""d0c70c1bbcfa964a36d8325fac78d4adce5c8100ed5f5165fdc5d3a4244916ea""]}"
cmprev_7fa9de9f4324fa98,cmpcand_0815b9a3003b8b56,e0892e2d-69a8-532f-a3ec-9034471b6e8a,inchi::YAPQBXQYLJRXSA-UHFFFAOYSA-N,ready,conflict,139,,ae7ddd6a6988ef8bc7c4bcd3111a6ff361e52ca37dbc2feae7693fa30b3868fd,139,ChEMBL,2026-05-24T15:08:35.765143+00:00,2026-05-24T15:08:35.765143+00:00,unmapped_plant_reference,member_map_missing_canonical_plant_id,"{""candidate_id"": ""cmpcand_0815b9a3003b8b56"", ""compound_id"": ""e0892e2d-69a8-532f-a3ec-9034471b6e8a"", ""member_count"": 1, ""member_ids_preview"": [""cmpcandm_e69e073d0e2f094f""], ""missing_member_count"": 1, ""raw_plant_ids_preview"": [""139""], ""source_compound_keys_preview"": [""ae7ddd6a6988ef8bc7c4bcd3111a6ff361e52ca37dbc2feae7693fa30b3868fd""]}"
cmprev_a24fc89033de5bbe,cmpcand_083ee81a42a21b6f,f72b6982-3d0c-5bd8-a3c6-924ff8a04560,inchi::LRHPLDYGYMQRHN-UHFFFAOYSA-N,ready,conflict,502,,ecd9bc02bd82e9c3f33a93c3d2cdc07d37d191492a69e14c522568b579c7239b,502,ChEMBL,2026-05-24T15:08:05.014961+00:00,2026-05-24T15:08:05.014961+00:00,unmapped_plant_reference,member_map_missing_canonical_plant_id,"{""candidate_id"": ""cmpcand_083ee81a42a21b6f"", ""compound_id"": ""f72b6982-3d0c-5bd8-a3c6-924ff8a04560"", ""member_count"": 1, ""member_ids_preview"": [""cmpcandm_41ad44f4865adbf6""], ""missing_member_count"": 1, ""raw_plant_ids_preview"": [""502""], ""source_compound_keys_preview"": [""ecd9bc02bd82e9c3f33a93c3d2cdc07d37d191492a69e14c522568b579c7239b""]}"
cmprev_b35c4266c4d37296,cmpcand_087f917ec8f52e6a,5cfe7bb7-8847-5873-8d5a-9a31cb97d533,inchi::CREWSFDYWMXJQL-UHFFFAOYSA-N,ready,conflict,107,,17f9150948cff68c8602dc0e224c407c1a7232e80bf493c2ca5b15380ce3eaf7,107,PubChem,2026-05-24T15:04:44.510490+00:00,2026-05-24T15:04:44.510490+00:00,unmapped_plant_reference,member_map_missing_canonical_plant_id,"{""candidate_id"": ""cmpcand_087f917ec8f52e6a"", ""compound_id"": ""5cfe7bb7-8847-5873-8d5a-9a31cb97d533"", ""member_count"": 1, ""member_ids_preview"": [""cmpcandm_50959d8c3403a7b1""], ""missing_member_count"": 1, ""raw_plant_ids_preview"": [""107""], ""source_compound_keys_preview"": [""17f9150948cff68c8602dc0e224c407c1a7232e80bf493c2ca5b15380ce3eaf7""]}"
cmprev_3275f2ee1635e9ce,cmpcand_08f1f22dbe36969f,7d3e5577-b9d2-5886-ade8-a31fba4bfb57,inchi::AYXPYQRXGNDJFU-AQEIEYEASA-N,ready,conflict,322,,ef75dea9cb372d6b1eb70ad9a5b817f07a4f8fc751ee7c79697526c17f2a9903,322,ChEMBL,2026-05-24T15:07:17.037965+00:00,2026-05-24T15:07:17.037965+00:00,unmapped_plant_reference,member_map_missing_canonical_plant_id,"{""candidate_id"": ""cmpcand_08f1f22dbe36969f"", ""compound_id"": ""7d3e5577-b9d2-5886-ade8-a31fba4bfb57"", ""member_count"": 1, ""member_ids_preview"": [""cmpcandm_5df6027b4b17fa0a""], ""missing_member_count"": 1, ""raw_plant_ids_preview"": [""322""], ""source_compound_keys_preview"": [""ef75dea9cb372d6b1eb70ad9a5b817f07a4f8fc751ee7c79697526c17f2a9903""]}"
cmprev_d33d97f1730f5966,cmpcand_0937680805dbb3c2,322d6d94-3255-5156-9ebf-f632d037cf32,inchi::DFYFOAFKHRTQLA-PIKMFBPASA-N,ready,conflict,122,,41921e9a53db1648fb48d416efd46cb1476451ac8f8c975f131fa294395099af,122;120,PubChem,2026-05-24T15:07:36.080840+00:00,2026-05-24T15:07:36.080840+00:00,unmapped_plant_reference,member_map_missing_canonical_plant_id,"{""candidate_id"": ""cmpcand_0937680805dbb3c2"", ""compound_id"": ""322d6d94-3255-5156-9ebf-f632d037cf32"", ""member_count"": 2, ""member_ids_preview"": [""cmpcandm_8588ecd9a9b6bddb"", ""cmpcandm_25b36ba2f38c2185""], ""missing_member_count"": 2, ""raw_plant_ids_preview"": [""122"", ""120""], ""source_compound_keys_preview"": [""41921e9a53db1648fb48d416efd46cb1476451ac8f8c975f131fa294395099af"", ""b9455493d3e984c1af8970425512067fd7e247433572b755cfe4f81c20ae3bf2""]}"
cmprev_662290d57772a070,cmpcand_09410c2d8737fa2d,d163886d-37bd-5e8d-a7f2-29e1940912e3,inchi::PTKBMDRXKOIHCA-UHFFFAOYSA-N,ready,conflict,290,,b672b13012ec0590835bc093a725882c79349ff62e9d185066eb85513f6514b8,290,ChEMBL,2026-05-24T15:04:52.745548+00:00,2026-05-24T15:04:52.745548+00:00,unmapped_plant_reference,member_map_missing_canonical_plant_id,"{""candidate_id"": ""cmpcand_09410c2d8737fa2d"", ""compound_id"": ""d163886d-37bd-5e8d-a7f2-29e1940912e3"", ""member_count"": 1, ""member_ids_preview"": [""cmpcandm_c703f91decfe1b2a""], ""missing_member_count"": 1, ""raw_plant_ids_preview"": [""290""], ""source_compound_keys_preview"": [""b672b13012ec0590835bc093a725882c79349ff62e9d185066eb85513f6514b8""]}"
cmprev_d272bf63d00b3c3f,cmpcand_0a3384cc10f2a409,26451c78-b9e5-5d38-b1f1-9f33d0163871,inchi::DZUAZCZFSVNHEF-QNPFBOCNSA-N,ready,conflict,502,,51c00c5dfbee16f39a0aa75022c2fb6f9d6830a080362b597eb2fd9c6ff0f8c5,502,PubChem,2026-05-24T15:05:09.311093+00:00,2026-05-24T15:05:09.311093+00:00,unmapped_plant_reference,member_map_missing_canonical_plant_id,"{""candidate_id"": ""cmpcand_0a3384cc10f2a409"", ""compound_id"": ""26451c78-b9e5-5d38-b1f1-9f33d0163871"", ""member_count"": 1, ""member_ids_preview"": [""cmpcandm_356fe4cdb44870b7""], ""missing_member_count"": 1, ""raw_plant_ids_preview"": [""502""], ""source_compound_keys_preview"": [""51c00c5dfbee16f39a0aa75022c2fb6f9d6830a080362b597eb2fd9c6ff0f8c5""]}"
cmprev_9a9209509ca48ee6,cmpcand_0a556f5168a8e13b,db3546b4-c427-506a-b9fe-0b80f55fcbc1,inchi::ADNCDMHZHONBRR-UHFFFAOYSA-N,ready,conflict,186,,21a6bbf4c3517c3efe0ca564b07cedf51997ad3b48a912c8c23cd58e2f391c85,186,ChEMBL,2026-05-24T15:03:54.655853+00:00,2026-05-24T15:03:54.655853+00:00,unmapped_plant_reference,member_map_missing_canonical_plant_id,"{""candidate_id"": ""cmpcand_0a556f5168a8e13b"", ""compound_id"": ""db3546b4-c427-506a-b9fe-0b80f55fcbc1"", ""member_count"": 1, ""member_ids_preview"": [""cmpcandm_7f1947c907ca9ec2""], ""missing_member_count"": 1, ""raw_plant_ids_preview"": [""186""], ""source_compound_keys_preview"": [""21a6bbf4c3517c3efe0ca564b07cedf51997ad3b48a912c8c23cd58e2f391c85""]}"
cmprev_8a807ae1468e69ff,cmpcand_0a99e3e6214235bd,729f0091-3938-5cc1-b2f7-5785e969f4ae,inchi::RZCWUZMNOGOMNA-QWIUCQSISA-N,ready,conflict,120,,a875dec74f204d42be79e24a228137818107566f2d4fbfec88fc049be0058ddf,120,PubChem,2026-05-24T15:08:21.705759+00:00,2026-05-24T15:08:21.705759+00:00,unmapped_plant_reference,member_map_missing_canonical_plant_id,"{""candidate_id"": ""cmpcand_0a99e3e6214235bd"", ""compound_id"": ""729f0091-3938-5cc1-b2f7-5785e969f4ae"", ""member_count"": 1, ""member_ids_preview"": [""cmpcandm_5f4dfb2ca2862e04""], ""missing_member_count"": 1, ""raw_plant_ids_preview"": [""120""], ""source_compound_keys_preview"": [""a875dec74f204d42be79e24a228137818107566f2d4fbfec88fc049be0058ddf""]}"
cmprev_545b2f982d154f35,cmpcand_0ace2238b0071826,bf0227e1-f2d7-575e-bf1b-7546dec0a4d9,inchi::LWJBUOOKYYTUDX-UHFFFAOYSA-N,ready,conflict,52,,cf67d54e960a773d41c2876ec604c3e7b6bd358a12ec985c0f436d439a146ffd,52,PubChem,2026-05-24T15:04:33.944318+00:00,2026-05-24T15:04:33.944318+00:00,unmapped_plant_reference,member_map_missing_canonical_plant_id,"{""candidate_id"": ""cmpcand_0ace2238b0071826"", ""compound_id"": ""bf0227e1-f2d7-575e-bf1b-7546dec0a4d9"", ""member_count"": 1, ""member_ids_preview"": [""cmpcandm_ac00a7a0a914f147""], ""missing_member_count"": 1, ""raw_plant_ids_preview"": [""52""], ""source_compound_keys_preview"": [""cf67d54e960a773d41c2876ec604c3e7b6bd358a12ec985c0f436d439a146ffd""]}"
cmprev_51415aca63920fe5,cmpcand_0b4f60895f9f7c4a,44e12d50-b99f-58bb-80a8-f1a46b2aba48,inchi::USDOQCCMRDNVAH-KKUMJFAQSA-N,ready,conflict,290,,3b5313d42213db2684dfc57b7d0d3d8c6a04e7fd76b044bbb4e504abde06652b,290,ChEMBL,2026-05-24T15:06:52.306084+00:00,2026-05-24T15:06:52.306084+00:00,unmapped_plant_reference,member_map_missing_canonical_plant_id,"{""candidate_id"": ""cmpcand_0b4f60895f9f7c4a"", ""compound_id"": ""44e12d50-b99f-58bb-80a8-f1a46b2aba48"", ""member_count"": 1, ""member_ids_preview"": [""cmpcandm_d5c29b6a9c066668""], ""missing_member_count"": 1, ""raw_plant_ids_preview"": [""290""], ""source_compound_keys_preview"": [""3b5313d42213db2684dfc57b7d0d3d8c6a04e7fd76b044bbb4e504abde06652b""]}"
cmprev_de7fc07ab1410852,cmpcand_0c0a476a52067ede,e7bb9816-3a69-5da9-880d-aca7f6d97bc8,inchi::JPUKWEQWGBDDQB-QSOFNFLRSA-N,ready,conflict,341,,8a6ff04728260f05166afb683f6e86fd0bdebe12b84a04953107ab49e74765f8,341,ChEMBL,2026-05-24T15:06:29.363368+00:00,2026-05-24T15:06:29.363368+00:00,unmapped_plant_reference,member_map_missing_canonical_plant_id,"{""candidate_id"": ""cmpcand_0c0a476a52067ede"", ""compound_id"": ""e7bb9816-3a69-5da9-880d-aca7f6d97bc8"", ""member_count"": 1, ""member_ids_preview"": [""cmpcandm_26bc442dc680a4ed""], ""missing_member_count"": 1, ""raw_plant_ids_preview"": [""341""], ""source_compound_keys_preview"": [""8a6ff04728260f05166afb683f6e86fd0bdebe12b84a04953107ab49e74765f8""]}"
cmprev_89da76490a38a7c8,cmpcand_0c9f43551dc53f27,8981a1ad-96fb-50d1-aa25-889cb1e98f65,inchi::HZRFPHXHCRIHFX-UHFFFAOYSA-N,ready,conflict,207,,75d47bd7f105bdb48af311bf25f50c6f073b447eb525262f5c2e6ac315a4a966,207,PubChem,2026-05-24T15:05:40.195009+00:00,2026-05-24T15:05:40.195009+00:00,unmapped_plant_reference,member_map_missing_canonical_plant_id,"{""candidate_id"": ""cmpcand_0c9f43551dc53f27"", ""compound_id"": ""8981a1ad-96fb-50d1-aa25-889cb1e98f65"", ""member_count"": 1, ""member_ids_preview"": [""cmpcandm_ceb09a4c5543e55d""], ""missing_member_count"": 1, ""raw_plant_ids_preview"": [""207""], ""source_compound_keys_preview"": [""75d47bd7f105bdb48af311bf25f50c6f073b447eb525262f5c2e6ac315a4a966""]}"
cmprev_952addeb81ee0c2d,cmpcand_0ce0741172b9874e,51f709df-190e-5ddf-91f6-3d93019f96ad,inchi::FFVRRQMGGGTQRH-GYOUQHOJSA-N,ready,conflict,490,,a2e824036e37cb9e88092dda773ecae46873315c643618aa2e2f48336c25f81b,490,ChEMBL,2026-05-24T15:05:07.470418+00:00,2026-05-24T15:05:07.470418+00:00,unmapped_plant_reference,member_map_missing_canonical_plant_id,"{""candidate_id"": ""cmpcand_0ce0741172b9874e"", ""compound_id"": ""51f709df-190e-5ddf-91f6-3d93019f96ad"", ""member_count"": 1, ""member_ids_preview"": [""cmpcandm_09b1842876d35a2b""], ""missing_member_count"": 1, ""raw_plant_ids_preview"": [""490""], ""source_compound_keys_preview"": [""a2e824036e37cb9e88092dda773ecae46873315c643618aa2e2f48336c25f81b""]}"
cmprev_4864b41aa99a0048,cmpcand_0d59177cd866e6ae,a5ecc586-8c46-595c-acf1-cc1bd5bab4ee,inchi::RBTRUVNXLDXHBJ-UHFFFAOYSA-N,ready,conflict,290,,2764fc3c6dea5fbf4e22221ec283fab1f2f3a9583c41d83602a24c971537ed77,290,ChEMBL,2026-05-24T15:05:02.039704+00:00,2026-05-24T15:05:02.039704+00:00,unmapped_plant_reference,member_map_missing_canonical_plant_id,"{""candidate_id"": ""cmpcand_0d59177cd866e6ae"", ""compound_id"": ""a5ecc586-8c46-595c-acf1-cc1bd5bab4ee"", ""member_count"": 1, ""member_ids_preview"": [""cmpcandm_324e239269abf348""], ""missing_member_count"": 1, ""raw_plant_ids_preview"": [""290""], ""source_compound_keys_preview"": [""2764fc3c6dea5fbf4e22221ec283fab1f2f3a9583c41d83602a24c971537ed77""]}"
cmprev_b6fe5150fda1d29c,cmpcand_0d59a565cb163c4c,3575b77e-99a8-5814-a9e6-66824439bc45,inchi::CWVRJTMFETXNAD-NXLLHMKUSA-N,ready,conflict,139,,61f77b5f8fa42d452298b6f075f34156a9e917eb9344a97e38a8a8b345831403,139;341,ChEMBL,2026-05-24T15:08:59.792798+00:00,2026-05-24T15:08:59.792798+00:00,unmapped_plant_reference,member_map_missing_canonical_plant_id,"{""candidate_id"": ""cmpcand_0d59a565cb163c4c"", ""compound_id"": ""3575b77e-99a8-5814-a9e6-66824439bc45"", ""member_count"": 2, ""member_ids_preview"": [""cmpcandm_f7cf142cf29f2d72"", ""cmpcandm_79738ec5d8f65992""], ""missing_member_count"": 2, ""raw_plant_ids_preview"": [""139"", ""341""], ""source_compound_keys_preview"": [""61f77b5f8fa42d452298b6f075f34156a9e917eb9344a97e38a8a8b345831403"", ""4589ee6c143e18414fd8c5f8871ffca4420ceba0b84dbcd13d6875bdc5dadd01""]}"
cmprev_36be96e6efd641aa,cmpcand_0dfd1e8c666a36bd,2365f044-2c62-59fa-ae51-7b50a3f060e3,inchi::VWIPRLLXWTUBOM-KLMFUOAUSA-N,ready,conflict,83,,5f85a045dd27ee1f1462bbc6b3d56b9c15b82bbc69da17327ba80bb4707ba174,83,ChEMBL,2026-05-24T15:04:42.499783+00:00,2026-05-24T15:04:42.499783+00:00,unmapped_plant_reference,member_map_missing_canonical_plant_id,"{""candidate_id"": ""cmpcand_0dfd1e8c666a36bd"", ""compound_id"": ""2365f044-2c62-59fa-ae51-7b50a3f060e3"", ""member_count"": 1, ""member_ids_preview"": [""cmpcandm_dfa431cb89613b5a""], ""missing_member_count"": 1, ""raw_plant_ids_preview"": [""83""], ""source_compound_keys_preview"": [""5f85a045dd27ee1f1462bbc6b3d56b9c15b82bbc69da17327ba80bb4707ba174""]}"
cmprev_8d027c268b05f045,cmpcand_0e16adfb32f49282,7d8a55b3-18f8-596e-8acc-65dfbb0af672,inchi::ZPJWXFWZRLIDMC-UHFFFAOYSA-N,ready,conflict,175,,ac99c2b64784712290a96f5390b84c5bfbc0a1f351557584c1d88ed938303d9b,175,ChEMBL,2026-05-24T15:03:27.388321+00:00,2026-05-24T15:03:27.388321+00:00,unmapped_plant_reference,member_map_missing_canonical_plant_id,"{""candidate_id"": ""cmpcand_0e16adfb32f49282"", ""compound_id"": ""7d8a55b3-18f8-596e-8acc-65dfbb0af672"", ""member_count"": 1, ""member_ids_preview"": [""cmpcandm_30696054547ccdb3""], ""missing_member_count"": 1, ""raw_plant_ids_preview"": [""175""], ""source_compound_keys_preview"": [""ac99c2b64784712290a96f5390b84c5bfbc0a1f351557584c1d88ed938303d9b""]}"
cmprev_d9873e842cee7f92,cmpcand_0ecf7870d2e3e824,f04ca5f8-d126-5b78-b1ee-5900868c60b9,inchi::UWHKELQKZGZXIE-MHERODDWSA-N,ready,conflict,347,,f3b319d91311a80afdf7ccd9ff8c8446681844ae85e1effb4afbb59da7c52e36,347,PubChem,2026-05-24T15:04:51.765152+00:00,2026-05-24T15:04:51.765152+00:00,unmapped_plant_reference,member_map_missing_canonical_plant_id,"{""candidate_id"": ""cmpcand_0ecf7870d2e3e824"", ""compound_id"": ""f04ca5f8-d126-5b78-b1ee-5900868c60b9"", ""member_count"": 1, ""member_ids_preview"": [""cmpcandm_8033145605ba5bb3""], ""missing_member_count"": 1, ""raw_plant_ids_preview"": [""347""], ""source_compound_keys_preview"": [""f3b319d91311a80afdf7ccd9ff8c8446681844ae85e1effb4afbb59da7c52e36""]}"
cmprev_0e2360d300a35147,cmpcand_0f27616d6ad9e016,808cdfb0-8fbe-5904-a669-e84580f9398b,inchi::CMKFQVZJOWHHDV-NQZBTDCJSA-N,ready,conflict,522,,01bfad27fe40954937026b35864df3d1a8c935f95519c86be03e8f8f5b44433e,522,ChEMBL,2026-05-24T15:05:15.870681+00:00,2026-05-24T15:05:15.870681+00:00,unmapped_plant_reference,member_map_missing_canonical_plant_id,"{""candidate_id"": ""cmpcand_0f27616d6ad9e016"", ""compound_id"": ""808cdfb0-8fbe-5904-a669-e84580f9398b"", ""member_count"": 1, ""member_ids_preview"": [""cmpcandm_9d4d9d0a10b33a59""], ""missing_member_count"": 1, ""raw_plant_ids_preview"": [""522""], ""source_compound_keys_preview"": [""01bfad27fe40954937026b35864df3d1a8c935f95519c86be03e8f8f5b44433e""]}"
cmprev_e965cdaf1b562f20,cmpcand_0f2c9fb2543a37de,aa386d2e-feb5-5271-a10f-d898d880a718,inchi::KGFYDIZALLKOLQ-UHFFFAOYSA-N,ready,conflict,76,,95f3cdac23ae71935a403d18e2478dc3d9a959881436015e00395874c63e679b,76;398,PubChem,2026-05-24T15:05:50.403966+00:00,2026-05-24T15:05:50.403966+00:00,unmapped_plant_reference,member_map_missing_canonical_plant_id,"{""candidate_id"": ""cmpcand_0f2c9fb2543a37de"", ""compound_id"": ""aa386d2e-feb5-5271-a10f-d898d880a718"", ""member_count"": 2, ""member_ids_preview"": [""cmpcandm_3a8b76e86ff0e214"", ""cmpcandm_acaac16fd0563f62""], ""missing_member_count"": 2, ""raw_plant_ids_preview"": [""76"", ""398""], ""source_compound_keys_preview"": [""95f3cdac23ae71935a403d18e2478dc3d9a959881436015e00395874c63e679b"", ""a92d80d77942a1ddf1d34f8694ce0fe0f2764a0022221aa476c2cf64d2c3755e""]}"
cmprev_8842821bc2fdb97a,cmpcand_10c4089f33922485,77b08f50-c251-5ccc-bc2b-a7e4ca63ff96,inchi::OGDFTQDRHAGLTB-QRVBRYPASA-N,ready,conflict,490,,3ba226b87ea756bfb5cd42fbac89a3a1b9f6c7a462322c20926477de685184dd,490,PubChem,2026-05-24T15:04:00.604314+00:00,2026-05-24T15:04:00.604314+00:00,unmapped_plant_reference,member_map_missing_canonical_plant_id,"{""candidate_id"": ""cmpcand_10c4089f33922485"", ""compound_id"": ""77b08f50-c251-5ccc-bc2b-a7e4ca63ff96"", ""member_count"": 1, ""member_ids_preview"": [""cmpcandm_c4e731823712d26e""], ""missing_member_count"": 1, ""raw_plant_ids_preview"": [""490""], ""source_compound_keys_preview"": [""3ba226b87ea756bfb5cd42fbac89a3a1b9f6c7a462322c20926477de685184dd""]}"
cmprev_0582913c8567d84f,cmpcand_10fc3f231dd14b52,c4b028f7-ee21-5448-9799-b56d20769775,inchi::WIFHAKQJYHVTQK-UHFFFAOYSA-N,ready,conflict,120,,3e6557ad8ce11436200c8ae397f2546514d80440606786acce7e02a8112507b7,120,PubChem,2026-05-24T15:08:10.881261+00:00,2026-05-24T15:08:10.881261+00:00,unmapped_plant_reference,member_map_missing_canonical_plant_id,"{""candidate_id"": ""cmpcand_10fc3f231dd14b52"", ""compound_id"": ""c4b028f7-ee21-5448-9799-b56d20769775"", ""member_count"": 1, ""member_ids_preview"": [""cmpcandm_08ddaea89aa908f9""], ""missing_member_count"": 1, ""raw_plant_ids_preview"": [""120""], ""source_compound_keys_preview"": [""3e6557ad8ce11436200c8ae397f2546514d80440606786acce7e02a8112507b7""]}"
cmprev_da4e5a2e2afa5162,cmpcand_118943c370eefc12,f358bcae-fd89-5cde-9c76-880ef9b57db8,inchi::ZVXWFPTVHBWJOU-AWQYILTISA-N,ready,conflict,369,,cafdda6eb69d1ce97bf1a7a6d966fbc4bf90a0206d4f1a13bb88dec9c8387de5,369,ChEMBL,2026-05-24T15:04:35.283321+00:00,2026-05-24T15:04:35.283321+00:00,unmapped_plant_reference,member_map_missing_canonical_plant_id,"{""candidate_id"": ""cmpcand_118943c370eefc12"", ""compound_id"": ""f358bcae-fd89-5cde-9c76-880ef9b57db8"", ""member_count"": 1, ""member_ids_preview"": [""cmpcandm_72fcf2202ddc20e8""], ""missing_member_count"": 1, ""raw_plant_ids_preview"": [""369""], ""source_compound_keys_preview"": [""cafdda6eb69d1ce97bf1a7a6d966fbc4bf90a0206d4f1a13bb88dec9c8387de5""]}"
cmprev_429f48c83339ff07,cmpcand_122fef3697b7d813,b85ba7ee-1578-5c8f-9d7f-bfd7f6125847,inchi::WYTGDNHDOZPMIW-VBNZEHGJSA-O,ready,conflict,522,,d3faabc2d2757909b2ec8f66bb4c9c62f9d6513852bbd1c81fe9da3338bc5604,522;429,ChEMBL,2026-05-24T15:04:34.771584+00:00,2026-05-24T15:04:34.772675+00:00,unmapped_plant_reference,member_map_missing_canonical_plant_id,"{""candidate_id"": ""cmpcand_122fef3697b7d813"", ""compound_id"": ""b85ba7ee-1578-5c8f-9d7f-bfd7f6125847"", ""member_count"": 2, ""member_ids_preview"": [""cmpcandm_0da8540d9273101a"", ""cmpcandm_b02d77b88a3d2aa5""], ""missing_member_count"": 2, ""raw_plant_ids_preview"": [""522"", ""429""], ""source_compound_keys_preview"": [""d3faabc2d2757909b2ec8f66bb4c9c62f9d6513852bbd1c81fe9da3338bc5604"", ""69430b89aac11f5bc6863232173f5a7864a9dd5208cd1086da0687a5afdf01d3""]}"
cmprev_43614ca7c5745a0a,cmpcand_1275ed048fa67534,423570f8-4020-550e-b02f-5d0118dd7ad2,inchi::MYVHVFGKOZGBLW-RAMHWAOYSA-N,ready,conflict,83,,0170ba3551c85e2a1af454927dcbd9f00128582c43da90fb5c057cdf024f0948,83,ChEMBL,2026-05-24T15:08:31.404157+00:00,2026-05-24T15:08:31.404157+00:00,unmapped_plant_reference,member_map_missing_canonical_plant_id,"{""candidate_id"": ""cmpcand_1275ed048fa67534"", ""compound_id"": ""423570f8-4020-550e-b02f-5d0118dd7ad2"", ""member_count"": 1, ""member_ids_preview"": [""cmpcandm_2bb20eae45b3b6de""], ""missing_member_count"": 1, ""raw_plant_ids_preview"": [""83""], ""source_compound_keys_preview"": [""0170ba3551c85e2a1af454927dcbd9f00128582c43da90fb5c057cdf024f0948""]}"
cmprev_40ca09fd2c892285,cmpcand_12767a3e60c9f5a4,673a96a1-83ac-5480-bca2-b01d80bad64b,inchi::RFFOTVCVTJUTAD-UHFFFAOYSA-N,ready,conflict,290,,7a46718b5124eb31f4317d8f81547814dc5a70b2db1081d153167431da639b69,290,ChEMBL,2026-05-24T15:06:24.470557+00:00,2026-05-24T15:06:24.470557+00:00,unmapped_plant_reference,member_map_missing_canonical_plant_id,"{""candidate_id"": ""cmpcand_12767a3e60c9f5a4"", ""compound_id"": ""673a96a1-83ac-5480-bca2-b01d80bad64b"", ""member_count"": 1, ""member_ids_preview"": [""cmpcandm_1c65440c6bc00606""], ""missing_member_count"": 1, ""raw_plant_ids_preview"": [""290""], ""source_compound_keys_preview"": [""7a46718b5124eb31f4317d8f81547814dc5a70b2db1081d153167431da639b69""]}"
cmprev_9a51f236b2be90a8,cmpcand_1303bf1460b8bcae,7067188f-b26b-5b70-9d30-a4d0dff62713,inchi::SHKTYUCWKCFSRV-VLTGTMBASA-N,ready,conflict,120,,3ea2c046ca440b0fe434ec8dff0698b9f6840df22577cf0c53379eaea2a8e291,120,PubChem,2026-05-24T15:08:22.945479+00:00,2026-05-24T15:08:22.945479+00:00,unmapped_plant_reference,member_map_missing_canonical_plant_id,"{""candidate_id"": ""cmpcand_1303bf1460b8bcae"", ""compound_id"": ""7067188f-b26b-5b70-9d30-a4d0dff62713"", ""member_count"": 1, ""member_ids_preview"": [""cmpcandm_79ab165deaaaf340""], ""missing_member_count"": 1, ""raw_plant_ids_preview"": [""120""], ""source_compound_keys_preview"": [""3ea2c046ca440b0fe434ec8dff0698b9f6840df22577cf0c53379eaea2a8e291""]}"
cmprev_c6e87f36fa0b8231,cmpcand_132c32517a42de0d,7df95710-3ecf-575e-8222-809e32bbf616,inchi::LGJMUZUPVCAVPU-HRJGVYIJSA-N,ready,conflict,139,,9d9cb081d4715f41492688c6cdf8c705948befcda810260db0c8b1b8fe09efb6,139,ChEMBL,2026-05-24T15:08:35.470915+00:00,2026-05-24T15:08:35.470915+00:00,unmapped_plant_reference,member_map_missing_canonical_plant_id,"{""candidate_id"": ""cmpcand_132c32517a42de0d"", ""compound_id"": ""7df95710-3ecf-575e-8222-809e32bbf616"", ""member_count"": 1, ""member_ids_preview"": [""cmpcandm_d81fa9d446419b30""], ""missing_member_count"": 1, ""raw_plant_ids_preview"": [""139""], ""source_compound_keys_preview"": [""9d9cb081d4715f41492688c6cdf8c705948befcda810260db0c8b1b8fe09efb6""]}"
cmprev_68fa5cc979399e38,cmpcand_13b47501b427d9f0,de159e0b-b722-5ef9-a5e3-d08cb26361a9,inchi::PMVQXJMFSBPEIC-HXLGSOHTSA-N,ready,conflict,313,,944c9cc35f07b55345c8cce1057c00c3f77e8cea1e3a91f1c95dd8f4ce9e1a9b,313,PubChem,2026-05-24T15:02:01.192276+00:00,2026-05-24T15:02:01.192276+00:00,unmapped_plant_reference,member_map_missing_canonical_plant_id,"{""candidate_id"": ""cmpcand_13b47501b427d9f0"", ""compound_id"": ""de159e0b-b722-5ef9-a5e3-d08cb26361a9"", ""member_count"": 1, ""member_ids_preview"": [""cmpcandm_70bc6c4d2573d64f""], ""missing_member_count"": 1, ""raw_plant_ids_preview"": [""313""], ""source_compound_keys_preview"": [""944c9cc35f07b55345c8cce1057c00c3f77e8cea1e3a91f1c95dd8f4ce9e1a9b""]}"
cmprev_92360ca73ac9c87e,cmpcand_13b9ff5ec6eb71f7,ddc03fe5-b079-5b7b-8df2-d177307a24df,inchi::XIINLGCQYPFDPD-UHFFFAOYSA-N,ready,conflict,392,,3aca94f5ca5c6ef1f7ffc299eac09a376cf3e87dfc1c1e1976b4b39ae54495b6,392,PubChem,2026-05-24T15:03:54.908588+00:00,2026-05-24T15:03:54.908588+00:00,unmapped_plant_reference,member_map_missing_canonical_plant_id,"{""candidate_id"": ""cmpcand_13b9ff5ec6eb71f7"", ""compound_id"": ""ddc03fe5-b079-5b7b-8df2-d177307a24df"", ""member_count"": 1, ""member_ids_preview"": [""cmpcandm_4c77f9fe5aac1350""], ""missing_member_count"": 1, ""raw_plant_ids_preview"": [""392""], ""source_compound_keys_preview"": [""3aca94f5ca5c6ef1f7ffc299eac09a376cf3e87dfc1c1e1976b4b39ae54495b6""]}"
cmprev_ab948ab1a05cf353,cmpcand_13bc80c60aacb3c8,4bcac566-396f-5be1-b941-68cbaf48c5a6,inchi::OCZFLOUWXXGBPC-UHFFFAOYSA-N,ready,conflict,52,,8a91c9640d5989f77eca8b79dd14537d0ac360fdc8f1ae1147f0800c103589e7,52,ChEMBL,2026-05-24T15:03:12.943198+00:00,2026-05-24T15:03:12.943198+00:00,unmapped_plant_reference,member_map_missing_canonical_plant_id,"{""candidate_id"": ""cmpcand_13bc80c60aacb3c8"", ""compound_id"": ""4bcac566-396f-5be1-b941-68cbaf48c5a6"", ""member_count"": 1, ""member_ids_preview"": [""cmpcandm_a13d31c2f21e2274""], ""missing_member_count"": 1, ""raw_plant_ids_preview"": [""52""], ""source_compound_keys_preview"": [""8a91c9640d5989f77eca8b79dd14537d0ac360fdc8f1ae1147f0800c103589e7""]}"
cmprev_92f8ede706acfa86,cmpcand_13e7679f1a499d19,064bf359-fddd-5091-aff6-6059ea34db0b,inchi::VRCSTDIDMJHJBX-XXXODXNESA-N,ready,conflict,120,,42db0befed2e5eceb6489eb29d7b1728ccaf9cc7e2059da2d52d4e690713ee10,120,PubChem,2026-05-24T15:02:15.146416+00:00,2026-05-24T15:02:15.146416+00:00,unmapped_plant_reference,member_map_missing_canonical_plant_id,"{""candidate_id"": ""cmpcand_13e7679f1a499d19"", ""compound_id"": ""064bf359-fddd-5091-aff6-6059ea34db0b"", ""member_count"": 1, ""member_ids_preview"": [""cmpcandm_3567e68886c5e638""], ""missing_member_count"": 1, ""raw_plant_ids_preview"": [""120""], ""source_compound_keys_preview"": [""42db0befed2e5eceb6489eb29d7b1728ccaf9cc7e2059da2d52d4e690713ee10""]}"
cmprev_ac38c0b2b4d10036,cmpcand_144a99a5467b5172,1047554f-7df4-5f10-afdc-efdbf3cdb0a9,inchi::XJOOMMHNYOJWCZ-UKRRQHHQSA-N,ready,conflict,280,,0027d512cee58d1de01301f8c5d30e3945893beb2d27723339f1200c6928bf4e,280,ChEMBL,2026-05-24T15:07:04.978069+00:00,2026-05-24T15:07:04.978069+00:00,unmapped_plant_reference,member_map_missing_canonical_plant_id,"{""candidate_id"": ""cmpcand_144a99a5467b5172"", ""compound_id"": ""1047554f-7df4-5f10-afdc-efdbf3cdb0a9"", ""member_count"": 1, ""member_ids_preview"": [""cmpcandm_a35a4572306126ba""], ""missing_member_count"": 1, ""raw_plant_ids_preview"": [""280""], ""source_compound_keys_preview"": [""0027d512cee58d1de01301f8c5d30e3945893beb2d27723339f1200c6928bf4e""]}"
cmprev_1e810e57517ffec3,cmpcand_1478bf1099826f78,3ea4666f-df87-5f68-ad99-9dd97afe91e3,inchi::YSSZITZOFOBCMB-XMHGGMMESA-N,ready,conflict,76,,7321b626440581066cdd392fa413fc7ae8a7679312428c2640ac9026ff1a68e0,76,ChEMBL,2026-05-24T15:09:13.508774+00:00,2026-05-24T15:09:13.508774+00:00,unmapped_plant_reference,member_map_missing_canonical_plant_id,"{""candidate_id"": ""cmpcand_1478bf1099826f78"", ""compound_id"": ""3ea4666f-df87-5f68-ad99-9dd97afe91e3"", ""member_count"": 1, ""member_ids_preview"": [""cmpcandm_72f99b69ab73058e""], ""missing_member_count"": 1, ""raw_plant_ids_preview"": [""76""], ""source_compound_keys_preview"": [""7321b626440581066cdd392fa413fc7ae8a7679312428c2640ac9026ff1a68e0""]}"
cmprev_24bb543aa1dc240d,cmpcand_14bccf8869dafd72,7ff4c6db-e3df-5aaa-a5ce-fb5f454f3677,inchi::WSGPLSDARZNMCW-FCVLBCLDSA-N,ready,conflict,369,,a3d6f40adbf91364080790ae8c51607ee0d421975cbeb941f93a32d2063795f8,369,ChEMBL,2026-05-24T15:06:53.556044+00:00,2026-05-24T15:06:53.556044+00:00,unmapped_plant_reference,member_map_missing_canonical_plant_id,"{""candidate_id"": ""cmpcand_14bccf8869dafd72"", ""compound_id"": ""7ff4c6db-e3df-5aaa-a5ce-fb5f454f3677"", ""member_count"": 1, ""member_ids_preview"": [""cmpcandm_d8bbbbf35f2c4178""], ""missing_member_count"": 1, ""raw_plant_ids_preview"": [""369""], ""source_compound_keys_preview"": [""a3d6f40adbf91364080790ae8c51607ee0d421975cbeb941f93a32d2063795f8""]}"
cmprev_caa5f8a84616a2dc,cmpcand_1528fe413feb0da2,c1203a94-19ca-598d-887e-1bf1bbe670d6,inchi::NYSZJNUIVUBQMM-BQYQJAHWSA-N,ready,conflict,76,,82581b7064924a0373cf6d25197d8b30457cebc3bb5c07b8627b74d8e143800c,76,ChEMBL,2026-05-24T15:04:39.036482+00:00,2026-05-24T15:04:39.036482+00:00,unmapped_plant_reference,member_map_missing_canonical_plant_id,"{""candidate_id"": ""cmpcand_1528fe413feb0da2"", ""compound_id"": ""c1203a94-19ca-598d-887e-1bf1bbe670d6"", ""member_count"": 1, ""member_ids_preview"": [""cmpcandm_8327eb0b4f2c33b7""], ""missing_member_count"": 1, ""raw_plant_ids_preview"": [""76""], ""source_compound_keys_preview"": [""82581b7064924a0373cf6d25197d8b30457cebc3bb5c07b8627b74d8e143800c""]}"
cmprev_6ae1dbf237482613,cmpcand_16054b653a857050,8d16a1a2-2d85-5973-84ca-2b1970129427,inchi::STWKZOLIYPDQRJ-UHFFFAOYSA-N,ready,conflict,175,,63cc3a6038366f7aa1f293f2f9e4bc1a5d0787caf4589cfd29f42eaa7e3e7bad,175,PubChem,2026-05-24T15:03:12.714296+00:00,2026-05-24T15:03:12.714296+00:00,unmapped_plant_reference,member_map_missing_canonical_plant_id,"{""candidate_id"": ""cmpcand_16054b653a857050"", ""compound_id"": ""8d16a1a2-2d85-5973-84ca-2b1970129427"", ""member_count"": 1, ""member_ids_preview"": [""cmpcandm_150c18fc7f6478e0""], ""missing_member_count"": 1, ""raw_plant_ids_preview"": [""175""], ""source_compound_keys_preview"": [""63cc3a6038366f7aa1f293f2f9e4bc1a5d0787caf4589cfd29f42eaa7e3e7bad""]}"
cmprev_8ce64e51d2098934,cmpcand_1631a592ac8e40b2,89dec507-ba9a-5115-8ab5-f3377c151b06,inchi::KKVZAVRSVHUSPL-GQCTYLIASA-N,ready,conflict,120,,2776bf052550bbd069c4000d8f08e38eff0a711fb825195cfe0176af638c998b,120;122,ChEMBL,2026-05-24T15:03:57.569567+00:00,2026-05-24T15:03:57.569567+00:00,unmapped_plant_reference,member_map_missing_canonical_plant_id,"{""candidate_id"": ""cmpcand_1631a592ac8e40b2"", ""compound_id"": ""89dec507-ba9a-5115-8ab5-f3377c151b06"", ""member_count"": 2, ""member_ids_preview"": [""cmpcandm_5a7de39635c1c9b3"", ""cmpcandm_9c4ef65017b30d63""], ""missing_member_count"": 2, ""raw_plant_ids_preview"": [""120"", ""122""], ""source_compound_keys_preview"": [""2776bf052550bbd069c4000d8f08e38eff0a711fb825195cfe0176af638c998b"", ""25d8cec8aaa0cf8f0c87aa7137853226ace7cfe60b44515e369d241e07596cfa""]}"
cmprev_dc4b98f229cfdd9b,cmpcand_1734fa5c7d35a818,c7536e70-9a17-50fb-8afc-e82db4ad78cc,inchi::GYHFUZHODSMOHU-UHFFFAOYSA-N,ready,conflict,139,,50acda7976b9dd27c1aa9be262aec0e8c64e50596167334b46d90599add1dbc4,139,ChEMBL,2026-05-24T15:03:18.267855+00:00,2026-05-24T15:03:18.267855+00:00,unmapped_plant_reference,member_map_missing_canonical_plant_id,"{""candidate_id"": ""cmpcand_1734fa5c7d35a818"", ""compound_id"": ""c7536e70-9a17-50fb-8afc-e82db4ad78cc"", ""member_count"": 1, ""member_ids_preview"": [""cmpcandm_53767cfc44a5bb9d""], ""missing_member_count"": 1, ""raw_plant_ids_preview"": [""139""], ""source_compound_keys_preview"": [""50acda7976b9dd27c1aa9be262aec0e8c64e50596167334b46d90599add1dbc4""]}"
cmprev_eb442fba5513ec96,cmpcand_175c73eca0902d30,2105f0fb-0ae3-5f6f-9987-9054629319fc,inchi::WRMNZCZEMHIOCP-UHFFFAOYSA-N,ready,conflict,139,,18161ab0b91ea5bd2183290d084f4cd19ab6bce403ee4581e7f2ac6cb7bf0c26,139,ChEMBL,2026-05-24T15:07:28.252149+00:00,2026-05-24T15:07:28.252149+00:00,unmapped_plant_reference,member_map_missing_canonical_plant_id,"{""candidate_id"": ""cmpcand_175c73eca0902d30"", ""compound_id"": ""2105f0fb-0ae3-5f6f-9987-9054629319fc"", ""member_count"": 1, ""member_ids_preview"": [""cmpcandm_70f9949b042e0aa8""], ""missing_member_count"": 1, ""raw_plant_ids_preview"": [""139""], ""source_compound_keys_preview"": [""18161ab0b91ea5bd2183290d084f4cd19ab6bce403ee4581e7f2ac6cb7bf0c26""]}"
cmprev_de149d941698df40,cmpcand_187a9a1a695fa9c2,8cdbcf19-1cf4-59af-96c1-3066223354e5,inchi::GZSOSUNBTXMUFQ-UHFFFAOYSA-N,ready,conflict,82,,7c7389dea8423abdca9d4ec78152422ff2f56c7f59042daf26e660181770f30a,82,ChEMBL,2026-05-24T15:06:50.984121+00:00,2026-05-24T15:06:50.984121+00:00,unmapped_plant_reference,member_map_missing_canonical_plant_id,"{""candidate_id"": ""cmpcand_187a9a1a695fa9c2"", ""compound_id"": ""8cdbcf19-1cf4-59af-96c1-3066223354e5"", ""member_count"": 1, ""member_ids_preview"": [""cmpcandm_0652f29655346d69""], ""missing_member_count"": 1, ""raw_plant_ids_preview"": [""82""], ""source_compound_keys_preview"": [""7c7389dea8423abdca9d4ec78152422ff2f56c7f59042daf26e660181770f30a""]}"
cmprev_04ea877f6065e05e,cmpcand_19888ca019ce9dde,bdd3b485-0898-5bdf-80f0-f62bc6179277,inchi::HEURTYMJWQPWNN-LBPRGKRZSA-N,ready,conflict,398,,94bd54f61e7bf2299bf8d8d5a05030a08cc5562ca44276945b633a2124ce8e6e,398,PubChem,2026-05-24T15:06:04.924666+00:00,2026-05-24T15:06:04.924666+00:00,unmapped_plant_reference,member_map_missing_canonical_plant_id,"{""candidate_id"": ""cmpcand_19888ca019ce9dde"", ""compound_id"": ""bdd3b485-0898-5bdf-80f0-f62bc6179277"", ""member_count"": 1, ""member_ids_preview"": [""cmpcandm_db49505b982ac340""], ""missing_member_count"": 1, ""raw_plant_ids_preview"": [""398""], ""source_compound_keys_preview"": [""94bd54f61e7bf2299bf8d8d5a05030a08cc5562ca44276945b633a2124ce8e6e""]}"
cmprev_10d27b4a81e104ed,cmpcand_1992e4af9bdd8427,f3b06f9b-fff4-5a45-b491-a26b0cd42213,inchi::MYMGKIQXYXSRIJ-UHFFFAOYSA-N,ready,conflict,363,,4ac00b0c8e635b4529b0007c77ea7151904ad78328eff70144abc37426606c0f,363,ChEMBL,2026-05-24T15:07:06.911101+00:00,2026-05-24T15:07:06.911101+00:00,unmapped_plant_reference,member_map_missing_canonical_plant_id,"{""candidate_id"": ""cmpcand_1992e4af9bdd8427"", ""compound_id"": ""f3b06f9b-fff4-5a45-b491-a26b0cd42213"", ""member_count"": 1, ""member_ids_preview"": [""cmpcandm_64b9b0a190b3ac1f""], ""missing_member_count"": 1, ""raw_plant_ids_preview"": [""363""], ""source_compound_keys_preview"": [""4ac00b0c8e635b4529b0007c77ea7151904ad78328eff70144abc37426606c0f""]}"
cmprev_b3815cf10bdfb617,cmpcand_199d26b3eb502509,08c8f970-c231-5e35-b7f9-0b79f4728f7a,inchi::GUAFOGOEJLSQBT-UHFFFAOYSA-N,ready,conflict,186,,4c34174e79444ae609230166c9df4d1fc1489700f5e9e8375459246bf62e86a8,186,ChEMBL,2026-05-24T15:03:08.075391+00:00,2026-05-24T15:03:08.075391+00:00,unmapped_plant_reference,member_map_missing_canonical_plant_id,"{""candidate_id"": ""cmpcand_199d26b3eb502509"", ""compound_id"": ""08c8f970-c231-5e35-b7f9-0b79f4728f7a"", ""member_count"": 1, ""member_ids_preview"": [""cmpcandm_8a73de10967560df""], ""missing_member_count"": 1, ""raw_plant_ids_preview"": [""186""], ""source_compound_keys_preview"": [""4c34174e79444ae609230166c9df4d1fc1489700f5e9e8375459246bf62e86a8""]}"
cmprev_4d21a46f5a824eff,cmpcand_1a50e268c7a7391a,8c259a18-b6e5-5d4a-a47f-0c12480824e5,inchi::VFVVDFLDUBZQGX-UHFFFAOYSA-N,ready,conflict,122,,4c2a705032f6e8feef5f1e90baaf14bdccbf1a22d90ec83e4c9148bbd4f9bbdb,122,PubChem,2026-05-24T15:08:52.787339+00:00,2026-05-24T15:08:52.787339+00:00,unmapped_plant_reference,member_map_missing_canonical_plant_id,"{""candidate_id"": ""cmpcand_1a50e268c7a7391a"", ""compound_id"": ""8c259a18-b6e5-5d4a-a47f-0c12480824e5"", ""member_count"": 1, ""member_ids_preview"": [""cmpcandm_4383cb2f92021790""], ""missing_member_count"": 1, ""raw_plant_ids_preview"": [""122""], ""source_compound_keys_preview"": [""4c2a705032f6e8feef5f1e90baaf14bdccbf1a22d90ec83e4c9148bbd4f9bbdb""]}"
cmprev_28ba8ccc26ede27f,cmpcand_1acf0b55b30f499e,468e2922-108d-5b64-b35e-feaf3a4a608e,inchi::CGIBCVBDFUTMPT-RMKNXTFCSA-N,ready,conflict,398,,12f9b42905a14cfe858973374ce5f87bc11a46300f6ad75a3ed686e947667ee7,398,ChEMBL,2026-05-24T15:07:46.207647+00:00,2026-05-24T15:07:46.207647+00:00,unmapped_plant_reference,member_map_missing_canonical_plant_id,"{""candidate_id"": ""cmpcand_1acf0b55b30f499e"", ""compound_id"": ""468e2922-108d-5b64-b35e-feaf3a4a608e"", ""member_count"": 1, ""member_ids_preview"": [""cmpcandm_5e97842f09e2b1df""], ""missing_member_count"": 1, ""raw_plant_ids_preview"": [""398""], ""source_compound_keys_preview"": [""12f9b42905a14cfe858973374ce5f87bc11a46300f6ad75a3ed686e947667ee7""]}"
cmprev_747c5f0be2908c97,cmpcand_1adb8813c1a6ae0b,8403194e-f40b-531f-8f40-6e8dfa6ec27e,inchi::NYQKSLDPYVPTRT-CNJBRALLSA-N,ready,conflict,341,,0c61fee053e9856ebbf541b74df978c7170797b101849c64f12388deac1374ac,341,PubChem,2026-05-24T15:04:43.715390+00:00,2026-05-24T15:04:43.715390+00:00,unmapped_plant_reference,member_map_missing_canonical_plant_id,"{""candidate_id"": ""cmpcand_1adb8813c1a6ae0b"", ""compound_id"": ""8403194e-f40b-531f-8f40-6e8dfa6ec27e"", ""member_count"": 1, ""member_ids_preview"": [""cmpcandm_7480070504dae9a6""], ""missing_member_count"": 1, ""raw_plant_ids_preview"": [""341""], ""source_compound_keys_preview"": [""0c61fee053e9856ebbf541b74df978c7170797b101849c64f12388deac1374ac""]}"
cmprev_b6d3aad27e8b6e60,cmpcand_1b01ba1893b63a18,f83acc71-bd12-5aac-8ddf-2b4eb7c0e7f2,inchi::FGWJRZQNNZVCHR-BCRCDCHUSA-N,ready,conflict,429,,665ce5fed47663e32980c152aaf59775d4e12c98278962dbdc83fd67ca935ee3,429,PubChem,2026-05-24T15:03:30.171810+00:00,2026-05-24T15:03:30.171810+00:00,unmapped_plant_reference,member_map_missing_canonical_plant_id,"{""candidate_id"": ""cmpcand_1b01ba1893b63a18"", ""compound_id"": ""f83acc71-bd12-5aac-8ddf-2b4eb7c0e7f2"", ""member_count"": 1, ""member_ids_preview"": [""cmpcandm_5c1400b29550c612""], ""missing_member_count"": 1, ""raw_plant_ids_preview"": [""429""], ""source_compound_keys_preview"": [""665ce5fed47663e32980c152aaf59775d4e12c98278962dbdc83fd67ca935ee3""]}"
cmprev_6b24bd7568b050f4,cmpcand_1b0de8b91c058938,a64b510f-c815-541a-a34a-715e38247501,inchi::HRQKOYFGHJYEFS-BXOLYSJBSA-N,ready,conflict,139,,b888b58d63fac5ff6814e41719692682bece2697c7a1eb725835217f7f7db807,139,PubChem,2026-05-24T15:06:25.270608+00:00,2026-05-24T15:06:25.270608+00:00,unmapped_plant_reference,member_map_missing_canonical_plant_id,"{""candidate_id"": ""cmpcand_1b0de8b91c058938"", ""compound_id"": ""a64b510f-c815-541a-a34a-715e38247501"", ""member_count"": 1, ""member_ids_preview"": [""cmpcandm_bc497211458f68de""], ""missing_member_count"": 1, ""raw_plant_ids_preview"": [""139""], ""source_compound_keys_preview"": [""b888b58d63fac5ff6814e41719692682bece2697c7a1eb725835217f7f7db807""]}"
cmprev_06a3bbe6c25d2fdb,cmpcand_1b3caffc9829459f,6f458fef-6a60-5aa9-b373-d60d645137f4,inchi::SLKPBCXNFNIJSV-OAHLLOKOSA-N,ready,conflict,290,,3648f83907c1bedf06e566709c76fe259f2751efdb56cae8691b36c5607dd39e,290,PubChem,2026-05-24T15:07:11.788778+00:00,2026-05-24T15:07:11.788778+00:00,unmapped_plant_reference,member_map_missing_canonical_plant_id,"{""candidate_id"": ""cmpcand_1b3caffc9829459f"", ""compound_id"": ""6f458fef-6a60-5aa9-b373-d60d645137f4"", ""member_count"": 1, ""member_ids_preview"": [""cmpcandm_582c01a7ff285e8d""], ""missing_member_count"": 1, ""raw_plant_ids_preview"": [""290""], ""source_compound_keys_preview"": [""3648f83907c1bedf06e566709c76fe259f2751efdb56cae8691b36c5607dd39e""]}"
cmprev_d505a0c4d5d9250a,cmpcand_1b9e95d9267abaca,914cf0ba-d7ce-52c3-8fb0-f462fb4faad4,inchi::UBTOEGCOMHAXGV-VECAIYLJSA-N,ready,conflict,132,,31a25b737cdcf6c30d80ef846be939eae2c8d359e3850ba5e80791292f34942b,132,PubChem,2026-05-24T15:06:37.306955+00:00,2026-05-24T15:06:37.306955+00:00,unmapped_plant_reference,member_map_missing_canonical_plant_id,"{""candidate_id"": ""cmpcand_1b9e95d9267abaca"", ""compound_id"": ""914cf0ba-d7ce-52c3-8fb0-f462fb4faad4"", ""member_count"": 1, ""member_ids_preview"": [""cmpcandm_01630cd7235b945e""], ""missing_member_count"": 1, ""raw_plant_ids_preview"": [""132""], ""source_compound_keys_preview"": [""31a25b737cdcf6c30d80ef846be939eae2c8d359e3850ba5e80791292f34942b""]}"
cmprev_0540a73513636ea8,cmpcand_1bcc9aa6ad366900,d9fe7040-52c0-5057-83bf-31f949c6212f,inchi::VJJZJBUCDWKPLC-UHFFFAOYSA-N,ready,conflict,531,,06cb3f4f33a09f4f22475432be22bc172911c4423878d2f0f9a74cf72c435720,531,ChEMBL,2026-05-24T15:04:07.704232+00:00,2026-05-24T15:04:07.704232+00:00,unmapped_plant_reference,member_map_missing_canonical_plant_id,"{""candidate_id"": ""cmpcand_1bcc9aa6ad366900"", ""compound_id"": ""d9fe7040-52c0-5057-83bf-31f949c6212f"", ""member_count"": 1, ""member_ids_preview"": [""cmpcandm_cc2b36305514da35""], ""missing_member_count"": 1, ""raw_plant_ids_preview"": [""531""], ""source_compound_keys_preview"": [""06cb3f4f33a09f4f22475432be22bc172911c4423878d2f0f9a74cf72c435720""]}"
cmprev_3ce09704bf9f5a0d,cmpcand_1c0980839499604e,514aa0d9-d1db-5456-8e6e-d3c77693231d,inchi::PRNUCJKOERXADE-YLNKAEQOSA-N,ready,conflict,398,,954820b085ac36f880dbf0980a7d3512f827cd6f23873914b158b091046664cb,398,ChEMBL,2026-05-24T15:06:12.965227+00:00,2026-05-24T15:06:12.965227+00:00,unmapped_plant_reference,member_map_missing_canonical_plant_id,"{""candidate_id"": ""cmpcand_1c0980839499604e"", ""compound_id"": ""514aa0d9-d1db-5456-8e6e-d3c77693231d"", ""member_count"": 1, ""member_ids_preview"": [""cmpcandm_5669db7c43bc24ca""], ""missing_member_count"": 1, ""raw_plant_ids_preview"": [""398""], ""source_compound_keys_preview"": [""954820b085ac36f880dbf0980a7d3512f827cd6f23873914b158b091046664cb""]}"
cmprev_cda1f5f0933efe2c,cmpcand_1c71c76c7e43bb65,3ddf70e4-04b6-56b7-b7ee-50ddc1be731f,inchi::DJXVKAPFACGRPO-JDIMVYNKSA-O,ready,matched,67,,94b4aec6af96328fc45ab47a080ad24e0c5f3a10db9187c6e2a33d002598b233,67,PubChem,2026-05-24T15:09:23.765759+00:00,2026-05-24T15:09:23.765759+00:00,unmapped_plant_reference,member_map_missing_canonical_plant_id,"{""candidate_id"": ""cmpcand_1c71c76c7e43bb65"", ""compound_id"": ""3ddf70e4-04b6-56b7-b7ee-50ddc1be731f"", ""member_count"": 1, ""member_ids_preview"": [""cmpcandm_3a2ed1615d5337f3""], ""missing_member_count"": 1, ""raw_plant_ids_preview"": [""67""], ""source_compound_keys_preview"": [""94b4aec6af96328fc45ab47a080ad24e0c5f3a10db9187c6e2a33d002598b233""]}"
cmprev_e27adb2c86bae873,cmpcand_1cfad7d3c76d50b3,dde8ab04-ddcb-542a-82a0-05f7b487c583,inchi::SOBRISMVUYEESV-XCTTXMKUSA-N,ready,conflict,83,,facb763ca94e2b09398303a05a3df49c1c7504ceac503fe0eb0eb25224123d48,83,ChEMBL,2026-05-24T15:07:34.131100+00:00,2026-05-24T15:07:34.131100+00:00,unmapped_plant_reference,member_map_missing_canonical_plant_id,"{""candidate_id"": ""cmpcand_1cfad7d3c76d50b3"", ""compound_id"": ""dde8ab04-ddcb-542a-82a0-05f7b487c583"", ""member_count"": 1, ""member_ids_preview"": [""cmpcandm_4a5f00d03caca540""], ""missing_member_count"": 1, ""raw_plant_ids_preview"": [""83""], ""source_compound_keys_preview"": [""facb763ca94e2b09398303a05a3df49c1c7504ceac503fe0eb0eb25224123d48""]}"
cmprev_25a2bcec0d43a3a6,cmpcand_1cfdf28ac78e6dfa,a19d79bb-e074-5080-95b7-f3ce308a0221,inchi::IROGPDLPDYVVFG-BGJAGFQLSA-N,ready,conflict,82,,9b650233f683b037b3b3a7c7e24e7f7c240f6fa9752d9ff5744ac7d07b9532af,82,PubChem,2026-05-24T15:05:31.777145+00:00,2026-05-24T15:05:31.777145+00:00,unmapped_plant_reference,member_map_missing_canonical_plant_id,"{""candidate_id"": ""cmpcand_1cfdf28ac78e6dfa"", ""compound_id"": ""a19d79bb-e074-5080-95b7-f3ce308a0221"", ""member_count"": 1, ""member_ids_preview"": [""cmpcandm_a9bba1449ea25907""], ""missing_member_count"": 1, ""raw_plant_ids_preview"": [""82""], ""source_compound_keys_preview"": [""9b650233f683b037b3b3a7c7e24e7f7c240f6fa9752d9ff5744ac7d07b9532af""]}"
cmprev_7d7063b52ce46cc2,cmpcand_1d17231a32c30f31,fc40688c-00a4-5ade-9f14-f54ab79a4ca9,inchi::WBYWAXJHAXSJNI-VOTSOKGWSA-N,ready,conflict,120,,3b9a7542c508f09036722e85f7bc19298bf330ad95625991fb08b7d37ba36b8f,120,ChEMBL,2026-05-24T15:03:43.846276+00:00,2026-05-24T15:03:43.846276+00:00,unmapped_plant_reference,member_map_missing_canonical_plant_id,"{""candidate_id"": ""cmpcand_1d17231a32c30f31"", ""compound_id"": ""fc40688c-00a4-5ade-9f14-f54ab79a4ca9"", ""member_count"": 1, ""member_ids_preview"": [""cmpcandm_9f631b4561996fa1""], ""missing_member_count"": 1, ""raw_plant_ids_preview"": [""120""], ""source_compound_keys_preview"": [""3b9a7542c508f09036722e85f7bc19298bf330ad95625991fb08b7d37ba36b8f""]}"
cmprev_cb6f1148a0f9a43f,cmpcand_1d69e338217b33c2,7df211b9-f791-5050-a0b2-72280738d565,inchi::BPLQKQKXWHCZSS-UHFFFAOYSA-N,ready,conflict,93,,56e1e82f1015be1b8dbce6e8d84dc3c8b50f3d1310c2dd61b113c20ffe666edf,93,ChEMBL,2026-05-24T15:06:33.494852+00:00,2026-05-24T15:06:33.494852+00:00,unmapped_plant_reference,member_map_missing_canonical_plant_id,"{""candidate_id"": ""cmpcand_1d69e338217b33c2"", ""compound_id"": ""7df211b9-f791-5050-a0b2-72280738d565"", ""member_count"": 1, ""member_ids_preview"": [""cmpcandm_ebfbcab8b733a3ce""], ""missing_member_count"": 1, ""raw_plant_ids_preview"": [""93""], ""source_compound_keys_preview"": [""56e1e82f1015be1b8dbce6e8d84dc3c8b50f3d1310c2dd61b113c20ffe666edf""]}"
cmprev_1e0c34ad8a259882,cmpcand_1d9344bbe7568388,1230a284-9f19-51fe-b03a-18f5487fcf3e,inchi::XOUGQLRPSCPWBD-UHFFFAOYSA-N,ready,conflict,429,,15b7835539690051d83c44fdc620f28b232ef91ffc6c7d176af6055aea5780e5,429,ChEMBL,2026-05-24T15:02:37.418821+00:00,2026-05-24T15:02:37.418821+00:00,unmapped_plant_reference,member_map_missing_canonical_plant_id,"{""candidate_id"": ""cmpcand_1d9344bbe7568388"", ""compound_id"": ""1230a284-9f19-51fe-b03a-18f5487fcf3e"", ""member_count"": 1, ""member_ids_preview"": [""cmpcandm_716346ca99501145""], ""missing_member_count"": 1, ""raw_plant_ids_preview"": [""429""], ""source_compound_keys_preview"": [""15b7835539690051d83c44fdc620f28b232ef91ffc6c7d176af6055aea5780e5""]}"
cmprev_6955830593755784,cmpcand_1e1716bd4306fcae,ea40ee3b-d13e-59d9-b1df-06709498c6b1,inchi::DMPSBIMDSBBEQA-CIAFOILYSA-N,ready,conflict,341,,490c8d9d00c44ffd13ad6053a3adf14b1301fc38809aaca01d8f6cc4b4bbba72,341,PubChem,2026-05-24T15:08:13.343181+00:00,2026-05-24T15:08:13.343181+00:00,unmapped_plant_reference,member_map_missing_canonical_plant_id,"{""candidate_id"": ""cmpcand_1e1716bd4306fcae"", ""compound_id"": ""ea40ee3b-d13e-59d9-b1df-06709498c6b1"", ""member_count"": 1, ""member_ids_preview"": [""cmpcandm_c755734fe92a049b""], ""missing_member_count"": 1, ""raw_plant_ids_preview"": [""341""], ""source_compound_keys_preview"": [""490c8d9d00c44ffd13ad6053a3adf14b1301fc38809aaca01d8f6cc4b4bbba72""]}"
cmprev_6ce2466504171f33,cmpcand_1e36574efcc930d8,1172c624-f6fc-5229-ab85-4b2160391429,inchi::LTYSVVJJHYDSMR-UHFFFAOYSA-N,ready,conflict,392,,c6a9ce8badc7b1e8a4e4e761057adde49b1726860148627ec28756d0e55270c7,392,PubChem,2026-05-24T15:02:52.727262+00:00,2026-05-24T15:02:52.727262+00:00,unmapped_plant_reference,member_map_missing_canonical_plant_id,"{""candidate_id"": ""cmpcand_1e36574efcc930d8"", ""compound_id"": ""1172c624-f6fc-5229-ab85-4b2160391429"", ""member_count"": 1, ""member_ids_preview"": [""cmpcandm_a589eefcf5c8d2b6""], ""missing_member_count"": 1, ""raw_plant_ids_preview"": [""392""], ""source_compound_keys_preview"": [""c6a9ce8badc7b1e8a4e4e761057adde49b1726860148627ec28756d0e55270c7""]}"
cmprev_20a17ea4bba6a422,cmpcand_1f13bb5bab856172,c1623b9d-8b0a-57b4-9989-32a3595f2c30,inchi::JECYUBVRTQDVAT-UHFFFAOYSA-N,ready,conflict,120,,b0bcd43a3ed9f502e5f10d28eac2e6b2af2d92f6afe85d7e0b91f2d64de36b6f,120,ChEMBL,2026-05-24T15:03:03.892340+00:00,2026-05-24T15:03:03.892340+00:00,unmapped_plant_reference,member_map_missing_canonical_plant_id,"{""candidate_id"": ""cmpcand_1f13bb5bab856172"", ""compound_id"": ""c1623b9d-8b0a-57b4-9989-32a3595f2c30"", ""member_count"": 1, ""member_ids_preview"": [""cmpcandm_e0b57e413b2a95ab""], ""missing_member_count"": 1, ""raw_plant_ids_preview"": [""120""], ""source_compound_keys_preview"": [""b0bcd43a3ed9f502e5f10d28eac2e6b2af2d92f6afe85d7e0b91f2d64de36b6f""]}"
cmprev_e6617a17768f4efc,cmpcand_1f1ebbf0f9d656eb,054e5e16-3b9c-58ea-9c5f-2627da3ff5e4,inchi::OBJREHLZEIEGDU-CNJBRALLSA-N,ready,conflict,341,,9aa199dee547ecf669367dc858f2b6ac2e407f517da0896fbb956e33fbf736b4,341,ChEMBL,2026-05-24T15:03:13.682040+00:00,2026-05-24T15:03:13.682040+00:00,unmapped_plant_reference,member_map_missing_canonical_plant_id,"{""candidate_id"": ""cmpcand_1f1ebbf0f9d656eb"", ""compound_id"": ""054e5e16-3b9c-58ea-9c5f-2627da3ff5e4"", ""member_count"": 1, ""member_ids_preview"": [""cmpcandm_bb669f4e7a53d8ee""], ""missing_member_count"": 1, ""raw_plant_ids_preview"": [""341""], ""source_compound_keys_preview"": [""9aa199dee547ecf669367dc858f2b6ac2e407f517da0896fbb956e33fbf736b4""]}"
cmprev_6a8b90b33412798d,cmpcand_1fe8ee893de6e1a0,f3cdd61d-a8e5-5789-a9c1-8a02a5ced04e,inchi::IPCSVZSSVZVIGE-UHFFFAOYSA-N,ready,conflict,100,,19eb81fcc69453f1ec39eab00f0f5c41cab92f596a8d475175900c3ba472a092,100,ChEMBL,2026-05-24T15:07:14.594942+00:00,2026-05-24T15:07:14.594942+00:00,unmapped_plant_reference,member_map_missing_canonical_plant_id,"{""candidate_id"": ""cmpcand_1fe8ee893de6e1a0"", ""compound_id"": ""f3cdd61d-a8e5-5789-a9c1-8a02a5ced04e"", ""member_count"": 1, ""member_ids_preview"": [""cmpcandm_6613f19363155266""], ""missing_member_count"": 1, ""raw_plant_ids_preview"": [""100""], ""source_compound_keys_preview"": [""19eb81fcc69453f1ec39eab00f0f5c41cab92f596a8d475175900c3ba472a092""]}"
cmprev_e30c43f4f8c796e3,cmpcand_204d58a2cce8b722,c1c31837-c962-5d9b-8e23-5d5225e88568,inchi::ATNHDLDRLWWWCB-AENOIHSZSA-M,ready,matched,139,,60d7722867420d463ba0ae03778948dcd8fb660f837456b219e8525c9ba5f73f,139,PubChem,2026-05-24T15:06:29.027627+00:00,2026-05-24T15:06:29.027627+00:00,unmapped_plant_reference,member_map_missing_canonical_plant_id,"{""candidate_id"": ""cmpcand_204d58a2cce8b722"", ""compound_id"": ""c1c31837-c962-5d9b-8e23-5d5225e88568"", ""member_count"": 1, ""member_ids_preview"": [""cmpcandm_be67aee78ca7ab27""], ""missing_member_count"": 1, ""raw_plant_ids_preview"": [""139""], ""source_compound_keys_preview"": [""60d7722867420d463ba0ae03778948dcd8fb660f837456b219e8525c9ba5f73f""]}"
cmprev_d18a0b436385be98,cmpcand_20e07793b60674ed,5ef08da9-e729-5c0c-9919-4345f98f3a31,inchi::FFVRRQMGGGTQRH-MSPRAJMNSA-N,ready,conflict,490,,5587d09b339ca0b3ed4de262f300ec5bb2f7c00fe6d22e14afa38d38cf527dd9,490,ChEMBL,2026-05-24T15:04:55.742867+00:00,2026-05-24T15:04:55.742867+00:00,unmapped_plant_reference,member_map_missing_canonical_plant_id,"{""candidate_id"": ""cmpcand_20e07793b60674ed"", ""compound_id"": ""5ef08da9-e729-5c0c-9919-4345f98f3a31"", ""member_count"": 1, ""member_ids_preview"": [""cmpcandm_6f6e3fd957650df4""], ""missing_member_count"": 1, ""raw_plant_ids_preview"": [""490""], ""source_compound_keys_preview"": [""5587d09b339ca0b3ed4de262f300ec5bb2f7c00fe6d22e14afa38d38cf527dd9""]}"
cmprev_6decd71050157d95,cmpcand_215f7999a9fe9850,d687c849-ae06-5b8d-8098-be0ca4fe35dd,inchi::GVNHNXWRAMFPLL-UHFFFAOYSA-N,ready,matched,341,,ae791b6ebc5dff1c2b9793e252a7aa6d1cc1f0528287700a5a4a97f1fc00ee7b,341,PubChem,2026-05-24T15:04:43.415972+00:00,2026-05-24T15:04:43.415972+00:00,unmapped_plant_reference,member_map_missing_canonical_plant_id,"{""candidate_id"": ""cmpcand_215f7999a9fe9850"", ""compound_id"": ""d687c849-ae06-5b8d-8098-be0ca4fe35dd"", ""member_count"": 1, ""member_ids_preview"": [""cmpcandm_5b10b5722dfdf664""], ""missing_member_count"": 1, ""raw_plant_ids_preview"": [""341""], ""source_compound_keys_preview"": [""ae791b6ebc5dff1c2b9793e252a7aa6d1cc1f0528287700a5a4a97f1fc00ee7b""]}"
cmprev_51f353ea5305c09c,cmpcand_2163b42f263df909,273c79e2-5a87-51a4-9000-2e9f640141f7,inchi::RFUJEBHESHKXKW-PRKJJMSOSA-N,ready,conflict,407,,e7a5bfc77cd02045a68a91610e09e803b25b17d5123d1b1526f6c9774174a668,407,ChEMBL,2026-05-24T15:04:52.433254+00:00,2026-05-24T15:04:52.433254+00:00,unmapped_plant_reference,member_map_missing_canonical_plant_id,"{""candidate_id"": ""cmpcand_2163b42f263df909"", ""compound_id"": ""273c79e2-5a87-51a4-9000-2e9f640141f7"", ""member_count"": 1, ""member_ids_preview"": [""cmpcandm_7eb40599d1e5af4a""], ""missing_member_count"": 1, ""raw_plant_ids_preview"": [""407""], ""source_compound_keys_preview"": [""e7a5bfc77cd02045a68a91610e09e803b25b17d5123d1b1526f6c9774174a668""]}"
cmprev_3ccab4c022416526,cmpcand_21e204f67fbe972d,fbab563a-d7fd-5652-ac8c-ba432a6219d7,inchi::QKQBCMSTNUQLPW-UHFFFAOYSA-N,ready,conflict,186,,65079925f62ad8cf7d1da34d33b197ad48be282d4d96f9813f4eab5c5b274be4,186,PubChem,2026-05-24T15:05:51.453136+00:00,2026-05-24T15:05:51.453136+00:00,unmapped_plant_reference,member_map_missing_canonical_plant_id,"{""candidate_id"": ""cmpcand_21e204f67fbe972d"", ""compound_id"": ""fbab563a-d7fd-5652-ac8c-ba432a6219d7"", ""member_count"": 1, ""member_ids_preview"": [""cmpcandm_21a11dc94cd7a6a1""], ""missing_member_count"": 1, ""raw_plant_ids_preview"": [""186""], ""source_compound_keys_preview"": [""65079925f62ad8cf7d1da34d33b197ad48be282d4d96f9813f4eab5c5b274be4""]}"
cmprev_33f1361b38ba3f55,cmpcand_21e336d1a7e5f72e,5eb4c24b-5984-5576-bd8c-27b80af30de7,inchi::WQSDYZZEIBAPIN-VBQORRLJSA-N,ready,conflict,67,,d3f3c405a7ba67650080d63a5d520cd59cd940681f9784d0cc2519228ccd36f8,67,ChEMBL,2026-05-24T15:03:49.613648+00:00,2026-05-24T15:03:49.613648+00:00,unmapped_plant_reference,member_map_missing_canonical_plant_id,"{""candidate_id"": ""cmpcand_21e336d1a7e5f72e"", ""compound_id"": ""5eb4c24b-5984-5576-bd8c-27b80af30de7"", ""member_count"": 1, ""member_ids_preview"": [""cmpcandm_be65a867f0dbdb89""], ""missing_member_count"": 1, ""raw_plant_ids_preview"": [""67""], ""source_compound_keys_preview"": [""d3f3c405a7ba67650080d63a5d520cd59cd940681f9784d0cc2519228ccd36f8""]}"
cmprev_108ca335a124cf60,cmpcand_22e88274addab0ca,1988a14d-70cb-5c81-a51e-e578ae0c8cf7,inchi::GXBMHMVGIRRPBD-XTVZKPICSA-N,ready,conflict,83,,79ab50922e056b501c10061277f26cb6845c95dd9dfa752aadda302291ada062,83,ChEMBL,2026-05-24T15:05:55.043169+00:00,2026-05-24T15:05:55.043169+00:00,unmapped_plant_reference,member_map_missing_canonical_plant_id,"{""candidate_id"": ""cmpcand_22e88274addab0ca"", ""compound_id"": ""1988a14d-70cb-5c81-a51e-e578ae0c8cf7"", ""member_count"": 1, ""member_ids_preview"": [""cmpcandm_c37ce4b49a8194ee""], ""missing_member_count"": 1, ""raw_plant_ids_preview"": [""83""], ""source_compound_keys_preview"": [""79ab50922e056b501c10061277f26cb6845c95dd9dfa752aadda302291ada062""]}"
cmprev_d73e91c768607f17,cmpcand_22ed8ac804a9e0fb,3ac49188-3ebd-502c-8f53-d59bce0856b9,inchi::FCDLCPWAQCPTKC-UHFFFAOYSA-N,ready,conflict,100,,aca64a2044028adf43b73b2a2f8a096d060f5aaceaa9361496ae5d5d429a825f,100;107,ChEMBL,2026-05-24T15:06:28.662759+00:00,2026-05-24T15:06:28.662759+00:00,unmapped_plant_reference,member_map_missing_canonical_plant_id,"{""candidate_id"": ""cmpcand_22ed8ac804a9e0fb"", ""compound_id"": ""3ac49188-3ebd-502c-8f53-d59bce0856b9"", ""member_count"": 2, ""member_ids_preview"": [""cmpcandm_09f12d1577db93ff"", ""cmpcandm_238b7085ed815557""], ""missing_member_count"": 2, ""raw_plant_ids_preview"": [""100"", ""107""], ""source_compound_keys_preview"": [""aca64a2044028adf43b73b2a2f8a096d060f5aaceaa9361496ae5d5d429a825f"", ""741f61a57ce445dfefe7ec90c7b90fe6964faa2813d3e58fe5ea0a095e45b2e3""]}"
cmprev_1ec2defa8d1c635e,cmpcand_2326fb10d37d0e92,07a795ce-37f8-5512-859e-51e48c49de42,inchi::GHGKPLPBPGYSOO-FBZNIEFRSA-N,ready,conflict,139,,d1d65d289534a3e507146c6259d3783ec2178dfbb6ee711c3cc9ac5faa65be82,139,ChEMBL,2026-05-24T15:05:10.492345+00:00,2026-05-24T15:05:10.492345+00:00,unmapped_plant_reference,member_map_missing_canonical_plant_id,"{""candidate_id"": ""cmpcand_2326fb10d37d0e92"", ""compound_id"": ""07a795ce-37f8-5512-859e-51e48c49de42"", ""member_count"": 1, ""member_ids_preview"": [""cmpcandm_2290ea7094573372""], ""missing_member_count"": 1, ""raw_plant_ids_preview"": [""139""], ""source_compound_keys_preview"": [""d1d65d289534a3e507146c6259d3783ec2178dfbb6ee711c3cc9ac5faa65be82""]}"
cmprev_1db9c325d3fc951b,cmpcand_233a754131b4b42c,d40cca3a-cb19-521c-8892-af82c51db3d0,inchi::RTATXGUCZHCSNG-QHWHWDPRSA-N,ready,conflict,341,,ae9eba3f16fcbb735466d23a130f7a1c8f626c0099a0fac8af693d688097ee88,341,ChEMBL,2026-05-24T15:04:24.461383+00:00,2026-05-24T15:04:24.462629+00:00,unmapped_plant_reference,member_map_missing_canonical_plant_id,"{""candidate_id"": ""cmpcand_233a754131b4b42c"", ""compound_id"": ""d40cca3a-cb19-521c-8892-af82c51db3d0"", ""member_count"": 1, ""member_ids_preview"": [""cmpcandm_b5a61d50fc37c749""], ""missing_member_count"": 1, ""raw_plant_ids_preview"": [""341""], ""source_compound_keys_preview"": [""ae9eba3f16fcbb735466d23a130f7a1c8f626c0099a0fac8af693d688097ee88""]}"
cmprev_b10e244ec229aad0,cmpcand_2359b9d75add1484,85954d94-5006-5c78-b41d-ed689ff25b4b,inchi::PSQYTAPXSHCGMF-BQYQJAHWSA-N,ready,conflict,139,,1100fe0b43232ff3a59b1c5eea4c974b03eb3078eac5a8c9654359711cf598b7,139,ChEMBL,2026-05-24T15:08:27.640284+00:00,2026-05-24T15:08:27.640284+00:00,unmapped_plant_reference,member_map_missing_canonical_plant_id,"{""candidate_id"": ""cmpcand_2359b9d75add1484"", ""compound_id"": ""85954d94-5006-5c78-b41d-ed689ff25b4b"", ""member_count"": 1, ""member_ids_preview"": [""cmpcandm_ea5ef493604c9623""], ""missing_member_count"": 1, ""raw_plant_ids_preview"": [""139""], ""source_compound_keys_preview"": [""1100fe0b43232ff3a59b1c5eea4c974b03eb3078eac5a8c9654359711cf598b7""]}"
cmprev_654abc4bfebfe23b,cmpcand_235a8b1f883f66d6,7afdd704-25b2-5d27-8c95-d178fc18c2dd,inchi::LUITYVJNCILVDI-NVMXCJJVSA-N,ready,conflict,392,,60550a3efe63fba85d70ef20bd1b9fae3fa03d43ad3794bca09859adb5d1b48c,392,PubChem,2026-05-24T15:06:15.687266+00:00,2026-05-24T15:06:15.687266+00:00,unmapped_plant_reference,member_map_missing_canonical_plant_id,"{""candidate_id"": ""cmpcand_235a8b1f883f66d6"", ""compound_id"": ""7afdd704-25b2-5d27-8c95-d178fc18c2dd"", ""member_count"": 1, ""member_ids_preview"": [""cmpcandm_e4b8c3527c255677""], ""missing_member_count"": 1, ""raw_plant_ids_preview"": [""392""], ""source_compound_keys_preview"": [""60550a3efe63fba85d70ef20bd1b9fae3fa03d43ad3794bca09859adb5d1b48c""]}"
cmprev_38181bca0bb5d251,cmpcand_2396a9948427016b,0a09727e-28f2-5ed0-a3c9-d4292554b62b,inchi::ALGDHWVALRSLBT-UHFFFAOYSA-N,ready,conflict,76,,6cdb19b3757d343f53d58eceaf07f150a07ac26a31e8a334e408cacfd9313a0d,76,ChEMBL,2026-05-24T15:03:19.777772+00:00,2026-05-24T15:03:19.777772+00:00,unmapped_plant_reference,member_map_missing_canonical_plant_id,"{""candidate_id"": ""cmpcand_2396a9948427016b"", ""compound_id"": ""0a09727e-28f2-5ed0-a3c9-d4292554b62b"", ""member_count"": 1, ""member_ids_preview"": [""cmpcandm_9494f79414ee79bc""], ""missing_member_count"": 1, ""raw_plant_ids_preview"": [""76""], ""source_compound_keys_preview"": [""6cdb19b3757d343f53d58eceaf07f150a07ac26a31e8a334e408cacfd9313a0d""]}"
cmprev_9c865af0d7c8382b,cmpcand_23ce43fbd5a9b67e,836f6d2c-fe78-5541-aaba-bd46ee421a63,inchi::LPGWZGMPDKDHEP-NVDFJPPOSA-N,ready,conflict,522,,955d54d405352dc5b5bb341f2ff0eaa66cbc02997640abe18c298a39a2bdca5e,522,ChEMBL,2026-05-24T15:05:09.002136+00:00,2026-05-24T15:05:09.002136+00:00,unmapped_plant_reference,member_map_missing_canonical_plant_id,"{""candidate_id"": ""cmpcand_23ce43fbd5a9b67e"", ""compound_id"": ""836f6d2c-fe78-5541-aaba-bd46ee421a63"", ""member_count"": 1, ""member_ids_preview"": [""cmpcandm_42d28d42d6af06d8""], ""missing_member_count"": 1, ""raw_plant_ids_preview"": [""522""], ""source_compound_keys_preview"": [""955d54d405352dc5b5bb341f2ff0eaa66cbc02997640abe18c298a39a2bdca5e""]}"
cmprev_662e8bb08e56330c,cmpcand_23d10e08fbadef0e,7e0d4f10-8b0e-5fcd-b788-eef4c5f8ca60,inchi::MDJQWFFIUHUJSB-UQVJXISSSA-N,ready,conflict,429,,2549178061bb20285b1aac1f78fce4214beec55f7292cfcbd490ff19e27235ed,429,PubChem,2026-05-24T15:05:32.383055+00:00,2026-05-24T15:05:32.383055+00:00,unmapped_plant_reference,member_map_missing_canonical_plant_id,"{""candidate_id"": ""cmpcand_23d10e08fbadef0e"", ""compound_id"": ""7e0d4f10-8b0e-5fcd-b788-eef4c5f8ca60"", ""member_count"": 1, ""member_ids_preview"": [""cmpcandm_b71018236c5d9809""], ""missing_member_count"": 1, ""raw_plant_ids_preview"": [""429""], ""source_compound_keys_preview"": [""2549178061bb20285b1aac1f78fce4214beec55f7292cfcbd490ff19e27235ed""]}"
cmprev_b1e583bae8dfb53b,cmpcand_240a0b67391098b4,030c4c25-c317-58df-af41-b311e7f500af,inchi::CWNBWXAITUWZFQ-MUHXVEBUSA-N,ready,conflict,120,,2af30d08cc75e8c3982970820fd764cd0ec09a78063c7fc778bc2fe30fa5504b,120,PubChem,2026-05-24T15:02:45.513976+00:00,2026-05-24T15:02:45.513976+00:00,unmapped_plant_reference,member_map_missing_canonical_plant_id,"{""candidate_id"": ""cmpcand_240a0b67391098b4"", ""compound_id"": ""030c4c25-c317-58df-af41-b311e7f500af"", ""member_count"": 1, ""member_ids_preview"": [""cmpcandm_3281e59d149b395c""], ""missing_member_count"": 1, ""raw_plant_ids_preview"": [""120""], ""source_compound_keys_preview"": [""2af30d08cc75e8c3982970820fd764cd0ec09a78063c7fc778bc2fe30fa5504b""]}"
cmprev_666f4d850c85953d,cmpcand_24545ef0bb499b57,03951ab2-3f75-522b-86e1-dfa9bd9eff81,inchi::DBMJZOMNXBSRED-OQLLNIDSSA-N,ready,conflict,130,,1f71cebbaf7251a1e8f9676e941d46fd186119feb2dd37b55dcc0ff231fce1bd,130,ChEMBL,2026-05-24T15:08:11.627015+00:00,2026-05-24T15:08:11.627015+00:00,unmapped_plant_reference,member_map_missing_canonical_plant_id,"{""candidate_id"": ""cmpcand_24545ef0bb499b57"", ""compound_id"": ""03951ab2-3f75-522b-86e1-dfa9bd9eff81"", ""member_count"": 1, ""member_ids_preview"": [""cmpcandm_2c07288828cb4838""], ""missing_member_count"": 1, ""raw_plant_ids_preview"": [""130""], ""source_compound_keys_preview"": [""1f71cebbaf7251a1e8f9676e941d46fd186119feb2dd37b55dcc0ff231fce1bd""]}"
cmprev_3bcfa752d7331330,cmpcand_2625a6cb59ece8a3,32f30f7c-85c0-5ece-b54f-fb8126e7467b,inchi::JVXZRQGOGOXCEC-UHFFFAOYSA-N,ready,conflict,133,,7a232abea528c525b75517cd1604bd0b4e203dc331b1cdab3081178374cfad27,133;186,ChEMBL,2026-05-24T15:06:55.440920+00:00,2026-05-24T15:06:55.440920+00:00,unmapped_plant_reference,member_map_missing_canonical_plant_id,"{""candidate_id"": ""cmpcand_2625a6cb59ece8a3"", ""compound_id"": ""32f30f7c-85c0-5ece-b54f-fb8126e7467b"", ""member_count"": 2, ""member_ids_preview"": [""cmpcandm_e7643adc58ac7bf2"", ""cmpcandm_9648e9916426eab1""], ""missing_member_count"": 2, ""raw_plant_ids_preview"": [""133"", ""186""], ""source_compound_keys_preview"": [""7a232abea528c525b75517cd1604bd0b4e203dc331b1cdab3081178374cfad27"", ""75c49a34f2b62b6726cbc60861596a8b5588474496485916bfb0cac2233ec860""]}"
cmprev_98670898c7bab8f7,cmpcand_262c53dc5b888d19,9e4fa3af-094e-5b0c-abfa-b008ba43081c,inchi::FFWOKTFYGVYKIR-UHFFFAOYSA-N,ready,conflict,107,,911a3a64069c6c0352640ef5c153df5f88879fc45e678a84b647cd56511e2e95,107,ChEMBL,2026-05-24T15:06:51.501474+00:00,2026-05-24T15:06:51.501474+00:00,unmapped_plant_reference,member_map_missing_canonical_plant_id,"{""candidate_id"": ""cmpcand_262c53dc5b888d19"", ""compound_id"": ""9e4fa3af-094e-5b0c-abfa-b008ba43081c"", ""member_count"": 1, ""member_ids_preview"": [""cmpcandm_85613a5d6f8c3305""], ""missing_member_count"": 1, ""raw_plant_ids_preview"": [""107""], ""source_compound_keys_preview"": [""911a3a64069c6c0352640ef5c153df5f88879fc45e678a84b647cd56511e2e95""]}"
cmprev_fe8268d2059c955b,cmpcand_26a71b1051b90558,0291c1d3-5bbf-5d09-b51b-6faca08791f1,inchi::GUZTTZMSRBAQKX-IVSPXSSRSA-N,ready,conflict,120,,e12fe43022ab3ec0e8b11352361d3cba2e9389246af8336a42f823266c96105c,120,PubChem,2026-05-24T15:08:11.169393+00:00,2026-05-24T15:08:11.169393+00:00,unmapped_plant_reference,member_map_missing_canonical_plant_id,"{""candidate_id"": ""cmpcand_26a71b1051b90558"", ""compound_id"": ""0291c1d3-5bbf-5d09-b51b-6faca08791f1"", ""member_count"": 1, ""member_ids_preview"": [""cmpcandm_2d06493bb29dad0c""], ""missing_member_count"": 1, ""raw_plant_ids_preview"": [""120""], ""source_compound_keys_preview"": [""e12fe43022ab3ec0e8b11352361d3cba2e9389246af8336a42f823266c96105c""]}"
cmprev_5471082a7728ad52,cmpcand_27346418b65e3fbc,1efae204-35be-5dd1-a506-4b3a300e2b8d,inchi::PDKGFQJSCXMICA-XSFXNTJTSA-N,ready,conflict,392,,4dc5c7cc8dfc1725977617f86a9d2b519eb47ce1c30bb78534d51d528bc014f5,392,ChEMBL,2026-05-24T15:09:01.315034+00:00,2026-05-24T15:09:01.315034+00:00,unmapped_plant_reference,member_map_missing_canonical_plant_id,"{""candidate_id"": ""cmpcand_27346418b65e3fbc"", ""compound_id"": ""1efae204-35be-5dd1-a506-4b3a300e2b8d"", ""member_count"": 2, ""member_ids_preview"": [""cmpcandm_bf92c690982a72e0"", ""cmpcandm_523ff334197b5a31""], ""missing_member_count"": 2, ""raw_plant_ids_preview"": [""392""], ""source_compound_keys_preview"": [""4dc5c7cc8dfc1725977617f86a9d2b519eb47ce1c30bb78534d51d528bc014f5"", ""9aba055293b9251b933aefb6c75928629de66f7b14c3cc02b6bbcefb1a99891c""]}"
cmprev_a5229e004840a5e1,cmpcand_27bf5470061eac78,8ab009a5-f5a2-56b7-800c-47266581f399,inchi::FMQQLXJREAGPHS-OAYLZIFXSA-N,ready,conflict,290,,cfc4da6cf81f72e6b4fe024d914868bf9f3dbd589097b243cfad071c2f0cbf4f,290,ChEMBL,2026-05-24T15:07:11.562882+00:00,2026-05-24T15:07:11.562882+00:00,unmapped_plant_reference,member_map_missing_canonical_plant_id,"{""candidate_id"": ""cmpcand_27bf5470061eac78"", ""compound_id"": ""8ab009a5-f5a2-56b7-800c-47266581f399"", ""member_count"": 1, ""member_ids_preview"": [""cmpcandm_0e9927c804423854""], ""missing_member_count"": 1, ""raw_plant_ids_preview"": [""290""], ""source_compound_keys_preview"": [""cfc4da6cf81f72e6b4fe024d914868bf9f3dbd589097b243cfad071c2f0cbf4f""]}"
cmprev_c7d42fd458c7acbd,cmpcand_27c109f50db4fac0,c0b640d3-1994-5b60-a2bd-43e86702221f,inchi::ZJYAVUPWMNHHEU-GFOOFYSOSA-N,ready,conflict,502,,4b9d56b29364de0ba9b435fe12d1e8792c02c24aac87296128b89f1f228b2f20,502,PubChem,2026-05-24T15:06:50.830886+00:00,2026-05-24T15:06:50.830886+00:00,unmapped_plant_reference,member_map_missing_canonical_plant_id,"{""candidate_id"": ""cmpcand_27c109f50db4fac0"", ""compound_id"": ""c0b640d3-1994-5b60-a2bd-43e86702221f"", ""member_count"": 1, ""member_ids_preview"": [""cmpcandm_5e313814063038b7""], ""missing_member_count"": 1, ""raw_plant_ids_preview"": [""502""], ""source_compound_keys_preview"": [""4b9d56b29364de0ba9b435fe12d1e8792c02c24aac87296128b89f1f228b2f20""]}"
cmprev_74b24b827290c2fc,cmpcand_27dfd0b36bb84988,a546df1a-508e-5e18-8607-d99f357b4525,inchi::LQGUBLBATBMXHT-UHFFFAOYSA-N,ready,conflict,100,,9870d89eaef59f679f0602292425bf641bad7cd5fe0418727b83c385aa5b6918,100;107,ChEMBL,2026-05-24T15:06:30.448073+00:00,2026-05-24T15:06:30.448073+00:00,unmapped_plant_reference,member_map_missing_canonical_plant_id,"{""candidate_id"": ""cmpcand_27dfd0b36bb84988"", ""compound_id"": ""a546df1a-508e-5e18-8607-d99f357b4525"", ""member_count"": 2, ""member_ids_preview"": [""cmpcandm_9034779550d4b1b0"", ""cmpcandm_8aa03e8ac1746477""], ""missing_member_count"": 2, ""raw_plant_ids_preview"": [""100"", ""107""], ""source_compound_keys_preview"": [""9870d89eaef59f679f0602292425bf641bad7cd5fe0418727b83c385aa5b6918"", ""d36f17c83cc65060daf8aab2ee0d63bb412e1edf5c1a132b3c754d34a7c7ead4""]}"
cmprev_8f4719157a80b60f,cmpcand_281657a0477d31bf,14551905-150a-58ed-ac68-990c0828b3b3,inchi::IJCWCJRLHJAVFD-RDTXWAMCSA-N,ready,conflict,120,,abc7c1fc5c6c6504737990554ad4eb9069127ffb185a0164b205a836e2f2727e,120,PubChem,2026-05-24T15:09:17.680525+00:00,2026-05-24T15:09:17.680525+00:00,unmapped_plant_reference,member_map_missing_canonical_plant_id,"{""candidate_id"": ""cmpcand_281657a0477d31bf"", ""compound_id"": ""14551905-150a-58ed-ac68-990c0828b3b3"", ""member_count"": 1, ""member_ids_preview"": [""cmpcandm_25ef89bb5095de29""], ""missing_member_count"": 1, ""raw_plant_ids_preview"": [""120""], ""source_compound_keys_preview"": [""abc7c1fc5c6c6504737990554ad4eb9069127ffb185a0164b205a836e2f2727e""]}"
cmprev_bbaf79afdc7333d0,cmpcand_2a528807a2be4a2c,1e4cb714-ee5d-5db0-b557-7a0aedf67876,inchi::VFHSXDLCCBWTTJ-UHFFFAOYSA-N,ready,conflict,398,,decbb35f5a4e95b833716ab7a397a7cfff0f0a18ef5cb7347f6b2d5c2b021161,398,PubChem,2026-05-24T15:06:14.488628+00:00,2026-05-24T15:06:14.488628+00:00,unmapped_plant_reference,member_map_missing_canonical_plant_id,"{""candidate_id"": ""cmpcand_2a528807a2be4a2c"", ""compound_id"": ""1e4cb714-ee5d-5db0-b557-7a0aedf67876"", ""member_count"": 1, ""member_ids_preview"": [""cmpcandm_a368438f1b649005""], ""missing_member_count"": 1, ""raw_plant_ids_preview"": [""398""], ""source_compound_keys_preview"": [""decbb35f5a4e95b833716ab7a397a7cfff0f0a18ef5cb7347f6b2d5c2b021161""]}"
cmprev_b5ab056b4b6234ea,cmpcand_2a9f676d8bf28f06,b783d29e-ba2a-5db6-8f30-0aaddd40c98d,inchi::VOUXFDPQZPGAHS-PDPDJNFXSA-N,ready,conflict,392,,878c6210d613ab7d552b02f8c36cb97006e566de94c7f0ad00de64be98c3ab41,392,PubChem,2026-05-24T15:02:18.932092+00:00,2026-05-24T15:02:18.932092+00:00,unmapped_plant_reference,member_map_missing_canonical_plant_id,"{""candidate_id"": ""cmpcand_2a9f676d8bf28f06"", ""compound_id"": ""b783d29e-ba2a-5db6-8f30-0aaddd40c98d"", ""member_count"": 1, ""member_ids_preview"": [""cmpcandm_74ac09e061a10df7""], ""missing_member_count"": 1, ""raw_plant_ids_preview"": [""392""], ""source_compound_keys_preview"": [""878c6210d613ab7d552b02f8c36cb97006e566de94c7f0ad00de64be98c3ab41""]}"
cmprev_0c18b362a7a58b39,cmpcand_2aa0595edc5687c9,7a2d1192-b2d1-5c67-9934-c5fec576c8c6,inchi::HSSJYSJXBOCKQM-GVTGEURHSA-N,ready,conflict,462,,1b64e9b510bd847f7a2e122274e018f0f4affde6f31d163fd81fab0587e3f3f3,462,ChEMBL,2026-05-24T15:07:03.272385+00:00,2026-05-24T15:07:03.272385+00:00,unmapped_plant_reference,member_map_missing_canonical_plant_id,"{""candidate_id"": ""cmpcand_2aa0595edc5687c9"", ""compound_id"": ""7a2d1192-b2d1-5c67-9934-c5fec576c8c6"", ""member_count"": 1, ""member_ids_preview"": [""cmpcandm_0eb04961489f39d1""], ""missing_member_count"": 1, ""raw_plant_ids_preview"": [""462""], ""source_compound_keys_preview"": [""1b64e9b510bd847f7a2e122274e018f0f4affde6f31d163fd81fab0587e3f3f3""]}"
cmprev_0fd66d38db73c38d,cmpcand_2bde94b96255f291,826cdda5-2057-5171-9f4d-b1bd1dc4e0f8,inchi::YSOBQIMODQOGKQ-HOZAMIDDSA-N,ready,conflict,369,,a98d593215b008c9368824061e8838fbceca112c65cce7394a0d8bb40f819556,369,ChEMBL,2026-05-24T15:03:47.505733+00:00,2026-05-24T15:03:47.505733+00:00,unmapped_plant_reference,member_map_missing_canonical_plant_id,"{""candidate_id"": ""cmpcand_2bde94b96255f291"", ""compound_id"": ""826cdda5-2057-5171-9f4d-b1bd1dc4e0f8"", ""member_count"": 1, ""member_ids_preview"": [""cmpcandm_dce860a68fb27437""], ""missing_member_count"": 1, ""raw_plant_ids_preview"": [""369""], ""source_compound_keys_preview"": [""a98d593215b008c9368824061e8838fbceca112c65cce7394a0d8bb40f819556""]}"
cmprev_48e2665e7be9b248,cmpcand_2c36285446ce0200,30e8e428-d5bd-52cf-b196-19f42c3c8226,inchi::RGXKJLTVROJBKZ-LZNZQLKFSA-N,ready,conflict,522,,8dd346cae63fd44cfa550314de24da5592c4f8e8574e44e769305214a0666aaa,522,ChEMBL,2026-05-24T15:07:48.410711+00:00,2026-05-24T15:07:48.410711+00:00,unmapped_plant_reference,member_map_missing_canonical_plant_id,"{""candidate_id"": ""cmpcand_2c36285446ce0200"", ""compound_id"": ""30e8e428-d5bd-52cf-b196-19f42c3c8226"", ""member_count"": 1, ""member_ids_preview"": [""cmpcandm_1095bea14e6ea1eb""], ""missing_member_count"": 1, ""raw_plant_ids_preview"": [""522""], ""source_compound_keys_preview"": [""8dd346cae63fd44cfa550314de24da5592c4f8e8574e44e769305214a0666aaa""]}"
cmprev_8c85455d4e5fc053,cmpcand_2cc854caf0b5db5d,3ac0af34-7cc4-5add-9feb-858af26b3cea,inchi::KLAOKWJLUQKWIF-UHFFFAOYSA-N,ready,conflict,363,,d1fc172cc8d1be33e224efbf54daacfc9504aebfea977d1fbadd9464896a9108,363,ChEMBL,2026-05-24T15:08:41.039414+00:00,2026-05-24T15:08:41.039414+00:00,unmapped_plant_reference,member_map_missing_canonical_plant_id,"{""candidate_id"": ""cmpcand_2cc854caf0b5db5d"", ""compound_id"": ""3ac0af34-7cc4-5add-9feb-858af26b3cea"", ""member_count"": 1, ""member_ids_preview"": [""cmpcandm_8c2b679d458f9cb3""], ""missing_member_count"": 1, ""raw_plant_ids_preview"": [""363""], ""source_compound_keys_preview"": [""d1fc172cc8d1be33e224efbf54daacfc9504aebfea977d1fbadd9464896a9108""]}"
cmprev_5bb446ee9dbc22df,cmpcand_2cf46f9e2cfdc88e,d91bfbda-4914-5ee0-9229-36c807b2bad8,inchi::SOSLMHZOJATCCP-AEIZVZFYSA-N,ready,conflict,531,,cc8444cd7e8492ac5e2205189f56c34927b2d8f130dfe7317859d023eb5729f6,531,ChEMBL,2026-05-24T15:06:30.974848+00:00,2026-05-24T15:06:30.974848+00:00,unmapped_plant_reference,member_map_missing_canonical_plant_id,"{""candidate_id"": ""cmpcand_2cf46f9e2cfdc88e"", ""compound_id"": ""d91bfbda-4914-5ee0-9229-36c807b2bad8"", ""member_count"": 1, ""member_ids_preview"": [""cmpcandm_730045c470a7b18e""], ""missing_member_count"": 1, ""raw_plant_ids_preview"": [""531""], ""source_compound_keys_preview"": [""cc8444cd7e8492ac5e2205189f56c34927b2d8f130dfe7317859d023eb5729f6""]}"
cmprev_051b70356ca91913,cmpcand_2d2997ee673e7ad9,6d7519e4-6847-52b6-86d9-68d7732c4040,inchi::VAJKIKOYPOZJCO-WNAVDXLDSA-N,ready,conflict,322,,48fee6d7cb1b1e5b6729502bdda117965ac9b534dddc1fe01742220aa201436e,322,PubChem,2026-05-24T15:05:16.853074+00:00,2026-05-24T15:05:16.853074+00:00,unmapped_plant_reference,member_map_missing_canonical_plant_id,"{""candidate_id"": ""cmpcand_2d2997ee673e7ad9"", ""compound_id"": ""6d7519e4-6847-52b6-86d9-68d7732c4040"", ""member_count"": 1, ""member_ids_preview"": [""cmpcandm_40b3c3fd4013d587""], ""missing_member_count"": 1, ""raw_plant_ids_preview"": [""322""], ""source_compound_keys_preview"": [""48fee6d7cb1b1e5b6729502bdda117965ac9b534dddc1fe01742220aa201436e""]}"
cmprev_ae02a0e282191357,cmpcand_2d7a64ab328ce910,e3682f26-0c39-5dbb-b39e-25917bbb61fe,inchi::JMDQOFZFOJHOMU-UJPYTVAASA-N,ready,conflict,107,,cabd52a097e7f32a8956ab7f2691698ec3daa040298abc71632d680164a6e76f,107,ChEMBL,2026-05-24T15:03:08.313453+00:00,2026-05-24T15:03:08.314464+00:00,unmapped_plant_reference,member_map_missing_canonical_plant_id,"{""candidate_id"": ""cmpcand_2d7a64ab328ce910"", ""compound_id"": ""e3682f26-0c39-5dbb-b39e-25917bbb61fe"", ""member_count"": 1, ""member_ids_preview"": [""cmpcandm_5b49e93d51655b33""], ""missing_member_count"": 1, ""raw_plant_ids_preview"": [""107""], ""source_compound_keys_preview"": [""cabd52a097e7f32a8956ab7f2691698ec3daa040298abc71632d680164a6e76f""]}"
cmprev_ce8c16f8cb228e1c,cmpcand_2e075c42acc00625,a66d9607-5768-57ac-9284-5193b0b909ad,inchi::KPHSEIXOJZXLJE-UCWKWJRUSA-N,ready,conflict,347,,239c489a32b85d348eeec27a5528ca5ada78d98946f66a3b6b6479d78d1f6b9c,347,ChEMBL,2026-05-24T15:03:57.174344+00:00,2026-05-24T15:03:57.174344+00:00,unmapped_plant_reference,member_map_missing_canonical_plant_id,"{""candidate_id"": ""cmpcand_2e075c42acc00625"", ""compound_id"": ""a66d9607-5768-57ac-9284-5193b0b909ad"", ""member_count"": 1, ""member_ids_preview"": [""cmpcandm_6e6a8f6b3fc540c4""], ""missing_member_count"": 1, ""raw_plant_ids_preview"": [""347""], ""source_compound_keys_preview"": [""239c489a32b85d348eeec27a5528ca5ada78d98946f66a3b6b6479d78d1f6b9c""]}"
cmprev_d4d11d4e3b8d3c6f,cmpcand_2e1adbd867c995b7,7a1b0a5d-a5da-5729-93ec-05bd6b11dbe2,inchi::WGTRJVCFDUCKCM-FMKGYKFTSA-N,ready,conflict,322,,875340ada5e4a021dbb329519486b6d55349f5c39e446003537c4caa90a6af68,322,PubChem,2026-05-24T15:04:58.420940+00:00,2026-05-24T15:04:58.420940+00:00,unmapped_plant_reference,member_map_missing_canonical_plant_id,"{""candidate_id"": ""cmpcand_2e1adbd867c995b7"", ""compound_id"": ""7a1b0a5d-a5da-5729-93ec-05bd6b11dbe2"", ""member_count"": 1, ""member_ids_preview"": [""cmpcandm_6135ccaefd6d1b1a""], ""missing_member_count"": 1, ""raw_plant_ids_preview"": [""322""], ""source_compound_keys_preview"": [""875340ada5e4a021dbb329519486b6d55349f5c39e446003537c4caa90a6af68""]}"
cmprev_9ceebb2bd547e375,cmpcand_2e70392ac7344192,d1b3a6d1-6a0d-515d-b791-86ecc59a39e1,inchi::PHFUCJXOLZAQNH-OTMOLZNZSA-N,ready,conflict,322,,43c5c431270279f861e02237c4ba2c338dba54c2bfff3458844e32622570d4e1,322,ChEMBL,2026-05-24T15:08:11.783500+00:00,2026-05-24T15:08:11.783500+00:00,unmapped_plant_reference,member_map_missing_canonical_plant_id,"{""candidate_id"": ""cmpcand_2e70392ac7344192"", ""compound_id"": ""d1b3a6d1-6a0d-515d-b791-86ecc59a39e1"", ""member_count"": 1, ""member_ids_preview"": [""cmpcandm_0f197d66f4bed5b3""], ""missing_member_count"": 1, ""raw_plant_ids_preview"": [""322""], ""source_compound_keys_preview"": [""43c5c431270279f861e02237c4ba2c338dba54c2bfff3458844e32622570d4e1""]}"
cmprev_66c02a58703e2b4a,cmpcand_2eb2cf92110b8534,1f349a3a-7f0e-5f35-9a96-21dadffb6e12,inchi::DFCJAHQKYCYICW-UHFFFAOYSA-N,ready,conflict,107,,8701b070ad39737c4e2198f77989dcf70c78a70c34a1f43bcb478c34e59ba0b0,107,PubChem,2026-05-24T15:07:05.687327+00:00,2026-05-24T15:07:05.687327+00:00,unmapped_plant_reference,member_map_missing_canonical_plant_id,"{""candidate_id"": ""cmpcand_2eb2cf92110b8534"", ""compound_id"": ""1f349a3a-7f0e-5f35-9a96-21dadffb6e12"", ""member_count"": 1, ""member_ids_preview"": [""cmpcandm_fdd0fcb41791e5e4""], ""missing_member_count"": 1, ""raw_plant_ids_preview"": [""107""], ""source_compound_keys_preview"": [""8701b070ad39737c4e2198f77989dcf70c78a70c34a1f43bcb478c34e59ba0b0""]}"
cmprev_e96da96f38d9e1f2,cmpcand_2ed27bc201b65cd0,ab29d9ae-f6e6-5ef1-9e45-2ea6a6e276ca,inchi::NUXXPTJGCLKPIG-VDHCZMMKSA-N,ready,matched,341,,e230edc7f016c946407584017b30333c92b3f5e23bc22194328b56656917ea9b,341,PubChem,2026-05-24T15:04:46.273011+00:00,2026-05-24T15:04:46.273011+00:00,unmapped_plant_reference,member_map_missing_canonical_plant_id,"{""candidate_id"": ""cmpcand_2ed27bc201b65cd0"", ""compound_id"": ""ab29d9ae-f6e6-5ef1-9e45-2ea6a6e276ca"", ""member_count"": 1, ""member_ids_preview"": [""cmpcandm_f3b507fe6ce0dc0f""], ""missing_member_count"": 1, ""raw_plant_ids_preview"": [""341""], ""source_compound_keys_preview"": [""e230edc7f016c946407584017b30333c92b3f5e23bc22194328b56656917ea9b""]}"
cmprev_56767a69d594ef93,cmpcand_2ed711dba2cf9585,075d6868-d24c-50a3-bed1-8d2154f54e69,inchi::IKGXIBQEEMLURG-IEBISRBZSA-N,ready,conflict,392,,ed5a1ad1a4baf34a09ee704f5e00988c09ef4428dfcee7fb879fbec342e42783,392,PubChem,2026-05-24T15:06:52.879751+00:00,2026-05-24T15:06:52.879751+00:00,unmapped_plant_reference,member_map_missing_canonical_plant_id,"{""candidate_id"": ""cmpcand_2ed711dba2cf9585"", ""compound_id"": ""075d6868-d24c-50a3-bed1-8d2154f54e69"", ""member_count"": 1, ""member_ids_preview"": [""cmpcandm_914a1cbe04cae0e7""], ""missing_member_count"": 1, ""raw_plant_ids_preview"": [""392""], ""source_compound_keys_preview"": [""ed5a1ad1a4baf34a09ee704f5e00988c09ef4428dfcee7fb879fbec342e42783""]}"
cmprev_ab76965d2327b7a5,cmpcand_2fb47561af737d4c,e05f6639-aad5-5847-91e2-9502114e6c14,inchi::CHZSVNLGISWUMU-ZHPFKJHESA-N,ready,conflict,392,,6e8f06b1b0ddd7502facbbf93c6a6d5dbac4c5ab3a42eb575fddbef1d01014c8,392,ChEMBL,2026-05-24T15:08:51.670657+00:00,2026-05-24T15:08:51.670657+00:00,unmapped_plant_reference,member_map_missing_canonical_plant_id,"{""candidate_id"": ""cmpcand_2fb47561af737d4c"", ""compound_id"": ""e05f6639-aad5-5847-91e2-9502114e6c14"", ""member_count"": 1, ""member_ids_preview"": [""cmpcandm_5385bdc3cb5cb0a4""], ""missing_member_count"": 1, ""raw_plant_ids_preview"": [""392""], ""source_compound_keys_preview"": [""6e8f06b1b0ddd7502facbbf93c6a6d5dbac4c5ab3a42eb575fddbef1d01014c8""]}"
cmprev_e27f531650713867,cmpcand_3054fb7cccddf618,6bbf695e-e729-5010-8eb1-8996bf2f0168,inchi::MTCFGRXMJLQNBG-REOHCLBHSA-N,ready,conflict,155,,e33c99b49205353d7a3196157eef792f4bf623714e90ebf91ea1ef4346b59782,155,ChEMBL,2026-05-24T15:07:12.437275+00:00,2026-05-24T15:07:12.437275+00:00,unmapped_plant_reference,member_map_missing_canonical_plant_id,"{""candidate_id"": ""cmpcand_3054fb7cccddf618"", ""compound_id"": ""6bbf695e-e729-5010-8eb1-8996bf2f0168"", ""member_count"": 1, ""member_ids_preview"": [""cmpcandm_2c5e25fd178a048d""], ""missing_member_count"": 1, ""raw_plant_ids_preview"": [""155""], ""source_compound_keys_preview"": [""e33c99b49205353d7a3196157eef792f4bf623714e90ebf91ea1ef4346b59782""]}"
cmprev_7266a4144a034468,cmpcand_30cd914c77715b95,264bfb83-eee2-5b5a-8f79-99f3f2205e8a,inchi::OUZCFMSJGDEXRT-UHFFFAOYSA-N,ready,conflict,175,,900c69bcbc7d8cc415455c58d759e1ddc4062c1b4f2b2bd7c8bd22efe362fcb4,175,ChEMBL,2026-05-24T15:06:52.224895+00:00,2026-05-24T15:06:52.224895+00:00,unmapped_plant_reference,member_map_missing_canonical_plant_id,"{""candidate_id"": ""cmpcand_30cd914c77715b95"", ""compound_id"": ""264bfb83-eee2-5b5a-8f79-99f3f2205e8a"", ""member_count"": 1, ""member_ids_preview"": [""cmpcandm_119eb1f688181498""], ""missing_member_count"": 1, ""raw_plant_ids_preview"": [""175""], ""source_compound_keys_preview"": [""900c69bcbc7d8cc415455c58d759e1ddc4062c1b4f2b2bd7c8bd22efe362fcb4""]}"
cmprev_9e0d99c2346a3e4a,cmpcand_313f78c467dbe934,086c08a9-df59-55d4-882e-2dca0bf18934,inchi::WJSDHUCWMSHDCR-VMPITWQZSA-N,ready,conflict,120,,180a22292b7825e9a93ad030332046fc11505b8a88d45d0279da61db4f9ca581,120;122,PubChem,2026-05-24T15:02:16.563239+00:00,2026-05-24T15:02:16.563239+00:00,unmapped_plant_reference,member_map_missing_canonical_plant_id,"{""candidate_id"": ""cmpcand_313f78c467dbe934"", ""compound_id"": ""086c08a9-df59-55d4-882e-2dca0bf18934"", ""member_count"": 2, ""member_ids_preview"": [""cmpcandm_353d5d59d6e65b01"", ""cmpcandm_a9fc9e463074e265""], ""missing_member_count"": 2, ""raw_plant_ids_preview"": [""120"", ""122""], ""source_compound_keys_preview"": [""180a22292b7825e9a93ad030332046fc11505b8a88d45d0279da61db4f9ca581"", ""238d388b28d9c94bd4de1ae6c22764b70e2f59abb15b5c45ca5ca83b97ecf328""]}"
cmprev_c9ed7f40bcf26479,cmpcand_314129e4c4ace8cb,9972d52a-48c6-5eeb-8c06-39644e3d8863,inchi::AADVZSXPNRLYLV-GKMXPDSGSA-N,ready,conflict,429,,ec40c4010d569d97c2c98c7243b543d95d4e7dae3cf6aa3c0b26c1c8fbe4dc3f,429,ChEMBL,2026-05-24T15:06:51.940256+00:00,2026-05-24T15:06:51.940256+00:00,unmapped_plant_reference,member_map_missing_canonical_plant_id,"{""candidate_id"": ""cmpcand_314129e4c4ace8cb"", ""compound_id"": ""9972d52a-48c6-5eeb-8c06-39644e3d8863"", ""member_count"": 1, ""member_ids_preview"": [""cmpcandm_fdcce36dd55d0062""], ""missing_member_count"": 1, ""raw_plant_ids_preview"": [""429""], ""source_compound_keys_preview"": [""ec40c4010d569d97c2c98c7243b543d95d4e7dae3cf6aa3c0b26c1c8fbe4dc3f""]}"
cmprev_631cae88fc7fd7c5,cmpcand_3152e70b53b1ddbb,bce37ed5-ea38-563f-a076-fae92c39b6d2,inchi::CUDNUXBRPAPDBJ-UHFFFAOYSA-N,ready,conflict,175,,2d118e6d589efe9bf9bddd15f9ab6d2667a486c49bf3880ce89d631d200a0e50,175,ChEMBL,2026-05-24T15:03:12.832234+00:00,2026-05-24T15:03:12.832234+00:00,unmapped_plant_reference,member_map_missing_canonical_plant_id,"{""candidate_id"": ""cmpcand_3152e70b53b1ddbb"", ""compound_id"": ""bce37ed5-ea38-563f-a076-fae92c39b6d2"", ""member_count"": 1, ""member_ids_preview"": [""cmpcandm_25acd35320fd8b57""], ""missing_member_count"": 1, ""raw_plant_ids_preview"": [""175""], ""source_compound_keys_preview"": [""2d118e6d589efe9bf9bddd15f9ab6d2667a486c49bf3880ce89d631d200a0e50""]}"
cmprev_b25e3b3ab16356b7,cmpcand_31e49c95fc8ca029,e3368739-cce3-53cf-9427-59496463dd83,inchi::NJHJXXLBWQXMRO-CZUORRHYSA-N,ready,conflict,120,,4afa37eb9d32578df32dd335a7f646ca8e05ef0544284489711f4c48dc41e7c2,120,PubChem,2026-05-24T15:08:18.907333+00:00,2026-05-24T15:08:18.907333+00:00,unmapped_plant_reference,member_map_missing_canonical_plant_id,"{""candidate_id"": ""cmpcand_31e49c95fc8ca029"", ""compound_id"": ""e3368739-cce3-53cf-9427-59496463dd83"", ""member_count"": 1, ""member_ids_preview"": [""cmpcandm_f3ebc0bec2020e24""], ""missing_member_count"": 1, ""raw_plant_ids_preview"": [""120""], ""source_compound_keys_preview"": [""4afa37eb9d32578df32dd335a7f646ca8e05ef0544284489711f4c48dc41e7c2""]}"
cmprev_9adf2e312326c6e3,cmpcand_345b150385ef0381,216619a5-c611-55e3-b936-e310ffc3bf3d,inchi::FPNKCZKRICBAKG-UHFFFAOYSA-N,ready,conflict,107,,9db1ee814b68fc4d1385941c32d762b33993965317e5880e9a3ce7b6d8b57cd6,107,ChEMBL,2026-05-24T15:05:56.549611+00:00,2026-05-24T15:05:56.549611+00:00,unmapped_plant_reference,member_map_missing_canonical_plant_id,"{""candidate_id"": ""cmpcand_345b150385ef0381"", ""compound_id"": ""216619a5-c611-55e3-b936-e310ffc3bf3d"", ""member_count"": 1, ""member_ids_preview"": [""cmpcandm_869a0d6478507b3a""], ""missing_member_count"": 1, ""raw_plant_ids_preview"": [""107""], ""source_compound_keys_preview"": [""9db1ee814b68fc4d1385941c32d762b33993965317e5880e9a3ce7b6d8b57cd6""]}"
cmprev_5ee06ed35edd255d,cmpcand_34b35205c26e8848,679acfcd-d946-5bdc-bd92-2748861c1a7e,inchi::CMPNIWQMRYYTMK-UHFFFAOYSA-O,ready,conflict,502,,bac1757873cf5c83fb424a107f5a279a2d0d4214aa5df434bfa19043063240a1,502,PubChem,2026-05-24T15:07:49.665318+00:00,2026-05-24T15:07:49.665318+00:00,unmapped_plant_reference,member_map_missing_canonical_plant_id,"{""candidate_id"": ""cmpcand_34b35205c26e8848"", ""compound_id"": ""679acfcd-d946-5bdc-bd92-2748861c1a7e"", ""member_count"": 1, ""member_ids_preview"": [""cmpcandm_67c30d3e1be78d6f""], ""missing_member_count"": 1, ""raw_plant_ids_preview"": [""502""], ""source_compound_keys_preview"": [""bac1757873cf5c83fb424a107f5a279a2d0d4214aa5df434bfa19043063240a1""]}"
cmprev_5c34423a07ed85e5,cmpcand_3584ce71b90d33a5,5a019f58-5e92-537e-a079-2a72ab538922,inchi::TWFMZBIRBFJUKG-FBAQXWCXSA-N,ready,conflict,120,,90468842c4803b20677305437b3374b351845086e34f990893ec2c58d76731e1,120,PubChem,2026-05-24T15:02:45.507009+00:00,2026-05-24T15:02:45.507009+00:00,unmapped_plant_reference,member_map_missing_canonical_plant_id,"{""candidate_id"": ""cmpcand_3584ce71b90d33a5"", ""compound_id"": ""5a019f58-5e92-537e-a079-2a72ab538922"", ""member_count"": 1, ""member_ids_preview"": [""cmpcandm_9845b6ebe4dcc873""], ""missing_member_count"": 1, ""raw_plant_ids_preview"": [""120""], ""source_compound_keys_preview"": [""90468842c4803b20677305437b3374b351845086e34f990893ec2c58d76731e1""]}"
cmprev_61e37acbc51c4867,cmpcand_3596faa1622cda14,03d0a919-203d-5d70-9c36-e956123e9e00,inchi::LCQKYZXWCLBYHK-WIKKSFEZSA-N,ready,conflict,186,,8eb5c3c1644334e539fe2d2a75a6967bc9b41e4f9b854f095fed1b16992c2a36,186,ChEMBL,2026-05-24T15:08:21.448014+00:00,2026-05-24T15:08:21.448014+00:00,unmapped_plant_reference,member_map_missing_canonical_plant_id,"{""candidate_id"": ""cmpcand_3596faa1622cda14"", ""compound_id"": ""03d0a919-203d-5d70-9c36-e956123e9e00"", ""member_count"": 1, ""member_ids_preview"": [""cmpcandm_331f6c6c598badfe""], ""missing_member_count"": 1, ""raw_plant_ids_preview"": [""186""], ""source_compound_keys_preview"": [""8eb5c3c1644334e539fe2d2a75a6967bc9b41e4f9b854f095fed1b16992c2a36""]}"
cmprev_fe448ddc252ec284,cmpcand_36113a799baf7dd0,3444b256-a63b-5445-91a7-4695f809252e,inchi::RZIGKFTVXWUUCX-UHFFFAOYSA-N,ready,conflict,398,,6ff9483109e152224e1d0bb1840b1fa08ff528a072a91159b6255e99272293a1,398,ChEMBL,2026-05-24T15:07:08.646237+00:00,2026-05-24T15:07:08.646237+00:00,unmapped_plant_reference,member_map_missing_canonical_plant_id,"{""candidate_id"": ""cmpcand_36113a799baf7dd0"", ""compound_id"": ""3444b256-a63b-5445-91a7-4695f809252e"", ""member_count"": 1, ""member_ids_preview"": [""cmpcandm_67afc617cf2816c7""], ""missing_member_count"": 1, ""raw_plant_ids_preview"": [""398""], ""source_compound_keys_preview"": [""6ff9483109e152224e1d0bb1840b1fa08ff528a072a91159b6255e99272293a1""]}"
cmprev_33316648c8da4138,cmpcand_3611760c358e6a44,20c05eff-075f-579b-be8a-24409ec10d50,inchi::CTVAVEOYQKVFFY-DUSGSIEYSA-N,ready,conflict,502,,25754a6d8a3797b1148b11ca27ea3752f266e978696bb1df428c0816e1c8ea3a,502,ChEMBL,2026-05-24T15:08:56.003338+00:00,2026-05-24T15:08:56.003338+00:00,unmapped_plant_reference,member_map_missing_canonical_plant_id,"{""candidate_id"": ""cmpcand_3611760c358e6a44"", ""compound_id"": ""20c05eff-075f-579b-be8a-24409ec10d50"", ""member_count"": 1, ""member_ids_preview"": [""cmpcandm_a867e6f2fef3205a""], ""missing_member_count"": 1, ""raw_plant_ids_preview"": [""502""], ""source_compound_keys_preview"": [""25754a6d8a3797b1148b11ca27ea3752f266e978696bb1df428c0816e1c8ea3a""]}"
cmprev_2a8ef9e4e6fa8dce,cmpcand_37460f55c52ee133,c15548ab-c1fb-521a-ac9d-70032e718bc3,inchi::FELCJAPFJOPHSD-ROUWMTJPSA-N,ready,conflict,322,,f015009f35955eb5aac672ac1b961624f70a16658ba0067cc0cea52a3dd8b945,322,ChEMBL,2026-05-24T15:03:31.011975+00:00,2026-05-24T15:03:31.011975+00:00,unmapped_plant_reference,member_map_missing_canonical_plant_id,"{""candidate_id"": ""cmpcand_37460f55c52ee133"", ""compound_id"": ""c15548ab-c1fb-521a-ac9d-70032e718bc3"", ""member_count"": 1, ""member_ids_preview"": [""cmpcandm_9338ce52d0777b60""], ""missing_member_count"": 1, ""raw_plant_ids_preview"": [""322""], ""source_compound_keys_preview"": [""f015009f35955eb5aac672ac1b961624f70a16658ba0067cc0cea52a3dd8b945""]}"
cmprev_df81b2c27eb03212,cmpcand_3759d59d5c88e956,40640a83-d9d9-57a9-bd70-c8020eabdb42,inchi::PEDCQBHIVMGVHV-UHFFFAOYSA-N,ready,conflict,155,,8fd968526f0b721994be3a90f47ea9a49f52c00f84b40fae59a725e7d3bfd17f,155,ChEMBL,2026-05-24T15:07:13.190092+00:00,2026-05-24T15:07:13.190092+00:00,unmapped_plant_reference,member_map_missing_canonical_plant_id,"{""candidate_id"": ""cmpcand_3759d59d5c88e956"", ""compound_id"": ""40640a83-d9d9-57a9-bd70-c8020eabdb42"", ""member_count"": 1, ""member_ids_preview"": [""cmpcandm_438b2369c05672ec""], ""missing_member_count"": 1, ""raw_plant_ids_preview"": [""155""], ""source_compound_keys_preview"": [""8fd968526f0b721994be3a90f47ea9a49f52c00f84b40fae59a725e7d3bfd17f""]}"
cmprev_83e3fb06e747e0fd,cmpcand_37b90e685ca77241,1f7a8a94-ef9a-59dc-aa59-03498c936893,inchi::OEYQBKYISMRWQB-UHFFFAOYSA-N,ready,conflict,175,,0a2840a3aaecad9b259bca84acb33baa9d79fecd9b796ff5e601316af53db4eb,175,PubChem,2026-05-24T15:06:55.580239+00:00,2026-05-24T15:06:55.580239+00:00,unmapped_plant_reference,member_map_missing_canonical_plant_id,"{""candidate_id"": ""cmpcand_37b90e685ca77241"", ""compound_id"": ""1f7a8a94-ef9a-59dc-aa59-03498c936893"", ""member_count"": 1, ""member_ids_preview"": [""cmpcandm_4c2deb3a2e444cc9""], ""missing_member_count"": 1, ""raw_plant_ids_preview"": [""175""], ""source_compound_keys_preview"": [""0a2840a3aaecad9b259bca84acb33baa9d79fecd9b796ff5e601316af53db4eb""]}"
cmprev_e04f78459e7be00c,cmpcand_385adb0b4596eafc,7327a333-405b-5da9-ba86-1d371a43593f,inchi::KZBAXKKOXPLOBX-UHFFFAOYSA-N,ready,conflict,132,,a44b7ba2f5e903c4a1748a5c58d3c79e60e8672a0ca51aa69bb114b949936cb0,132,PubChem,2026-05-24T15:04:02.359110+00:00,2026-05-24T15:04:02.359110+00:00,unmapped_plant_reference,member_map_missing_canonical_plant_id,"{""candidate_id"": ""cmpcand_385adb0b4596eafc"", ""compound_id"": ""7327a333-405b-5da9-ba86-1d371a43593f"", ""member_count"": 1, ""member_ids_preview"": [""cmpcandm_74345e801c1fc34d""], ""missing_member_count"": 1, ""raw_plant_ids_preview"": [""132""], ""source_compound_keys_preview"": [""a44b7ba2f5e903c4a1748a5c58d3c79e60e8672a0ca51aa69bb114b949936cb0""]}"
cmprev_cc11801a7fe457bb,cmpcand_3867e6abaf7bdfe1,4548dea8-1da1-5078-8ed9-b1ee21251058,inchi::UNYNVICDCJHOPO-UHFFFAOYSA-N,ready,conflict,139,,63e50e84a74867d61740a24d977aba65c32def5b19d08c61f73422e86caebbb5,139,ChEMBL,2026-05-24T15:05:30.613165+00:00,2026-05-24T15:05:30.613165+00:00,unmapped_plant_reference,member_map_missing_canonical_plant_id,"{""candidate_id"": ""cmpcand_3867e6abaf7bdfe1"", ""compound_id"": ""4548dea8-1da1-5078-8ed9-b1ee21251058"", ""member_count"": 1, ""member_ids_preview"": [""cmpcandm_a1b46d832ad835a3""], ""missing_member_count"": 1, ""raw_plant_ids_preview"": [""139""], ""source_compound_keys_preview"": [""63e50e84a74867d61740a24d977aba65c32def5b19d08c61f73422e86caebbb5""]}"
cmprev_4999b010383dbad7,cmpcand_388b156182dcf1f1,8b4899fc-6513-5575-ad48-616486375740,inchi::KSHYQYHHIKNYAY-PNAXYBNRSA-N,ready,matched,381,,b3d8b4ea61ea56a307866e0e3c3e9ee781414088cd78ba750760323c9c6c6ab5,381,PubChem,2026-05-24T15:03:30.239385+00:00,2026-05-24T15:03:30.239385+00:00,unmapped_plant_reference,member_map_missing_canonical_plant_id,"{""candidate_id"": ""cmpcand_388b156182dcf1f1"", ""compound_id"": ""8b4899fc-6513-5575-ad48-616486375740"", ""member_count"": 1, ""member_ids_preview"": [""cmpcandm_cd9b2fe5a8d66b1d""], ""missing_member_count"": 1, ""raw_plant_ids_preview"": [""381""], ""source_compound_keys_preview"": [""b3d8b4ea61ea56a307866e0e3c3e9ee781414088cd78ba750760323c9c6c6ab5""]}"
cmprev_54e09deae87fc2f4,cmpcand_38d56043037f722a,1745cc25-306d-52d1-97f5-7e499847dd11,inchi::LHGVFZTZFXWLCP-UHFFFAOYSA-N,ready,conflict,139,,919aa76cfbec7a6c67a8d2c5078e59027c8ecfaabdf680f855feb7ae2298d823,139,ChEMBL,2026-05-24T15:08:57.837932+00:00,2026-05-24T15:08:57.837932+00:00,unmapped_plant_reference,member_map_missing_canonical_plant_id,"{""candidate_id"": ""cmpcand_38d56043037f722a"", ""compound_id"": ""1745cc25-306d-52d1-97f5-7e499847dd11"", ""member_count"": 1, ""member_ids_preview"": [""cmpcandm_80036dac51bfc37f""], ""missing_member_count"": 1, ""raw_plant_ids_preview"": [""139""], ""source_compound_keys_preview"": [""919aa76cfbec7a6c67a8d2c5078e59027c8ecfaabdf680f855feb7ae2298d823""]}"
cmprev_fc744d466a89a596,cmpcand_3950a73aa51c1f40,c65e2d4e-007c-58dc-96eb-93e12dd470b0,inchi::SKLKAEFXBVWMJP-ZHVGPZTNSA-N,ready,matched,341,,e083f4e1c51fc365274fa33e342cd100cb16366d73926ee4c84b155e8b2db083,341,PubChem,2026-05-24T15:06:04.968194+00:00,2026-05-24T15:06:04.969681+00:00,unmapped_plant_reference,member_map_missing_canonical_plant_id,"{""candidate_id"": ""cmpcand_3950a73aa51c1f40"", ""compound_id"": ""c65e2d4e-007c-58dc-96eb-93e12dd470b0"", ""member_count"": 1, ""member_ids_preview"": [""cmpcandm_7b215f8dac4366e2""], ""missing_member_count"": 1, ""raw_plant_ids_preview"": [""341""], ""source_compound_keys_preview"": [""e083f4e1c51fc365274fa33e342cd100cb16366d73926ee4c84b155e8b2db083""]}"
cmprev_dab4c1a817b870b3,cmpcand_397c51e5c69cf471,e818e2d8-6993-518d-8895-75994fc6c264,inchi::IQPNAANSBPBGFQ-UHFFFAOYSA-N,ready,conflict,341,,44342487bbeb114837aa99d48a6a8be3b62d9b7fd0c3669500c364e0dd70c9f9,341,ChEMBL,2026-05-24T15:06:35.594437+00:00,2026-05-24T15:06:35.594437+00:00,unmapped_plant_reference,member_map_missing_canonical_plant_id,"{""candidate_id"": ""cmpcand_397c51e5c69cf471"", ""compound_id"": ""e818e2d8-6993-518d-8895-75994fc6c264"", ""member_count"": 1, ""member_ids_preview"": [""cmpcandm_27db65d7b9afba42""], ""missing_member_count"": 1, ""raw_plant_ids_preview"": [""341""], ""source_compound_keys_preview"": [""44342487bbeb114837aa99d48a6a8be3b62d9b7fd0c3669500c364e0dd70c9f9""]}"
cmprev_c213e085fa2b9dbd,cmpcand_39fd2e3045085d60,4bcc5c1c-ed5e-547a-8586-77a8f9a55796,inchi::JKQCGVABHHQYKQ-YZVDRFENSA-N,ready,conflict,420,,47a68c580739fba1a24638b8dc3cf41f0a2ab2151f1ff794251032214b58bd78,420,PubChem,2026-05-24T15:08:32.049105+00:00,2026-05-24T15:08:32.049105+00:00,unmapped_plant_reference,member_map_missing_canonical_plant_id,"{""candidate_id"": ""cmpcand_39fd2e3045085d60"", ""compound_id"": ""4bcc5c1c-ed5e-547a-8586-77a8f9a55796"", ""member_count"": 1, ""member_ids_preview"": [""cmpcandm_082c1455116b6022""], ""missing_member_count"": 1, ""raw_plant_ids_preview"": [""420""], ""source_compound_keys_preview"": [""47a68c580739fba1a24638b8dc3cf41f0a2ab2151f1ff794251032214b58bd78""]}"
cmprev_710264bcd51d2bf2,cmpcand_3a3591c936e6029c,9a6bd5c8-2dc0-5cd1-9e79-7b86d29d946a,inchi::QSJXEFYPDANLFS-UHFFFAOYSA-N,ready,conflict,139,,11837f16b785fcba094144da21e2a19d44a9a3ec725048fd58177b99dff69329,139,ChEMBL,2026-05-24T15:06:15.728053+00:00,2026-05-24T15:06:15.728053+00:00,unmapped_plant_reference,member_map_missing_canonical_plant_id,"{""candidate_id"": ""cmpcand_3a3591c936e6029c"", ""compound_id"": ""9a6bd5c8-2dc0-5cd1-9e79-7b86d29d946a"", ""member_count"": 1, ""member_ids_preview"": [""cmpcandm_0ffa7b3a26be6c8d""], ""missing_member_count"": 1, ""raw_plant_ids_preview"": [""139""], ""source_compound_keys_preview"": [""11837f16b785fcba094144da21e2a19d44a9a3ec725048fd58177b99dff69329""]}"
cmprev_9eecf8870f063431,cmpcand_3a571c35ef269758,27c93120-c28a-5967-a8d3-10194ec1ac0e,inchi::LIGPZBKBGCJTGC-VSDDQSBZSA-N,ready,conflict,120,,b0ff800c11a05518e1fc8a4e81edc6db4a2af3c9da9f5c8324eae2ddfdb4a549,120,PubChem,2026-05-24T15:08:10.990871+00:00,2026-05-24T15:08:10.990871+00:00,unmapped_plant_reference,member_map_missing_canonical_plant_id,"{""candidate_id"": ""cmpcand_3a571c35ef269758"", ""compound_id"": ""27c93120-c28a-5967-a8d3-10194ec1ac0e"", ""member_count"": 1, ""member_ids_preview"": [""cmpcandm_144a7dede3d1ff5f""], ""missing_member_count"": 1, ""raw_plant_ids_preview"": [""120""], ""source_compound_keys_preview"": [""b0ff800c11a05518e1fc8a4e81edc6db4a2af3c9da9f5c8324eae2ddfdb4a549""]}"
cmprev_c5de590ac0a0bb25,cmpcand_3af3c20b71d6c8b5,8439f752-0071-5174-b07e-9302ff576bdf,inchi::CKOYRRWBOKMNRG-UHFFFAOYSA-N,ready,conflict,139,,4583c49c8bd0ab9b5d86ec56ebb3e30963e80b0945e93f07fdacb27c9e0ec89d,139,PubChem,2026-05-24T15:07:36.832434+00:00,2026-05-24T15:07:36.832434+00:00,unmapped_plant_reference,member_map_missing_canonical_plant_id,"{""candidate_id"": ""cmpcand_3af3c20b71d6c8b5"", ""compound_id"": ""8439f752-0071-5174-b07e-9302ff576bdf"", ""member_count"": 1, ""member_ids_preview"": [""cmpcandm_ec4276fa12396ba9""], ""missing_member_count"": 1, ""raw_plant_ids_preview"": [""139""], ""source_compound_keys_preview"": [""4583c49c8bd0ab9b5d86ec56ebb3e30963e80b0945e93f07fdacb27c9e0ec89d""]}"
cmprev_dd6bfddb5bada3c7,cmpcand_3b6fe7c2ed2950d3,0661fc38-5cbf-5f23-9600-4d42d5fccfab,inchi::CKGKQISENBKOCA-FHXQZXMCSA-N,ready,conflict,120,,92efacd48815e9e46e48154cc13a6a342f10184edd38241ea362b591b7208402,120,ChEMBL,2026-05-24T15:08:50.338066+00:00,2026-05-24T15:08:50.338066+00:00,unmapped_plant_reference,member_map_missing_canonical_plant_id,"{""candidate_id"": ""cmpcand_3b6fe7c2ed2950d3"", ""compound_id"": ""0661fc38-5cbf-5f23-9600-4d42d5fccfab"", ""member_count"": 1, ""member_ids_preview"": [""cmpcandm_c7877b6082509e2c""], ""missing_member_count"": 1, ""raw_plant_ids_preview"": [""120""], ""source_compound_keys_preview"": [""92efacd48815e9e46e48154cc13a6a342f10184edd38241ea362b591b7208402""]}"
cmprev_f27bcadcce2c767c,cmpcand_3b8a5f88cb20027e,9d7bc6cd-9e69-586a-9bed-4030e9494e5b,inchi::VAJKIKOYPOZJCO-PTMAZNHLSA-N,ready,conflict,322,,58e74340308fee71ee8fd6de341889c736ff6cbd1456ce19846ef0bc1b3a41fb,322,PubChem,2026-05-24T15:05:16.915739+00:00,2026-05-24T15:05:16.915739+00:00,unmapped_plant_reference,member_map_missing_canonical_plant_id,"{""candidate_id"": ""cmpcand_3b8a5f88cb20027e"", ""compound_id"": ""9d7bc6cd-9e69-586a-9bed-4030e9494e5b"", ""member_count"": 1, ""member_ids_preview"": [""cmpcandm_b12ee7b0bbc07add""], ""missing_member_count"": 1, ""raw_plant_ids_preview"": [""322""], ""source_compound_keys_preview"": [""58e74340308fee71ee8fd6de341889c736ff6cbd1456ce19846ef0bc1b3a41fb""]}"
cmprev_cdf501a9dfeea61a,cmpcand_3c732c6ac29b962a,4486664e-ee8a-51ae-b57e-3a8f823b7e49,inchi::KMAKOBLIOCQGJP-UHFFFAOYSA-N,ready,conflict,420,,15565be673cb2e4f35510ff6eb0c5e61213529189f0f5d31eb4d61e5fa54d08a,420,ChEMBL,2026-05-24T15:08:20.874240+00:00,2026-05-24T15:08:20.874240+00:00,unmapped_plant_reference,member_map_missing_canonical_plant_id,"{""candidate_id"": ""cmpcand_3c732c6ac29b962a"", ""compound_id"": ""4486664e-ee8a-51ae-b57e-3a8f823b7e49"", ""member_count"": 1, ""member_ids_preview"": [""cmpcandm_b5e8a9634fab5817""], ""missing_member_count"": 1, ""raw_plant_ids_preview"": [""420""], ""source_compound_keys_preview"": [""15565be673cb2e4f35510ff6eb0c5e61213529189f0f5d31eb4d61e5fa54d08a""]}"
cmprev_c98dd6fd768e6c7c,cmpcand_3c7396480e58af01,b8996f29-57a5-5410-9062-a14af878bf2e,inchi::YXFVVABEGXRONW-UHFFFAOYSA-N,ready,conflict,139,,9b1dd86d1b37977faa96df6c82c2df99561f9b0bddd8c302e566b198a0a3b5b1,139,ChEMBL,2026-05-24T15:02:35.033503+00:00,2026-05-24T15:02:35.033503+00:00,unmapped_plant_reference,member_map_missing_canonical_plant_id,"{""candidate_id"": ""cmpcand_3c7396480e58af01"", ""compound_id"": ""b8996f29-57a5-5410-9062-a14af878bf2e"", ""member_count"": 1, ""member_ids_preview"": [""cmpcandm_3583d153100b99b6""], ""missing_member_count"": 1, ""raw_plant_ids_preview"": [""139""], ""source_compound_keys_preview"": [""9b1dd86d1b37977faa96df6c82c2df99561f9b0bddd8c302e566b198a0a3b5b1""]}"
cmprev_d55701dc027ff868,cmpcand_3c8d6ca470d49457,0b65ffdc-3796-526e-9493-fec5de7c18e4,inchi::NZQNGCULBWTLGQ-UHFFFAOYSA-N,ready,conflict,341,,5af61e392e056fad0b53b3d61849f7a11054f5c09537fc70467b30a61b2ed145,341,PubChem,2026-05-24T15:03:54.557725+00:00,2026-05-24T15:03:54.557725+00:00,unmapped_plant_reference,member_map_missing_canonical_plant_id,"{""candidate_id"": ""cmpcand_3c8d6ca470d49457"", ""compound_id"": ""0b65ffdc-3796-526e-9493-fec5de7c18e4"", ""member_count"": 1, ""member_ids_preview"": [""cmpcandm_8826376a0411838d""], ""missing_member_count"": 1, ""raw_plant_ids_preview"": [""341""], ""source_compound_keys_preview"": [""5af61e392e056fad0b53b3d61849f7a11054f5c09537fc70467b30a61b2ed145""]}"
cmprev_5cb0c6dd070d486b,cmpcand_3ceb58412e73399c,e8872b01-8413-5f29-88a2-0b2f12ed19f2,inchi::SCZVLDHREVKTSH-UHFFFAOYSA-N,ready,conflict,100,,144e62223527b02d0de939293e984e87be551fb61ca45634e4e416fecdafb39c,100,ChEMBL,2026-05-24T15:06:35.530149+00:00,2026-05-24T15:06:35.530149+00:00,unmapped_plant_reference,member_map_missing_canonical_plant_id,"{""candidate_id"": ""cmpcand_3ceb58412e73399c"", ""compound_id"": ""e8872b01-8413-5f29-88a2-0b2f12ed19f2"", ""member_count"": 1, ""member_ids_preview"": [""cmpcandm_07ae0893468a6a7f""], ""missing_member_count"": 1, ""raw_plant_ids_preview"": [""100""], ""source_compound_keys_preview"": [""144e62223527b02d0de939293e984e87be551fb61ca45634e4e416fecdafb39c""]}"
cmprev_a93e8f355f6c1123,cmpcand_3d00617e4e0ff972,70dffd89-fc57-55ec-9cd3-f215e6d7f2b6,inchi::CLHWPQYIZAZQJJ-UHFFFAOYSA-N,ready,conflict,52,,6ed41d9cbdc85cdc279ec5d476e02b4e129e8f8c90c07ae4df6a638dda9aba23,52,ChEMBL,2026-05-24T15:04:49.835929+00:00,2026-05-24T15:04:49.835929+00:00,unmapped_plant_reference,member_map_missing_canonical_plant_id,"{""candidate_id"": ""cmpcand_3d00617e4e0ff972"", ""compound_id"": ""70dffd89-fc57-55ec-9cd3-f215e6d7f2b6"", ""member_count"": 1, ""member_ids_preview"": [""cmpcandm_50921107f105ae16""], ""missing_member_count"": 1, ""raw_plant_ids_preview"": [""52""], ""source_compound_keys_preview"": [""6ed41d9cbdc85cdc279ec5d476e02b4e129e8f8c90c07ae4df6a638dda9aba23""]}"
cmprev_0741840d110530e7,cmpcand_3d0804930d7cd71f,d32030b9-82d9-58e7-83a3-c0fa8a2bd984,inchi::TUFYVOCKVJOUIR-UHFFFAOYSA-N,ready,conflict,290,,4b244d6b791242a9672c2adcfd193048aa1047dea8aef6f35fb398cf3da1be47,290,PubChem,2026-05-24T15:04:40.844874+00:00,2026-05-24T15:04:40.844874+00:00,unmapped_plant_reference,member_map_missing_canonical_plant_id,"{""candidate_id"": ""cmpcand_3d0804930d7cd71f"", ""compound_id"": ""d32030b9-82d9-58e7-83a3-c0fa8a2bd984"", ""member_count"": 1, ""member_ids_preview"": [""cmpcandm_70aab8fc46cebba4""], ""missing_member_count"": 1, ""raw_plant_ids_preview"": [""290""], ""source_compound_keys_preview"": [""4b244d6b791242a9672c2adcfd193048aa1047dea8aef6f35fb398cf3da1be47""]}"
cmprev_0416068637e29e29,cmpcand_3d2cb0409a9e6e4a,d8625d2a-70e3-54e6-85ca-792acdd7009f,inchi::VXPLJQARFKUEJA-UHFFFAOYSA-N,ready,conflict,490,,f6700182f315c1df738655bd338d76e102269e6446017540c4f7ea17d9098a3b,490,ChEMBL,2026-05-24T15:03:47.965997+00:00,2026-05-24T15:03:47.965997+00:00,unmapped_plant_reference,member_map_missing_canonical_plant_id,"{""candidate_id"": ""cmpcand_3d2cb0409a9e6e4a"", ""compound_id"": ""d8625d2a-70e3-54e6-85ca-792acdd7009f"", ""member_count"": 1, ""member_ids_preview"": [""cmpcandm_83c2c1f57f5d316b""], ""missing_member_count"": 1, ""raw_plant_ids_preview"": [""490""], ""source_compound_keys_preview"": [""f6700182f315c1df738655bd338d76e102269e6446017540c4f7ea17d9098a3b""]}"
cmprev_d373d79ad6e90a72,cmpcand_3d3217c1b62aef8b,703f76b7-334a-515f-abc5-2951bdd49e41,inchi::CZORZRCLOSCIDS-UHFFFAOYSA-N,ready,conflict,429,,73e27231f1e51020d8452820f7d59465ef738790d50a304c82214707366f9ca8,429,ChEMBL,2026-05-24T15:02:36.181876+00:00,2026-05-24T15:02:36.181876+00:00,unmapped_plant_reference,member_map_missing_canonical_plant_id,"{""candidate_id"": ""cmpcand_3d3217c1b62aef8b"", ""compound_id"": ""703f76b7-334a-515f-abc5-2951bdd49e41"", ""member_count"": 1, ""member_ids_preview"": [""cmpcandm_1db6f1d191d9f0b0""], ""missing_member_count"": 1, ""raw_plant_ids_preview"": [""429""], ""source_compound_keys_preview"": [""73e27231f1e51020d8452820f7d59465ef738790d50a304c82214707366f9ca8""]}"
cmprev_0d4516c6055a9592,cmpcand_3df9d741b9f59c66,4849f7f6-d15a-5ea6-b2b8-2783a20dee58,inchi::UXYYOHOTPOQJPD-OEPOZYLCSA-N,ready,conflict,531,,6abca9b24f012852aa24c0b67f46bfd60a23619749afcf5ec8feafa231d271ea,531,ChEMBL,2026-05-24T15:08:43.815118+00:00,2026-05-24T15:08:43.815118+00:00,unmapped_plant_reference,member_map_missing_canonical_plant_id,"{""candidate_id"": ""cmpcand_3df9d741b9f59c66"", ""compound_id"": ""4849f7f6-d15a-5ea6-b2b8-2783a20dee58"", ""member_count"": 1, ""member_ids_preview"": [""cmpcandm_74efb04ea1bdf1c5""], ""missing_member_count"": 1, ""raw_plant_ids_preview"": [""531""], ""source_compound_keys_preview"": [""6abca9b24f012852aa24c0b67f46bfd60a23619749afcf5ec8feafa231d271ea""]}"
cmprev_5199e7bc821196b7,cmpcand_3eecabd0314743e1,b2902e75-8ae4-5cc9-842c-fa8782aedb9a,inchi::CZMRCDWAGMRECN-UGDNZRGBSA-N,ready,conflict,155,,b89823b9cbe22c4cd80caef317b27361815a54b5031597c36386a45d997066ff,155,ChEMBL,2026-05-24T15:07:16.407372+00:00,2026-05-24T15:07:16.407372+00:00,unmapped_plant_reference,member_map_missing_canonical_plant_id,"{""candidate_id"": ""cmpcand_3eecabd0314743e1"", ""compound_id"": ""b2902e75-8ae4-5cc9-842c-fa8782aedb9a"", ""member_count"": 1, ""member_ids_preview"": [""cmpcandm_e2befe0500addde0""], ""missing_member_count"": 1, ""raw_plant_ids_preview"": [""155""], ""source_compound_keys_preview"": [""b89823b9cbe22c4cd80caef317b27361815a54b5031597c36386a45d997066ff""]}"
cmprev_d2fb74a366c84972,cmpcand_3f87e8a20832d275,2b747da0-47cf-5c9b-a7ca-3c9d908585f7,inchi::YSKVBPGQYRAUQO-NEWNUQLJSA-N,ready,conflict,139,,23caaa8b7bc13d16cf27161a836f3fd91bc1a12af786678f6f02f434e856b7d3,139,PubChem,2026-05-24T15:07:57.064511+00:00,2026-05-24T15:07:57.064511+00:00,unmapped_plant_reference,member_map_missing_canonical_plant_id,"{""candidate_id"": ""cmpcand_3f87e8a20832d275"", ""compound_id"": ""2b747da0-47cf-5c9b-a7ca-3c9d908585f7"", ""member_count"": 1, ""member_ids_preview"": [""cmpcandm_ef14fb6140b2b6ac""], ""missing_member_count"": 1, ""raw_plant_ids_preview"": [""139""], ""source_compound_keys_preview"": [""23caaa8b7bc13d16cf27161a836f3fd91bc1a12af786678f6f02f434e856b7d3""]}"
cmprev_1e7b0ed97f74d264,cmpcand_3faa0199f0ad7f9a,cde9860a-8944-5abe-8907-373fa6cd3b24,inchi::FOBLFFYOXRPILL-XLRHFTKKSA-N,ready,conflict,392,,d3087087cf7acde258e1661970a9c015ef81933f1f4ad8c0e6a9bee3b2f7a474,392,PubChem,2026-05-24T15:03:55.072695+00:00,2026-05-24T15:03:55.072695+00:00,unmapped_plant_reference,member_map_missing_canonical_plant_id,"{""candidate_id"": ""cmpcand_3faa0199f0ad7f9a"", ""compound_id"": ""cde9860a-8944-5abe-8907-373fa6cd3b24"", ""member_count"": 1, ""member_ids_preview"": [""cmpcandm_1a0d5bd48bf29e87""], ""missing_member_count"": 1, ""raw_plant_ids_preview"": [""392""], ""source_compound_keys_preview"": [""d3087087cf7acde258e1661970a9c015ef81933f1f4ad8c0e6a9bee3b2f7a474""]}"
cmprev_0ee7a40e75834ad0,cmpcand_3fec3d58f2be925d,612bddea-6604-5f9e-b63a-645fb5f91637,inchi::KJPRLNWUNMBNBZ-QPJJXVBHSA-N,ready,conflict,122,,cc73f8347153b514665a6ef2d5091be21d9e08a057b58c0c6f92268378ca9c3b,122;120,ChEMBL,2026-05-24T15:02:22.034428+00:00,2026-05-24T15:02:22.034428+00:00,unmapped_plant_reference,member_map_missing_canonical_plant_id,"{""candidate_id"": ""cmpcand_3fec3d58f2be925d"", ""compound_id"": ""612bddea-6604-5f9e-b63a-645fb5f91637"", ""member_count"": 3, ""member_ids_preview"": [""cmpcandm_5d29ac1eced8382d"", ""cmpcandm_b3de64cf0e73b467"", ""cmpcandm_364af15fa08d5884""], ""missing_member_count"": 3, ""raw_plant_ids_preview"": [""122"", ""120""], ""source_compound_keys_preview"": [""cc73f8347153b514665a6ef2d5091be21d9e08a057b58c0c6f92268378ca9c3b"", ""ebce5cbb18ed9ed52e695a54297e6a0e2c0c0acee628437824b2ba1de6173492"", ""35581e1f33be8fcde7f6418359082ddb3047513799a004d0d6366950181bfb4a""]}"
cmprev_2f74bfcac33abae2,cmpcand_4149d6146a22d02d,e8409874-9e81-5620-a1a8-d656a1048a8c,inchi::WTDHMFBJQJSTMH-UHFFFAOYSA-N,ready,conflict,290,,9a4d93b8190846d902fc19958243883f61a9b0aa605cdd421b1e6ee575a7a03d,290,ChEMBL,2026-05-24T15:04:38.285125+00:00,2026-05-24T15:04:38.285125+00:00,unmapped_plant_reference,member_map_missing_canonical_plant_id,"{""candidate_id"": ""cmpcand_4149d6146a22d02d"", ""compound_id"": ""e8409874-9e81-5620-a1a8-d656a1048a8c"", ""member_count"": 1, ""member_ids_preview"": [""cmpcandm_0ba172015e197909""], ""missing_member_count"": 1, ""raw_plant_ids_preview"": [""290""], ""source_compound_keys_preview"": [""9a4d93b8190846d902fc19958243883f61a9b0aa605cdd421b1e6ee575a7a03d""]}"
cmprev_d2a1e15a248af68c,cmpcand_41634f19d2dd0fec,0dfc16a4-18a6-52a1-a989-9f881c5a3d40,inchi::RRKTZKIUPZVBMF-IBTVXLQLSA-N,ready,conflict,479,,6dbb35abddb9c22fdf1a5aa8ca108488248b6942b911a9d710c50258fa50e2f5,479,ChEMBL,2026-05-24T15:05:57.513021+00:00,2026-05-24T15:05:57.513021+00:00,unmapped_plant_reference,member_map_missing_canonical_plant_id,"{""candidate_id"": ""cmpcand_41634f19d2dd0fec"", ""compound_id"": ""0dfc16a4-18a6-52a1-a989-9f881c5a3d40"", ""member_count"": 1, ""member_ids_preview"": [""cmpcandm_48a530e46bc6d2ea""], ""missing_member_count"": 1, ""raw_plant_ids_preview"": [""479""], ""source_compound_keys_preview"": [""6dbb35abddb9c22fdf1a5aa8ca108488248b6942b911a9d710c50258fa50e2f5""]}"
cmprev_f406f3ea68ddf73d,cmpcand_417665f8df6ccb9e,a8682a62-64c5-56cb-a366-148a61e27d57,inchi::ZYRBXTNFHYZHSK-UHFFFAOYSA-N,ready,conflict,213,,c3bbaa264c023ab66f6f90ebe9ac6d0eacfb7aaf0f9aa76f9bfbbc659e92aeca,213,PubChem,2026-05-24T15:06:29.731187+00:00,2026-05-24T15:06:29.731187+00:00,unmapped_plant_reference,member_map_missing_canonical_plant_id,"{""candidate_id"": ""cmpcand_417665f8df6ccb9e"", ""compound_id"": ""a8682a62-64c5-56cb-a366-148a61e27d57"", ""member_count"": 1, ""member_ids_preview"": [""cmpcandm_453f348501190d2e""], ""missing_member_count"": 1, ""raw_plant_ids_preview"": [""213""], ""source_compound_keys_preview"": [""c3bbaa264c023ab66f6f90ebe9ac6d0eacfb7aaf0f9aa76f9bfbbc659e92aeca""]}"
cmprev_38a2d96ffef9fb13,cmpcand_41d0d32fa4558b84,3bb1b34c-1f17-5230-8075-4e737aa64daa,inchi::NFDDCRIHMZGWBP-UHFFFAOYSA-N,ready,conflict,178,,73a1975a90c8550da8c296435deca2628f7d2b3f0c23db3bf69c5337c1558618,178,ChEMBL,2026-05-24T15:04:45.545351+00:00,2026-05-24T15:04:45.545351+00:00,unmapped_plant_reference,member_map_missing_canonical_plant_id,"{""candidate_id"": ""cmpcand_41d0d32fa4558b84"", ""compound_id"": ""3bb1b34c-1f17-5230-8075-4e737aa64daa"", ""member_count"": 1, ""member_ids_preview"": [""cmpcandm_255d94d7ba7aaf71""], ""missing_member_count"": 1, ""raw_plant_ids_preview"": [""178""], ""source_compound_keys_preview"": [""73a1975a90c8550da8c296435deca2628f7d2b3f0c23db3bf69c5337c1558618""]}"
cmprev_50ed6ce3a9444689,cmpcand_434b8d7025bc1bc8,c621fc0a-9d93-567a-9dbf-cc61843527fc,inchi::DCYOADKBABEMIQ-OWMUPTOHSA-N,ready,conflict,82,,323d6dd9961c4cb98069f0b6388d8ab7eaf70abd9387922cab4abd2ff405f384,82,ChEMBL,2026-05-24T15:04:26.468092+00:00,2026-05-24T15:04:26.468092+00:00,unmapped_plant_reference,member_map_missing_canonical_plant_id,"{""candidate_id"": ""cmpcand_434b8d7025bc1bc8"", ""compound_id"": ""c621fc0a-9d93-567a-9dbf-cc61843527fc"", ""member_count"": 1, ""member_ids_preview"": [""cmpcandm_837b43e76d80e095""], ""missing_member_count"": 1, ""raw_plant_ids_preview"": [""82""], ""source_compound_keys_preview"": [""323d6dd9961c4cb98069f0b6388d8ab7eaf70abd9387922cab4abd2ff405f384""]}"
cmprev_3ffb1d1237d31be2,cmpcand_436a3687f0fb22a7,1f5793be-18a6-50cb-ad80-261005b7ae70,inchi::AXVGKUKJECSDCD-WRSGZQNXSA-N,ready,conflict,392,,80bec73b51b6ca58d4e07caa71915db47eeb712976d750d54e24e273a0ca73d5,392,ChEMBL,2026-05-24T15:09:09.933593+00:00,2026-05-24T15:09:09.933593+00:00,unmapped_plant_reference,member_map_missing_canonical_plant_id,"{""candidate_id"": ""cmpcand_436a3687f0fb22a7"", ""compound_id"": ""1f5793be-18a6-50cb-ad80-261005b7ae70"", ""member_count"": 1, ""member_ids_preview"": [""cmpcandm_891ce9a2b7661373""], ""missing_member_count"": 1, ""raw_plant_ids_preview"": [""392""], ""source_compound_keys_preview"": [""80bec73b51b6ca58d4e07caa71915db47eeb712976d750d54e24e273a0ca73d5""]}"
cmprev_e3e4e9297e510215,cmpcand_436e2b53f7742263,8d134a83-28fe-5df2-83ba-1351ab7b8bb7,inchi::JCGHAEBIBSEQAD-WZASNERQSA-N,ready,conflict,213,,59b6cb6ccffd5e1d1743d74275ded330a451a6a33178a45f0c42a8e7451beeb3,213,ChEMBL,2026-05-24T15:08:30.795392+00:00,2026-05-24T15:08:30.795392+00:00,unmapped_plant_reference,member_map_missing_canonical_plant_id,"{""candidate_id"": ""cmpcand_436e2b53f7742263"", ""compound_id"": ""8d134a83-28fe-5df2-83ba-1351ab7b8bb7"", ""member_count"": 1, ""member_ids_preview"": [""cmpcandm_fb1b7a82e8af765d""], ""missing_member_count"": 1, ""raw_plant_ids_preview"": [""213""], ""source_compound_keys_preview"": [""59b6cb6ccffd5e1d1743d74275ded330a451a6a33178a45f0c42a8e7451beeb3""]}"
cmprev_24cb6b3284376850,cmpcand_43d5f1ba03087914,e10df553-79f8-5dd9-a46d-8453f934a789,inchi::JZVFJDZBLUFKCA-FXIAWGAOSA-N,ready,conflict,313,,ed4a64c70b02e7d4a1acb4fe81f03013a49b381edf80ceab7f64d176c9df024c,313;133,ChEMBL,2026-05-24T15:06:30.146984+00:00,2026-05-24T15:06:30.148118+00:00,unmapped_plant_reference,member_map_missing_canonical_plant_id,"{""candidate_id"": ""cmpcand_43d5f1ba03087914"", ""compound_id"": ""e10df553-79f8-5dd9-a46d-8453f934a789"", ""member_count"": 2, ""member_ids_preview"": [""cmpcandm_0f8709e8d2e4d580"", ""cmpcandm_6521662b18964259""], ""missing_member_count"": 2, ""raw_plant_ids_preview"": [""313"", ""133""], ""source_compound_keys_preview"": [""ed4a64c70b02e7d4a1acb4fe81f03013a49b381edf80ceab7f64d176c9df024c"", ""9239a11d32bde28faffd61434cd05ed879d732598787372f51d9198d66d04796""]}"
cmprev_0dde61151fed8721,cmpcand_44374a9642a3d6b6,cff2a57d-11cc-558a-af17-1eeaba0d134d,inchi::CJDRUOGAGYHKKD-OVXZWHIBSA-N,ready,conflict,429,,2222d41ef081b18e5f9e42c8cfcf4e9ff65370839341dfae77e2351ea4c96a11,429,ChEMBL,2026-05-24T15:06:16.633482+00:00,2026-05-24T15:06:16.633482+00:00,unmapped_plant_reference,member_map_missing_canonical_plant_id,"{""candidate_id"": ""cmpcand_44374a9642a3d6b6"", ""compound_id"": ""cff2a57d-11cc-558a-af17-1eeaba0d134d"", ""member_count"": 1, ""member_ids_preview"": [""cmpcandm_21d0dc2cce2039d0""], ""missing_member_count"": 1, ""raw_plant_ids_preview"": [""429""], ""source_compound_keys_preview"": [""2222d41ef081b18e5f9e42c8cfcf4e9ff65370839341dfae77e2351ea4c96a11""]}"
cmprev_2b15a59a0e7a426e,cmpcand_448188e7d35a4fab,b390f333-dbf2-53e2-81fe-07a5f7f6acb8,inchi::LKZDFKLGDGSGEO-UJECXLDQSA-N,ready,conflict,341,,b637e89dfdc010313b6468a8cd928c570be3818566d4b19f7f4f7976f932dc63,341,ChEMBL,2026-05-24T15:04:43.545759+00:00,2026-05-24T15:04:43.545759+00:00,unmapped_plant_reference,member_map_missing_canonical_plant_id,"{""candidate_id"": ""cmpcand_448188e7d35a4fab"", ""compound_id"": ""b390f333-dbf2-53e2-81fe-07a5f7f6acb8"", ""member_count"": 1, ""member_ids_preview"": [""cmpcandm_271c16180805ad1d""], ""missing_member_count"": 1, ""raw_plant_ids_preview"": [""341""], ""source_compound_keys_preview"": [""b637e89dfdc010313b6468a8cd928c570be3818566d4b19f7f4f7976f932dc63""]}"
cmprev_7ee7897454cc0a20,cmpcand_451061d9fe699d37,3670651b-c21d-5a18-84a0-272fae8a042d,inchi::LPOACLRSLAMIRP-ZEQKJWHPSA-N,ready,conflict,502,,914c95b23a6c9818c7a3e6918afabe4b4f28694a3975ab58c1bd4ec45bd7bfe4,502,ChEMBL,2026-05-24T15:08:55.820032+00:00,2026-05-24T15:08:55.820032+00:00,unmapped_plant_reference,member_map_missing_canonical_plant_id,"{""candidate_id"": ""cmpcand_451061d9fe699d37"", ""compound_id"": ""3670651b-c21d-5a18-84a0-272fae8a042d"", ""member_count"": 1, ""member_ids_preview"": [""cmpcandm_44cd9d2250f3d7cf""], ""missing_member_count"": 1, ""raw_plant_ids_preview"": [""502""], ""source_compound_keys_preview"": [""914c95b23a6c9818c7a3e6918afabe4b4f28694a3975ab58c1bd4ec45bd7bfe4""]}"
cmprev_355c0e22ca046bb1,cmpcand_454b4b66b19b3315,713d66c9-6e79-5fe2-871e-14cad7ee58fc,inchi::OXTGLFRGBDFBHI-JUWPCJOESA-N,ready,matched,175,,4e2a1e0e3a8d5e64252527bc800dacf3cc4e07cb249cccc8ae52ed45505c74f5,175,ChEMBL,2026-05-24T15:06:26.344924+00:00,2026-05-24T15:06:26.344924+00:00,unmapped_plant_reference,member_map_missing_canonical_plant_id,"{""candidate_id"": ""cmpcand_454b4b66b19b3315"", ""compound_id"": ""713d66c9-6e79-5fe2-871e-14cad7ee58fc"", ""member_count"": 3, ""member_ids_preview"": [""cmpcandm_6a812bb6b9ea1988"", ""cmpcandm_81fa0d8de0befafc"", ""cmpcandm_d6f3d635967800c2""], ""missing_member_count"": 3, ""raw_plant_ids_preview"": [""175""], ""source_compound_keys_preview"": [""4e2a1e0e3a8d5e64252527bc800dacf3cc4e07cb249cccc8ae52ed45505c74f5"", ""991ae8c2ce886a138b0e5b596a6565af80d95935791c4aef663d34c0792d85cb"", ""bc953c0f473f8f5fc55b0b3a40dd3f11ace63ff6dcc7cc414c6c18c968a64ef1""]}"
cmprev_f82c820f101c7ab8,cmpcand_458219ea7fefade1,7373585f-6e71-532a-8e3e-330defb8fbe8,inchi::REFJWTPEDVJJIY-UHFFFAOYSA-N,ready,conflict,100,,59a66fae605955bc549ad827c74cef4080b109d7ff1ae88fc313d4c84552fbed,100;341,ChEMBL,2026-05-24T15:02:59.996203+00:00,2026-05-24T15:02:59.996203+00:00,unmapped_plant_reference,member_map_missing_canonical_plant_id,"{""candidate_id"": ""cmpcand_458219ea7fefade1"", ""compound_id"": ""7373585f-6e71-532a-8e3e-330defb8fbe8"", ""member_count"": 2, ""member_ids_preview"": [""cmpcandm_2908615c8f1fdf8a"", ""cmpcandm_98e9add179f2d1c3""], ""missing_member_count"": 2, ""raw_plant_ids_preview"": [""100"", ""341""], ""source_compound_keys_preview"": [""59a66fae605955bc549ad827c74cef4080b109d7ff1ae88fc313d4c84552fbed"", ""eddea2efdaf7e53aa42144e33beaadedb5f0006152019e7be79304b6ee1a91f8""]}"
cmprev_0583c59f96fa2ee3,cmpcand_46be00d227b26f73,683786b6-97b8-5b53-b08c-33685fa70fc2,inchi::DKZBBWMURDFHNE-NSCUHMNNSA-N,ready,conflict,120,,8f89f22d5c549679d9335543cbfa4ca96b6122df6bfe1af1fd95ffada8a01c0e,120,ChEMBL,2026-05-24T15:06:20.418821+00:00,2026-05-24T15:06:20.418821+00:00,unmapped_plant_reference,member_map_missing_canonical_plant_id,"{""candidate_id"": ""cmpcand_46be00d227b26f73"", ""compound_id"": ""683786b6-97b8-5b53-b08c-33685fa70fc2"", ""member_count"": 1, ""member_ids_preview"": [""cmpcandm_c816520d3c4e0364""], ""missing_member_count"": 1, ""raw_plant_ids_preview"": [""120""], ""source_compound_keys_preview"": [""8f89f22d5c549679d9335543cbfa4ca96b6122df6bfe1af1fd95ffada8a01c0e""]}"
cmprev_5cb71e1ccd6ebc0a,cmpcand_46cafbccf715f5c7,2764808c-f92f-5f9e-a843-a2ac06eafb9c,inchi::JOSHUAQJVMGTGS-NBUQLFNLSA-N,ready,conflict,341,,11e0248b71f9395dafebf50692ac3914329322e97ebf82814aed693a45d0ea31,341,PubChem,2026-05-24T15:03:54.551982+00:00,2026-05-24T15:03:54.551982+00:00,unmapped_plant_reference,member_map_missing_canonical_plant_id,"{""candidate_id"": ""cmpcand_46cafbccf715f5c7"", ""compound_id"": ""2764808c-f92f-5f9e-a843-a2ac06eafb9c"", ""member_count"": 1, ""member_ids_preview"": [""cmpcandm_b0f43d158a1a76ef""], ""missing_member_count"": 1, ""raw_plant_ids_preview"": [""341""], ""source_compound_keys_preview"": [""11e0248b71f9395dafebf50692ac3914329322e97ebf82814aed693a45d0ea31""]}"
cmprev_34cfb42cca3c65cd,cmpcand_46e2406134ba2185,07336d50-1b83-54e9-b852-0b6892ef4db8,inchi::VBEQZFNVRMPLSM-MVVFEDHTSA-N,ready,conflict,429,,e40f6f75754e11abd55da460c2466e3dde7b3bdb3e030ea50ef6fe072a7d1de8,429,PubChem,2026-05-24T15:06:44.953832+00:00,2026-05-24T15:06:44.953832+00:00,unmapped_plant_reference,member_map_missing_canonical_plant_id,"{""candidate_id"": ""cmpcand_46e2406134ba2185"", ""compound_id"": ""07336d50-1b83-54e9-b852-0b6892ef4db8"", ""member_count"": 1, ""member_ids_preview"": [""cmpcandm_cfaddfe74d86a3e9""], ""missing_member_count"": 1, ""raw_plant_ids_preview"": [""429""], ""source_compound_keys_preview"": [""e40f6f75754e11abd55da460c2466e3dde7b3bdb3e030ea50ef6fe072a7d1de8""]}"
cmprev_e6fea672482a33b9,cmpcand_47316bd0773bd959,5861dab5-7121-50f5-974b-33ad05cf72ba,inchi::BGHCVCJVXZWKCC-UHFFFAOYSA-N,ready,conflict,139,,9920487dc039d068e04f4429271544a16cec91415c7265101f0cc7a93c9c851e,139,ChEMBL,2026-05-24T15:07:39.787678+00:00,2026-05-24T15:07:39.787678+00:00,unmapped_plant_reference,member_map_missing_canonical_plant_id,"{""candidate_id"": ""cmpcand_47316bd0773bd959"", ""compound_id"": ""5861dab5-7121-50f5-974b-33ad05cf72ba"", ""member_count"": 1, ""member_ids_preview"": [""cmpcandm_72f77ba010c0719e""], ""missing_member_count"": 1, ""raw_plant_ids_preview"": [""139""], ""source_compound_keys_preview"": [""9920487dc039d068e04f4429271544a16cec91415c7265101f0cc7a93c9c851e""]}"
cmprev_d0651cfd8b9c7682,cmpcand_4752c26ffba08c8c,c209d568-566a-521c-89fd-e91368204fc8,inchi::QEXFTGWTWYZALN-UHFFFAOYSA-N,ready,conflict,132,,f3649eb04a04989113eb73daa14856f6ba3224c564733d7a0f7a104830c93bd3,132,PubChem,2026-05-24T15:03:56.929657+00:00,2026-05-24T15:03:56.929657+00:00,unmapped_plant_reference,member_map_missing_canonical_plant_id,"{""candidate_id"": ""cmpcand_4752c26ffba08c8c"", ""compound_id"": ""c209d568-566a-521c-89fd-e91368204fc8"", ""member_count"": 1, ""member_ids_preview"": [""cmpcandm_f9c444c940f76692""], ""missing_member_count"": 1, ""raw_plant_ids_preview"": [""132""], ""source_compound_keys_preview"": [""f3649eb04a04989113eb73daa14856f6ba3224c564733d7a0f7a104830c93bd3""]}"
cmprev_349a7efc28b979a7,cmpcand_47590627a655f164,db6a5d70-6e23-50ee-bf35-2eff6e4075fb,inchi::AOKQNZVJJXPUQA-KQYNXXCUSA-N,ready,conflict,139,,341c3d2a3d08d86a10b185a51cf086274da536370adf1f9d21b60fc1825b5900,139,ChEMBL,2026-05-24T15:08:37.162353+00:00,2026-05-24T15:08:37.162353+00:00,unmapped_plant_reference,member_map_missing_canonical_plant_id,"{""candidate_id"": ""cmpcand_47590627a655f164"", ""compound_id"": ""db6a5d70-6e23-50ee-bf35-2eff6e4075fb"", ""member_count"": 1, ""member_ids_preview"": [""cmpcandm_898f6ae8d55a09b2""], ""missing_member_count"": 1, ""raw_plant_ids_preview"": [""139""], ""source_compound_keys_preview"": [""341c3d2a3d08d86a10b185a51cf086274da536370adf1f9d21b60fc1825b5900""]}"
cmprev_aa27d15da0d46a86,cmpcand_4766f0a02a48436b,9a6a5b2f-a7bc-5036-8574-3374c4e9edc4,inchi::JCGHAEBIBSEQAD-UUUCSUBKSA-N,ready,conflict,213,,0f6e29700136755fcf5acadcf24b861ecd76b36b6759082835100b4f68639bd0,213,ChEMBL,2026-05-24T15:07:22.338823+00:00,2026-05-24T15:07:22.338823+00:00,unmapped_plant_reference,member_map_missing_canonical_plant_id,"{""candidate_id"": ""cmpcand_4766f0a02a48436b"", ""compound_id"": ""9a6a5b2f-a7bc-5036-8574-3374c4e9edc4"", ""member_count"": 1, ""member_ids_preview"": [""cmpcandm_31e3e9976fd48471""], ""missing_member_count"": 1, ""raw_plant_ids_preview"": [""213""], ""source_compound_keys_preview"": [""0f6e29700136755fcf5acadcf24b861ecd76b36b6759082835100b4f68639bd0""]}"
cmprev_708f968dd0afa7af,cmpcand_47b6230355868c2f,8b6e4fb9-0614-5ec5-a24e-7d1ceb262e8a,inchi::CWGIPJXDFYVNHH-FTBXXNAOSA-N,ready,conflict,107,,ce833548ce66a66c752e29af9a76ab546037e2ba51a38b28b1eb9b8c7ad0cb1d,107,PubChem,2026-05-24T15:03:08.588458+00:00,2026-05-24T15:03:08.589714+00:00,unmapped_plant_reference,member_map_missing_canonical_plant_id,"{""candidate_id"": ""cmpcand_47b6230355868c2f"", ""compound_id"": ""8b6e4fb9-0614-5ec5-a24e-7d1ceb262e8a"", ""member_count"": 1, ""member_ids_preview"": [""cmpcandm_8bd24d9d87b42b34""], ""missing_member_count"": 1, ""raw_plant_ids_preview"": [""107""], ""source_compound_keys_preview"": [""ce833548ce66a66c752e29af9a76ab546037e2ba51a38b28b1eb9b8c7ad0cb1d""]}"
cmprev_82c5b01eeff25c28,cmpcand_48071e22fdd41661,5a09ed99-91d0-5419-bdde-7fa678fda8f9,inchi::IBIPGYWNOBGEMH-DILZHRMZSA-N,ready,conflict,369,,14b9f90964d0ee8589e2d70290e1122eaad3853f1dfec743e522414a0e5cc729,369,ChEMBL,2026-05-24T15:03:47.454385+00:00,2026-05-24T15:03:47.454385+00:00,unmapped_plant_reference,member_map_missing_canonical_plant_id,"{""candidate_id"": ""cmpcand_48071e22fdd41661"", ""compound_id"": ""5a09ed99-91d0-5419-bdde-7fa678fda8f9"", ""member_count"": 1, ""member_ids_preview"": [""cmpcandm_e79087a595583747""], ""missing_member_count"": 1, ""raw_plant_ids_preview"": [""369""], ""source_compound_keys_preview"": [""14b9f90964d0ee8589e2d70290e1122eaad3853f1dfec743e522414a0e5cc729""]}"
cmprev_98a7fbf1206f491e,cmpcand_486ea77ad3f87320,a180b5d9-5023-5762-a050-d907f3ea7b9d,inchi::SFLSHLFXELFNJZ-QMMMGPOBSA-N,ready,conflict,347,,b8ae63bb0da6a23bb0d57192c6b19a9d9aeaf3e4baa3164b82234f13da9be58d,347,ChEMBL,2026-05-24T15:06:47.385407+00:00,2026-05-24T15:06:47.385407+00:00,unmapped_plant_reference,member_map_missing_canonical_plant_id,"{""candidate_id"": ""cmpcand_486ea77ad3f87320"", ""compound_id"": ""a180b5d9-5023-5762-a050-d907f3ea7b9d"", ""member_count"": 1, ""member_ids_preview"": [""cmpcandm_f904d23f937c40c3""], ""missing_member_count"": 1, ""raw_plant_ids_preview"": [""347""], ""source_compound_keys_preview"": [""b8ae63bb0da6a23bb0d57192c6b19a9d9aeaf3e4baa3164b82234f13da9be58d""]}"
cmprev_2efb90401aad41a5,cmpcand_48e4f4e8b6828266,a60324af-6725-5f8a-900e-19ee34d7183f,inchi::VFLDPWHFBUODDF-FCXRPNKRSA-N,ready,conflict,159,,d174e2d2de9fad2342399083bb66ab768698f056470b7c7cba58d8d12d1a0f72,159,ChEMBL,2026-05-24T15:06:20.675464+00:00,2026-05-24T15:06:20.675464+00:00,unmapped_plant_reference,member_map_missing_canonical_plant_id,"{""candidate_id"": ""cmpcand_48e4f4e8b6828266"", ""compound_id"": ""a60324af-6725-5f8a-900e-19ee34d7183f"", ""member_count"": 1, ""member_ids_preview"": [""cmpcandm_ce1c97b54df1fd9a""], ""missing_member_count"": 1, ""raw_plant_ids_preview"": [""159""], ""source_compound_keys_preview"": [""d174e2d2de9fad2342399083bb66ab768698f056470b7c7cba58d8d12d1a0f72""]}"
cmprev_1f801d8ef6de8507,cmpcand_49133d62e18bce92,94650cc6-69da-5778-8dd2-417172530b63,inchi::PSIYZHFYCJVWJB-ULJFZEHQSA-N,ready,conflict,186,,966532cf28e81074a8d4d4ddfb1a41f02a6b9c2812454b026c8bba9270aac9e0,186,ChEMBL,2026-05-24T15:03:21.881756+00:00,2026-05-24T15:03:21.881756+00:00,unmapped_plant_reference,member_map_missing_canonical_plant_id,"{""candidate_id"": ""cmpcand_49133d62e18bce92"", ""compound_id"": ""94650cc6-69da-5778-8dd2-417172530b63"", ""member_count"": 1, ""member_ids_preview"": [""cmpcandm_194aa9b01f16d0c4""], ""missing_member_count"": 1, ""raw_plant_ids_preview"": [""186""], ""source_compound_keys_preview"": [""966532cf28e81074a8d4d4ddfb1a41f02a6b9c2812454b026c8bba9270aac9e0""]}"
cmprev_9ef4a843e2e72d62,cmpcand_49607bf3cd0c21b6,67eceab6-b594-5a1c-8725-8889c273449b,inchi::GBGJNKYTLIUCMX-YUMVGKRXSA-N,ready,conflict,107,,3106283f45947ad068e04832540e2711fedba49b20f9e9d24a063df215761007,107,PubChem,2026-05-24T15:03:04.837405+00:00,2026-05-24T15:03:04.837405+00:00,unmapped_plant_reference,member_map_missing_canonical_plant_id,"{""candidate_id"": ""cmpcand_49607bf3cd0c21b6"", ""compound_id"": ""67eceab6-b594-5a1c-8725-8889c273449b"", ""member_count"": 1, ""member_ids_preview"": [""cmpcandm_63faa23cf3d2b317""], ""missing_member_count"": 1, ""raw_plant_ids_preview"": [""107""], ""source_compound_keys_preview"": [""3106283f45947ad068e04832540e2711fedba49b20f9e9d24a063df215761007""]}"
cmprev_f0da4c05a4c5951c,cmpcand_49f8727a233cd6c9,b5b68e82-b314-5a21-af73-fbdb588e42f1,inchi::AVIICGUHIIDHRN-UHFFFAOYSA-N,ready,conflict,178,,083b6b48688d83b144510ad1965352a6dcf56c27b4cbc4d0dc1c0e52d21e75ee,178,PubChem,2026-05-24T15:06:09.523922+00:00,2026-05-24T15:06:09.523922+00:00,unmapped_plant_reference,member_map_missing_canonical_plant_id,"{""candidate_id"": ""cmpcand_49f8727a233cd6c9"", ""compound_id"": ""b5b68e82-b314-5a21-af73-fbdb588e42f1"", ""member_count"": 1, ""member_ids_preview"": [""cmpcandm_6fbcad822c2ad88b""], ""missing_member_count"": 1, ""raw_plant_ids_preview"": [""178""], ""source_compound_keys_preview"": [""083b6b48688d83b144510ad1965352a6dcf56c27b4cbc4d0dc1c0e52d21e75ee""]}"
cmprev_f473dbd1ea118cba,cmpcand_4a94d5040e260a90,882df98e-76be-53c9-b594-4185daeb8c78,inchi::OQWKEEOHDMUXEO-BQYQJAHWSA-N,ready,conflict,531,,e6a178345a9681ed90f45adf3b783779a21a9ceb01b56b3849728a70f855703f,531,ChEMBL,2026-05-24T15:05:09.966802+00:00,2026-05-24T15:05:09.966802+00:00,unmapped_plant_reference,member_map_missing_canonical_plant_id,"{""candidate_id"": ""cmpcand_4a94d5040e260a90"", ""compound_id"": ""882df98e-76be-53c9-b594-4185daeb8c78"", ""member_count"": 1, ""member_ids_preview"": [""cmpcandm_3fbdecbe65aec61d""], ""missing_member_count"": 1, ""raw_plant_ids_preview"": [""531""], ""source_compound_keys_preview"": [""e6a178345a9681ed90f45adf3b783779a21a9ceb01b56b3849728a70f855703f""]}"
cmprev_6eb402df53ccdf0e,cmpcand_4abfd23404959c01,ef284992-f046-5f5b-bd6f-98701aad745e,inchi::KSEBMYQBYZTDHS-HWKANZROSA-N,ready,conflict,341,,ec807a6b46e0e9165f5f8213b3dca8f9fb53f6718c2a07593d15c119975ff855,341;155,ChEMBL,2026-05-24T15:02:50.110805+00:00,2026-05-24T15:02:50.110805+00:00,unmapped_plant_reference,member_map_missing_canonical_plant_id,"{""candidate_id"": ""cmpcand_4abfd23404959c01"", ""compound_id"": ""ef284992-f046-5f5b-bd6f-98701aad745e"", ""member_count"": 2, ""member_ids_preview"": [""cmpcandm_9733ffcb0f353431"", ""cmpcandm_f967c1d9b2e2942d""], ""missing_member_count"": 2, ""raw_plant_ids_preview"": [""341"", ""155""], ""source_compound_keys_preview"": [""ec807a6b46e0e9165f5f8213b3dca8f9fb53f6718c2a07593d15c119975ff855"", ""66b4ad7bfff95c40f3ed4ef4ace6a9f93e8b45349e596c72294fa225e6fbfd30""]}"
cmprev_c3a08ee6a0923d66,cmpcand_4ae8cfeb25b5d9ea,90bc5a2c-506e-5602-96e5-19d88df50aeb,inchi::MOYAFQVGZZPNRA-UHFFFAOYSA-N,ready,conflict,290,,2429b9d422ef7a234b9fb6c73c213fe8d87dd99068effcae03c7f608609e4d6b,290,ChEMBL,2026-05-24T15:07:20.401946+00:00,2026-05-24T15:07:20.401946+00:00,unmapped_plant_reference,member_map_missing_canonical_plant_id,"{""candidate_id"": ""cmpcand_4ae8cfeb25b5d9ea"", ""compound_id"": ""90bc5a2c-506e-5602-96e5-19d88df50aeb"", ""member_count"": 1, ""member_ids_preview"": [""cmpcandm_c26486f6a5a3c855""], ""missing_member_count"": 1, ""raw_plant_ids_preview"": [""290""], ""source_compound_keys_preview"": [""2429b9d422ef7a234b9fb6c73c213fe8d87dd99068effcae03c7f608609e4d6b""]}"
cmprev_ca349fca07bb4e51,cmpcand_4afc5d6aaafee07e,7f5352b6-c754-5555-ad39-0bfd798d34c6,inchi::PMOWTIHVNWZYFI-AATRIKPKSA-N,ready,conflict,341,,8b7ceebd7080aebcb10a11602d427f9d583d1f24d77385a7b451a2180a36fcd0,341,ChEMBL,2026-05-24T15:07:19.203546+00:00,2026-05-24T15:07:19.203546+00:00,unmapped_plant_reference,member_map_missing_canonical_plant_id,"{""candidate_id"": ""cmpcand_4afc5d6aaafee07e"", ""compound_id"": ""7f5352b6-c754-5555-ad39-0bfd798d34c6"", ""member_count"": 1, ""member_ids_preview"": [""cmpcandm_310d37a349797968""], ""missing_member_count"": 1, ""raw_plant_ids_preview"": [""341""], ""source_compound_keys_preview"": [""8b7ceebd7080aebcb10a11602d427f9d583d1f24d77385a7b451a2180a36fcd0""]}"
cmprev_12dd88a3234369ab,cmpcand_4b69167c0c5036b0,f765569f-c47c-564b-b211-175e65cf629c,inchi::HCXVJBMSMIARIN-PHZDYDNGSA-N,ready,conflict,398,,9cd000cf1de0b1a51aa8e4ac52337dfcf385e90a9b7ddef73ade575f77a1e400,398;253;133,ChEMBL,2026-05-24T15:08:35.642425+00:00,2026-05-24T15:08:35.642425+00:00,unmapped_plant_reference,member_map_missing_canonical_plant_id,"{""candidate_id"": ""cmpcand_4b69167c0c5036b0"", ""compound_id"": ""f765569f-c47c-564b-b211-175e65cf629c"", ""member_count"": 3, ""member_ids_preview"": [""cmpcandm_7b422a3129481165"", ""cmpcandm_4c32868ea8d8deb0"", ""cmpcandm_cbbd6e1f03e6802a""], ""missing_member_count"": 3, ""raw_plant_ids_preview"": [""398"", ""253"", ""133""], ""source_compound_keys_preview"": [""9cd000cf1de0b1a51aa8e4ac52337dfcf385e90a9b7ddef73ade575f77a1e400"", ""089cacead0f01dd5a33cd0006b164acb2c189d50effc106fd0e74b84077227a4"", ""895122e70d5e55628dd05c38627532cebe9b2a9dcc68eadc34b6db2f37564cde""]}"
cmprev_68ddc95fe68af0ce,cmpcand_4b8d36f9e62caad1,71e7d303-93ab-563e-a2fc-1c0dc3981174,inchi::IXVMHGVQKLDRKH-KNBKMWSGSA-N,ready,conflict,502,,b754eae8e211a9f0c1143e16bd9187be5983cb659971ef841a7f84826d06374e,502,PubChem,2026-05-24T15:08:09.165380+00:00,2026-05-24T15:08:09.165380+00:00,unmapped_plant_reference,member_map_missing_canonical_plant_id,"{""candidate_id"": ""cmpcand_4b8d36f9e62caad1"", ""compound_id"": ""71e7d303-93ab-563e-a2fc-1c0dc3981174"", ""member_count"": 1, ""member_ids_preview"": [""cmpcandm_8a96377406227f3c""], ""missing_member_count"": 1, ""raw_plant_ids_preview"": [""502""], ""source_compound_keys_preview"": [""b754eae8e211a9f0c1143e16bd9187be5983cb659971ef841a7f84826d06374e""]}"
cmprev_c5965b4eb44314f3,cmpcand_4bf5389b96aee26e,3d4a2b0f-d395-5aeb-831b-4779815dd0ec,inchi::VSBUTPUUSVOZDI-UHFFFAOYSA-N,ready,conflict,52,,b6c3b2f01352632b5c857e44dbe44774bb973a4057463eeabc2db48a1306a5c9,52,ChEMBL,2026-05-24T15:06:15.959138+00:00,2026-05-24T15:06:15.959138+00:00,unmapped_plant_reference,member_map_missing_canonical_plant_id,"{""candidate_id"": ""cmpcand_4bf5389b96aee26e"", ""compound_id"": ""3d4a2b0f-d395-5aeb-831b-4779815dd0ec"", ""member_count"": 1, ""member_ids_preview"": [""cmpcandm_4fe504cd654d43a8""], ""missing_member_count"": 1, ""raw_plant_ids_preview"": [""52""], ""source_compound_keys_preview"": [""b6c3b2f01352632b5c857e44dbe44774bb973a4057463eeabc2db48a1306a5c9""]}"
cmprev_d79910c8926ae92f,cmpcand_4c5d8726c5f27c1e,ebab5820-9686-5d3b-8921-8b4aec40176c,inchi::AHKAOMZZTQULDS-UHFFFAOYSA-N,ready,conflict,398,,b49447c2141e3ac0395b604ef6db0dda31cd0f081f958cff344b0fc3b12e375f,398,ChEMBL,2026-05-24T15:07:24.438211+00:00,2026-05-24T15:07:24.438211+00:00,unmapped_plant_reference,member_map_missing_canonical_plant_id,"{""candidate_id"": ""cmpcand_4c5d8726c5f27c1e"", ""compound_id"": ""ebab5820-9686-5d3b-8921-8b4aec40176c"", ""member_count"": 1, ""member_ids_preview"": [""cmpcandm_313e437037402c10""], ""missing_member_count"": 1, ""raw_plant_ids_preview"": [""398""], ""source_compound_keys_preview"": [""b49447c2141e3ac0395b604ef6db0dda31cd0f081f958cff344b0fc3b12e375f""]}"
cmprev_8abbda140d9cda5a,cmpcand_4c7f4e2bd5767cca,a2e4300e-b86b-5241-8c79-3cc2080a8f24,inchi::IKMDFBPHZNJCSN-UHFFFAOYSA-N,ready,conflict,341,,7c09e6e1e23b72e1f57373b406b2d93d4afae61d0faa822c19e2e35e00a2c1c2,341,ChEMBL,2026-05-24T15:06:55.314343+00:00,2026-05-24T15:06:55.314343+00:00,unmapped_plant_reference,member_map_missing_canonical_plant_id,"{""candidate_id"": ""cmpcand_4c7f4e2bd5767cca"", ""compound_id"": ""a2e4300e-b86b-5241-8c79-3cc2080a8f24"", ""member_count"": 1, ""member_ids_preview"": [""cmpcandm_ab3be118bb94ef52""], ""missing_member_count"": 1, ""raw_plant_ids_preview"": [""341""], ""source_compound_keys_preview"": [""7c09e6e1e23b72e1f57373b406b2d93d4afae61d0faa822c19e2e35e00a2c1c2""]}"
cmprev_ad7cd27f2ed6c59d,cmpcand_4cc00c2301c5cba7,4715457e-426d-5acf-a716-a2af42763c20,inchi::MMVZFQGCDSDHSV-DOGZXOHNSA-N,ready,conflict,429,,000489ead85ca127c6e8a2a3e81708f07dc283314254dddb441b234091bad22a,429,PubChem,2026-05-24T15:08:31.321949+00:00,2026-05-24T15:08:31.321949+00:00,unmapped_plant_reference,member_map_missing_canonical_plant_id,"{""candidate_id"": ""cmpcand_4cc00c2301c5cba7"", ""compound_id"": ""4715457e-426d-5acf-a716-a2af42763c20"", ""member_count"": 1, ""member_ids_preview"": [""cmpcandm_7191f1569b84499c""], ""missing_member_count"": 1, ""raw_plant_ids_preview"": [""429""], ""source_compound_keys_preview"": [""000489ead85ca127c6e8a2a3e81708f07dc283314254dddb441b234091bad22a""]}"
cmprev_d050171d0c4bfca2,cmpcand_4d0304496b4caad0,305801a6-8ce4-5cc3-8f19-d07fe4870726,inchi::KBYYZSYVUWCARH-UHFFFAOYSA-N,ready,conflict,132,,6473da5e73a40ea539799a8b610d00296ebdabb19a01dd08b9d7c3a7283ea495,132,ChEMBL,2026-05-24T15:06:41.749426+00:00,2026-05-24T15:06:41.749426+00:00,unmapped_plant_reference,member_map_missing_canonical_plant_id,"{""candidate_id"": ""cmpcand_4d0304496b4caad0"", ""compound_id"": ""305801a6-8ce4-5cc3-8f19-d07fe4870726"", ""member_count"": 1, ""member_ids_preview"": [""cmpcandm_22f72bf0e5443c93""], ""missing_member_count"": 1, ""raw_plant_ids_preview"": [""132""], ""source_compound_keys_preview"": [""6473da5e73a40ea539799a8b610d00296ebdabb19a01dd08b9d7c3a7283ea495""]}"
cmprev_a69527e82f2466c7,cmpcand_4e2d9a326cca000b,6a54f0cc-d4ed-59c7-bbf4-1129e8b09a2c,inchi::NMIXRSULZCHUEE-UHFFFAOYSA-N,ready,conflict,490,,d822907097a7f29e6ccf6a4ce3be5a8eff6cb17827340346be8ec48f30ca5042,490,ChEMBL,2026-05-24T15:09:24.935474+00:00,2026-05-24T15:09:24.935474+00:00,unmapped_plant_reference,member_map_missing_canonical_plant_id,"{""candidate_id"": ""cmpcand_4e2d9a326cca000b"", ""compound_id"": ""6a54f0cc-d4ed-59c7-bbf4-1129e8b09a2c"", ""member_count"": 1, ""member_ids_preview"": [""cmpcandm_4d48fef6e1b8d327""], ""missing_member_count"": 1, ""raw_plant_ids_preview"": [""490""], ""source_compound_keys_preview"": [""d822907097a7f29e6ccf6a4ce3be5a8eff6cb17827340346be8ec48f30ca5042""]}"
cmprev_dd6fe50e05ec8d26,cmpcand_4e30ac6a526787a0,4fe9a47a-2696-5233-ac32-f014fe8aa7a5,inchi::KTZNZCYTXQYEHT-UHFFFAOYSA-N,ready,conflict,381,,332698f6e67786dc4e9ebd07b2704b56854fb479a78b5391d1b72aedc84e3a40,381,PubChem,2026-05-24T15:05:35.020329+00:00,2026-05-24T15:05:35.020329+00:00,unmapped_plant_reference,member_map_missing_canonical_plant_id,"{""candidate_id"": ""cmpcand_4e30ac6a526787a0"", ""compound_id"": ""4fe9a47a-2696-5233-ac32-f014fe8aa7a5"", ""member_count"": 1, ""member_ids_preview"": [""cmpcandm_5c51e065217ae9a7""], ""missing_member_count"": 1, ""raw_plant_ids_preview"": [""381""], ""source_compound_keys_preview"": [""332698f6e67786dc4e9ebd07b2704b56854fb479a78b5391d1b72aedc84e3a40""]}"
cmprev_a58e8f77fcec648d,cmpcand_4ec40dc7076f4b75,939e05ee-6c21-5d90-a73f-bdb9f17d7f26,inchi::ZXJJBDHPUHUUHD-UHFFFAOYSA-N,ready,conflict,363,,862198299158131a41eef3c462b150b9fd13d9ec929af63330d8835e4c93b7b9,363;76,ChEMBL,2026-05-24T15:07:11.865486+00:00,2026-05-24T15:07:11.865486+00:00,unmapped_plant_reference,member_map_missing_canonical_plant_id,"{""candidate_id"": ""cmpcand_4ec40dc7076f4b75"", ""compound_id"": ""939e05ee-6c21-5d90-a73f-bdb9f17d7f26"", ""member_count"": 2, ""member_ids_preview"": [""cmpcandm_ffcddecb11c4117a"", ""cmpcandm_c6fdd359c0ad2540""], ""missing_member_count"": 2, ""raw_plant_ids_preview"": [""363"", ""76""], ""source_compound_keys_preview"": [""862198299158131a41eef3c462b150b9fd13d9ec929af63330d8835e4c93b7b9"", ""f53c5c2f73ad21147432b98687a83c5816954a080dc55efabb8d325c082b685b""]}"
cmprev_aa867ef5c7e5ab7d,cmpcand_4f1140134924a5de,b37f156d-ea46-5179-a951-896f0bba7c65,inchi::GMLDZDDTZKXJLU-JKSUJKDBSA-N,ready,conflict,290,,7927379e300bb7cbfe561cf5e59bae87434a4983f8a4687e7688dd49bb91e065,290,ChEMBL,2026-05-24T15:06:10.613239+00:00,2026-05-24T15:06:10.613239+00:00,unmapped_plant_reference,member_map_missing_canonical_plant_id,"{""candidate_id"": ""cmpcand_4f1140134924a5de"", ""compound_id"": ""b37f156d-ea46-5179-a951-896f0bba7c65"", ""member_count"": 1, ""member_ids_preview"": [""cmpcandm_a72b8a2b6d3ea88a""], ""missing_member_count"": 1, ""raw_plant_ids_preview"": [""290""], ""source_compound_keys_preview"": [""7927379e300bb7cbfe561cf5e59bae87434a4983f8a4687e7688dd49bb91e065""]}"
cmprev_ec33ddb48a3a4ba7,cmpcand_4f307385833ccba9,d89d100d-2dde-5643-b563-f245110c4885,inchi::QWRTXOOFEHOROQ-UHFFFAOYSA-N,ready,conflict,322,,7708c2e35d7d1e858e5d13008b818b01a73d3e4deab29db4e771543d34e328f2,322,PubChem,2026-05-24T15:07:26.488639+00:00,2026-05-24T15:07:26.488639+00:00,unmapped_plant_reference,member_map_missing_canonical_plant_id,"{""candidate_id"": ""cmpcand_4f307385833ccba9"", ""compound_id"": ""d89d100d-2dde-5643-b563-f245110c4885"", ""member_count"": 1, ""member_ids_preview"": [""cmpcandm_4ec9426a00cce831""], ""missing_member_count"": 1, ""raw_plant_ids_preview"": [""322""], ""source_compound_keys_preview"": [""7708c2e35d7d1e858e5d13008b818b01a73d3e4deab29db4e771543d34e328f2""]}"
cmprev_e4d99d7ff4eb91fc,cmpcand_4f3bdcbedcc0cccc,613be959-b538-5154-9059-12256fc4b985,inchi::QOEHNLSDMADWEF-UHFFFAOYSA-N,ready,matched,100,,a635a0b511be408c1b4f84159a8be2b169156ea535eb0250194d3d78240795b4,100,PubChem,2026-05-24T15:07:51.013405+00:00,2026-05-24T15:07:51.013405+00:00,unmapped_plant_reference,member_map_missing_canonical_plant_id,"{""candidate_id"": ""cmpcand_4f3bdcbedcc0cccc"", ""compound_id"": ""613be959-b538-5154-9059-12256fc4b985"", ""member_count"": 1, ""member_ids_preview"": [""cmpcandm_f0b03f4d7bbbdf44""], ""missing_member_count"": 1, ""raw_plant_ids_preview"": [""100""], ""source_compound_keys_preview"": [""a635a0b511be408c1b4f84159a8be2b169156ea535eb0250194d3d78240795b4""]}"
cmprev_03e367abb7932ecf,cmpcand_4f7724ba530c275c,5e89226e-9104-5f8d-9cb2-21bc92e82d95,inchi::HTAZIHDXIUPDQP-UHFFFAOYSA-N,ready,conflict,175,,54b54ca794fd5fedf249642f2a020d9dde8a920b85b30f689413151e62f9d0db,175,ChEMBL,2026-05-24T15:08:19.660861+00:00,2026-05-24T15:08:19.660861+00:00,unmapped_plant_reference,member_map_missing_canonical_plant_id,"{""candidate_id"": ""cmpcand_4f7724ba530c275c"", ""compound_id"": ""5e89226e-9104-5f8d-9cb2-21bc92e82d95"", ""member_count"": 1, ""member_ids_preview"": [""cmpcandm_98f0bc8fc28e9ee8""], ""missing_member_count"": 1, ""raw_plant_ids_preview"": [""175""], ""source_compound_keys_preview"": [""54b54ca794fd5fedf249642f2a020d9dde8a920b85b30f689413151e62f9d0db""]}"
cmprev_32db77ea91a21fa4,cmpcand_4f9b11830574aedc,7e9a6eaf-1617-52a9-995f-96887e8aea10,inchi::VSLWNSSUMFSGFF-LRODIAEASA-N,ready,conflict,392,,b3d1e41ddf31d608ae9805a07f8dd7e0c05c9072d0b936787e1d7c27ccd21e3c,392,ChEMBL,2026-05-24T15:07:16.381025+00:00,2026-05-24T15:07:16.381025+00:00,unmapped_plant_reference,member_map_missing_canonical_plant_id,"{""candidate_id"": ""cmpcand_4f9b11830574aedc"", ""compound_id"": ""7e9a6eaf-1617-52a9-995f-96887e8aea10"", ""member_count"": 1, ""member_ids_preview"": [""cmpcandm_b9c4f2d03ec4827a""], ""missing_member_count"": 1, ""raw_plant_ids_preview"": [""392""], ""source_compound_keys_preview"": [""b3d1e41ddf31d608ae9805a07f8dd7e0c05c9072d0b936787e1d7c27ccd21e3c""]}"
cmprev_86a852417e1bc7a1,cmpcand_4fc46f192947479d,e33c0af8-315f-591e-be01-81dbd7b544d7,inchi::IYRMWMYZSQPJKC-UHFFFAOYSA-N,ready,conflict,100,,2f5a98625f46bf971357f2687ede9ed72d48bdeb101170986ceb6bf13d863ee1,100;107;341,ChEMBL,2026-05-24T15:06:50.864618+00:00,2026-05-24T15:06:50.864618+00:00,unmapped_plant_reference,member_map_missing_canonical_plant_id,"{""candidate_id"": ""cmpcand_4fc46f192947479d"", ""compound_id"": ""e33c0af8-315f-591e-be01-81dbd7b544d7"", ""member_count"": 3, ""member_ids_preview"": [""cmpcandm_7526ae7b80e43dbb"", ""cmpcandm_9f22558183c2fd46"", ""cmpcandm_b851559ef60a8f9a""], ""missing_member_count"": 3, ""raw_plant_ids_preview"": [""100"", ""107"", ""341""], ""source_compound_keys_preview"": [""2f5a98625f46bf971357f2687ede9ed72d48bdeb101170986ceb6bf13d863ee1"", ""4a7b350a064e6fb6979028c8343a409012a959c986b0163955c8da2645b3d742"", ""5e433fd2738b4d84d29bfeb8c269d364809d830f468335c622103128bb61dc4a""]}"
cmprev_e48b22ce591ad554,cmpcand_50825e117598b5d7,1c0f7e15-710a-5c3f-80fa-02e1d83a3c2f,inchi::JMIAZDVHNCCPDM-QLMFUGSGSA-N,ready,conflict,514,,5fa1370b889ec329a6e8d6180d3ca8788bafcea4e4578d965ef75c6e8eb78f42,514,PubChem,2026-05-24T15:07:11.548667+00:00,2026-05-24T15:07:11.548667+00:00,unmapped_plant_reference,member_map_missing_canonical_plant_id,"{""candidate_id"": ""cmpcand_50825e117598b5d7"", ""compound_id"": ""1c0f7e15-710a-5c3f-80fa-02e1d83a3c2f"", ""member_count"": 1, ""member_ids_preview"": [""cmpcandm_81e2788931dcc692""], ""missing_member_count"": 1, ""raw_plant_ids_preview"": [""514""], ""source_compound_keys_preview"": [""5fa1370b889ec329a6e8d6180d3ca8788bafcea4e4578d965ef75c6e8eb78f42""]}"
cmprev_7700e7a7fd9a0bd3,cmpcand_5092c7c976680747,6476e72c-8105-557c-bb93-c32bd7ea0ca7,inchi::WVRDOLPMKOCJRJ-DENIHFKCSA-N,ready,conflict,502,,a875de237dc3350a642722c5ee6ef2771875a97d131c4a1de9db4782aea735a2,502,ChEMBL,2026-05-24T15:08:34.930343+00:00,2026-05-24T15:08:34.930343+00:00,unmapped_plant_reference,member_map_missing_canonical_plant_id,"{""candidate_id"": ""cmpcand_5092c7c976680747"", ""compound_id"": ""6476e72c-8105-557c-bb93-c32bd7ea0ca7"", ""member_count"": 1, ""member_ids_preview"": [""cmpcandm_472c3fb546bec9a5""], ""missing_member_count"": 1, ""raw_plant_ids_preview"": [""502""], ""source_compound_keys_preview"": [""a875de237dc3350a642722c5ee6ef2771875a97d131c4a1de9db4782aea735a2""]}"
cmprev_78e9e9e9467674be,cmpcand_5101977a1b8cfb05,304d53d1-afe0-52a7-b2d4-586636334547,inchi::AYXPYQRXGNDJFU-IMNVLQEYSA-N,ready,conflict,322,,b2fd2f98ea34d5c77d0522d7ef8d79418ac78243fbf643f21ebbd8f64e87d117,322,ChEMBL,2026-05-24T15:07:06.850654+00:00,2026-05-24T15:07:06.850654+00:00,unmapped_plant_reference,member_map_missing_canonical_plant_id,"{""candidate_id"": ""cmpcand_5101977a1b8cfb05"", ""compound_id"": ""304d53d1-afe0-52a7-b2d4-586636334547"", ""member_count"": 1, ""member_ids_preview"": [""cmpcandm_4c226f95b5b61e7a""], ""missing_member_count"": 1, ""raw_plant_ids_preview"": [""322""], ""source_compound_keys_preview"": [""b2fd2f98ea34d5c77d0522d7ef8d79418ac78243fbf643f21ebbd8f64e87d117""]}"
cmprev_9947e55078587c42,cmpcand_515c41608a4fbc62,ba9d48cb-6866-5072-9805-1c103fc7d520,inchi::PKBKMEUABLQCJI-UHFFFAOYSA-N,ready,conflict,392,,a82677493dbed22b2c38cd7c0f4c5bf94c0261631f79f7a7271750fae1f6d878,392,PubChem,2026-05-24T15:08:02.589771+00:00,2026-05-24T15:08:02.589771+00:00,unmapped_plant_reference,member_map_missing_canonical_plant_id,"{""candidate_id"": ""cmpcand_515c41608a4fbc62"", ""compound_id"": ""ba9d48cb-6866-5072-9805-1c103fc7d520"", ""member_count"": 1, ""member_ids_preview"": [""cmpcandm_d7b1b105bdf8f2a4""], ""missing_member_count"": 1, ""raw_plant_ids_preview"": [""392""], ""source_compound_keys_preview"": [""a82677493dbed22b2c38cd7c0f4c5bf94c0261631f79f7a7271750fae1f6d878""]}"
cmprev_506cc43c4bb17140,cmpcand_518abddc0f3296a7,4aca6d3a-584c-5844-be7e-c1f44b777f4d,inchi::PEFNSGRTCBGNAN-QNDFHXLGSA-N,ready,conflict,133,,342c341e622eab4a371049adb4a404a0a0810e5927d49a0445fa7c09a5038f64,133;107,ChEMBL,2026-05-24T15:06:59.855403+00:00,2026-05-24T15:06:59.855403+00:00,unmapped_plant_reference,member_map_missing_canonical_plant_id,"{""candidate_id"": ""cmpcand_518abddc0f3296a7"", ""compound_id"": ""4aca6d3a-584c-5844-be7e-c1f44b777f4d"", ""member_count"": 2, ""member_ids_preview"": [""cmpcandm_db9a2239660f188b"", ""cmpcandm_23d41f252cb01424""], ""missing_member_count"": 2, ""raw_plant_ids_preview"": [""133"", ""107""], ""source_compound_keys_preview"": [""342c341e622eab4a371049adb4a404a0a0810e5927d49a0445fa7c09a5038f64"", ""a3929c137656df75432ab53a439f23c0261c71dbe9929f6798de63a0fde4ddd7""]}"
cmprev_bfb724e01a3d4104,cmpcand_52ce6d7030daab02,df989677-f31d-5065-82f1-cea49c49a1dc,inchi::SBVZTBIAKFTNIJ-CZNQJBLBSA-N,ready,conflict,107,,3c2b84ef7779121af60723f4bfa26e16f5169672c44d346a4147a8c4f74cd502,107,PubChem,2026-05-24T15:03:39.523047+00:00,2026-05-24T15:03:39.523047+00:00,unmapped_plant_reference,member_map_missing_canonical_plant_id,"{""candidate_id"": ""cmpcand_52ce6d7030daab02"", ""compound_id"": ""df989677-f31d-5065-82f1-cea49c49a1dc"", ""member_count"": 1, ""member_ids_preview"": [""cmpcandm_bca057c58b7c8702""], ""missing_member_count"": 1, ""raw_plant_ids_preview"": [""107""], ""source_compound_keys_preview"": [""3c2b84ef7779121af60723f4bfa26e16f5169672c44d346a4147a8c4f74cd502""]}"
cmprev_d6ff6b7d5c632bd8,cmpcand_5355bddf7cb5de94,399f777c-768d-518c-8506-2301a3422627,inchi::JSNRRGGBADWTMC-QINSGFPZSA-N,ready,conflict,155,,e8b20672cc2aaf7c2472bf7e5844f210b918818df4b4ed60657f9151da976557,155,PubChem,2026-05-24T15:05:32.003358+00:00,2026-05-24T15:05:32.003358+00:00,unmapped_plant_reference,member_map_missing_canonical_plant_id,"{""candidate_id"": ""cmpcand_5355bddf7cb5de94"", ""compound_id"": ""399f777c-768d-518c-8506-2301a3422627"", ""member_count"": 1, ""member_ids_preview"": [""cmpcandm_b166e04ffe9a9593""], ""missing_member_count"": 1, ""raw_plant_ids_preview"": [""155""], ""source_compound_keys_preview"": [""e8b20672cc2aaf7c2472bf7e5844f210b918818df4b4ed60657f9151da976557""]}"
cmprev_3b70440d2e472686,cmpcand_538ca79639b54eba,ffea732e-f9a0-597a-b7ea-de6e0df89474,inchi::MQBGJIQDVYJCON-GUYLETNTSA-N,ready,matched,120,,38c32629c312aeb8cbed2f06d8cf0d12421ff856a4204033c5a304f36ab9445e,120,ChEMBL,2026-05-24T15:02:56.545983+00:00,2026-05-24T15:02:56.545983+00:00,unmapped_plant_reference,member_map_missing_canonical_plant_id,"{""candidate_id"": ""cmpcand_538ca79639b54eba"", ""compound_id"": ""ffea732e-f9a0-597a-b7ea-de6e0df89474"", ""member_count"": 1, ""member_ids_preview"": [""cmpcandm_5fed9e6935a67beb""], ""missing_member_count"": 1, ""raw_plant_ids_preview"": [""120""], ""source_compound_keys_preview"": [""38c32629c312aeb8cbed2f06d8cf0d12421ff856a4204033c5a304f36ab9445e""]}"
cmprev_64e8c4b7e5d80175,cmpcand_539163b1e042eeae,01076b23-821f-5215-8d8c-7e105c6eb768,inchi::GXANMBISFKBPEX-ARJAWSKDSA-N,ready,conflict,502,,60ae8a3491c954869a09ba41529c9f8b324d3544e0e16c53331a71a4fe49e796,502,PubChem,2026-05-24T15:07:54.781033+00:00,2026-05-24T15:07:54.781033+00:00,unmapped_plant_reference,member_map_missing_canonical_plant_id,"{""candidate_id"": ""cmpcand_539163b1e042eeae"", ""compound_id"": ""01076b23-821f-5215-8d8c-7e105c6eb768"", ""member_count"": 1, ""member_ids_preview"": [""cmpcandm_3cff34ab1aad54f0""], ""missing_member_count"": 1, ""raw_plant_ids_preview"": [""502""], ""source_compound_keys_preview"": [""60ae8a3491c954869a09ba41529c9f8b324d3544e0e16c53331a71a4fe49e796""]}"
cmprev_6308281081b18115,cmpcand_53a51926a14c0336,c12564fa-ecc1-581d-825f-1bfc47654297,inchi::OAIJSZIZWZSQBC-GYZMGTAESA-N,ready,conflict,139,,7ec3dbbc7c454896701c2ac33bbb77dfa62e3d2ed1b858c97335cf5eb45c6192,139,ChEMBL,2026-05-24T15:06:40.160907+00:00,2026-05-24T15:06:40.160907+00:00,unmapped_plant_reference,member_map_missing_canonical_plant_id,"{""candidate_id"": ""cmpcand_53a51926a14c0336"", ""compound_id"": ""c12564fa-ecc1-581d-825f-1bfc47654297"", ""member_count"": 1, ""member_ids_preview"": [""cmpcandm_f1202835afd326e5""], ""missing_member_count"": 1, ""raw_plant_ids_preview"": [""139""], ""source_compound_keys_preview"": [""7ec3dbbc7c454896701c2ac33bbb77dfa62e3d2ed1b858c97335cf5eb45c6192""]}"
cmprev_c8145f994c63e31e,cmpcand_54efaba86d9f3385,4fbeee8f-e1c7-5282-a873-15563ba30410,inchi::XXHDAWYDNSXJQM-UHFFFAOYSA-N,ready,conflict,502,,04990ea091b35e91d29a4df3db2244d24298998215adfc558478b8772649c4d9,502,PubChem,2026-05-24T15:06:13.801761+00:00,2026-05-24T15:06:13.801761+00:00,unmapped_plant_reference,member_map_missing_canonical_plant_id,"{""candidate_id"": ""cmpcand_54efaba86d9f3385"", ""compound_id"": ""4fbeee8f-e1c7-5282-a873-15563ba30410"", ""member_count"": 1, ""member_ids_preview"": [""cmpcandm_726e73f8b1a6bf54""], ""missing_member_count"": 1, ""raw_plant_ids_preview"": [""502""], ""source_compound_keys_preview"": [""04990ea091b35e91d29a4df3db2244d24298998215adfc558478b8772649c4d9""]}"
cmprev_5996ab5b2831e5c9,cmpcand_55a9d03ead554098,c7df3473-64b7-51f3-ba72-ac09463dc776,inchi::DYAQCRHEYVANDL-YZTFLWGASA-N,ready,conflict,341,,bb0e06d958fcd92a6ddd5e6b4959cd949887ba2a16cd676f9beb5a1d490ec4bf,341,PubChem,2026-05-24T15:05:29.807584+00:00,2026-05-24T15:05:29.807584+00:00,unmapped_plant_reference,member_map_missing_canonical_plant_id,"{""candidate_id"": ""cmpcand_55a9d03ead554098"", ""compound_id"": ""c7df3473-64b7-51f3-ba72-ac09463dc776"", ""member_count"": 1, ""member_ids_preview"": [""cmpcandm_a6a953377ce1787d""], ""missing_member_count"": 1, ""raw_plant_ids_preview"": [""341""], ""source_compound_keys_preview"": [""bb0e06d958fcd92a6ddd5e6b4959cd949887ba2a16cd676f9beb5a1d490ec4bf""]}"
cmprev_5d0d1da395499888,cmpcand_55acafbba1edf89f,246e2491-f6fe-5ad5-96bc-80d1b3bfc460,inchi::HMXLIRAHSHWREJ-QOYUQHOESA-N,ready,conflict,341,,a11a8de4f02c3e7afc0daf5b3005f0b138c81883ae69bf552c3dcb820b16fa67,341,ChEMBL,2026-05-24T15:04:08.172467+00:00,2026-05-24T15:04:08.172467+00:00,unmapped_plant_reference,member_map_missing_canonical_plant_id,"{""candidate_id"": ""cmpcand_55acafbba1edf89f"", ""compound_id"": ""246e2491-f6fe-5ad5-96bc-80d1b3bfc460"", ""member_count"": 1, ""member_ids_preview"": [""cmpcandm_a7d45b2c5f159c27""], ""missing_member_count"": 1, ""raw_plant_ids_preview"": [""341""], ""source_compound_keys_preview"": [""a11a8de4f02c3e7afc0daf5b3005f0b138c81883ae69bf552c3dcb820b16fa67""]}"
cmprev_f4049074a2c609f0,cmpcand_55bb9ffe0500edae,0baba865-7ef2-5cf0-933f-bc61784c3208,inchi::KLFYPJRLOIHTCM-CIJHUGPSSA-N,ready,conflict,522,,f044a46a3f31e69f1ef6147a0eabda445b2bae6d6d86987f45a661f383e1babd,522,ChEMBL,2026-05-24T15:03:37.521527+00:00,2026-05-24T15:03:37.521527+00:00,unmapped_plant_reference,member_map_missing_canonical_plant_id,"{""candidate_id"": ""cmpcand_55bb9ffe0500edae"", ""compound_id"": ""0baba865-7ef2-5cf0-933f-bc61784c3208"", ""member_count"": 1, ""member_ids_preview"": [""cmpcandm_c330d346fbf1af1f""], ""missing_member_count"": 1, ""raw_plant_ids_preview"": [""522""], ""source_compound_keys_preview"": [""f044a46a3f31e69f1ef6147a0eabda445b2bae6d6d86987f45a661f383e1babd""]}"
cmprev_ca7bd89c2faf40f3,cmpcand_561c67b571aa754b,a55822e1-008f-57af-9041-071233593563,inchi::LCZUOKDVTBMCMX-UHFFFAOYSA-N,ready,conflict,139,,338320f78c33c2da4ec5b07ee42c0d589a1320555dd1d651767896e3569d53d5,139,PubChem,2026-05-24T15:03:16.230144+00:00,2026-05-24T15:03:16.230144+00:00,unmapped_plant_reference,member_map_missing_canonical_plant_id,"{""candidate_id"": ""cmpcand_561c67b571aa754b"", ""compound_id"": ""a55822e1-008f-57af-9041-071233593563"", ""member_count"": 1, ""member_ids_preview"": [""cmpcandm_bff8a45abca21931""], ""missing_member_count"": 1, ""raw_plant_ids_preview"": [""139""], ""source_compound_keys_preview"": [""338320f78c33c2da4ec5b07ee42c0d589a1320555dd1d651767896e3569d53d5""]}"
cmprev_9ae266f709edeaf7,cmpcand_56353f971ca2e74a,66cd1827-e578-5acf-bf99-539e2a577c1b,inchi::GBABOYUKABKIAF-IELIFDKJSA-N,ready,conflict,522,,81df5f21b480cfc2b9a73a94164379d689fd4268fcb551b89caeb83c1c5b89f0,522,ChEMBL,2026-05-24T15:08:05.353348+00:00,2026-05-24T15:08:05.353348+00:00,unmapped_plant_reference,member_map_missing_canonical_plant_id,"{""candidate_id"": ""cmpcand_56353f971ca2e74a"", ""compound_id"": ""66cd1827-e578-5acf-bf99-539e2a577c1b"", ""member_count"": 1, ""member_ids_preview"": [""cmpcandm_f7bff5fe810b407c""], ""missing_member_count"": 1, ""raw_plant_ids_preview"": [""522""], ""source_compound_keys_preview"": [""81df5f21b480cfc2b9a73a94164379d689fd4268fcb551b89caeb83c1c5b89f0""]}"
cmprev_89a4a0df106a9d20,cmpcand_563f088a924c40f4,3c56bdc1-538f-59ab-837e-38e27d47bd88,inchi::PFWLFWPASULGAN-UHFFFAOYSA-N,ready,conflict,139,,3d3949791e2d880d7d3184209322c72ade05d243742a24608887561f3595db5d,139,ChEMBL,2026-05-24T15:07:07.182665+00:00,2026-05-24T15:07:07.182665+00:00,unmapped_plant_reference,member_map_missing_canonical_plant_id,"{""candidate_id"": ""cmpcand_563f088a924c40f4"", ""compound_id"": ""3c56bdc1-538f-59ab-837e-38e27d47bd88"", ""member_count"": 1, ""member_ids_preview"": [""cmpcandm_4f4b965b994ac993""], ""missing_member_count"": 1, ""raw_plant_ids_preview"": [""139""], ""source_compound_keys_preview"": [""3d3949791e2d880d7d3184209322c72ade05d243742a24608887561f3595db5d""]}"
cmprev_3ec9d1532f66386b,cmpcand_569aa29ec68c8028,075af3f0-d9e0-5a7a-a917-d366184b17f6,inchi::JBBGZRUAGCHOGS-PLZINWHGSA-N,ready,conflict,76,,61adeb77a1b3788da11d4f153a5285d4a7db11c56e83b5aa78e91ccee002fa49,76,PubChem,2026-05-24T15:05:42.531891+00:00,2026-05-24T15:05:42.531891+00:00,unmapped_plant_reference,member_map_missing_canonical_plant_id,"{""candidate_id"": ""cmpcand_569aa29ec68c8028"", ""compound_id"": ""075af3f0-d9e0-5a7a-a917-d366184b17f6"", ""member_count"": 1, ""member_ids_preview"": [""cmpcandm_4c227d0fe445e0d9""], ""missing_member_count"": 1, ""raw_plant_ids_preview"": [""76""], ""source_compound_keys_preview"": [""61adeb77a1b3788da11d4f153a5285d4a7db11c56e83b5aa78e91ccee002fa49""]}"
cmprev_3eec9bd21cccda4b,cmpcand_56f764f96ce25aab,a6aaa024-8eb5-5499-af57-eb7650fa91f6,inchi::NBZANZVJRKXVBH-NHWXEJKLSA-N,ready,matched,139,,b852078090ba7af8a149563a39aa938cae9afffba12b6f0f2bd97647bcad0d34,139,PubChem,2026-05-24T15:05:14.803795+00:00,2026-05-24T15:05:14.803795+00:00,unmapped_plant_reference,member_map_missing_canonical_plant_id,"{""candidate_id"": ""cmpcand_56f764f96ce25aab"", ""compound_id"": ""a6aaa024-8eb5-5499-af57-eb7650fa91f6"", ""member_count"": 1, ""member_ids_preview"": [""cmpcandm_0b0181a0c72d5a43""], ""missing_member_count"": 1, ""raw_plant_ids_preview"": [""139""], ""source_compound_keys_preview"": [""b852078090ba7af8a149563a39aa938cae9afffba12b6f0f2bd97647bcad0d34""]}"
cmprev_95b9c2612fa48a4d,cmpcand_574406337f0e5a7c,c74da55e-457c-5a73-bbca-c14e8ef74063,inchi::FNKZQZYHQGWZAE-LWVQLFPSSA-N,ready,conflict,429,,dd33ef9de31668d961650d025f6a97519a2cb8f77e73fe14b7998f48e6214f7c,429,PubChem,2026-05-24T15:08:41.831426+00:00,2026-05-24T15:08:41.831426+00:00,unmapped_plant_reference,member_map_missing_canonical_plant_id,"{""candidate_id"": ""cmpcand_574406337f0e5a7c"", ""compound_id"": ""c74da55e-457c-5a73-bbca-c14e8ef74063"", ""member_count"": 1, ""member_ids_preview"": [""cmpcandm_149d954b3073c328""], ""missing_member_count"": 1, ""raw_plant_ids_preview"": [""429""], ""source_compound_keys_preview"": [""dd33ef9de31668d961650d025f6a97519a2cb8f77e73fe14b7998f48e6214f7c""]}"
cmprev_6005038339f52284,cmpcand_5746f6a0c7cfa8d2,7e99a2f5-151a-5aa6-ba7e-1ac70703b9fd,inchi::HWECMADGHQKSLK-BWXAORSUSA-N,ready,conflict,186,,0966ff37824f90e8e41bc017c5103b4df8956c9c5938f422b2a67aac53a02884,186,PubChem,2026-05-24T15:06:44.293028+00:00,2026-05-24T15:06:44.293028+00:00,unmapped_plant_reference,member_map_missing_canonical_plant_id,"{""candidate_id"": ""cmpcand_5746f6a0c7cfa8d2"", ""compound_id"": ""7e99a2f5-151a-5aa6-ba7e-1ac70703b9fd"", ""member_count"": 1, ""member_ids_preview"": [""cmpcandm_8f3de73dcd13a0ee""], ""missing_member_count"": 1, ""raw_plant_ids_preview"": [""186""], ""source_compound_keys_preview"": [""0966ff37824f90e8e41bc017c5103b4df8956c9c5938f422b2a67aac53a02884""]}"
cmprev_f8e8b3b26374d3b5,cmpcand_57613c70a3d7e72c,f668ada5-65ba-5cfa-ab4d-8577796263bf,inchi::BOTWFXYSPFMFNR-PYDDKJGSSA-N,ready,conflict,322,,d96df0d9160a51e4021fbfa207101cd0a6f49dd065886c36efb20850a04046c0,322,ChEMBL,2026-05-24T15:03:57.891798+00:00,2026-05-24T15:03:57.891798+00:00,unmapped_plant_reference,member_map_missing_canonical_plant_id,"{""candidate_id"": ""cmpcand_57613c70a3d7e72c"", ""compound_id"": ""f668ada5-65ba-5cfa-ab4d-8577796263bf"", ""member_count"": 1, ""member_ids_preview"": [""cmpcandm_173fa5be41b9a2bb""], ""missing_member_count"": 1, ""raw_plant_ids_preview"": [""322""], ""source_compound_keys_preview"": [""d96df0d9160a51e4021fbfa207101cd0a6f49dd065886c36efb20850a04046c0""]}"
cmprev_c7b0b9270906ba40,cmpcand_57b86ac8e5acd6d0,90cb952b-0ab6-5572-8862-de5a7d32158c,inchi::MDZKJHQSJHYOHJ-LLICELPBSA-N,ready,conflict,486,,2b13b6aa5e6e3d0bd65efb017936ce8853485813dce7d516bf34bd72c23bcc9f,486,ChEMBL,2026-05-24T15:06:16.708625+00:00,2026-05-24T15:06:16.708625+00:00,unmapped_plant_reference,member_map_missing_canonical_plant_id,"{""candidate_id"": ""cmpcand_57b86ac8e5acd6d0"", ""compound_id"": ""90cb952b-0ab6-5572-8862-de5a7d32158c"", ""member_count"": 1, ""member_ids_preview"": [""cmpcandm_2bdb48deeab7b28b""], ""missing_member_count"": 1, ""raw_plant_ids_preview"": [""486""], ""source_compound_keys_preview"": [""2b13b6aa5e6e3d0bd65efb017936ce8853485813dce7d516bf34bd72c23bcc9f""]}"
cmprev_16d6799c7df89ff6,cmpcand_57c3e464be54fc68,f7ed52eb-f366-51c3-8a1b-8c4ff607db13,inchi::JIBJMBHKGBDCPN-IJTBWITGSA-N,ready,conflict,107,,284505dd03b8a6857e653df1095eb156ca0be1202c7f539df08995c5b330dea3,107,ChEMBL,2026-05-24T15:05:15.272169+00:00,2026-05-24T15:05:15.272169+00:00,unmapped_plant_reference,member_map_missing_canonical_plant_id,"{""candidate_id"": ""cmpcand_57c3e464be54fc68"", ""compound_id"": ""f7ed52eb-f366-51c3-8a1b-8c4ff607db13"", ""member_count"": 1, ""member_ids_preview"": [""cmpcandm_a86709df7a1d6626""], ""missing_member_count"": 1, ""raw_plant_ids_preview"": [""107""], ""source_compound_keys_preview"": [""284505dd03b8a6857e653df1095eb156ca0be1202c7f539df08995c5b330dea3""]}"
cmprev_3c47d4ea18f45201,cmpcand_57d13bb63a4d2f16,3161ef54-1cf9-51ec-bdaf-8dc1b2ef8120,inchi::BRHDDEIRQPDPMG-UHFFFAOYSA-N,ready,conflict,502,,7284d58e8b750f1d00dc9d7fcf9e70f9c60a997e5a2b8232e5ab9b4ec6003dc8,502,PubChem,2026-05-24T15:03:44.319797+00:00,2026-05-24T15:03:44.319797+00:00,unmapped_plant_reference,member_map_missing_canonical_plant_id,"{""candidate_id"": ""cmpcand_57d13bb63a4d2f16"", ""compound_id"": ""3161ef54-1cf9-51ec-bdaf-8dc1b2ef8120"", ""member_count"": 2, ""member_ids_preview"": [""cmpcandm_a7f4b6a67f989770"", ""cmpcandm_59c7512292d97676""], ""missing_member_count"": 2, ""raw_plant_ids_preview"": [""502""], ""source_compound_keys_preview"": [""7284d58e8b750f1d00dc9d7fcf9e70f9c60a997e5a2b8232e5ab9b4ec6003dc8"", ""ed0a4deb8b6ef0604ad3c9500d2777c9e2c612b86728f3719109666101a42be5""]}"
cmprev_1d035ce45cf22271,cmpcand_5816a040c8d09a8a,ecd8d4d0-c72d-57fe-bc4e-982697fef6b1,inchi::AMBPIKSQPHQYTQ-UHFFFAOYSA-N,ready,conflict,429,,fb23b0e1d5efa2b770cd743e88d69382388742ee4dde438645294459e1042178,429,ChEMBL,2026-05-24T15:06:17.447657+00:00,2026-05-24T15:06:17.447657+00:00,unmapped_plant_reference,member_map_missing_canonical_plant_id,"{""candidate_id"": ""cmpcand_5816a040c8d09a8a"", ""compound_id"": ""ecd8d4d0-c72d-57fe-bc4e-982697fef6b1"", ""member_count"": 1, ""member_ids_preview"": [""cmpcandm_88b3d22d5041fdbc""], ""missing_member_count"": 1, ""raw_plant_ids_preview"": [""429""], ""source_compound_keys_preview"": [""fb23b0e1d5efa2b770cd743e88d69382388742ee4dde438645294459e1042178""]}"
cmprev_ca29aa64f1390370,cmpcand_58c38fce38a97d26,829f8abd-7d2e-5519-96cd-86dcfbebe730,inchi::LYDZCXVWCFJAKQ-ZFGGDYGUSA-N,ready,conflict,76,,225c0d2d9ac438d849b3849f361c71d43c0b411939144caa354f3df060b8a3bb,76,ChEMBL,2026-05-24T15:02:24.362691+00:00,2026-05-24T15:02:24.362691+00:00,unmapped_plant_reference,member_map_missing_canonical_plant_id,"{""candidate_id"": ""cmpcand_58c38fce38a97d26"", ""compound_id"": ""829f8abd-7d2e-5519-96cd-86dcfbebe730"", ""member_count"": 2, ""member_ids_preview"": [""cmpcandm_c681cbac5a69de4f"", ""cmpcandm_0697805c02781626""], ""missing_member_count"": 2, ""raw_plant_ids_preview"": [""76""], ""source_compound_keys_preview"": [""225c0d2d9ac438d849b3849f361c71d43c0b411939144caa354f3df060b8a3bb"", ""70f38f3ad3b89b07b85088990ebd1d3cff604aaf04148a393ba1ef781b9f2ea6""]}"
cmprev_d31b9e9180411f96,cmpcand_58d3f1ad39c48239,7b399452-0f5f-519a-9d66-a68e125dc3c7,inchi::SBSXXCCMIWEPEE-SELDZKRUSA-N,ready,conflict,502,,62d21994dadec6499ac4b29555b53838c0b4e2b04f021942b6644085e2b2c441,502,PubChem,2026-05-24T15:08:51.630127+00:00,2026-05-24T15:08:51.630127+00:00,unmapped_plant_reference,member_map_missing_canonical_plant_id,"{""candidate_id"": ""cmpcand_58d3f1ad39c48239"", ""compound_id"": ""7b399452-0f5f-519a-9d66-a68e125dc3c7"", ""member_count"": 1, ""member_ids_preview"": [""cmpcandm_012f4019440b7a48""], ""missing_member_count"": 1, ""raw_plant_ids_preview"": [""502""], ""source_compound_keys_preview"": [""62d21994dadec6499ac4b29555b53838c0b4e2b04f021942b6644085e2b2c441""]}"
cmprev_c8f3c22824c196e8,cmpcand_591e15c195572ecf,f4747447-9bd0-5c26-91fa-253a8b0ce024,inchi::SQOMVBRIXCJFKW-UHFFFAOYSA-N,ready,conflict,132,,909feb7fd5a193fe8b4f7c0f23eb015c7c909c76b7f7403e58f23c38b288bf00,132,PubChem,2026-05-24T15:06:51.349272+00:00,2026-05-24T15:06:51.349272+00:00,unmapped_plant_reference,member_map_missing_canonical_plant_id,"{""candidate_id"": ""cmpcand_591e15c195572ecf"", ""compound_id"": ""f4747447-9bd0-5c26-91fa-253a8b0ce024"", ""member_count"": 1, ""member_ids_preview"": [""cmpcandm_0bbd955622335a7a""], ""missing_member_count"": 1, ""raw_plant_ids_preview"": [""132""], ""source_compound_keys_preview"": [""909feb7fd5a193fe8b4f7c0f23eb015c7c909c76b7f7403e58f23c38b288bf00""]}"
cmprev_813094a97c0d58f6,cmpcand_591f2284d8a2b7b9,7657d482-3c4e-58ac-836a-2c418a9246fd,inchi::PGYAYSRVSAJXTE-FTLOKQSXSA-N,ready,conflict,139,,7c4905a513096b57f891a487c4becb234ae9a68c75a5668ff2346c3d0af5b510,139,PubChem,2026-05-24T15:03:52.881860+00:00,2026-05-24T15:03:52.881860+00:00,unmapped_plant_reference,member_map_missing_canonical_plant_id,"{""candidate_id"": ""cmpcand_591f2284d8a2b7b9"", ""compound_id"": ""7657d482-3c4e-58ac-836a-2c418a9246fd"", ""member_count"": 1, ""member_ids_preview"": [""cmpcandm_8ca1d7d09f64eab9""], ""missing_member_count"": 1, ""raw_plant_ids_preview"": [""139""], ""source_compound_keys_preview"": [""7c4905a513096b57f891a487c4becb234ae9a68c75a5668ff2346c3d0af5b510""]}"
cmprev_093b77d281e0361e,cmpcand_59613cc4efd4d713,9ebf65b6-1f4c-5fd9-ae19-01edf74e72da,inchi::ALEXXDVDDISNDU-JZYPGELDSA-N,ready,conflict,83,,283679cd3ef0e6fb15007d0838ab364c9a45a893aa529c9323a478b6fbbe8b2e,83,ChEMBL,2026-05-24T15:08:31.438458+00:00,2026-05-24T15:08:31.438458+00:00,unmapped_plant_reference,member_map_missing_canonical_plant_id,"{""candidate_id"": ""cmpcand_59613cc4efd4d713"", ""compound_id"": ""9ebf65b6-1f4c-5fd9-ae19-01edf74e72da"", ""member_count"": 1, ""member_ids_preview"": [""cmpcandm_8906a1c911a851a7""], ""missing_member_count"": 1, ""raw_plant_ids_preview"": [""83""], ""source_compound_keys_preview"": [""283679cd3ef0e6fb15007d0838ab364c9a45a893aa529c9323a478b6fbbe8b2e""]}"
cmprev_2f58396e823bbd87,cmpcand_59637ffe718d5976,e76f7729-e60f-5766-9c8a-9ea564c8167a,inchi::YNMFDPCLPIMRFD-QDINOSLNSA-N,ready,conflict,290,,0b3d983caa73c7ad472555d2226e18b29f4c442f54a26ba5e13ef684a0dd4d31,290,PubChem,2026-05-24T15:05:08.777209+00:00,2026-05-24T15:05:08.777209+00:00,unmapped_plant_reference,member_map_missing_canonical_plant_id,"{""candidate_id"": ""cmpcand_59637ffe718d5976"", ""compound_id"": ""e76f7729-e60f-5766-9c8a-9ea564c8167a"", ""member_count"": 1, ""member_ids_preview"": [""cmpcandm_25f28cde8e62fbd3""], ""missing_member_count"": 1, ""raw_plant_ids_preview"": [""290""], ""source_compound_keys_preview"": [""0b3d983caa73c7ad472555d2226e18b29f4c442f54a26ba5e13ef684a0dd4d31""]}"
cmprev_ba16026f727d55a3,cmpcand_5a2fd54ff33eb772,33c878ed-575d-5787-bf44-cbaa37960c2f,inchi::FPUHKQMDWMVBRI-RUGRQLENSA-N,ready,conflict,490,,1164b1867cd382c85d070bf842b15a82e4fbdb38dd17ef5b92c9bde2bb6b0b62,490,ChEMBL,2026-05-24T15:07:25.951235+00:00,2026-05-24T15:07:25.951235+00:00,unmapped_plant_reference,member_map_missing_canonical_plant_id,"{""candidate_id"": ""cmpcand_5a2fd54ff33eb772"", ""compound_id"": ""33c878ed-575d-5787-bf44-cbaa37960c2f"", ""member_count"": 1, ""member_ids_preview"": [""cmpcandm_7a4a39a11a34aec9""], ""missing_member_count"": 1, ""raw_plant_ids_preview"": [""490""], ""source_compound_keys_preview"": [""1164b1867cd382c85d070bf842b15a82e4fbdb38dd17ef5b92c9bde2bb6b0b62""]}"
cmprev_8cf32e3696a1c084,cmpcand_5a498edd0d05344e,595dc853-1c2e-5835-b979-b5ee1a9e66bc,inchi::TVAHNFDKASHXMI-XEMUPYRWSA-N,ready,conflict,186,,f3f49a5b633eb5148a79e997ba60984668a0af36212bd274978f42aca1db74ee,186,ChEMBL,2026-05-24T15:06:58.816805+00:00,2026-05-24T15:06:58.816805+00:00,unmapped_plant_reference,member_map_missing_canonical_plant_id,"{""candidate_id"": ""cmpcand_5a498edd0d05344e"", ""compound_id"": ""595dc853-1c2e-5835-b979-b5ee1a9e66bc"", ""member_count"": 1, ""member_ids_preview"": [""cmpcandm_8c6f3f2fbcb3449a""], ""missing_member_count"": 1, ""raw_plant_ids_preview"": [""186""], ""source_compound_keys_preview"": [""f3f49a5b633eb5148a79e997ba60984668a0af36212bd274978f42aca1db74ee""]}"
cmprev_03b8f866c03c4162,cmpcand_5a85a0a9ee0674bb,ab682cb6-a9dc-575d-8ed0-d5f7c4959a46,inchi::MMSLOZQEMPDGPI-UHFFFAOYSA-N,ready,conflict,290,,7d2e7bf63eb86bea4ef9df8756d57e00f8237931de05f692e426af5d502da546,290,PubChem,2026-05-24T15:03:06.317404+00:00,2026-05-24T15:03:06.317404+00:00,unmapped_plant_reference,member_map_missing_canonical_plant_id,"{""candidate_id"": ""cmpcand_5a85a0a9ee0674bb"", ""compound_id"": ""ab682cb6-a9dc-575d-8ed0-d5f7c4959a46"", ""member_count"": 1, ""member_ids_preview"": [""cmpcandm_aa073bd6c9cf8fc2""], ""missing_member_count"": 1, ""raw_plant_ids_preview"": [""290""], ""source_compound_keys_preview"": [""7d2e7bf63eb86bea4ef9df8756d57e00f8237931de05f692e426af5d502da546""]}"
cmprev_3b9010aa0c3165d6,cmpcand_5aa07fa6d73e33f1,e2c53b56-8ef3-5bb1-acf9-e426a109c868,inchi::CCYKXDPVYWRNMH-UHFFFAOYSA-N,ready,conflict,175,,15f676f800f7a3e64acd80fb7a462145aeeb38384a431ca47bba9b655e6d7af6,175,PubChem,2026-05-24T15:05:02.992229+00:00,2026-05-24T15:05:02.992229+00:00,unmapped_plant_reference,member_map_missing_canonical_plant_id,"{""candidate_id"": ""cmpcand_5aa07fa6d73e33f1"", ""compound_id"": ""e2c53b56-8ef3-5bb1-acf9-e426a109c868"", ""member_count"": 1, ""member_ids_preview"": [""cmpcandm_64e8b9f21b8d443b""], ""missing_member_count"": 1, ""raw_plant_ids_preview"": [""175""], ""source_compound_keys_preview"": [""15f676f800f7a3e64acd80fb7a462145aeeb38384a431ca47bba9b655e6d7af6""]}"
cmprev_ea37ce80817e4aa3,cmpcand_5aedcf4cdf9fed5e,c5eed0e8-3ba7-5fa7-aade-4c3f82d1abc7,inchi::HDTRYLNUVZCQOY-LIZSDCNHSA-N,ready,conflict,155,,945a79fe8944b6c12461f88f31dd72464d3bee049255f1f781077527e78641a0,155,ChEMBL,2026-05-24T15:09:20.007440+00:00,2026-05-24T15:09:20.007440+00:00,unmapped_plant_reference,member_map_missing_canonical_plant_id,"{""candidate_id"": ""cmpcand_5aedcf4cdf9fed5e"", ""compound_id"": ""c5eed0e8-3ba7-5fa7-aade-4c3f82d1abc7"", ""member_count"": 1, ""member_ids_preview"": [""cmpcandm_24444a8d527e9545""], ""missing_member_count"": 1, ""raw_plant_ids_preview"": [""155""], ""source_compound_keys_preview"": [""945a79fe8944b6c12461f88f31dd72464d3bee049255f1f781077527e78641a0""]}"
cmprev_7c2ef626322651b1,cmpcand_5aff4eab857e9e7b,bd12627a-3c1b-509c-b2df-79a7630ed219,inchi::JBGKVNQFVAJOGC-UHFFFAOYSA-N,ready,matched,107,,1e1225e8b69cd5695152ea8834e7948a673402c7eb999e69651219356ea66e56,107,PubChem,2026-05-24T15:06:35.394550+00:00,2026-05-24T15:06:35.394550+00:00,unmapped_plant_reference,member_map_missing_canonical_plant_id,"{""candidate_id"": ""cmpcand_5aff4eab857e9e7b"", ""compound_id"": ""bd12627a-3c1b-509c-b2df-79a7630ed219"", ""member_count"": 1, ""member_ids_preview"": [""cmpcandm_a97013012515ab2f""], ""missing_member_count"": 1, ""raw_plant_ids_preview"": [""107""], ""source_compound_keys_preview"": [""1e1225e8b69cd5695152ea8834e7948a673402c7eb999e69651219356ea66e56""]}"
cmprev_b450e894d73f194c,cmpcand_5b33e142892bbb6e,d684b327-ce42-52ee-8420-83d63f8e1be1,inchi::RYYVLZVUVIJVGH-UHFFFAOYSA-N,ready,conflict,139,,26536c78abe8c0ac0c1ef0dcf62897858235a8cfc898e4a743bd7772a3aca6bb,139,ChEMBL,2026-05-24T15:07:18.372432+00:00,2026-05-24T15:07:18.372432+00:00,unmapped_plant_reference,member_map_missing_canonical_plant_id,"{""candidate_id"": ""cmpcand_5b33e142892bbb6e"", ""compound_id"": ""d684b327-ce42-52ee-8420-83d63f8e1be1"", ""member_count"": 1, ""member_ids_preview"": [""cmpcandm_0e3ab002cb3e85df""], ""missing_member_count"": 1, ""raw_plant_ids_preview"": [""139""], ""source_compound_keys_preview"": [""26536c78abe8c0ac0c1ef0dcf62897858235a8cfc898e4a743bd7772a3aca6bb""]}"
cmprev_e41cc6fd8173a936,cmpcand_5beb2a36f550c8c7,060a4de4-3359-5dcc-ba6e-35f19fbf27de,inchi::HYBBIBNJHNGZAN-UHFFFAOYSA-N,ready,conflict,139,,29402fa30c68ca15b7ed5fed9aeec74a3102bf917051db44d49cdb801fdd05b9,139,ChEMBL,2026-05-24T15:09:17.668572+00:00,2026-05-24T15:09:17.668572+00:00,unmapped_plant_reference,member_map_missing_canonical_plant_id,"{""candidate_id"": ""cmpcand_5beb2a36f550c8c7"", ""compound_id"": ""060a4de4-3359-5dcc-ba6e-35f19fbf27de"", ""member_count"": 1, ""member_ids_preview"": [""cmpcandm_8ada5f67f03d5201""], ""missing_member_count"": 1, ""raw_plant_ids_preview"": [""139""], ""source_compound_keys_preview"": [""29402fa30c68ca15b7ed5fed9aeec74a3102bf917051db44d49cdb801fdd05b9""]}"
cmprev_323fa1759e82ee8d,cmpcand_5c34b88da29c20ad,1cfa2ed9-c163-5d8b-bda1-3004973a11d9,inchi::MNEJUZVNGNCLJU-QLEMLULZSA-N,ready,conflict,144,,db2d495bd39e0d93a79ba88e263aad1f2630f5e3fe9389eaaa34188e844b3137,144,PubChem,2026-05-24T15:07:55.738839+00:00,2026-05-24T15:07:55.738839+00:00,unmapped_plant_reference,member_map_missing_canonical_plant_id,"{""candidate_id"": ""cmpcand_5c34b88da29c20ad"", ""compound_id"": ""1cfa2ed9-c163-5d8b-bda1-3004973a11d9"", ""member_count"": 1, ""member_ids_preview"": [""cmpcandm_a35d72876a36b1ee""], ""missing_member_count"": 1, ""raw_plant_ids_preview"": [""144""], ""source_compound_keys_preview"": [""db2d495bd39e0d93a79ba88e263aad1f2630f5e3fe9389eaaa34188e844b3137""]}"
cmprev_c36562a561c5b571,cmpcand_5c4f5b55982dbb26,5584e9c4-555f-5ba9-b4c6-3890d11aabc7,inchi::BLTMVAIOAAGYAR-ZNKMMSAYSA-N,ready,conflict,83,,29c2e9758e23a4f018280c3eb7f815d1f87849b6080e12197a8056f8b992b658,83,ChEMBL,2026-05-24T15:08:06.012829+00:00,2026-05-24T15:08:06.012829+00:00,unmapped_plant_reference,member_map_missing_canonical_plant_id,"{""candidate_id"": ""cmpcand_5c4f5b55982dbb26"", ""compound_id"": ""5584e9c4-555f-5ba9-b4c6-3890d11aabc7"", ""member_count"": 1, ""member_ids_preview"": [""cmpcandm_d27209ab261ae564""], ""missing_member_count"": 1, ""raw_plant_ids_preview"": [""83""], ""source_compound_keys_preview"": [""29c2e9758e23a4f018280c3eb7f815d1f87849b6080e12197a8056f8b992b658""]}"
cmprev_644109665a38ffb0,cmpcand_5cb74cc8edb8949a,44fc0691-e129-5183-9cb2-e918383b8f93,inchi::JMSVCTWVEWCHDZ-UHFFFAOYSA-N,ready,conflict,82,,59bb193c86c53ca2d8a3619233819289a46f81d18e9703885512085909af577a,82;341;175,ChEMBL,2026-05-24T15:06:56.066485+00:00,2026-05-24T15:06:56.066485+00:00,unmapped_plant_reference,member_map_missing_canonical_plant_id,"{""candidate_id"": ""cmpcand_5cb74cc8edb8949a"", ""compound_id"": ""44fc0691-e129-5183-9cb2-e918383b8f93"", ""member_count"": 3, ""member_ids_preview"": [""cmpcandm_3437270ffcffaf51"", ""cmpcandm_be3fb3527f628c4f"", ""cmpcandm_0dd1aea2b2b7271a""], ""missing_member_count"": 3, ""raw_plant_ids_preview"": [""82"", ""341"", ""175""], ""source_compound_keys_preview"": [""59bb193c86c53ca2d8a3619233819289a46f81d18e9703885512085909af577a"", ""fa1147be21b2dbb87489e3a869e6402ea536d798ac3f42590aa0b3d580029aad"", ""20e932ebc48c5109b88a66b42408664185fac827479dcb82e6762a6cc6f69388""]}"
cmprev_bdff7d98142d0df0,cmpcand_5dac1f641b88664d,99246148-8077-55d7-b02c-9aff2a210974,inchi::OFOBLEOULBTSOW-UHFFFAOYSA-N,ready,conflict,155,,f8bf1c949cf24d5ddf0ebd8bd2c54afa23fa62b2d39fd34ce1dd247cf6b74d9b,155,ChEMBL,2026-05-24T15:03:46.166655+00:00,2026-05-24T15:03:46.166655+00:00,unmapped_plant_reference,member_map_missing_canonical_plant_id,"{""candidate_id"": ""cmpcand_5dac1f641b88664d"", ""compound_id"": ""99246148-8077-55d7-b02c-9aff2a210974"", ""member_count"": 1, ""member_ids_preview"": [""cmpcandm_81b0b1f9fd19d233""], ""missing_member_count"": 1, ""raw_plant_ids_preview"": [""155""], ""source_compound_keys_preview"": [""f8bf1c949cf24d5ddf0ebd8bd2c54afa23fa62b2d39fd34ce1dd247cf6b74d9b""]}"
cmprev_fd5e6c324b0de43f,cmpcand_5df65e134614e308,4800debb-0eb6-58ed-848b-39444d77c9d5,inchi::NSMUHPMZFPKNMZ-VBYMZDBQSA-M,ready,matched,139,,69e45de71bb14a2f83fe1f51223ccbe3d79b62716a74728262be3116180b3e01,139,PubChem,2026-05-24T15:06:50.546203+00:00,2026-05-24T15:06:50.546203+00:00,unmapped_plant_reference,member_map_missing_canonical_plant_id,"{""candidate_id"": ""cmpcand_5df65e134614e308"", ""compound_id"": ""4800debb-0eb6-58ed-848b-39444d77c9d5"", ""member_count"": 1, ""member_ids_preview"": [""cmpcandm_2eec1dbd28c7809c""], ""missing_member_count"": 1, ""raw_plant_ids_preview"": [""139""], ""source_compound_keys_preview"": [""69e45de71bb14a2f83fe1f51223ccbe3d79b62716a74728262be3116180b3e01""]}"
cmprev_7aac4ca8060e4685,cmpcand_5e4612e71eb2b063,f10b89cc-3f87-5b56-b5ea-6623a206b4af,inchi::CDAISMWEOUEBRE-GPIVLXJGSA-N,ready,conflict,155,,f6618f7d0f75952dcb0835e6e9f7228023b54c7c977725ea44abe7db10ae1d09,155,ChEMBL,2026-05-24T15:08:52.310684+00:00,2026-05-24T15:08:52.310684+00:00,unmapped_plant_reference,member_map_missing_canonical_plant_id,"{""candidate_id"": ""cmpcand_5e4612e71eb2b063"", ""compound_id"": ""f10b89cc-3f87-5b56-b5ea-6623a206b4af"", ""member_count"": 1, ""member_ids_preview"": [""cmpcandm_571853b3acbbeda0""], ""missing_member_count"": 1, ""raw_plant_ids_preview"": [""155""], ""source_compound_keys_preview"": [""f6618f7d0f75952dcb0835e6e9f7228023b54c7c977725ea44abe7db10ae1d09""]}"
cmprev_cc67fbcc788de5b6,cmpcand_5f2e63439f34d952,d34d83c9-c314-58db-accb-0320e470fe2e,inchi::PGDDDJBSORSPAG-UHFFFAOYSA-N,ready,conflict,107,,f4614a17522ce8c494cb0489dc50c3228bd198ea56e96d00e3b0942c6f8567e0,107,PubChem,2026-05-24T15:04:18.321640+00:00,2026-05-24T15:04:18.321640+00:00,unmapped_plant_reference,member_map_missing_canonical_plant_id,"{""candidate_id"": ""cmpcand_5f2e63439f34d952"", ""compound_id"": ""d34d83c9-c314-58db-accb-0320e470fe2e"", ""member_count"": 1, ""member_ids_preview"": [""cmpcandm_a16b2bf2701dd51e""], ""missing_member_count"": 1, ""raw_plant_ids_preview"": [""107""], ""source_compound_keys_preview"": [""f4614a17522ce8c494cb0489dc50c3228bd198ea56e96d00e3b0942c6f8567e0""]}"
cmprev_d4a9a9207ca82626,cmpcand_601cdb3cbd870a50,8c97b465-850f-5708-80fb-f0488190cf44,inchi::NPNGXTNOHWBXEN-NMRUZERSSA-N,ready,conflict,67,,c367ad95348e2c46df7a10859ceebfaf010e3678badfc1e31a602d5ba2a7307b,67,PubChem,2026-05-24T15:06:04.886968+00:00,2026-05-24T15:06:04.886968+00:00,unmapped_plant_reference,member_map_missing_canonical_plant_id,"{""candidate_id"": ""cmpcand_601cdb3cbd870a50"", ""compound_id"": ""8c97b465-850f-5708-80fb-f0488190cf44"", ""member_count"": 1, ""member_ids_preview"": [""cmpcandm_42e5ede871a4e648""], ""missing_member_count"": 1, ""raw_plant_ids_preview"": [""67""], ""source_compound_keys_preview"": [""c367ad95348e2c46df7a10859ceebfaf010e3678badfc1e31a602d5ba2a7307b""]}"
cmprev_ddd002b5d2fa6454,cmpcand_608f629e7cc441d1,682fa443-38bb-508f-b966-2d2f3d8c4ae1,inchi::SIKJAQJRHWYJAI-UHFFFAOYSA-N,ready,conflict,139,,e5f22159ba2504d198ce9eeba29014ac8ee6fa8cca3147b49abc41cb90f05d30,139,ChEMBL,2026-05-24T15:03:10.600693+00:00,2026-05-24T15:03:10.600693+00:00,unmapped_plant_reference,member_map_missing_canonical_plant_id,"{""candidate_id"": ""cmpcand_608f629e7cc441d1"", ""compound_id"": ""682fa443-38bb-508f-b966-2d2f3d8c4ae1"", ""member_count"": 1, ""member_ids_preview"": [""cmpcandm_792dfa741ee536f7""], ""missing_member_count"": 1, ""raw_plant_ids_preview"": [""139""], ""source_compound_keys_preview"": [""e5f22159ba2504d198ce9eeba29014ac8ee6fa8cca3147b49abc41cb90f05d30""]}"
cmprev_6c6d40847db7878e,cmpcand_60b12ce5efb4e266,9324167a-3125-54ea-9a23-6328fb0d9cde,inchi::LGGSDHMXURUIDJ-YIXXDRMTSA-N,ready,conflict,502,,4d730872b88bbeaa26c8276ac4d52e26edacebe98dee1dbda06dfcd73a9e4d46,502,ChEMBL,2026-05-24T15:08:55.820541+00:00,2026-05-24T15:08:55.820541+00:00,unmapped_plant_reference,member_map_missing_canonical_plant_id,"{""candidate_id"": ""cmpcand_60b12ce5efb4e266"", ""compound_id"": ""9324167a-3125-54ea-9a23-6328fb0d9cde"", ""member_count"": 1, ""member_ids_preview"": [""cmpcandm_aa6e093805621d9c""], ""missing_member_count"": 1, ""raw_plant_ids_preview"": [""502""], ""source_compound_keys_preview"": [""4d730872b88bbeaa26c8276ac4d52e26edacebe98dee1dbda06dfcd73a9e4d46""]}"
cmprev_9949ee797d3a043d,cmpcand_60d6fef55e7d7e23,c8427a67-b6ff-5fdc-973e-87c9ac68d97e,inchi::GLWFCJOUIQRVSV-DUXPYHPUSA-N,ready,conflict,398,,4a60c1cbc39949e00afe2a87c2835df90671bfe2efaafe84892cdf83a42785da,398,PubChem,2026-05-24T15:07:10.714073+00:00,2026-05-24T15:07:10.714073+00:00,unmapped_plant_reference,member_map_missing_canonical_plant_id,"{""candidate_id"": ""cmpcand_60d6fef55e7d7e23"", ""compound_id"": ""c8427a67-b6ff-5fdc-973e-87c9ac68d97e"", ""member_count"": 1, ""member_ids_preview"": [""cmpcandm_a2e51bec20044914""], ""missing_member_count"": 1, ""raw_plant_ids_preview"": [""398""], ""source_compound_keys_preview"": [""4a60c1cbc39949e00afe2a87c2835df90671bfe2efaafe84892cdf83a42785da""]}"
cmprev_a033cc8db11a2dc8,cmpcand_615635f3f81812ae,72702f40-bd9c-5173-9070-c1f629b2eec9,inchi::QEVHRUUCFGRFIF-MDEJGZGSSA-N,ready,conflict,429,,ff2503bebf5853cc7c239c06249902f9677eaa653dc9c2ef238d19f6d32cec7c,429,ChEMBL,2026-05-24T15:06:42.353447+00:00,2026-05-24T15:06:42.353447+00:00,unmapped_plant_reference,member_map_missing_canonical_plant_id,"{""candidate_id"": ""cmpcand_615635f3f81812ae"", ""compound_id"": ""72702f40-bd9c-5173-9070-c1f629b2eec9"", ""member_count"": 1, ""member_ids_preview"": [""cmpcandm_3147161df2197b43""], ""missing_member_count"": 1, ""raw_plant_ids_preview"": [""429""], ""source_compound_keys_preview"": [""ff2503bebf5853cc7c239c06249902f9677eaa653dc9c2ef238d19f6d32cec7c""]}"
cmprev_2a8560264aad9806,cmpcand_61fc10af5078992d,868536d7-92e3-5308-8a85-c88d82e4e399,inchi::CUUMXRBKJIDIAY-ZDUSSCGKSA-N,ready,conflict,290,,53d95e3b6b2835f0a026e2f9d48739f3f7257894f0ff06cfe6daf09f599411ce,290,PubChem,2026-05-24T15:04:55.933392+00:00,2026-05-24T15:04:55.933392+00:00,unmapped_plant_reference,member_map_missing_canonical_plant_id,"{""candidate_id"": ""cmpcand_61fc10af5078992d"", ""compound_id"": ""868536d7-92e3-5308-8a85-c88d82e4e399"", ""member_count"": 1, ""member_ids_preview"": [""cmpcandm_9e92ca0dbc62742f""], ""missing_member_count"": 1, ""raw_plant_ids_preview"": [""290""], ""source_compound_keys_preview"": [""53d95e3b6b2835f0a026e2f9d48739f3f7257894f0ff06cfe6daf09f599411ce""]}"
cmprev_1764b2ae3552c41a,cmpcand_62218852fbf697f1,186630e4-5944-5190-ab15-775350d234db,inchi::UWHUTZOCTZJUKC-JKSUJKDBSA-N,ready,conflict,83,,d9f1ddcea37cc2ac01514628e33121528b102c0bc85b66cc485d89c9072798ae,83,ChEMBL,2026-05-24T15:06:25.720459+00:00,2026-05-24T15:06:25.720459+00:00,unmapped_plant_reference,member_map_missing_canonical_plant_id,"{""candidate_id"": ""cmpcand_62218852fbf697f1"", ""compound_id"": ""186630e4-5944-5190-ab15-775350d234db"", ""member_count"": 1, ""member_ids_preview"": [""cmpcandm_516d27781229f9da""], ""missing_member_count"": 1, ""raw_plant_ids_preview"": [""83""], ""source_compound_keys_preview"": [""d9f1ddcea37cc2ac01514628e33121528b102c0bc85b66cc485d89c9072798ae""]}"
cmprev_e18d1621a6be144d,cmpcand_62471883d79e60dc,9ddd769c-bb0a-568f-ad47-87e045c85c9f,inchi::SJZIFWGVHGVKAH-AVZLBZSXSA-N,ready,conflict,83,,b28485afc43885300b8cce140b80a146d352f4b30f890236ee1210ef777c42f3,83,ChEMBL,2026-05-24T15:08:40.530835+00:00,2026-05-24T15:08:40.530835+00:00,unmapped_plant_reference,member_map_missing_canonical_plant_id,"{""candidate_id"": ""cmpcand_62471883d79e60dc"", ""compound_id"": ""9ddd769c-bb0a-568f-ad47-87e045c85c9f"", ""member_count"": 1, ""member_ids_preview"": [""cmpcandm_7c5862d18943a3d5""], ""missing_member_count"": 1, ""raw_plant_ids_preview"": [""83""], ""source_compound_keys_preview"": [""b28485afc43885300b8cce140b80a146d352f4b30f890236ee1210ef777c42f3""]}"
cmprev_35372b5e0c59deca,cmpcand_6342a34b3449b9a2,630657a2-81a8-5196-95b9-4bc8b0c6f058,inchi::XWYMYIIZOMUYJL-AIDRDAEZSA-N,ready,conflict,392,,85c5cf78ce11c9fe997eb3bcba99495bb2b1e822a0768600cd702cf1b1ba6587,392,ChEMBL,2026-05-24T15:08:58.901964+00:00,2026-05-24T15:08:58.901964+00:00,unmapped_plant_reference,member_map_missing_canonical_plant_id,"{""candidate_id"": ""cmpcand_6342a34b3449b9a2"", ""compound_id"": ""630657a2-81a8-5196-95b9-4bc8b0c6f058"", ""member_count"": 1, ""member_ids_preview"": [""cmpcandm_1294d8d1cd8a0ce8""], ""missing_member_count"": 1, ""raw_plant_ids_preview"": [""392""], ""source_compound_keys_preview"": [""85c5cf78ce11c9fe997eb3bcba99495bb2b1e822a0768600cd702cf1b1ba6587""]}"
cmprev_a46d884e58691a4f,cmpcand_639b866002ade45f,e2aaa180-23cf-5ee1-b5cc-6cc78f68d602,inchi::PADNECYMNLPKRN-UHFFFAOYSA-N,ready,conflict,502,,5bbe97b6984d69a0732a01d1f56de12838b347a307e5585705a62bc640f04681,502,PubChem,2026-05-24T15:04:01.857171+00:00,2026-05-24T15:04:01.857171+00:00,unmapped_plant_reference,member_map_missing_canonical_plant_id,"{""candidate_id"": ""cmpcand_639b866002ade45f"", ""compound_id"": ""e2aaa180-23cf-5ee1-b5cc-6cc78f68d602"", ""member_count"": 1, ""member_ids_preview"": [""cmpcandm_7a5782504300fda3""], ""missing_member_count"": 1, ""raw_plant_ids_preview"": [""502""], ""source_compound_keys_preview"": [""5bbe97b6984d69a0732a01d1f56de12838b347a307e5585705a62bc640f04681""]}"
cmprev_7bdaa55f852dc9bc,cmpcand_63a43bc418bb7b10,fdcb2f94-7bb4-5f66-8943-5fec65636f1b,inchi::OGWKCGZFUXNPDA-XQKSVPLYSA-N,ready,conflict,522,,158f6ea3934fa344168c61bd201446a0e29031091b7e12ecafe5e742e7a692c2,522,ChEMBL,2026-05-24T15:07:15.307183+00:00,2026-05-24T15:07:15.307183+00:00,unmapped_plant_reference,member_map_missing_canonical_plant_id,"{""candidate_id"": ""cmpcand_63a43bc418bb7b10"", ""compound_id"": ""fdcb2f94-7bb4-5f66-8943-5fec65636f1b"", ""member_count"": 1, ""member_ids_preview"": [""cmpcandm_a139d4ecce038a25""], ""missing_member_count"": 1, ""raw_plant_ids_preview"": [""522""], ""source_compound_keys_preview"": [""158f6ea3934fa344168c61bd201446a0e29031091b7e12ecafe5e742e7a692c2""]}"
cmprev_36259ef169dcb972,cmpcand_63f798c581a5bb3a,408f4340-0962-5950-8160-0eb50576be5e,inchi::XKKYNLKDFVQDGT-YHUYVZNPSA-N,ready,matched,341,,b2450c25b471f60aeeddf029c20dc31d5f736e1b61405e5f00a2b88278add12f,341,ChEMBL,2026-05-24T15:03:29.895472+00:00,2026-05-24T15:03:29.895472+00:00,unmapped_plant_reference,member_map_missing_canonical_plant_id,"{""candidate_id"": ""cmpcand_63f798c581a5bb3a"", ""compound_id"": ""408f4340-0962-5950-8160-0eb50576be5e"", ""member_count"": 1, ""member_ids_preview"": [""cmpcandm_79b85538487bf633""], ""missing_member_count"": 1, ""raw_plant_ids_preview"": [""341""], ""source_compound_keys_preview"": [""b2450c25b471f60aeeddf029c20dc31d5f736e1b61405e5f00a2b88278add12f""]}"
cmprev_a075ccf61d5d9bea,cmpcand_641840b4f6c277be,0258e181-0d83-5127-97f5-dd8158ea6ede,inchi::HUKSJTUUSUGIDC-ZBEGNZNMSA-N,ready,conflict,175,,1e1c5290f6773e1df48ca95b2d13a8459c75421741bc9ce0ae01c8583991880b,175,ChEMBL,2026-05-24T15:04:48.407135+00:00,2026-05-24T15:04:48.407135+00:00,unmapped_plant_reference,member_map_missing_canonical_plant_id,"{""candidate_id"": ""cmpcand_641840b4f6c277be"", ""compound_id"": ""0258e181-0d83-5127-97f5-dd8158ea6ede"", ""member_count"": 1, ""member_ids_preview"": [""cmpcandm_b07f4153d21dc251""], ""missing_member_count"": 1, ""raw_plant_ids_preview"": [""175""], ""source_compound_keys_preview"": [""1e1c5290f6773e1df48ca95b2d13a8459c75421741bc9ce0ae01c8583991880b""]}"
cmprev_6f7cb0fb20e796a3,cmpcand_64322cd2b2f88766,3eba6090-3d63-5a3e-99fc-db3d2ae3eff8,inchi::WZESQBIPMBSRTJ-YVIUUZNPSA-N,ready,conflict,522,,41d802d432a47127e202d40ef50bc50bd160a3ea7b11bc98e25571518474960e,522,ChEMBL,2026-05-24T15:04:00.008969+00:00,2026-05-24T15:04:00.008969+00:00,unmapped_plant_reference,member_map_missing_canonical_plant_id,"{""candidate_id"": ""cmpcand_64322cd2b2f88766"", ""compound_id"": ""3eba6090-3d63-5a3e-99fc-db3d2ae3eff8"", ""member_count"": 1, ""member_ids_preview"": [""cmpcandm_537d91b9b60a93d7""], ""missing_member_count"": 1, ""raw_plant_ids_preview"": [""522""], ""source_compound_keys_preview"": [""41d802d432a47127e202d40ef50bc50bd160a3ea7b11bc98e25571518474960e""]}"
cmprev_a08cbe8cb446730a,cmpcand_64719ff26bc60783,18aafde0-47e3-5687-a91f-7d27217ffd0e,inchi::YKFLAYDHMOASIY-UHFFFAOYSA-N,ready,conflict,290,,ad02f1acc474b85ff3579aec84adc9de53f37607b9bfaaa8b609220804dc7929,290,ChEMBL,2026-05-24T15:09:21.047275+00:00,2026-05-24T15:09:21.047275+00:00,unmapped_plant_reference,member_map_missing_canonical_plant_id,"{""candidate_id"": ""cmpcand_64719ff26bc60783"", ""compound_id"": ""18aafde0-47e3-5687-a91f-7d27217ffd0e"", ""member_count"": 1, ""member_ids_preview"": [""cmpcandm_ca00b4470ecaeac9""], ""missing_member_count"": 1, ""raw_plant_ids_preview"": [""290""], ""source_compound_keys_preview"": [""ad02f1acc474b85ff3579aec84adc9de53f37607b9bfaaa8b609220804dc7929""]}"
cmprev_36337df9675f03d0,cmpcand_647796c1c4278b9c,e26b8a0b-77a8-5ded-941f-a3bf2d6cc540,inchi::ZZTYPLSBNNGEIS-OPAXANQDSA-N,ready,conflict,420,,880a4105bc87a60d16219293730f0c4087d3b31ca17e1f48ab9a73aec919f19b,420,ChEMBL,2026-05-24T15:03:41.132697+00:00,2026-05-24T15:03:41.132697+00:00,unmapped_plant_reference,member_map_missing_canonical_plant_id,"{""candidate_id"": ""cmpcand_647796c1c4278b9c"", ""compound_id"": ""e26b8a0b-77a8-5ded-941f-a3bf2d6cc540"", ""member_count"": 1, ""member_ids_preview"": [""cmpcandm_72c8aef38885b290""], ""missing_member_count"": 1, ""raw_plant_ids_preview"": [""420""], ""source_compound_keys_preview"": [""880a4105bc87a60d16219293730f0c4087d3b31ca17e1f48ab9a73aec919f19b""]}"
cmprev_cd1101460fc8ad71,cmpcand_64f13149408f88af,3245754d-70d1-59ef-b62e-8a559f575158,inchi::IWWGJHDCEUWDTE-UHFFFAOYSA-N,ready,ambiguous,286,,32b3a84e576b7ab9cec004b8391fd1068808dfc996994255920f5c50ef50c869,286,ChEMBL,2026-05-24T15:04:22.967189+00:00,2026-05-24T15:04:22.967189+00:00,unmapped_plant_reference,member_map_missing_canonical_plant_id,"{""candidate_id"": ""cmpcand_64f13149408f88af"", ""compound_id"": ""3245754d-70d1-59ef-b62e-8a559f575158"", ""member_count"": 1, ""member_ids_preview"": [""cmpcandm_755250abf0732969""], ""missing_member_count"": 1, ""raw_plant_ids_preview"": [""286""], ""source_compound_keys_preview"": [""32b3a84e576b7ab9cec004b8391fd1068808dfc996994255920f5c50ef50c869""]}"
cmprev_85cea2a6c16d2b0e,cmpcand_64f1bcb92d82cd4e,860bd2af-7e33-5be2-b799-77938cf3d1cf,inchi::BHHGXPLMPWCGHP-UHFFFAOYSA-N,ready,conflict,347,,821cae8008ad1febc29ecafa1f7725c4fcc31b8303e01e4acf6602584d94632c,347,ChEMBL,2026-05-24T15:07:43.393554+00:00,2026-05-24T15:07:43.393554+00:00,unmapped_plant_reference,member_map_missing_canonical_plant_id,"{""candidate_id"": ""cmpcand_64f1bcb92d82cd4e"", ""compound_id"": ""860bd2af-7e33-5be2-b799-77938cf3d1cf"", ""member_count"": 1, ""member_ids_preview"": [""cmpcandm_ddab0486deceb805""], ""missing_member_count"": 1, ""raw_plant_ids_preview"": [""347""], ""source_compound_keys_preview"": [""821cae8008ad1febc29ecafa1f7725c4fcc31b8303e01e4acf6602584d94632c""]}"
cmprev_90440865a6f12ade,cmpcand_65e65e80e095f3b3,c0434bb9-293f-5d84-a428-79719bee0049,inchi::BMHPRIPRPDSKRK-OMXAPOSASA-N,ready,conflict,286,,2e821c364e2934dea41784ecae244d531026674138e5522a2e0f10531a56039c,286,ChEMBL,2026-05-24T15:08:05.075871+00:00,2026-05-24T15:08:05.075871+00:00,unmapped_plant_reference,member_map_missing_canonical_plant_id,"{""candidate_id"": ""cmpcand_65e65e80e095f3b3"", ""compound_id"": ""c0434bb9-293f-5d84-a428-79719bee0049"", ""member_count"": 1, ""member_ids_preview"": [""cmpcandm_e27044d6cc6ceb0e""], ""missing_member_count"": 1, ""raw_plant_ids_preview"": [""286""], ""source_compound_keys_preview"": [""2e821c364e2934dea41784ecae244d531026674138e5522a2e0f10531a56039c""]}"
cmprev_5d5a59866d2f596f,cmpcand_660cbe533311f207,274a7f3e-bdd5-588f-ad02-8d2fcf386a02,inchi::UCHYSPNEUSDFQR-UHFFFAOYSA-N,ready,conflict,175,,313cc6d3229178edb76f6f38c5748840b6b79628d05fc4095b1eb98804e0e2d5,175,ChEMBL,2026-05-24T15:06:46.357672+00:00,2026-05-24T15:06:46.357672+00:00,unmapped_plant_reference,member_map_missing_canonical_plant_id,"{""candidate_id"": ""cmpcand_660cbe533311f207"", ""compound_id"": ""274a7f3e-bdd5-588f-ad02-8d2fcf386a02"", ""member_count"": 1, ""member_ids_preview"": [""cmpcandm_c89117c61f3fb4c4""], ""missing_member_count"": 1, ""raw_plant_ids_preview"": [""175""], ""source_compound_keys_preview"": [""313cc6d3229178edb76f6f38c5748840b6b79628d05fc4095b1eb98804e0e2d5""]}"
cmprev_e559a5dc55624bcc,cmpcand_661e135115a81768,9621eafe-6d8b-52aa-b052-e306c0711ec6,inchi::XGQPXBKBCOHIQI-KEKDAFQKSA-O,ready,matched,67,,f05f0817d34344a0e1a1852e32829b92af98a294591de6f157789b2816180a74,67,PubChem,2026-05-24T15:04:17.404113+00:00,2026-05-24T15:04:17.404113+00:00,unmapped_plant_reference,member_map_missing_canonical_plant_id,"{""candidate_id"": ""cmpcand_661e135115a81768"", ""compound_id"": ""9621eafe-6d8b-52aa-b052-e306c0711ec6"", ""member_count"": 1, ""member_ids_preview"": [""cmpcandm_bd498db86e9ac3b0""], ""missing_member_count"": 1, ""raw_plant_ids_preview"": [""67""], ""source_compound_keys_preview"": [""f05f0817d34344a0e1a1852e32829b92af98a294591de6f157789b2816180a74""]}"
cmprev_267859ac17144bc5,cmpcand_66393d321d293f49,9a702345-cf68-529a-ac11-c9772cc13904,inchi::RGTSAUBIQAKKLC-UHFFFAOYSA-N,ready,conflict,213,,b796f5062dc4cc93a612ace3176345fe1e5aafcfcd821226b4a9a124532ec0b8,213,PubChem,2026-05-24T15:06:29.356325+00:00,2026-05-24T15:06:29.356325+00:00,unmapped_plant_reference,member_map_missing_canonical_plant_id,"{""candidate_id"": ""cmpcand_66393d321d293f49"", ""compound_id"": ""9a702345-cf68-529a-ac11-c9772cc13904"", ""member_count"": 1, ""member_ids_preview"": [""cmpcandm_f90e619ed14475bf""], ""missing_member_count"": 1, ""raw_plant_ids_preview"": [""213""], ""source_compound_keys_preview"": [""b796f5062dc4cc93a612ace3176345fe1e5aafcfcd821226b4a9a124532ec0b8""]}"
cmprev_db302643db5f25a1,cmpcand_6669178c8b095831,ae236b72-c891-55fc-b203-05c3d48153ae,inchi::BLGXFZZNTVWLAY-SCYLSFHTSA-N,ready,conflict,429,,14808becee727cb97f0b9dfbdaf45f15d81aec4dacb9f1a494124b8ef16bf4f5,429,ChEMBL,2026-05-24T15:03:52.897930+00:00,2026-05-24T15:03:52.897930+00:00,unmapped_plant_reference,member_map_missing_canonical_plant_id,"{""candidate_id"": ""cmpcand_6669178c8b095831"", ""compound_id"": ""ae236b72-c891-55fc-b203-05c3d48153ae"", ""member_count"": 1, ""member_ids_preview"": [""cmpcandm_b9e893f99af0d0ed""], ""missing_member_count"": 1, ""raw_plant_ids_preview"": [""429""], ""source_compound_keys_preview"": [""14808becee727cb97f0b9dfbdaf45f15d81aec4dacb9f1a494124b8ef16bf4f5""]}"
cmprev_32ef55d69b115ab7,cmpcand_66cc545a57663f53,1acb9874-3f56-54f8-83f0-154faaddf3a2,inchi::OGWNPNIRZURLGD-UHFFFAOYSA-N,ready,conflict,341,,e0bb8f3ec60fab061d3ae5b75dc245f302ec2f1e454d412498b3a5e13145d2fb,341,PubChem,2026-05-24T15:02:40.231867+00:00,2026-05-24T15:02:40.231867+00:00,unmapped_plant_reference,member_map_missing_canonical_plant_id,"{""candidate_id"": ""cmpcand_66cc545a57663f53"", ""compound_id"": ""1acb9874-3f56-54f8-83f0-154faaddf3a2"", ""member_count"": 1, ""member_ids_preview"": [""cmpcandm_3755a3305a13c600""], ""missing_member_count"": 1, ""raw_plant_ids_preview"": [""341""], ""source_compound_keys_preview"": [""e0bb8f3ec60fab061d3ae5b75dc245f302ec2f1e454d412498b3a5e13145d2fb""]}"
cmprev_8be627a1fc6935b2,cmpcand_66f6f1ee3afae0d6,9c7b1502-4f6e-5d9d-a3e1-5a025834f1f0,inchi::CFLNHFUPWNRWJA-UHFFFAOYSA-N,ready,matched,107,,93de3130df39a9d64a359faa0a77df97a86a8af4a5e536587ac7543aa5e44aa4,107,PubChem,2026-05-24T15:08:11.020217+00:00,2026-05-24T15:08:11.020217+00:00,unmapped_plant_reference,member_map_missing_canonical_plant_id,"{""candidate_id"": ""cmpcand_66f6f1ee3afae0d6"", ""compound_id"": ""9c7b1502-4f6e-5d9d-a3e1-5a025834f1f0"", ""member_count"": 1, ""member_ids_preview"": [""cmpcandm_20bdc499398e9792""], ""missing_member_count"": 1, ""raw_plant_ids_preview"": [""107""], ""source_compound_keys_preview"": [""93de3130df39a9d64a359faa0a77df97a86a8af4a5e536587ac7543aa5e44aa4""]}"
cmprev_b897e1dc340de30a,cmpcand_670221fbd3b99acf,3b633f32-f6b1-5886-b5b6-7e2dcf7824c1,inchi::GTZCVFVGUGFEME-HNQUOIGGSA-N,ready,matched,155,,2540a22c1753b04628ef6680699227da062099d40d6ca79bf8e016482012c7d1,155,PubChem,2026-05-24T15:07:26.092030+00:00,2026-05-24T15:07:26.092030+00:00,unmapped_plant_reference,member_map_missing_canonical_plant_id,"{""candidate_id"": ""cmpcand_670221fbd3b99acf"", ""compound_id"": ""3b633f32-f6b1-5886-b5b6-7e2dcf7824c1"", ""member_count"": 1, ""member_ids_preview"": [""cmpcandm_8426883282458e91""], ""missing_member_count"": 1, ""raw_plant_ids_preview"": [""155""], ""source_compound_keys_preview"": [""2540a22c1753b04628ef6680699227da062099d40d6ca79bf8e016482012c7d1""]}"
cmprev_f8fa3e58f2eb7155,cmpcand_672ac95d0cf0630a,b12b5f97-7970-5908-9171-3367b4cc2246,inchi::DGDWCRWJRNMRKX-DILZHRMZSA-N,ready,conflict,369,,882d921d78776a555c2b0f5be0f445af13fc4e6ea8d6e8160d07e8aad710ef91,369,ChEMBL,2026-05-24T15:05:18.806261+00:00,2026-05-24T15:05:18.806261+00:00,unmapped_plant_reference,member_map_missing_canonical_plant_id,"{""candidate_id"": ""cmpcand_672ac95d0cf0630a"", ""compound_id"": ""b12b5f97-7970-5908-9171-3367b4cc2246"", ""member_count"": 1, ""member_ids_preview"": [""cmpcandm_23d66ddad8072b8e""], ""missing_member_count"": 1, ""raw_plant_ids_preview"": [""369""], ""source_compound_keys_preview"": [""882d921d78776a555c2b0f5be0f445af13fc4e6ea8d6e8160d07e8aad710ef91""]}"
cmprev_fdca1742d9f719b8,cmpcand_6779d4962b437452,c8839695-b035-5caf-8f5b-a9ad70109860,inchi::HHWOKJDCJVESIF-GIPAHHNCSA-N,ready,conflict,186,,62a690b54dcba271266829940f1b895901c35902a04656118cfc34a9449bf535,186,ChEMBL,2026-05-24T15:05:14.703818+00:00,2026-05-24T15:05:14.703818+00:00,unmapped_plant_reference,member_map_missing_canonical_plant_id,"{""candidate_id"": ""cmpcand_6779d4962b437452"", ""compound_id"": ""c8839695-b035-5caf-8f5b-a9ad70109860"", ""member_count"": 1, ""member_ids_preview"": [""cmpcandm_6addbf8f7d1091fd""], ""missing_member_count"": 1, ""raw_plant_ids_preview"": [""186""], ""source_compound_keys_preview"": [""62a690b54dcba271266829940f1b895901c35902a04656118cfc34a9449bf535""]}"
cmprev_88bf1aba4e056db7,cmpcand_67d48ca40f8ce276,c3332460-c1a5-5450-b2ff-09cf58eae9dc,inchi::IGONKFXMKMFPHV-GRYWDFLHSA-N,ready,conflict,186,,cb3c876b926433f4be8ce14d2ee81aee41a19ea4dd83238859fe8e69c4398c9a,186,ChEMBL,2026-05-24T15:08:21.379619+00:00,2026-05-24T15:08:21.379619+00:00,unmapped_plant_reference,member_map_missing_canonical_plant_id,"{""candidate_id"": ""cmpcand_67d48ca40f8ce276"", ""compound_id"": ""c3332460-c1a5-5450-b2ff-09cf58eae9dc"", ""member_count"": 1, ""member_ids_preview"": [""cmpcandm_c8f2a7f6c67368ac""], ""missing_member_count"": 1, ""raw_plant_ids_preview"": [""186""], ""source_compound_keys_preview"": [""cb3c876b926433f4be8ce14d2ee81aee41a19ea4dd83238859fe8e69c4398c9a""]}"
cmprev_2559dab78e6289b3,cmpcand_686a1bb8f7499f26,575ca463-6600-5e02-b577-8801c8d2d6fd,inchi::KQLMUJOKBRYEHR-UHFFFAOYSA-N,ready,conflict,175,,ef009e1e51a8d077635ab382e8f98ad9caad8516e6d49e16f662f183f3a4c04b,175,ChEMBL,2026-05-24T15:03:41.951887+00:00,2026-05-24T15:03:41.951887+00:00,unmapped_plant_reference,member_map_missing_canonical_plant_id,"{""candidate_id"": ""cmpcand_686a1bb8f7499f26"", ""compound_id"": ""575ca463-6600-5e02-b577-8801c8d2d6fd"", ""member_count"": 1, ""member_ids_preview"": [""cmpcandm_65b67187257d1bed""], ""missing_member_count"": 1, ""raw_plant_ids_preview"": [""175""], ""source_compound_keys_preview"": [""ef009e1e51a8d077635ab382e8f98ad9caad8516e6d49e16f662f183f3a4c04b""]}"
cmprev_ee9063ff0bc818b6,cmpcand_68fdee6e081ed22c,05328eea-56f0-5750-9874-29611c74967a,inchi::UDBHJDTXPDRDNS-UHFFFAOYSA-N,ready,conflict,363,,67b1e45ce1f9aa430f5d2c6f2a9e51111a86695db25366720c578ae67d0194c4,363,PubChem,2026-05-24T15:05:43.245592+00:00,2026-05-24T15:05:43.245592+00:00,unmapped_plant_reference,member_map_missing_canonical_plant_id,"{""candidate_id"": ""cmpcand_68fdee6e081ed22c"", ""compound_id"": ""05328eea-56f0-5750-9874-29611c74967a"", ""member_count"": 1, ""member_ids_preview"": [""cmpcandm_dbad8d61686bc255""], ""missing_member_count"": 1, ""raw_plant_ids_preview"": [""363""], ""source_compound_keys_preview"": [""67b1e45ce1f9aa430f5d2c6f2a9e51111a86695db25366720c578ae67d0194c4""]}"
cmprev_af15616a771280a9,cmpcand_69188489ac188d33,ab50dd4a-064c-5cf2-acfa-ee157e39cb10,inchi::QEEBRPGZBVVINN-BMPKRDENSA-N,ready,conflict,82,,44adb2231116ebdba308e13f6a74780897d477d6425175f8b39a0c6328c02c6c,82,ChEMBL,2026-05-24T15:06:22.746183+00:00,2026-05-24T15:06:22.746183+00:00,unmapped_plant_reference,member_map_missing_canonical_plant_id,"{""candidate_id"": ""cmpcand_69188489ac188d33"", ""compound_id"": ""ab50dd4a-064c-5cf2-acfa-ee157e39cb10"", ""member_count"": 1, ""member_ids_preview"": [""cmpcandm_2bcdb3feeb937e4b""], ""missing_member_count"": 1, ""raw_plant_ids_preview"": [""82""], ""source_compound_keys_preview"": [""44adb2231116ebdba308e13f6a74780897d477d6425175f8b39a0c6328c02c6c""]}"
cmprev_59f8d03ad43db0a2,cmpcand_69327c443179057a,c9137fe0-7a9c-56d2-a669-e85f4d3929c8,inchi::LADPNODMUXOPRG-UHFFFAOYSA-N,ready,conflict,290,,feebd118b30b9f36db3b41faee2d4a59e0de072feef11e6f0165f5247b0c09b9,290,ChEMBL,2026-05-24T15:06:08.411430+00:00,2026-05-24T15:06:08.411430+00:00,unmapped_plant_reference,member_map_missing_canonical_plant_id,"{""candidate_id"": ""cmpcand_69327c443179057a"", ""compound_id"": ""c9137fe0-7a9c-56d2-a669-e85f4d3929c8"", ""member_count"": 1, ""member_ids_preview"": [""cmpcandm_148dd2e2fe869962""], ""missing_member_count"": 1, ""raw_plant_ids_preview"": [""290""], ""source_compound_keys_preview"": [""feebd118b30b9f36db3b41faee2d4a59e0de072feef11e6f0165f5247b0c09b9""]}"
cmprev_6426ca28eb91e020,cmpcand_695251a011b86788,c3bad0fb-1dbd-51c2-ab35-8e6f1d24fa42,inchi::KFWCNRCQYZWAFT-DEOAXKMISA-N,ready,conflict,120,,92e11b28e10522ada4fde072d68cac9d51e68d372ef7c286c8dcf7aa381936c4,120,PubChem,2026-05-24T15:09:19.241135+00:00,2026-05-24T15:09:19.241135+00:00,unmapped_plant_reference,member_map_missing_canonical_plant_id,"{""candidate_id"": ""cmpcand_695251a011b86788"", ""compound_id"": ""c3bad0fb-1dbd-51c2-ab35-8e6f1d24fa42"", ""member_count"": 1, ""member_ids_preview"": [""cmpcandm_c823460710968ad4""], ""missing_member_count"": 1, ""raw_plant_ids_preview"": [""120""], ""source_compound_keys_preview"": [""92e11b28e10522ada4fde072d68cac9d51e68d372ef7c286c8dcf7aa381936c4""]}"
cmprev_355719662fe849c1,cmpcand_6a2de365315a49b5,1e20d11d-13fa-5e29-bca0-c6c83f6edf78,inchi::KBPHJBAIARWVSC-RGZFRNHPSA-N,ready,conflict,139,,f95d82752264c9656dc48bd643e4f3d7bd104072ae587a859fb62a427bb02b31,139;341;186,ChEMBL,2026-05-24T15:03:25.441566+00:00,2026-05-24T15:03:25.441566+00:00,unmapped_plant_reference,member_map_missing_canonical_plant_id,"{""candidate_id"": ""cmpcand_6a2de365315a49b5"", ""compound_id"": ""1e20d11d-13fa-5e29-bca0-c6c83f6edf78"", ""member_count"": 3, ""member_ids_preview"": [""cmpcandm_243079bb55a9dc1f"", ""cmpcandm_26f0a670c3da800b"", ""cmpcandm_b44913afc31e3644""], ""missing_member_count"": 3, ""raw_plant_ids_preview"": [""139"", ""341"", ""186""], ""source_compound_keys_preview"": [""f95d82752264c9656dc48bd643e4f3d7bd104072ae587a859fb62a427bb02b31"", ""87b3b409b15a9d4e8d1144db8ccda04000c36ce3695ba6ab77926d2efe5769e5"", ""63a05ac106e560665125a7d949583c5f8ed07eed85518dca8415f45a0b09d1b7""]}"
cmprev_9b749f90358d46d2,cmpcand_6a3d261f9997bb29,eb7e1fa5-82c0-5420-8b80-18fba16db97b,inchi::JYWCYUOOPJJWQB-UHFFFAOYSA-N,ready,conflict,429,,d6b7db6d137cde4bcb45a1644e1e1cf7e7402c4676431e55410ebb7c76faa077,429,ChEMBL,2026-05-24T15:03:32.576964+00:00,2026-05-24T15:03:32.576964+00:00,unmapped_plant_reference,member_map_missing_canonical_plant_id,"{""candidate_id"": ""cmpcand_6a3d261f9997bb29"", ""compound_id"": ""eb7e1fa5-82c0-5420-8b80-18fba16db97b"", ""member_count"": 1, ""member_ids_preview"": [""cmpcandm_c11a9a9e28b66749""], ""missing_member_count"": 1, ""raw_plant_ids_preview"": [""429""], ""source_compound_keys_preview"": [""d6b7db6d137cde4bcb45a1644e1e1cf7e7402c4676431e55410ebb7c76faa077""]}"
cmprev_e38c1c6560d91b30,cmpcand_6a58d9fd9e46f212,a0ea371f-c7df-5f6e-ab8c-44d37bad0783,inchi::NAAJVHHFAXWBOK-ZDUSSCGKSA-N,ready,conflict,155,,a778b5f1f65873a1b3c2328031d1d0ada14b613db85d72e8b42f3709895be023,155,ChEMBL,2026-05-24T15:06:57.789006+00:00,2026-05-24T15:06:57.789006+00:00,unmapped_plant_reference,member_map_missing_canonical_plant_id,"{""candidate_id"": ""cmpcand_6a58d9fd9e46f212"", ""compound_id"": ""a0ea371f-c7df-5f6e-ab8c-44d37bad0783"", ""member_count"": 1, ""member_ids_preview"": [""cmpcandm_9173a2b7740fd052""], ""missing_member_count"": 1, ""raw_plant_ids_preview"": [""155""], ""source_compound_keys_preview"": [""a778b5f1f65873a1b3c2328031d1d0ada14b613db85d72e8b42f3709895be023""]}"
cmprev_d847aad60b2042c1,cmpcand_6a8635b481128479,89d81475-85c1-5b7d-8eac-df379c552929,inchi::CWZLMWSCLBFCBY-ZDUSSCGKSA-N,ready,conflict,76,,17807fd3ac671b69ff3ab5f745e7bf833dd4b0b6c76c7f2e0dda6a32ff352e7e,76,ChEMBL,2026-05-24T15:07:34.372789+00:00,2026-05-24T15:07:34.372789+00:00,unmapped_plant_reference,member_map_missing_canonical_plant_id,"{""candidate_id"": ""cmpcand_6a8635b481128479"", ""compound_id"": ""89d81475-85c1-5b7d-8eac-df379c552929"", ""member_count"": 1, ""member_ids_preview"": [""cmpcandm_dc39fa9d769fd82a""], ""missing_member_count"": 1, ""raw_plant_ids_preview"": [""76""], ""source_compound_keys_preview"": [""17807fd3ac671b69ff3ab5f745e7bf833dd4b0b6c76c7f2e0dda6a32ff352e7e""]}"
cmprev_bee1c5a7ad4e13af,cmpcand_6aa61372a24c04f4,1c3a22d6-b3e9-54c7-a392-e1af6c39a0e5,inchi::WRUJLWFLDOUUHV-RZHUWFTBSA-N,ready,conflict,83,,8a54adaa2d1449bb60e20fef9dc8e0eda89b7f89b53f1244f457e4e8da15a1d2,83,ChEMBL,2026-05-24T15:08:40.109068+00:00,2026-05-24T15:08:40.109068+00:00,unmapped_plant_reference,member_map_missing_canonical_plant_id,"{""candidate_id"": ""cmpcand_6aa61372a24c04f4"", ""compound_id"": ""1c3a22d6-b3e9-54c7-a392-e1af6c39a0e5"", ""member_count"": 2, ""member_ids_preview"": [""cmpcandm_adead1407db2f532"", ""cmpcandm_cc22b62c79447426""], ""missing_member_count"": 2, ""raw_plant_ids_preview"": [""83""], ""source_compound_keys_preview"": [""8a54adaa2d1449bb60e20fef9dc8e0eda89b7f89b53f1244f457e4e8da15a1d2"", ""1dfc49cf9f34ce84b81f46849e332b7f4cd8ba809dfd956450e17b8d243d15e1""]}"
cmprev_6e6b7494a7e59aa3,cmpcand_6aad8f757719ae8c,ed6c2b83-c748-5faa-9289-b8e0439bcc76,inchi::VMTHKXYSTHHGCH-DXJAZKPLSA-N,ready,conflict,341,,b2029c116239eeaab076bf4db7f8e87a9477bc30ae3b498da4d8f7cbd34aaf00,341,PubChem,2026-05-24T15:04:08.145263+00:00,2026-05-24T15:04:08.146262+00:00,unmapped_plant_reference,member_map_missing_canonical_plant_id,"{""candidate_id"": ""cmpcand_6aad8f757719ae8c"", ""compound_id"": ""ed6c2b83-c748-5faa-9289-b8e0439bcc76"", ""member_count"": 1, ""member_ids_preview"": [""cmpcandm_886867cc94bed4e0""], ""missing_member_count"": 1, ""raw_plant_ids_preview"": [""341""], ""source_compound_keys_preview"": [""b2029c116239eeaab076bf4db7f8e87a9477bc30ae3b498da4d8f7cbd34aaf00""]}"
cmprev_a30bb912753a9c89,cmpcand_6aae089e3d502b40,29682322-821d-5b38-8edc-b97b17d2ea77,inchi::MAIVUBJRXHFVCR-NYVKYQPTSA-N,ready,conflict,392,,f2587fa521e94fff780b59098fc849111e40ed2a5cfa3ba48976334e281223f3,392,ChEMBL,2026-05-24T15:09:09.363050+00:00,2026-05-24T15:09:09.363050+00:00,unmapped_plant_reference,member_map_missing_canonical_plant_id,"{""candidate_id"": ""cmpcand_6aae089e3d502b40"", ""compound_id"": ""29682322-821d-5b38-8edc-b97b17d2ea77"", ""member_count"": 1, ""member_ids_preview"": [""cmpcandm_9788635fc3253ea5""], ""missing_member_count"": 1, ""raw_plant_ids_preview"": [""392""], ""source_compound_keys_preview"": [""f2587fa521e94fff780b59098fc849111e40ed2a5cfa3ba48976334e281223f3""]}"
cmprev_a2779f209ad3a795,cmpcand_6acb1eb782706618,a998738a-e25e-5de4-af90-ca6c86645f76,inchi::GCLJDQQEPIRTNF-UHFFFAOYSA-N,ready,conflict,175,,6d8ea0af8d5f73ea8e049441ba67dd81590a65ade6fa73a802899dfddc234b9c,175,ChEMBL,2026-05-24T15:08:19.863257+00:00,2026-05-24T15:08:19.863257+00:00,unmapped_plant_reference,member_map_missing_canonical_plant_id,"{""candidate_id"": ""cmpcand_6acb1eb782706618"", ""compound_id"": ""a998738a-e25e-5de4-af90-ca6c86645f76"", ""member_count"": 1, ""member_ids_preview"": [""cmpcandm_386fbc96cac5418c""], ""missing_member_count"": 1, ""raw_plant_ids_preview"": [""175""], ""source_compound_keys_preview"": [""6d8ea0af8d5f73ea8e049441ba67dd81590a65ade6fa73a802899dfddc234b9c""]}"
cmprev_8373c32da77b6e28,cmpcand_6ae8994db0c357fb,6c384295-0917-5744-965b-004c6be69b36,inchi::LNTHITQWFMADLM-UHFFFAOYSA-N,ready,conflict,341,,ae5979380259f9e8173ab187d96710eebc876e72970707b5c457db5d4f6961c0,341,ChEMBL,2026-05-24T15:03:57.245119+00:00,2026-05-24T15:03:57.245119+00:00,unmapped_plant_reference,member_map_missing_canonical_plant_id,"{""candidate_id"": ""cmpcand_6ae8994db0c357fb"", ""compound_id"": ""6c384295-0917-5744-965b-004c6be69b36"", ""member_count"": 1, ""member_ids_preview"": [""cmpcandm_defc0687392626f1""], ""missing_member_count"": 1, ""raw_plant_ids_preview"": [""341""], ""source_compound_keys_preview"": [""ae5979380259f9e8173ab187d96710eebc876e72970707b5c457db5d4f6961c0""]}"
cmprev_342b0008bd310ae6,cmpcand_6b05b901cbc8ee85,650f4e83-7688-5b9c-8653-b126722e7919,inchi::NNRLDGQZIVUQTE-UHFFFAOYSA-N,ready,conflict,122,,bd738d93b6809ed4299acf058664a329243b731e48d9afc83b10f6a473f83e97,122,PubChem,2026-05-24T15:07:20.500493+00:00,2026-05-24T15:07:20.500493+00:00,unmapped_plant_reference,member_map_missing_canonical_plant_id,"{""candidate_id"": ""cmpcand_6b05b901cbc8ee85"", ""compound_id"": ""650f4e83-7688-5b9c-8653-b126722e7919"", ""member_count"": 1, ""member_ids_preview"": [""cmpcandm_bcd8cf6a810c102d""], ""missing_member_count"": 1, ""raw_plant_ids_preview"": [""122""], ""source_compound_keys_preview"": [""bd738d93b6809ed4299acf058664a329243b731e48d9afc83b10f6a473f83e97""]}"
cmprev_ed0e67e47cf994ea,cmpcand_6b38521692571b23,d592d676-e6c8-5384-84d7-1705dbf88353,inchi::ALEUBOFIDHNMTA-UHFFFAOYSA-N,ready,conflict,175,,674d9f4e53e1fedbb0520102bc8c9688205ac6888cb3664a0b718a7e426542af,175,PubChem,2026-05-24T15:03:12.813354+00:00,2026-05-24T15:03:12.813354+00:00,unmapped_plant_reference,member_map_missing_canonical_plant_id,"{""candidate_id"": ""cmpcand_6b38521692571b23"", ""compound_id"": ""d592d676-e6c8-5384-84d7-1705dbf88353"", ""member_count"": 1, ""member_ids_preview"": [""cmpcandm_2e4eaba9bb50a1b7""], ""missing_member_count"": 1, ""raw_plant_ids_preview"": [""175""], ""source_compound_keys_preview"": [""674d9f4e53e1fedbb0520102bc8c9688205ac6888cb3664a0b718a7e426542af""]}"
cmprev_66e272cad913b2e6,cmpcand_6b6c96bdf71c3457,f53f1477-f4fc-5bca-9d8d-06f3b5b18c81,inchi::VXOZCESVZIRHCJ-KGHQQZOUSA-N,ready,conflict,186,,62b34677a564a80d47f3a405ddb45851a0ca8bc6a74cf5912a1090ae4bb49775,186,ChEMBL,2026-05-24T15:04:50.685392+00:00,2026-05-24T15:04:50.685392+00:00,unmapped_plant_reference,member_map_missing_canonical_plant_id,"{""candidate_id"": ""cmpcand_6b6c96bdf71c3457"", ""compound_id"": ""f53f1477-f4fc-5bca-9d8d-06f3b5b18c81"", ""member_count"": 1, ""member_ids_preview"": [""cmpcandm_5929fac33380c9ab""], ""missing_member_count"": 1, ""raw_plant_ids_preview"": [""186""], ""source_compound_keys_preview"": [""62b34677a564a80d47f3a405ddb45851a0ca8bc6a74cf5912a1090ae4bb49775""]}"
cmprev_bebafb94d3f1c44b,cmpcand_6b9bc555a08e23a8,348bd78d-43f3-5481-a3f8-593f6fd0c16b,inchi::MFGKQCGZFKURGT-JBGSRZDXSA-N,ready,conflict,313,,96432ef850115eb727f289c25098a5dcc993e6d6838b77ff69d05d3483711968,313,PubChem,2026-05-24T15:04:01.025212+00:00,2026-05-24T15:04:01.025212+00:00,unmapped_plant_reference,member_map_missing_canonical_plant_id,"{""candidate_id"": ""cmpcand_6b9bc555a08e23a8"", ""compound_id"": ""348bd78d-43f3-5481-a3f8-593f6fd0c16b"", ""member_count"": 1, ""member_ids_preview"": [""cmpcandm_3059fa955a7def17""], ""missing_member_count"": 1, ""raw_plant_ids_preview"": [""313""], ""source_compound_keys_preview"": [""96432ef850115eb727f289c25098a5dcc993e6d6838b77ff69d05d3483711968""]}"
cmprev_3db7dbb4b99b2103,cmpcand_6c1f6cbf0243b930,f02fd573-a162-54e4-a341-8640574f186a,inchi::NNFCLGXVHWZYQV-ZZBUYCNESA-N,ready,conflict,429,,799998906dbc8cec5005d8dbba942b62c102e643815475a30cd0ddf74baea1ab,429,ChEMBL,2026-05-24T15:02:36.163330+00:00,2026-05-24T15:02:36.163330+00:00,unmapped_plant_reference,member_map_missing_canonical_plant_id,"{""candidate_id"": ""cmpcand_6c1f6cbf0243b930"", ""compound_id"": ""f02fd573-a162-54e4-a341-8640574f186a"", ""member_count"": 1, ""member_ids_preview"": [""cmpcandm_b7832bf573cbeb6e""], ""missing_member_count"": 1, ""raw_plant_ids_preview"": [""429""], ""source_compound_keys_preview"": [""799998906dbc8cec5005d8dbba942b62c102e643815475a30cd0ddf74baea1ab""]}"
cmprev_518e6773dd645c92,cmpcand_6c6849fc77f776ce,a52eae18-3085-5ddd-b018-77a99b9671db,inchi::WCBCDLSKTYUDDL-KBXCAEBGSA-N,ready,conflict,120,,7868ac2a8c4cb0e03698b055ed31355ba3c81e7efd4f8b8d98537625a3339d37,120,PubChem,2026-05-24T15:02:24.969549+00:00,2026-05-24T15:02:24.969549+00:00,unmapped_plant_reference,member_map_missing_canonical_plant_id,"{""candidate_id"": ""cmpcand_6c6849fc77f776ce"", ""compound_id"": ""a52eae18-3085-5ddd-b018-77a99b9671db"", ""member_count"": 1, ""member_ids_preview"": [""cmpcandm_4461163dc1c0b783""], ""missing_member_count"": 1, ""raw_plant_ids_preview"": [""120""], ""source_compound_keys_preview"": [""7868ac2a8c4cb0e03698b055ed31355ba3c81e7efd4f8b8d98537625a3339d37""]}"
cmprev_aaa218ef4e499623,cmpcand_6cb5cb1842bb1888,9cd0d3d9-bc0a-5e32-a61c-61096933f7d9,inchi::IZQSVPBOUDKVDZ-UHFFFAOYSA-N,ready,conflict,341,,45ddec8e00e1d8c3907bb4f390fe3971bfedd0f640f435ca058013f9dde6334a,341,ChEMBL,2026-05-24T15:06:29.507402+00:00,2026-05-24T15:06:29.507402+00:00,unmapped_plant_reference,member_map_missing_canonical_plant_id,"{""candidate_id"": ""cmpcand_6cb5cb1842bb1888"", ""compound_id"": ""9cd0d3d9-bc0a-5e32-a61c-61096933f7d9"", ""member_count"": 1, ""member_ids_preview"": [""cmpcandm_07706b589b1480a2""], ""missing_member_count"": 1, ""raw_plant_ids_preview"": [""341""], ""source_compound_keys_preview"": [""45ddec8e00e1d8c3907bb4f390fe3971bfedd0f640f435ca058013f9dde6334a""]}"
cmprev_f2b03d68766672dd,cmpcand_6d14094215bfd5ba,5ac0e91d-0ce3-5bf8-ac27-e2bde55c593b,inchi::SFUVCMKSYKHYLD-FNORWQNLSA-N,ready,conflict,381,,be1d9aee78decc18e49d274e67017e5b453712cb64218b01a71b7015def927e1,381,PubChem,2026-05-24T15:06:39.073010+00:00,2026-05-24T15:06:39.073010+00:00,unmapped_plant_reference,member_map_missing_canonical_plant_id,"{""candidate_id"": ""cmpcand_6d14094215bfd5ba"", ""compound_id"": ""5ac0e91d-0ce3-5bf8-ac27-e2bde55c593b"", ""member_count"": 1, ""member_ids_preview"": [""cmpcandm_976d6722676de99b""], ""missing_member_count"": 1, ""raw_plant_ids_preview"": [""381""], ""source_compound_keys_preview"": [""be1d9aee78decc18e49d274e67017e5b453712cb64218b01a71b7015def927e1""]}"
cmprev_ea6280026e0e75cd,cmpcand_6d5b68f175723fc4,6ad3650d-df06-55dc-8aff-2f5fc85b82c2,inchi::GTEXBOVBADJOQH-FWEMWIAWSA-N,ready,conflict,398,,8bbadf53f7e95b2774b3a4da1d4a8b89292e96f131f6da1dc4fd9c73a3fce83e,398,ChEMBL,2026-05-24T15:06:36.674814+00:00,2026-05-24T15:06:36.674814+00:00,unmapped_plant_reference,member_map_missing_canonical_plant_id,"{""candidate_id"": ""cmpcand_6d5b68f175723fc4"", ""compound_id"": ""6ad3650d-df06-55dc-8aff-2f5fc85b82c2"", ""member_count"": 1, ""member_ids_preview"": [""cmpcandm_12820f1247af9d0a""], ""missing_member_count"": 1, ""raw_plant_ids_preview"": [""398""], ""source_compound_keys_preview"": [""8bbadf53f7e95b2774b3a4da1d4a8b89292e96f131f6da1dc4fd9c73a3fce83e""]}"
cmprev_7a635a2ce4712652,cmpcand_6e19fc1b9b6b4e78,ddbc3514-7089-58f0-9f56-c744ccc7a7c2,inchi::JFSHUTJDVKUMTJ-QHPUVITPSA-N,ready,conflict,341,,69ba0f36c84c091d37a36f0c8e35100cdf718fc5b206b555295cdc24338405f6,341,ChEMBL,2026-05-24T15:07:10.311491+00:00,2026-05-24T15:07:10.311491+00:00,unmapped_plant_reference,member_map_missing_canonical_plant_id,"{""candidate_id"": ""cmpcand_6e19fc1b9b6b4e78"", ""compound_id"": ""ddbc3514-7089-58f0-9f56-c744ccc7a7c2"", ""member_count"": 1, ""member_ids_preview"": [""cmpcandm_755e3c522c10fedc""], ""missing_member_count"": 1, ""raw_plant_ids_preview"": [""341""], ""source_compound_keys_preview"": [""69ba0f36c84c091d37a36f0c8e35100cdf718fc5b206b555295cdc24338405f6""]}"
cmprev_8252713446cffbe9,cmpcand_6ed621c46205e005,678b39a4-6201-5eee-b139-cb7068610d2d,inchi::CAHGCLMLTWQZNJ-BQNIITSRSA-N,ready,conflict,462,,764c6538bde2e0707d2159dd6aa8c417dc31e3a0816aba181b82006c930ecbdc,462,ChEMBL,2026-05-24T15:08:27.333130+00:00,2026-05-24T15:08:27.333130+00:00,unmapped_plant_reference,member_map_missing_canonical_plant_id,"{""candidate_id"": ""cmpcand_6ed621c46205e005"", ""compound_id"": ""678b39a4-6201-5eee-b139-cb7068610d2d"", ""member_count"": 1, ""member_ids_preview"": [""cmpcandm_ebb97700c8fd6768""], ""missing_member_count"": 1, ""raw_plant_ids_preview"": [""462""], ""source_compound_keys_preview"": [""764c6538bde2e0707d2159dd6aa8c417dc31e3a0816aba181b82006c930ecbdc""]}"
cmprev_0ced889a68f052a2,cmpcand_6ede985d43ba5e32,7b422eab-46a6-5d0a-a75e-6d13e1f8bef0,inchi::ZMFBGWWGXBNJAC-UHFFFAOYSA-N,ready,conflict,175,,2008a9531831764b3658ddc013d42f55a019e442a63b15a51fe5b4d49c47b61f,175,ChEMBL,2026-05-24T15:05:58.902108+00:00,2026-05-24T15:05:58.902108+00:00,unmapped_plant_reference,member_map_missing_canonical_plant_id,"{""candidate_id"": ""cmpcand_6ede985d43ba5e32"", ""compound_id"": ""7b422eab-46a6-5d0a-a75e-6d13e1f8bef0"", ""member_count"": 1, ""member_ids_preview"": [""cmpcandm_485eeb91ef17e4d9""], ""missing_member_count"": 1, ""raw_plant_ids_preview"": [""175""], ""source_compound_keys_preview"": [""2008a9531831764b3658ddc013d42f55a019e442a63b15a51fe5b4d49c47b61f""]}"
cmprev_ecc35b9818b9eea6,cmpcand_6f3fb0f3ee52219c,6310dec3-b519-5960-960e-48a161f32b01,inchi::XFZJEEAOWLFHDH-UKWJTHFESA-N,ready,conflict,120,,42cd3c456597136879d37a99d0b882540f79fc7c3b6671f8b6c869e3bd39b5b2,120;381,ChEMBL,2026-05-24T15:04:48.034859+00:00,2026-05-24T15:04:48.034859+00:00,unmapped_plant_reference,member_map_missing_canonical_plant_id,"{""candidate_id"": ""cmpcand_6f3fb0f3ee52219c"", ""compound_id"": ""6310dec3-b519-5960-960e-48a161f32b01"", ""member_count"": 2, ""member_ids_preview"": [""cmpcandm_31416bf4bf39a454"", ""cmpcandm_f3e2606f4e6376e5""], ""missing_member_count"": 2, ""raw_plant_ids_preview"": [""120"", ""381""], ""source_compound_keys_preview"": [""42cd3c456597136879d37a99d0b882540f79fc7c3b6671f8b6c869e3bd39b5b2"", ""ff8c91d582291024d588ccae6182930ac259d60e3c07eaa33c5b85b324735697""]}"
cmprev_363f724ae08cac8c,cmpcand_6f5b383e85e4e719,8dff1cbf-db91-550c-8e06-fa1dac57b666,inchi::MYXNWGACZJSMBT-VJXVFPJBSA-N,ready,conflict,180,,6a5cb0319a11357d83822e3379960b604d71dc5d446e625919811acc10d6bb33,180,ChEMBL,2026-05-24T15:06:06.948652+00:00,2026-05-24T15:06:06.948652+00:00,unmapped_plant_reference,member_map_missing_canonical_plant_id,"{""candidate_id"": ""cmpcand_6f5b383e85e4e719"", ""compound_id"": ""8dff1cbf-db91-550c-8e06-fa1dac57b666"", ""member_count"": 1, ""member_ids_preview"": [""cmpcandm_2522b70baf98a908""], ""missing_member_count"": 1, ""raw_plant_ids_preview"": [""180""], ""source_compound_keys_preview"": [""6a5cb0319a11357d83822e3379960b604d71dc5d446e625919811acc10d6bb33""]}"
cmprev_7ec493a3056798c0,cmpcand_6f95a2bdb18d1658,917f4711-b432-5ae3-b5b5-cc48cd30043c,inchi::OSJPGOJPRNTSHP-ICYIRATMSA-N,ready,conflict,429,,0e564018053de7fa2d27e798db3fafb13cbfc8f15dcf0fdec62a1175dc7a0d6f,429,PubChem,2026-05-24T15:05:41.008434+00:00,2026-05-24T15:05:41.008434+00:00,unmapped_plant_reference,member_map_missing_canonical_plant_id,"{""candidate_id"": ""cmpcand_6f95a2bdb18d1658"", ""compound_id"": ""917f4711-b432-5ae3-b5b5-cc48cd30043c"", ""member_count"": 1, ""member_ids_preview"": [""cmpcandm_daeae2f9572f75d3""], ""missing_member_count"": 1, ""raw_plant_ids_preview"": [""429""], ""source_compound_keys_preview"": [""0e564018053de7fa2d27e798db3fafb13cbfc8f15dcf0fdec62a1175dc7a0d6f""]}"
cmprev_6f04866111295a2f,cmpcand_6fed7f8d1057ce46,144ce0c1-5331-5f37-af8f-9a596f1f2206,inchi::XZRVRYFILCSYSP-OAHLLOKOSA-N,ready,conflict,155,,389514ed9ca5242f37cec2e77cdaad1e1e54bf9326399c9077fff5b9bdfbc41b,155,PubChem,2026-05-24T15:06:36.544164+00:00,2026-05-24T15:06:36.544164+00:00,unmapped_plant_reference,member_map_missing_canonical_plant_id,"{""candidate_id"": ""cmpcand_6fed7f8d1057ce46"", ""compound_id"": ""144ce0c1-5331-5f37-af8f-9a596f1f2206"", ""member_count"": 1, ""member_ids_preview"": [""cmpcandm_4d0d0f2485fb5ca4""], ""missing_member_count"": 1, ""raw_plant_ids_preview"": [""155""], ""source_compound_keys_preview"": [""389514ed9ca5242f37cec2e77cdaad1e1e54bf9326399c9077fff5b9bdfbc41b""]}"
cmprev_68a5b7fc94f4d40b,cmpcand_7012bf0eff557b5f,13a9cbb1-5d10-55ea-9f44-244ecb859f51,inchi::DRLFMBDRBRZALE-UHFFFAOYSA-N,ready,conflict,139,,4f1634ab5853d7278db9b5fb1df2493a223be9b3c14b8f71e33157ab3c95d6f2,139,ChEMBL,2026-05-24T15:08:10.222854+00:00,2026-05-24T15:08:10.222854+00:00,unmapped_plant_reference,member_map_missing_canonical_plant_id,"{""candidate_id"": ""cmpcand_7012bf0eff557b5f"", ""compound_id"": ""13a9cbb1-5d10-55ea-9f44-244ecb859f51"", ""member_count"": 1, ""member_ids_preview"": [""cmpcandm_1506a7c727ec3726""], ""missing_member_count"": 1, ""raw_plant_ids_preview"": [""139""], ""source_compound_keys_preview"": [""4f1634ab5853d7278db9b5fb1df2493a223be9b3c14b8f71e33157ab3c95d6f2""]}"
cmprev_96c8b4070aea2cf8,cmpcand_703166b5c2226b99,2b75b7ff-a63f-5e55-99b6-cfce13e24e7c,inchi::SBSXXCCMIWEPEE-GZKYLSGOSA-N,ready,conflict,502,,750fad2ed265fc4d5f613ce4641898f7b943c1bafeb4bc4c43d1284c71fc4d10,502,PubChem,2026-05-24T15:09:03.897685+00:00,2026-05-24T15:09:03.897685+00:00,unmapped_plant_reference,member_map_missing_canonical_plant_id,"{""candidate_id"": ""cmpcand_703166b5c2226b99"", ""compound_id"": ""2b75b7ff-a63f-5e55-99b6-cfce13e24e7c"", ""member_count"": 1, ""member_ids_preview"": [""cmpcandm_f28d0956afdf4124""], ""missing_member_count"": 1, ""raw_plant_ids_preview"": [""502""], ""source_compound_keys_preview"": [""750fad2ed265fc4d5f613ce4641898f7b943c1bafeb4bc4c43d1284c71fc4d10""]}"
cmprev_6090e49088623976,cmpcand_70c3d42a6b0fb733,611e7c1b-3f87-565e-b7fc-21953ffd5200,inchi::AGQLGMXLTFMOAP-UHFFFAOYSA-N,ready,conflict,531,,484c6ce9439347eaa4f8ec018918a81078c778ccc6c35c444b8b48770c7ce858,531,PubChem,2026-05-24T15:03:37.676164+00:00,2026-05-24T15:03:37.676164+00:00,unmapped_plant_reference,member_map_missing_canonical_plant_id,"{""candidate_id"": ""cmpcand_70c3d42a6b0fb733"", ""compound_id"": ""611e7c1b-3f87-565e-b7fc-21953ffd5200"", ""member_count"": 1, ""member_ids_preview"": [""cmpcandm_34b6218e41aa52fa""], ""missing_member_count"": 1, ""raw_plant_ids_preview"": [""531""], ""source_compound_keys_preview"": [""484c6ce9439347eaa4f8ec018918a81078c778ccc6c35c444b8b48770c7ce858""]}"
cmprev_73e2c18743c61af5,cmpcand_71510b4b11747a11,7601612e-fda6-5f58-9fe2-9ffc4e605392,inchi::LWMKKJBQNOLSBE-UHFFFAOYSA-N,ready,conflict,313,,51550797340b9dcf7f98208e03bd98a79a06cbd933e07225d830584350982ab4,313,PubChem,2026-05-24T15:02:01.260055+00:00,2026-05-24T15:02:01.260055+00:00,unmapped_plant_reference,member_map_missing_canonical_plant_id,"{""candidate_id"": ""cmpcand_71510b4b11747a11"", ""compound_id"": ""7601612e-fda6-5f58-9fe2-9ffc4e605392"", ""member_count"": 1, ""member_ids_preview"": [""cmpcandm_befe4fd42d1cf019""], ""missing_member_count"": 1, ""raw_plant_ids_preview"": [""313""], ""source_compound_keys_preview"": [""51550797340b9dcf7f98208e03bd98a79a06cbd933e07225d830584350982ab4""]}"
cmprev_b995ab0e6e6a636c,cmpcand_720a5e525b6f5285,6ca54e2f-95e9-51cd-b64b-cc1ece2ac797,inchi::UNXHWFMMPAWVPI-ZXZARUISSA-N,ready,conflict,155,,ec8497ec7cd4b559797b26c4d1315d72cbfcf06202eac0db123c958ccc71d862,155,ChEMBL,2026-05-24T15:03:56.619465+00:00,2026-05-24T15:03:56.619465+00:00,unmapped_plant_reference,member_map_missing_canonical_plant_id,"{""candidate_id"": ""cmpcand_720a5e525b6f5285"", ""compound_id"": ""6ca54e2f-95e9-51cd-b64b-cc1ece2ac797"", ""member_count"": 1, ""member_ids_preview"": [""cmpcandm_4cf2868d89cf42bf""], ""missing_member_count"": 1, ""raw_plant_ids_preview"": [""155""], ""source_compound_keys_preview"": [""ec8497ec7cd4b559797b26c4d1315d72cbfcf06202eac0db123c958ccc71d862""]}"
cmprev_19fe55f5b7e59d47,cmpcand_721ba4c55940b8bd,4b003c6a-ff4c-5941-b90c-2e3fabf3f5e3,inchi::OVJROURZACIIBO-UHFFFAOYSA-N,ready,conflict,175,,10481b1a5471c7912a12c4fee976ace09be7c9e0e94b7bfbb44d831a40a7178b,175,ChEMBL,2026-05-24T15:06:28.662759+00:00,2026-05-24T15:06:28.662759+00:00,unmapped_plant_reference,member_map_missing_canonical_plant_id,"{""candidate_id"": ""cmpcand_721ba4c55940b8bd"", ""compound_id"": ""4b003c6a-ff4c-5941-b90c-2e3fabf3f5e3"", ""member_count"": 1, ""member_ids_preview"": [""cmpcandm_309c3b3886a25ea1""], ""missing_member_count"": 1, ""raw_plant_ids_preview"": [""175""], ""source_compound_keys_preview"": [""10481b1a5471c7912a12c4fee976ace09be7c9e0e94b7bfbb44d831a40a7178b""]}"
cmprev_34af1eb8d0d54ac5,cmpcand_724e2587e9043f40,68a42695-9cf5-591f-b7b7-69d47ac85ada,inchi::QUNWUDVFRNGTCO-UHFFFAOYSA-N,ready,conflict,139,,32fdf8541f5c0fb21a921cc1dbb8fa6275a26d2947168fc29503a6bb6ef364db,139,ChEMBL,2026-05-24T15:07:32.253084+00:00,2026-05-24T15:07:32.253084+00:00,unmapped_plant_reference,member_map_missing_canonical_plant_id,"{""candidate_id"": ""cmpcand_724e2587e9043f40"", ""compound_id"": ""68a42695-9cf5-591f-b7b7-69d47ac85ada"", ""member_count"": 1, ""member_ids_preview"": [""cmpcandm_2ac8c1b6c3729767""], ""missing_member_count"": 1, ""raw_plant_ids_preview"": [""139""], ""source_compound_keys_preview"": [""32fdf8541f5c0fb21a921cc1dbb8fa6275a26d2947168fc29503a6bb6ef364db""]}"
cmprev_00227690ef59bb56,cmpcand_728145553f7fe796,760ad53b-45c2-5b73-b3be-53d04fd1f5de,inchi::ZQSIJRDFPHDXIC-UHFFFAOYSA-N,ready,conflict,341,,d504cb80ee20ce608bb1c035eebf95befb12fce9c241a45d04de625da1511353,341,ChEMBL,2026-05-24T15:06:33.238923+00:00,2026-05-24T15:06:33.238923+00:00,unmapped_plant_reference,member_map_missing_canonical_plant_id,"{""candidate_id"": ""cmpcand_728145553f7fe796"", ""compound_id"": ""760ad53b-45c2-5b73-b3be-53d04fd1f5de"", ""member_count"": 1, ""member_ids_preview"": [""cmpcandm_b8c3e27a21461f94""], ""missing_member_count"": 1, ""raw_plant_ids_preview"": [""341""], ""source_compound_keys_preview"": [""d504cb80ee20ce608bb1c035eebf95befb12fce9c241a45d04de625da1511353""]}"
cmprev_834787d8a53b598c,cmpcand_729bb10971f5d4d9,7640fb6f-f0df-5a70-a43d-8e0ec7d2a8a8,inchi::ZHDMPVIDHWJGTN-XJKSGUPXSA-N,ready,conflict,120,,45faec87a43bce79a5de22b931b4d2dc9ff270ac83739ae6f9253a0ba14be7ab,120,PubChem,2026-05-24T15:08:01.347726+00:00,2026-05-24T15:08:01.347726+00:00,unmapped_plant_reference,member_map_missing_canonical_plant_id,"{""candidate_id"": ""cmpcand_729bb10971f5d4d9"", ""compound_id"": ""7640fb6f-f0df-5a70-a43d-8e0ec7d2a8a8"", ""member_count"": 1, ""member_ids_preview"": [""cmpcandm_e89c10f9ff52c577""], ""missing_member_count"": 1, ""raw_plant_ids_preview"": [""120""], ""source_compound_keys_preview"": [""45faec87a43bce79a5de22b931b4d2dc9ff270ac83739ae6f9253a0ba14be7ab""]}"
cmprev_35d1a0d12f525d4c,cmpcand_72ac2a8c2803723a,cc09f9c1-b85c-5934-b59f-32d69d95eb64,inchi::HIFBEHOCUHYLOD-OUKQBFOZSA-N,ready,conflict,76,,8fab8ce91970ff06a80167299a8805fa06d92fda2af381bea270e5d1dda787db,76,ChEMBL,2026-05-24T15:09:05.567553+00:00,2026-05-24T15:09:05.567553+00:00,unmapped_plant_reference,member_map_missing_canonical_plant_id,"{""candidate_id"": ""cmpcand_72ac2a8c2803723a"", ""compound_id"": ""cc09f9c1-b85c-5934-b59f-32d69d95eb64"", ""member_count"": 1, ""member_ids_preview"": [""cmpcandm_adc72bd273233164""], ""missing_member_count"": 1, ""raw_plant_ids_preview"": [""76""], ""source_compound_keys_preview"": [""8fab8ce91970ff06a80167299a8805fa06d92fda2af381bea270e5d1dda787db""]}"
cmprev_04d0e44022ccfc4c,cmpcand_73274d9a3fc568bc,22deebd2-a6ea-51e2-866d-7d8a1890e484,inchi::CDOSHBSSFJOMGT-UHFFFAOYSA-N,ready,conflict,122,,7e5dad506ba41fbb8a459f14e672653125abca1acfebd4faa3d0d5aab5a815ee,122;139,ChEMBL,2026-05-24T15:08:25.107479+00:00,2026-05-24T15:08:25.107479+00:00,unmapped_plant_reference,member_map_missing_canonical_plant_id,"{""candidate_id"": ""cmpcand_73274d9a3fc568bc"", ""compound_id"": ""22deebd2-a6ea-51e2-866d-7d8a1890e484"", ""member_count"": 2, ""member_ids_preview"": [""cmpcandm_f75c548862439ec4"", ""cmpcandm_723b93ee6b799c9c""], ""missing_member_count"": 2, ""raw_plant_ids_preview"": [""122"", ""139""], ""source_compound_keys_preview"": [""7e5dad506ba41fbb8a459f14e672653125abca1acfebd4faa3d0d5aab5a815ee"", ""d92ec88d790f1d05a18935b9dcdc07ddb54c03689873096715174b9688233076""]}"
cmprev_d3c06806375e9b8a,cmpcand_7384050539133051,e729268b-edb6-5a2b-a8a9-b7272be24f43,inchi::OXFPYCSNYOFUCH-KQBHUUJHSA-N,ready,conflict,279,,1b977763ced6bb1be1697f323e2f013a5991497a1d55a575d6e7c929b087ad31,279,PubChem,2026-05-24T15:04:37.786137+00:00,2026-05-24T15:04:37.786137+00:00,unmapped_plant_reference,member_map_missing_canonical_plant_id,"{""candidate_id"": ""cmpcand_7384050539133051"", ""compound_id"": ""e729268b-edb6-5a2b-a8a9-b7272be24f43"", ""member_count"": 1, ""member_ids_preview"": [""cmpcandm_5c64ed61a35be1f3""], ""missing_member_count"": 1, ""raw_plant_ids_preview"": [""279""], ""source_compound_keys_preview"": [""1b977763ced6bb1be1697f323e2f013a5991497a1d55a575d6e7c929b087ad31""]}"
cmprev_d8a4f92ea28fc362,cmpcand_73bb0b3f0e70240f,8e5c5f87-d613-5026-b667-b9cb1f9c14dc,inchi::OREAQOXKZSQPCV-UHFFFAOYSA-N,ready,conflict,392,,2cfd9af3c0023d26b75388bd219c7236b044eff4bbd684ce93beb1dad405a172,392,PubChem,2026-05-24T15:03:31.469732+00:00,2026-05-24T15:03:31.469732+00:00,unmapped_plant_reference,member_map_missing_canonical_plant_id,"{""candidate_id"": ""cmpcand_73bb0b3f0e70240f"", ""compound_id"": ""8e5c5f87-d613-5026-b667-b9cb1f9c14dc"", ""member_count"": 1, ""member_ids_preview"": [""cmpcandm_cc0192f3c97ef5e7""], ""missing_member_count"": 1, ""raw_plant_ids_preview"": [""392""], ""source_compound_keys_preview"": [""2cfd9af3c0023d26b75388bd219c7236b044eff4bbd684ce93beb1dad405a172""]}"
cmprev_87906db3ce5c157b,cmpcand_73d722e220633ab9,4434537f-ec20-5610-8783-f520d8c6db98,inchi::CKLJMWTZIZZHCS-REOHCLBHSA-N,ready,conflict,155,,6ceda7d618101c9cce41230ba4189d9c037ac6a87ff7d8e4d59fc10482e3ab95,155,ChEMBL,2026-05-24T15:07:13.372423+00:00,2026-05-24T15:07:13.372423+00:00,unmapped_plant_reference,member_map_missing_canonical_plant_id,"{""candidate_id"": ""cmpcand_73d722e220633ab9"", ""compound_id"": ""4434537f-ec20-5610-8783-f520d8c6db98"", ""member_count"": 1, ""member_ids_preview"": [""cmpcandm_d704c17ebf17f63f""], ""missing_member_count"": 1, ""raw_plant_ids_preview"": [""155""], ""source_compound_keys_preview"": [""6ceda7d618101c9cce41230ba4189d9c037ac6a87ff7d8e4d59fc10482e3ab95""]}"
cmprev_fcb076ac9e5a1f89,cmpcand_746bd994c7af5914,39f82153-53e0-5b8a-a463-080a33b8223b,inchi::DISPMSFQNOPWJO-UHFFFAOYSA-N,ready,conflict,175,,6b11ab44c9e2223e2fb11aad068a0e0d2a01d8938b8161c12a008f2a44625342,175,ChEMBL,2026-05-24T15:03:22.488076+00:00,2026-05-24T15:03:22.488076+00:00,unmapped_plant_reference,member_map_missing_canonical_plant_id,"{""candidate_id"": ""cmpcand_746bd994c7af5914"", ""compound_id"": ""39f82153-53e0-5b8a-a463-080a33b8223b"", ""member_count"": 1, ""member_ids_preview"": [""cmpcandm_6f917c3e92639cd9""], ""missing_member_count"": 1, ""raw_plant_ids_preview"": [""175""], ""source_compound_keys_preview"": [""6b11ab44c9e2223e2fb11aad068a0e0d2a01d8938b8161c12a008f2a44625342""]}"
cmprev_3eeb7a1307e5f6d1,cmpcand_74bbfcc9477091c8,24540696-1055-5015-8848-14fdeecc1080,inchi::IMBXEJJVJRTNOW-XYMSELFBSA-N,ready,conflict,83,,89222686eedf644bf96a0b2dd034a00d8c7d40c72c82f163289bcd6aabf88ab4,83,ChEMBL,2026-05-24T15:05:36.791565+00:00,2026-05-24T15:05:36.791565+00:00,unmapped_plant_reference,member_map_missing_canonical_plant_id,"{""candidate_id"": ""cmpcand_74bbfcc9477091c8"", ""compound_id"": ""24540696-1055-5015-8848-14fdeecc1080"", ""member_count"": 2, ""member_ids_preview"": [""cmpcandm_83cbf0f5c4f7aa0a"", ""cmpcandm_61f651dbcdf6e376""], ""missing_member_count"": 2, ""raw_plant_ids_preview"": [""83""], ""source_compound_keys_preview"": [""89222686eedf644bf96a0b2dd034a00d8c7d40c72c82f163289bcd6aabf88ab4"", ""83876f4afffbd947f07d1fd736aee023e1c74ac23ec54a7ed8eeb51cd334cf88""]}"
cmprev_3ad368fad15eab7a,cmpcand_7502c9bc7a455007,d75d5212-1c9f-5e59-adbf-08814ed4ff80,inchi::DMASLKHVQRHNES-FKKUPVFPSA-N,ready,matched,139,,a0af5123e4d137fec7b468ed627c92ee892db63ff3a7439028bd1f4f5c0bfbfa,139,PubChem,2026-05-24T15:06:25.208094+00:00,2026-05-24T15:06:25.208094+00:00,unmapped_plant_reference,member_map_missing_canonical_plant_id,"{""candidate_id"": ""cmpcand_7502c9bc7a455007"", ""compound_id"": ""d75d5212-1c9f-5e59-adbf-08814ed4ff80"", ""member_count"": 1, ""member_ids_preview"": [""cmpcandm_243935f348e226c4""], ""missing_member_count"": 1, ""raw_plant_ids_preview"": [""139""], ""source_compound_keys_preview"": [""a0af5123e4d137fec7b468ed627c92ee892db63ff3a7439028bd1f4f5c0bfbfa""]}"
cmprev_28799c958ae64214,cmpcand_75241ce6ea7e2bb2,99ee1377-5b36-51ef-8ada-0dd36e4b3ab6,inchi::WUOACPNHFRMFPN-SECBINFHSA-N,ready,conflict,290,,2b7e89da14d46a8625cdaccbf8e52a6ff6701fd53b642cfbf1dc4b086c08c5cf,290,ChEMBL,2026-05-24T15:02:23.124477+00:00,2026-05-24T15:02:23.124477+00:00,unmapped_plant_reference,member_map_missing_canonical_plant_id,"{""candidate_id"": ""cmpcand_75241ce6ea7e2bb2"", ""compound_id"": ""99ee1377-5b36-51ef-8ada-0dd36e4b3ab6"", ""member_count"": 1, ""member_ids_preview"": [""cmpcandm_e63887d3586ec349""], ""missing_member_count"": 1, ""raw_plant_ids_preview"": [""290""], ""source_compound_keys_preview"": [""2b7e89da14d46a8625cdaccbf8e52a6ff6701fd53b642cfbf1dc4b086c08c5cf""]}"
cmprev_3460a53607ba84de,cmpcand_75251ac68c4586c6,8eacd8ba-6027-5ed7-9f5d-467280d7c36b,inchi::QMYGTTSPVRKRJP-SKEMKGFNSA-N,ready,conflict,322,,5ee836d01f350302557e8b994e0516e2a53faefce5340372c005b816f53adef0,322,ChEMBL,2026-05-24T15:04:47.382906+00:00,2026-05-24T15:04:47.382906+00:00,unmapped_plant_reference,member_map_missing_canonical_plant_id,"{""candidate_id"": ""cmpcand_75251ac68c4586c6"", ""compound_id"": ""8eacd8ba-6027-5ed7-9f5d-467280d7c36b"", ""member_count"": 1, ""member_ids_preview"": [""cmpcandm_0d5f870840d9e44b""], ""missing_member_count"": 1, ""raw_plant_ids_preview"": [""322""], ""source_compound_keys_preview"": [""5ee836d01f350302557e8b994e0516e2a53faefce5340372c005b816f53adef0""]}"
cmprev_dbb176b66f00df03,cmpcand_75a56ef3543f81a8,c92a47e9-8992-5a0f-8276-b351f10bfe89,inchi::PRAAWOPIZHEJGG-UXTUTQFPSA-N,ready,conflict,100,,88142dafabdaa63b32ffce8c4164ca3a0dd1beafe24c442c4867322fcfc53a9c,100,PubChem,2026-05-24T15:09:24.455004+00:00,2026-05-24T15:09:24.455004+00:00,unmapped_plant_reference,member_map_missing_canonical_plant_id,"{""candidate_id"": ""cmpcand_75a56ef3543f81a8"", ""compound_id"": ""c92a47e9-8992-5a0f-8276-b351f10bfe89"", ""member_count"": 1, ""member_ids_preview"": [""cmpcandm_6a220dbfd1ba3f29""], ""missing_member_count"": 1, ""raw_plant_ids_preview"": [""100""], ""source_compound_keys_preview"": [""88142dafabdaa63b32ffce8c4164ca3a0dd1beafe24c442c4867322fcfc53a9c""]}"
cmprev_d989b72672e2bffa,cmpcand_7731e25c25ab6ad0,9eada187-5d45-550c-89a2-58c984873250,inchi::OGMCIFBUEIOLEZ-UHFFFAOYSA-N,ready,conflict,186,,c42a8dd2e68fa318e915db2e41882b7ba4421e94eda89bf58e0a13a51a1c7247,186,PubChem,2026-05-24T15:06:18.945224+00:00,2026-05-24T15:06:18.945224+00:00,unmapped_plant_reference,member_map_missing_canonical_plant_id,"{""candidate_id"": ""cmpcand_7731e25c25ab6ad0"", ""compound_id"": ""9eada187-5d45-550c-89a2-58c984873250"", ""member_count"": 1, ""member_ids_preview"": [""cmpcandm_1721a4c1b4f4a385""], ""missing_member_count"": 1, ""raw_plant_ids_preview"": [""186""], ""source_compound_keys_preview"": [""c42a8dd2e68fa318e915db2e41882b7ba4421e94eda89bf58e0a13a51a1c7247""]}"
cmprev_addb99e790072d34,cmpcand_77689d0878bff69e,3dd364b8-a0a6-5cd4-9f47-1116e5a33763,inchi::ADJLOHOSFKJYEC-UHFFFAOYSA-N,ready,conflict,398,,20116efe2728b8a8ea8344396a227940af44fd21c082d17e7ffb91bb3c7b9a58,398,ChEMBL,2026-05-24T15:05:47.656968+00:00,2026-05-24T15:05:47.656968+00:00,unmapped_plant_reference,member_map_missing_canonical_plant_id,"{""candidate_id"": ""cmpcand_77689d0878bff69e"", ""compound_id"": ""3dd364b8-a0a6-5cd4-9f47-1116e5a33763"", ""member_count"": 1, ""member_ids_preview"": [""cmpcandm_5995036cf6b75db2""], ""missing_member_count"": 1, ""raw_plant_ids_preview"": [""398""], ""source_compound_keys_preview"": [""20116efe2728b8a8ea8344396a227940af44fd21c082d17e7ffb91bb3c7b9a58""]}"
cmprev_75bc3502c0d7b37f,cmpcand_779e8e52132d9b95,2befb9fe-3d2c-5c34-9bd5-89beb5e05a15,inchi::BDLDISNCZVBVKG-YYFGDFGFSA-N,ready,conflict,369,,69415cb629518ee7864d5cf513634f8b92174d95735f2000303b615c3e518a27,369,ChEMBL,2026-05-24T15:04:35.307865+00:00,2026-05-24T15:04:35.307865+00:00,unmapped_plant_reference,member_map_missing_canonical_plant_id,"{""candidate_id"": ""cmpcand_779e8e52132d9b95"", ""compound_id"": ""2befb9fe-3d2c-5c34-9bd5-89beb5e05a15"", ""member_count"": 1, ""member_ids_preview"": [""cmpcandm_f0487e4c4dc2b35a""], ""missing_member_count"": 1, ""raw_plant_ids_preview"": [""369""], ""source_compound_keys_preview"": [""69415cb629518ee7864d5cf513634f8b92174d95735f2000303b615c3e518a27""]}"
cmprev_1b933ac6177ef24f,cmpcand_77f0ab9b0737c375,c2e7b540-7c72-5b05-ab5d-c530a65d1875,inchi::HIIZINPYIPHUJY-KHSUZLLXSA-O,ready,matched,67,,3fcc8c216a481cb38ec5783f21b2b3132a98154a36ecc8ad4cebc384f3727bf0,67,PubChem,2026-05-24T15:09:25.084196+00:00,2026-05-24T15:09:25.084196+00:00,unmapped_plant_reference,member_map_missing_canonical_plant_id,"{""candidate_id"": ""cmpcand_77f0ab9b0737c375"", ""compound_id"": ""c2e7b540-7c72-5b05-ab5d-c530a65d1875"", ""member_count"": 1, ""member_ids_preview"": [""cmpcandm_9817a2d329efaa09""], ""missing_member_count"": 1, ""raw_plant_ids_preview"": [""67""], ""source_compound_keys_preview"": [""3fcc8c216a481cb38ec5783f21b2b3132a98154a36ecc8ad4cebc384f3727bf0""]}"
cmprev_93d70cad6b2b9d00,cmpcand_781de1a5d88ea585,b9988ab4-d23a-5b3d-bb59-f5aec3ba8022,inchi::GIHNTRQPEMKFKO-SKTNYSRSSA-N,ready,conflict,531,,97b4a6e74b0a05757c45a96c1884469e47f4183a4c9e9862cf2072a6652d5b32,531,ChEMBL,2026-05-24T15:06:24.688388+00:00,2026-05-24T15:06:24.688388+00:00,unmapped_plant_reference,member_map_missing_canonical_plant_id,"{""candidate_id"": ""cmpcand_781de1a5d88ea585"", ""compound_id"": ""b9988ab4-d23a-5b3d-bb59-f5aec3ba8022"", ""member_count"": 1, ""member_ids_preview"": [""cmpcandm_9dca78c461f3423b""], ""missing_member_count"": 1, ""raw_plant_ids_preview"": [""531""], ""source_compound_keys_preview"": [""97b4a6e74b0a05757c45a96c1884469e47f4183a4c9e9862cf2072a6652d5b32""]}"
cmprev_122d2a5875e10c08,cmpcand_787fa2594fc5bfaf,c11de34d-e7af-5470-a70b-b7300ddcb0c8,inchi::MGJLSBDCWOSMHL-MIUGBVLSSA-N,ready,conflict,175,,2075141ecc768fa1bebbca2ebd81e910537b999d83d6b92f1c8dff1af3132d45,175,ChEMBL,2026-05-24T15:06:33.130287+00:00,2026-05-24T15:06:33.130287+00:00,unmapped_plant_reference,member_map_missing_canonical_plant_id,"{""candidate_id"": ""cmpcand_787fa2594fc5bfaf"", ""compound_id"": ""c11de34d-e7af-5470-a70b-b7300ddcb0c8"", ""member_count"": 1, ""member_ids_preview"": [""cmpcandm_e30158d4d666fc24""], ""missing_member_count"": 1, ""raw_plant_ids_preview"": [""175""], ""source_compound_keys_preview"": [""2075141ecc768fa1bebbca2ebd81e910537b999d83d6b92f1c8dff1af3132d45""]}"
cmprev_da72edc6d95b0cd5,cmpcand_78f828c40237faec,6f5a43ed-4f87-54eb-b37f-459644dd2854,inchi::ZIZYKBRERUNPAU-UHFFFAOYSA-N,ready,conflict,175,,27639fa584ec2e767d28adc2262a55ab56af8ade6974afb7f8cd446d5d41efc8,175,PubChem,2026-05-24T15:06:06.033288+00:00,2026-05-24T15:06:06.033288+00:00,unmapped_plant_reference,member_map_missing_canonical_plant_id,"{""candidate_id"": ""cmpcand_78f828c40237faec"", ""compound_id"": ""6f5a43ed-4f87-54eb-b37f-459644dd2854"", ""member_count"": 1, ""member_ids_preview"": [""cmpcandm_8fb519ed1cf4a5ae""], ""missing_member_count"": 1, ""raw_plant_ids_preview"": [""175""], ""source_compound_keys_preview"": [""27639fa584ec2e767d28adc2262a55ab56af8ade6974afb7f8cd446d5d41efc8""]}"
cmprev_b0609dcc1d52e8a2,cmpcand_79569d1c790203fb,7a48b54a-ea79-5565-a334-cc677517463e,inchi::JPEQATLMKATGAQ-UHFFFAOYSA-N,ready,conflict,186,,59df2ad16ea0735c9eb88b9184e821a2ccd2d2b07c72f11c4c0dbd71ba6ad338,186,ChEMBL,2026-05-24T15:04:55.450748+00:00,2026-05-24T15:04:55.450748+00:00,unmapped_plant_reference,member_map_missing_canonical_plant_id,"{""candidate_id"": ""cmpcand_79569d1c790203fb"", ""compound_id"": ""7a48b54a-ea79-5565-a334-cc677517463e"", ""member_count"": 2, ""member_ids_preview"": [""cmpcandm_1c5a65a3cd5f3093"", ""cmpcandm_0b4b8a19dae65965""], ""missing_member_count"": 2, ""raw_plant_ids_preview"": [""186""], ""source_compound_keys_preview"": [""59df2ad16ea0735c9eb88b9184e821a2ccd2d2b07c72f11c4c0dbd71ba6ad338"", ""8179a42c239e13520a0ecd148807a0aa34b21375cce06946568c54f85e069ec3""]}"
cmprev_607332c7758e74c7,cmpcand_7967572d294ac845,e2562a63-0454-5fb5-9485-9e7d106d444a,inchi::AUVZFRDLRJQTQF-KXEYLTKFSA-N,ready,conflict,490,,122ce2ac09f9c390f17400a0b9ea82a227ae8fcc2702be375e734545034ee12a,490,ChEMBL,2026-05-24T15:08:06.409282+00:00,2026-05-24T15:08:06.409282+00:00,unmapped_plant_reference,member_map_missing_canonical_plant_id,"{""candidate_id"": ""cmpcand_7967572d294ac845"", ""compound_id"": ""e2562a63-0454-5fb5-9485-9e7d106d444a"", ""member_count"": 1, ""member_ids_preview"": [""cmpcandm_d28f7fc42349cb99""], ""missing_member_count"": 1, ""raw_plant_ids_preview"": [""490""], ""source_compound_keys_preview"": [""122ce2ac09f9c390f17400a0b9ea82a227ae8fcc2702be375e734545034ee12a""]}"
cmprev_c0cfe51311f2a2cd,cmpcand_79e1e5de2ac6b69c,88cabd8b-c394-5ce7-8f1b-c4fff840322c,inchi::UWAKTEDKARQVDV-UHFFFAOYSA-N,ready,conflict,120,,28bebbfa78a6edbfa1c63024c94f954be975188265a35cda25f3832ec8c9c078,120,PubChem,2026-05-24T15:06:07.541331+00:00,2026-05-24T15:06:07.541331+00:00,unmapped_plant_reference,member_map_missing_canonical_plant_id,"{""candidate_id"": ""cmpcand_79e1e5de2ac6b69c"", ""compound_id"": ""88cabd8b-c394-5ce7-8f1b-c4fff840322c"", ""member_count"": 1, ""member_ids_preview"": [""cmpcandm_e70835bd2094e7f9""], ""missing_member_count"": 1, ""raw_plant_ids_preview"": [""120""], ""source_compound_keys_preview"": [""28bebbfa78a6edbfa1c63024c94f954be975188265a35cda25f3832ec8c9c078""]}"
cmprev_d0eecea22aef188f,cmpcand_7aa9a0eedd115d90,6aff9f82-a0cb-5fbb-81a4-2be3d14e2c45,inchi::AYRGORIDZJYSID-MIKDDSNXSA-N,ready,conflict,175,,14d7004ce2fd70fbd0d1912e58ab93c13d4afda78f9889dc4a662b24a4683930,175,ChEMBL,2026-05-24T15:06:27.625131+00:00,2026-05-24T15:06:27.625131+00:00,unmapped_plant_reference,member_map_missing_canonical_plant_id,"{""candidate_id"": ""cmpcand_7aa9a0eedd115d90"", ""compound_id"": ""6aff9f82-a0cb-5fbb-81a4-2be3d14e2c45"", ""member_count"": 1, ""member_ids_preview"": [""cmpcandm_f92ea281843dd727""], ""missing_member_count"": 1, ""raw_plant_ids_preview"": [""175""], ""source_compound_keys_preview"": [""14d7004ce2fd70fbd0d1912e58ab93c13d4afda78f9889dc4a662b24a4683930""]}"
cmprev_3b7036caec3591a0,cmpcand_7b03ce7c9fa8e5fb,4a43aa17-6755-5caf-9017-67daf62eb8f1,inchi::OPXSZVOBJWFXGV-IFEXPISBSA-N,ready,conflict,107,,2fa947ad79b801b3850350715befb939e34ef1b347e462e931b2f657e3fc9aa4,107,PubChem,2026-05-24T15:05:15.337792+00:00,2026-05-24T15:05:15.337792+00:00,unmapped_plant_reference,member_map_missing_canonical_plant_id,"{""candidate_id"": ""cmpcand_7b03ce7c9fa8e5fb"", ""compound_id"": ""4a43aa17-6755-5caf-9017-67daf62eb8f1"", ""member_count"": 1, ""member_ids_preview"": [""cmpcandm_02ca5e44670b6d4f""], ""missing_member_count"": 1, ""raw_plant_ids_preview"": [""107""], ""source_compound_keys_preview"": [""2fa947ad79b801b3850350715befb939e34ef1b347e462e931b2f657e3fc9aa4""]}"
cmprev_109372c31c499fde,cmpcand_7b48b919c56f3792,b68bd840-159c-57c9-af39-55d9d456f7c0,inchi::BJBUTJQYZDYRMJ-UHFFFAOYSA-N,ready,conflict,132,,8f74b248148d0eef0de1c3b8de0e789ba6524eef4da4c875117a7bf75b5522e3,132,ChEMBL,2026-05-24T15:05:45.853167+00:00,2026-05-24T15:05:45.853167+00:00,unmapped_plant_reference,member_map_missing_canonical_plant_id,"{""candidate_id"": ""cmpcand_7b48b919c56f3792"", ""compound_id"": ""b68bd840-159c-57c9-af39-55d9d456f7c0"", ""member_count"": 1, ""member_ids_preview"": [""cmpcandm_305f4891448bc4ac""], ""missing_member_count"": 1, ""raw_plant_ids_preview"": [""132""], ""source_compound_keys_preview"": [""8f74b248148d0eef0de1c3b8de0e789ba6524eef4da4c875117a7bf75b5522e3""]}"
cmprev_043302e59814ab8e,cmpcand_7b4e3ae3cb9171d6,7e1c845e-2032-5600-a5f3-7442b4ac7be3,inchi::CZWBKSDPBWNHGO-AHJCBHEUSA-N,ready,conflict,133,,e5aa44f649fded4e95193e51b846e1ee3c6807b65bfffc216cf28d1273aca76c,133,PubChem,2026-05-24T15:06:45.986902+00:00,2026-05-24T15:06:45.986902+00:00,unmapped_plant_reference,member_map_missing_canonical_plant_id,"{""candidate_id"": ""cmpcand_7b4e3ae3cb9171d6"", ""compound_id"": ""7e1c845e-2032-5600-a5f3-7442b4ac7be3"", ""member_count"": 1, ""member_ids_preview"": [""cmpcandm_12b4f1236dffc732""], ""missing_member_count"": 1, ""raw_plant_ids_preview"": [""133""], ""source_compound_keys_preview"": [""e5aa44f649fded4e95193e51b846e1ee3c6807b65bfffc216cf28d1273aca76c""]}"
cmprev_09a83d3cdd3b3593,cmpcand_7b6a8c0b1f615cfe,98159a71-cbc8-5cb1-9840-d4fe2defa403,inchi::QYIMSPSDBYKPPY-BANQPHDMSA-N,ready,conflict,313,,4ca35961816bf390923964bb7d8512ac2dee482eddb5a8aa04493605327717b4,313,PubChem,2026-05-24T15:08:06.342183+00:00,2026-05-24T15:08:06.342183+00:00,unmapped_plant_reference,member_map_missing_canonical_plant_id,"{""candidate_id"": ""cmpcand_7b6a8c0b1f615cfe"", ""compound_id"": ""98159a71-cbc8-5cb1-9840-d4fe2defa403"", ""member_count"": 1, ""member_ids_preview"": [""cmpcandm_3e4e2c8b965822f2""], ""missing_member_count"": 1, ""raw_plant_ids_preview"": [""313""], ""source_compound_keys_preview"": [""4ca35961816bf390923964bb7d8512ac2dee482eddb5a8aa04493605327717b4""]}"
cmprev_3202c6ad24471123,cmpcand_7b7d796fa6bf3924,a57f3eb1-f397-57c2-932b-1b23f779fb13,inchi::FBANEUHXMFEIRO-WBFOWJMUSA-N,ready,conflict,341,,ae7388f3a44474151dea3b0b3227dbd5902bd8015752a1c2ed9852b81563592b,341,PubChem,2026-05-24T15:03:30.012405+00:00,2026-05-24T15:03:30.012405+00:00,unmapped_plant_reference,member_map_missing_canonical_plant_id,"{""candidate_id"": ""cmpcand_7b7d796fa6bf3924"", ""compound_id"": ""a57f3eb1-f397-57c2-932b-1b23f779fb13"", ""member_count"": 1, ""member_ids_preview"": [""cmpcandm_e2e31ebec35c2d81""], ""missing_member_count"": 1, ""raw_plant_ids_preview"": [""341""], ""source_compound_keys_preview"": [""ae7388f3a44474151dea3b0b3227dbd5902bd8015752a1c2ed9852b81563592b""]}"
cmprev_16dad18106649320,cmpcand_7ba33e2d755b0917,cbe16124-ea28-596c-83f7-bbfa50bc60b8,inchi::OYMQKBZMKFJPMH-DPOSBGKNSA-N,ready,conflict,490,,8eec7d192111cc6a6839e27e942fed090076d04c0335c17bcf1f3bdb1b13f7d3,490,ChEMBL,2026-05-24T15:07:03.485819+00:00,2026-05-24T15:07:03.485819+00:00,unmapped_plant_reference,member_map_missing_canonical_plant_id,"{""candidate_id"": ""cmpcand_7ba33e2d755b0917"", ""compound_id"": ""cbe16124-ea28-596c-83f7-bbfa50bc60b8"", ""member_count"": 1, ""member_ids_preview"": [""cmpcandm_11a8c1c600e00330""], ""missing_member_count"": 1, ""raw_plant_ids_preview"": [""490""], ""source_compound_keys_preview"": [""8eec7d192111cc6a6839e27e942fed090076d04c0335c17bcf1f3bdb1b13f7d3""]}"
cmprev_50c4133d1a30b547,cmpcand_7c2bae1572662bed,ce67bfba-6837-5443-b9f6-a32982776e2c,inchi::MWTVZZZJXLZCEN-WMLDXEAASA-N,ready,conflict,120,,018b43e61c4b1e40aaac741804f0911e435c396fe10ffe023f6ae731e696e373,120,PubChem,2026-05-24T15:02:24.898703+00:00,2026-05-24T15:02:24.898703+00:00,unmapped_plant_reference,member_map_missing_canonical_plant_id,"{""candidate_id"": ""cmpcand_7c2bae1572662bed"", ""compound_id"": ""ce67bfba-6837-5443-b9f6-a32982776e2c"", ""member_count"": 1, ""member_ids_preview"": [""cmpcandm_a6dbebf6b1219464""], ""missing_member_count"": 1, ""raw_plant_ids_preview"": [""120""], ""source_compound_keys_preview"": [""018b43e61c4b1e40aaac741804f0911e435c396fe10ffe023f6ae731e696e373""]}"
cmprev_7d42b9e22c2a31b1,cmpcand_7cbd27262c71be68,65b88337-0469-5fae-b5ef-c11be111a4f5,inchi::JLIDBLDQVAYHNE-YKALOCIXSA-N,ready,conflict,381,,6daacd6d9d6ad63f70e6b41870fa5e888968bea66ae04847752888936e09b6ae,381,ChEMBL,2026-05-24T15:04:55.361419+00:00,2026-05-24T15:04:55.361419+00:00,unmapped_plant_reference,member_map_missing_canonical_plant_id,"{""candidate_id"": ""cmpcand_7cbd27262c71be68"", ""compound_id"": ""65b88337-0469-5fae-b5ef-c11be111a4f5"", ""member_count"": 1, ""member_ids_preview"": [""cmpcandm_64036f10764a5c81""], ""missing_member_count"": 1, ""raw_plant_ids_preview"": [""381""], ""source_compound_keys_preview"": [""6daacd6d9d6ad63f70e6b41870fa5e888968bea66ae04847752888936e09b6ae""]}"
cmprev_eb4baf82fdaaff55,cmpcand_7d0a37ff49470044,f4c16b6d-22a4-5af3-8bc7-57fae0882cf0,inchi::HFJDWELARBQGBQ-PFLZFKCOSA-N,ready,matched,107,,a9c586e4b9920e3fbf3e70eab6579cad1ccae781a08d5cdd4eacd6a23c5ddc50,107,PubChem,2026-05-24T15:04:59.110671+00:00,2026-05-24T15:04:59.110671+00:00,unmapped_plant_reference,member_map_missing_canonical_plant_id,"{""candidate_id"": ""cmpcand_7d0a37ff49470044"", ""compound_id"": ""f4c16b6d-22a4-5af3-8bc7-57fae0882cf0"", ""member_count"": 1, ""member_ids_preview"": [""cmpcandm_8b1657ca1b7347fd""], ""missing_member_count"": 1, ""raw_plant_ids_preview"": [""107""], ""source_compound_keys_preview"": [""a9c586e4b9920e3fbf3e70eab6579cad1ccae781a08d5cdd4eacd6a23c5ddc50""]}"
cmprev_aa3a32fbf08866b9,cmpcand_7d13035cac416a91,548f89cf-fc2e-535d-9a74-5e0b12db631a,inchi::OINNEUNVOZHBOX-QIRCYJPOSA-N,ready,conflict,139,,3fc2d8b3611263a7f8616cb23e8c5dbcafceb6c4dd0e12a44d1fb91e0d5ce773,139,ChEMBL,2026-05-24T15:07:52.352050+00:00,2026-05-24T15:07:52.352050+00:00,unmapped_plant_reference,member_map_missing_canonical_plant_id,"{""candidate_id"": ""cmpcand_7d13035cac416a91"", ""compound_id"": ""548f89cf-fc2e-535d-9a74-5e0b12db631a"", ""member_count"": 1, ""member_ids_preview"": [""cmpcandm_9ed32ab0d621da8c""], ""missing_member_count"": 1, ""raw_plant_ids_preview"": [""139""], ""source_compound_keys_preview"": [""3fc2d8b3611263a7f8616cb23e8c5dbcafceb6c4dd0e12a44d1fb91e0d5ce773""]}"
cmprev_775ddbd41c5236aa,cmpcand_7d3e312020c56669,59f211c8-46e8-5c57-863e-b33677b97be4,inchi::ZTCJOOIYHFZAQO-UHFFFAOYSA-N,ready,conflict,490,,16b003e76f04374765376a038632ee441850e62459bedb896914974696420e36,490,PubChem,2026-05-24T15:04:29.775427+00:00,2026-05-24T15:04:29.775427+00:00,unmapped_plant_reference,member_map_missing_canonical_plant_id,"{""candidate_id"": ""cmpcand_7d3e312020c56669"", ""compound_id"": ""59f211c8-46e8-5c57-863e-b33677b97be4"", ""member_count"": 1, ""member_ids_preview"": [""cmpcandm_377d7923f308c23c""], ""missing_member_count"": 1, ""raw_plant_ids_preview"": [""490""], ""source_compound_keys_preview"": [""16b003e76f04374765376a038632ee441850e62459bedb896914974696420e36""]}"
cmprev_f66f3808c70df465,cmpcand_7db008a567e8d807,886b02d9-3899-5d54-a7f9-066ed4c23b25,inchi::XSEUJTRCOWEKGS-WVOWMOBTSA-N,ready,conflict,286,,700668c72819b2ccfcb77a37218ee01ecc4ec1d4273fd9b013cb0b667f678379,286,PubChem,2026-05-24T15:07:37.374303+00:00,2026-05-24T15:07:37.374303+00:00,unmapped_plant_reference,member_map_missing_canonical_plant_id,"{""candidate_id"": ""cmpcand_7db008a567e8d807"", ""compound_id"": ""886b02d9-3899-5d54-a7f9-066ed4c23b25"", ""member_count"": 1, ""member_ids_preview"": [""cmpcandm_8a11b267c9c3fa33""], ""missing_member_count"": 1, ""raw_plant_ids_preview"": [""286""], ""source_compound_keys_preview"": [""700668c72819b2ccfcb77a37218ee01ecc4ec1d4273fd9b013cb0b667f678379""]}"
cmprev_d790dcca1229c7ad,cmpcand_7dc92879e7b311e8,ca7c188e-8afc-569a-9198-c95cbf29529f,inchi::JEKMKNDURXDJAD-HWUKTEKMSA-N,ready,conflict,139,,32ceae8361634e4fd0065ae5b930ee90b172064223dd7c68eca62dadd12bd20e,139,ChEMBL,2026-05-24T15:07:58.092286+00:00,2026-05-24T15:07:58.092286+00:00,unmapped_plant_reference,member_map_missing_canonical_plant_id,"{""candidate_id"": ""cmpcand_7dc92879e7b311e8"", ""compound_id"": ""ca7c188e-8afc-569a-9198-c95cbf29529f"", ""member_count"": 1, ""member_ids_preview"": [""cmpcandm_00af84d40d5cd196""], ""missing_member_count"": 1, ""raw_plant_ids_preview"": [""139""], ""source_compound_keys_preview"": [""32ceae8361634e4fd0065ae5b930ee90b172064223dd7c68eca62dadd12bd20e""]}"
cmprev_c898ebbab875e060,cmpcand_7de22ddce85e9437,1d007426-eb1e-5777-9842-ee52bb009427,inchi::QTBSBXVTEAMEQO-UHFFFAOYSA-N,ready,conflict,139,,1f52ab7d26bb3a3b6cf573f5be29df424b4c6c3854ebad0e978496939bfa8d98,139;155,ChEMBL,2026-05-24T15:07:44.707913+00:00,2026-05-24T15:07:44.707913+00:00,unmapped_plant_reference,member_map_missing_canonical_plant_id,"{""candidate_id"": ""cmpcand_7de22ddce85e9437"", ""compound_id"": ""1d007426-eb1e-5777-9842-ee52bb009427"", ""member_count"": 2, ""member_ids_preview"": [""cmpcandm_3214c88b7a45bcb5"", ""cmpcandm_6dcaccf93619a88b""], ""missing_member_count"": 2, ""raw_plant_ids_preview"": [""139"", ""155""], ""source_compound_keys_preview"": [""1f52ab7d26bb3a3b6cf573f5be29df424b4c6c3854ebad0e978496939bfa8d98"", ""0ecef9881c7bef0e34e509796b3b9e54a07b48b5659b48c2e78477a9a5aaec99""]}"
cmprev_7101087bb36e3afe,cmpcand_7e6e58375d56a1e6,fe3fe9dd-51ee-5f6d-adb4-2b311d743ad0,inchi::NKUOSFBSKVBOJC-UFNWOZQISA-O,ready,matched,67,,bf513579aaa160c1b68d3e05d7c51780af0df2a977eb8a547d7fdbbf07ea2f3e,67,PubChem,2026-05-24T15:09:25.000044+00:00,2026-05-24T15:09:25.000044+00:00,unmapped_plant_reference,member_map_missing_canonical_plant_id,"{""candidate_id"": ""cmpcand_7e6e58375d56a1e6"", ""compound_id"": ""fe3fe9dd-51ee-5f6d-adb4-2b311d743ad0"", ""member_count"": 1, ""member_ids_preview"": [""cmpcandm_a36e19695aee5494""], ""missing_member_count"": 1, ""raw_plant_ids_preview"": [""67""], ""source_compound_keys_preview"": [""bf513579aaa160c1b68d3e05d7c51780af0df2a977eb8a547d7fdbbf07ea2f3e""]}"
cmprev_993da130411d1c4c,cmpcand_7f3ca7de3bae9e2a,e759b451-6c02-5681-b597-00fa4ae7f2d0,inchi::DUGJJSWZRHBJJK-IGRMCQLTSA-N,ready,conflict,392,,c9eba210a89da721cefdf0928e757be7a1f73c766432d6e4fa0e875fd54b103b,392,ChEMBL,2026-05-24T15:07:05.856413+00:00,2026-05-24T15:07:05.856413+00:00,unmapped_plant_reference,member_map_missing_canonical_plant_id,"{""candidate_id"": ""cmpcand_7f3ca7de3bae9e2a"", ""compound_id"": ""e759b451-6c02-5681-b597-00fa4ae7f2d0"", ""member_count"": 1, ""member_ids_preview"": [""cmpcandm_cce1d1d41bcc5d05""], ""missing_member_count"": 1, ""raw_plant_ids_preview"": [""392""], ""source_compound_keys_preview"": [""c9eba210a89da721cefdf0928e757be7a1f73c766432d6e4fa0e875fd54b103b""]}"
cmprev_e7402e5017a8c921,cmpcand_807b616fd35e14a4,e715a3df-9758-5176-8880-73f6c4fd82ac,inchi::XQYZDYMELSJDRZ-UHFFFAOYSA-N,ready,conflict,429,,f6fbcbb2b7acd13e928985146494360eacd4d4307a15a240f87600d008563a42,429,ChEMBL,2026-05-24T15:07:20.870845+00:00,2026-05-24T15:07:20.870845+00:00,unmapped_plant_reference,member_map_missing_canonical_plant_id,"{""candidate_id"": ""cmpcand_807b616fd35e14a4"", ""compound_id"": ""e715a3df-9758-5176-8880-73f6c4fd82ac"", ""member_count"": 1, ""member_ids_preview"": [""cmpcandm_f9053daa5b232c95""], ""missing_member_count"": 1, ""raw_plant_ids_preview"": [""429""], ""source_compound_keys_preview"": [""f6fbcbb2b7acd13e928985146494360eacd4d4307a15a240f87600d008563a42""]}"
cmprev_165a34c4e85b357e,cmpcand_808620bac03267fd,53710ca3-3e38-53da-8eef-7d630a0ad143,inchi::VAJKIKOYPOZJCO-SHHUEDPUSA-N,ready,conflict,322,,dad0cfb268c71f7f2cb12fc6b5d706eb27c273b34f4e263614715e7dca687564,322,PubChem,2026-05-24T15:05:16.817958+00:00,2026-05-24T15:05:16.817958+00:00,unmapped_plant_reference,member_map_missing_canonical_plant_id,"{""candidate_id"": ""cmpcand_808620bac03267fd"", ""compound_id"": ""53710ca3-3e38-53da-8eef-7d630a0ad143"", ""member_count"": 1, ""member_ids_preview"": [""cmpcandm_3586503adb7c8984""], ""missing_member_count"": 1, ""raw_plant_ids_preview"": [""322""], ""source_compound_keys_preview"": [""dad0cfb268c71f7f2cb12fc6b5d706eb27c273b34f4e263614715e7dca687564""]}"
cmprev_9ff96b3865d2d57d,cmpcand_8128a159109d591f,4dd4d5a2-bc93-546f-a002-2dc0497bdc2e,inchi::JMIAZDVHNCCPDM-PFDNRQJHSA-N,ready,conflict,514,,787b15add4d07299114020e7ff2b6533b6b64606521e111be385f8922737f855,514,PubChem,2026-05-24T15:06:49.026979+00:00,2026-05-24T15:06:49.026979+00:00,unmapped_plant_reference,member_map_missing_canonical_plant_id,"{""candidate_id"": ""cmpcand_8128a159109d591f"", ""compound_id"": ""4dd4d5a2-bc93-546f-a002-2dc0497bdc2e"", ""member_count"": 1, ""member_ids_preview"": [""cmpcandm_dce93713a67310ec""], ""missing_member_count"": 1, ""raw_plant_ids_preview"": [""514""], ""source_compound_keys_preview"": [""787b15add4d07299114020e7ff2b6533b6b64606521e111be385f8922737f855""]}"
cmprev_e00aa02e1dee3f66,cmpcand_812e7df1b12e1739,d66e6dbc-78e2-57a4-823c-c496eede890b,inchi::MBZKDBQDALOSRP-UHFFFAOYSA-N,ready,conflict,175,,e7551136fa05c6a9d2dde4ed39131c80e985e08a4efa0e9b06188a97605fffd4,175,ChEMBL,2026-05-24T15:06:55.992856+00:00,2026-05-24T15:06:55.992856+00:00,unmapped_plant_reference,member_map_missing_canonical_plant_id,"{""candidate_id"": ""cmpcand_812e7df1b12e1739"", ""compound_id"": ""d66e6dbc-78e2-57a4-823c-c496eede890b"", ""member_count"": 1, ""member_ids_preview"": [""cmpcandm_2df91f96463995de""], ""missing_member_count"": 1, ""raw_plant_ids_preview"": [""175""], ""source_compound_keys_preview"": [""e7551136fa05c6a9d2dde4ed39131c80e985e08a4efa0e9b06188a97605fffd4""]}"
cmprev_6631bb586efc33bb,cmpcand_81447ad45fee5686,88b3ec7a-a5b4-544f-92a2-ef42dd07d22c,inchi::ZOQQFMKYEOHRMC-KFOCXKDFSA-N,ready,matched,319,,922a4d9f8a74cb3e93ea5df81a29e24811275dbb9507410550454ae6a776a73c,319,PubChem,2026-05-24T15:04:05.355105+00:00,2026-05-24T15:04:05.355105+00:00,unmapped_plant_reference,member_map_missing_canonical_plant_id,"{""candidate_id"": ""cmpcand_81447ad45fee5686"", ""compound_id"": ""88b3ec7a-a5b4-544f-92a2-ef42dd07d22c"", ""member_count"": 1, ""member_ids_preview"": [""cmpcandm_d003b24fe1c0bd50""], ""missing_member_count"": 1, ""raw_plant_ids_preview"": [""319""], ""source_compound_keys_preview"": [""922a4d9f8a74cb3e93ea5df81a29e24811275dbb9507410550454ae6a776a73c""]}"
cmprev_b8d8e9b701a77982,cmpcand_8245ab0a541088e3,3a48789b-f9d9-50d6-92f0-591d4cca20e9,inchi::YNZRNENZMVIPBX-SCLBUMFYSA-N,ready,conflict,502,,4ad46efaf9ef12a49789094af7ff59c3d3519b15229406db4c1516722949ba2c,502,PubChem,2026-05-24T15:08:35.465672+00:00,2026-05-24T15:08:35.465672+00:00,unmapped_plant_reference,member_map_missing_canonical_plant_id,"{""candidate_id"": ""cmpcand_8245ab0a541088e3"", ""compound_id"": ""3a48789b-f9d9-50d6-92f0-591d4cca20e9"", ""member_count"": 1, ""member_ids_preview"": [""cmpcandm_4bc7ab767913fb53""], ""missing_member_count"": 1, ""raw_plant_ids_preview"": [""502""], ""source_compound_keys_preview"": [""4ad46efaf9ef12a49789094af7ff59c3d3519b15229406db4c1516722949ba2c""]}"
cmprev_2c1c9cedd51cce66,cmpcand_825fc1ef173089ce,9f152a66-eb95-511f-80ce-7e3e4cad3f17,inchi::AFSDNFLWKVMVRB-UHFFFAOYSA-N,ready,conflict,341,,32f350e9537817963edb5656d5501ebf734a86f80c355d06e8dab584e5122fa6,341,ChEMBL,2026-05-24T15:06:27.328512+00:00,2026-05-24T15:06:27.328512+00:00,unmapped_plant_reference,member_map_missing_canonical_plant_id,"{""candidate_id"": ""cmpcand_825fc1ef173089ce"", ""compound_id"": ""9f152a66-eb95-511f-80ce-7e3e4cad3f17"", ""member_count"": 1, ""member_ids_preview"": [""cmpcandm_fff6f45512edb890""], ""missing_member_count"": 1, ""raw_plant_ids_preview"": [""341""], ""source_compound_keys_preview"": [""32f350e9537817963edb5656d5501ebf734a86f80c355d06e8dab584e5122fa6""]}"
cmprev_effa19d3cd8cedb6,cmpcand_82661f8739ed2bcc,f5cdddd3-eb6f-58f3-92df-17b06e89d1fa,inchi::BIJOPUWEMBBDEG-UHFFFAOYSA-N,ready,conflict,107,,eb0c0d3f6866c4c9d5868b295ad37016e041b2ac4e417c1fdad7261d8fa0b756,107,ChEMBL,2026-05-24T15:05:05.512122+00:00,2026-05-24T15:05:05.512122+00:00,unmapped_plant_reference,member_map_missing_canonical_plant_id,"{""candidate_id"": ""cmpcand_82661f8739ed2bcc"", ""compound_id"": ""f5cdddd3-eb6f-58f3-92df-17b06e89d1fa"", ""member_count"": 1, ""member_ids_preview"": [""cmpcandm_6b4340d2d38a8a90""], ""missing_member_count"": 1, ""raw_plant_ids_preview"": [""107""], ""source_compound_keys_preview"": [""eb0c0d3f6866c4c9d5868b295ad37016e041b2ac4e417c1fdad7261d8fa0b756""]}"
cmprev_6cc647f04b25f4d6,cmpcand_82b44eab8fe2b253,920bd9d6-70ae-5483-ac20-3eb39c7d9b75,inchi::QVCXDBCRBHXXAD-WFVGHVPHSA-N,ready,conflict,76,,19e607ef42950fda09155daf59a38b4e71703029ea17778070cfcb5b0003bf5e,76,ChEMBL,2026-05-24T15:02:37.426179+00:00,2026-05-24T15:02:37.426179+00:00,unmapped_plant_reference,member_map_missing_canonical_plant_id,"{""candidate_id"": ""cmpcand_82b44eab8fe2b253"", ""compound_id"": ""920bd9d6-70ae-5483-ac20-3eb39c7d9b75"", ""member_count"": 1, ""member_ids_preview"": [""cmpcandm_77cc6d6b8505ee3c""], ""missing_member_count"": 1, ""raw_plant_ids_preview"": [""76""], ""source_compound_keys_preview"": [""19e607ef42950fda09155daf59a38b4e71703029ea17778070cfcb5b0003bf5e""]}"
cmprev_bc54e85834daf6c2,cmpcand_833fbb844382a3ca,26f76b94-f4eb-56ba-a467-028a2d218b5b,inchi::MSKODIWLGXEVTN-UHFFFAOYSA-N,ready,conflict,175,,be4d117d0ae9da007945b0f62e555864643c117d104704966d8707dd3ddc0084,175,PubChem,2026-05-24T15:05:02.833619+00:00,2026-05-24T15:05:02.833619+00:00,unmapped_plant_reference,member_map_missing_canonical_plant_id,"{""candidate_id"": ""cmpcand_833fbb844382a3ca"", ""compound_id"": ""26f76b94-f4eb-56ba-a467-028a2d218b5b"", ""member_count"": 1, ""member_ids_preview"": [""cmpcandm_de26ec5191fadfd1""], ""missing_member_count"": 1, ""raw_plant_ids_preview"": [""175""], ""source_compound_keys_preview"": [""be4d117d0ae9da007945b0f62e555864643c117d104704966d8707dd3ddc0084""]}"
cmprev_bcda0fd118433df8,cmpcand_837e0b6ee6a3f737,cfdce219-2e4c-5bb6-bc39-a12f5d0adba5,inchi::OXQOBQJCDNLAPO-UHFFFAOYSA-N,ready,conflict,139,,5339fba7091c26bcdf6c21a795e0ff4ac83a3674b64fb485d632f39e4cf6396d,139,ChEMBL,2026-05-24T15:07:23.263139+00:00,2026-05-24T15:07:23.263139+00:00,unmapped_plant_reference,member_map_missing_canonical_plant_id,"{""candidate_id"": ""cmpcand_837e0b6ee6a3f737"", ""compound_id"": ""cfdce219-2e4c-5bb6-bc39-a12f5d0adba5"", ""member_count"": 1, ""member_ids_preview"": [""cmpcandm_19ee4f8ebf5976d1""], ""missing_member_count"": 1, ""raw_plant_ids_preview"": [""139""], ""source_compound_keys_preview"": [""5339fba7091c26bcdf6c21a795e0ff4ac83a3674b64fb485d632f39e4cf6396d""]}"
cmprev_0b8e92eb112e2d25,cmpcand_8389faef484f7251,a0055830-6109-5a4d-949b-39a161da13f0,inchi::ZJCMSTGEFBOMJO-UHFFFAOYSA-N,ready,conflict,107,,b50aa6d98d928502d9addc31e7e3e954233297c98eeee6bcb5719a5deeb4b377,107,PubChem,2026-05-24T15:05:56.612541+00:00,2026-05-24T15:05:56.612541+00:00,unmapped_plant_reference,member_map_missing_canonical_plant_id,"{""candidate_id"": ""cmpcand_8389faef484f7251"", ""compound_id"": ""a0055830-6109-5a4d-949b-39a161da13f0"", ""member_count"": 1, ""member_ids_preview"": [""cmpcandm_ba8016ac275b2fc3""], ""missing_member_count"": 1, ""raw_plant_ids_preview"": [""107""], ""source_compound_keys_preview"": [""b50aa6d98d928502d9addc31e7e3e954233297c98eeee6bcb5719a5deeb4b377""]}"
cmprev_c6ad1bbb06b478a1,cmpcand_83ad969b0b70db2e,4a633921-699a-5647-9698-074e3f9a0fed,inchi::WGIQZGDVCQDPTG-WUBUQRIPSA-N,ready,conflict,341,,cce622c6cf94950fcd4ef1aad85df9408a1516bc66f473f0a0931ecdf8650e17,341,ChEMBL,2026-05-24T15:04:31.350230+00:00,2026-05-24T15:04:31.350230+00:00,unmapped_plant_reference,member_map_missing_canonical_plant_id,"{""candidate_id"": ""cmpcand_83ad969b0b70db2e"", ""compound_id"": ""4a633921-699a-5647-9698-074e3f9a0fed"", ""member_count"": 1, ""member_ids_preview"": [""cmpcandm_bda87e6f211029a9""], ""missing_member_count"": 1, ""raw_plant_ids_preview"": [""341""], ""source_compound_keys_preview"": [""cce622c6cf94950fcd4ef1aad85df9408a1516bc66f473f0a0931ecdf8650e17""]}"
cmprev_f8083afd6c1749f6,cmpcand_83b16fddfdafa8af,c6ee0722-1067-586d-90ac-bc635dac1da2,inchi::OENHQHLEOONYIE-JLTXGRSLSA-N,ready,conflict,139,,e5e3f6d36c464dac2e5051ddd196350647a6aec3733f714113980537f78bd9ff,139,ChEMBL,2026-05-24T15:08:07.108386+00:00,2026-05-24T15:08:07.108386+00:00,unmapped_plant_reference,member_map_missing_canonical_plant_id,"{""candidate_id"": ""cmpcand_83b16fddfdafa8af"", ""compound_id"": ""c6ee0722-1067-586d-90ac-bc635dac1da2"", ""member_count"": 1, ""member_ids_preview"": [""cmpcandm_8099083537573f6c""], ""missing_member_count"": 1, ""raw_plant_ids_preview"": [""139""], ""source_compound_keys_preview"": [""e5e3f6d36c464dac2e5051ddd196350647a6aec3733f714113980537f78bd9ff""]}"
cmprev_08b3c5a5803bfe94,cmpcand_83bc08860246eece,f02398d0-3deb-5d63-8835-f32e7e3c7ba8,inchi::CGIBCVBDFUTMPT-UHFFFAOYSA-N,ready,conflict,398,,e0b975b146b949e3780b89b422492330f5229dedfa83bebb4b5ca2f94240d853,398,PubChem,2026-05-24T15:06:04.069709+00:00,2026-05-24T15:06:04.069709+00:00,unmapped_plant_reference,member_map_missing_canonical_plant_id,"{""candidate_id"": ""cmpcand_83bc08860246eece"", ""compound_id"": ""f02398d0-3deb-5d63-8835-f32e7e3c7ba8"", ""member_count"": 1, ""member_ids_preview"": [""cmpcandm_33d8448915256bc9""], ""missing_member_count"": 1, ""raw_plant_ids_preview"": [""398""], ""source_compound_keys_preview"": [""e0b975b146b949e3780b89b422492330f5229dedfa83bebb4b5ca2f94240d853""]}"
cmprev_7d64463624280592,cmpcand_8433ca764c35da09,e7d967d3-f9ae-582d-8c53-858938dd0914,inchi::USFOCJBPTUMHRF-DNNYSMPMSA-N,ready,conflict,531,,bee2b4312c290c10dece1a40dd48079d1ba4faa302a74423d5c1d9b63510f238,531,ChEMBL,2026-05-24T15:04:56.543865+00:00,2026-05-24T15:04:56.543865+00:00,unmapped_plant_reference,member_map_missing_canonical_plant_id,"{""candidate_id"": ""cmpcand_8433ca764c35da09"", ""compound_id"": ""e7d967d3-f9ae-582d-8c53-858938dd0914"", ""member_count"": 1, ""member_ids_preview"": [""cmpcandm_5a1b0151d29195ad""], ""missing_member_count"": 1, ""raw_plant_ids_preview"": [""531""], ""source_compound_keys_preview"": [""bee2b4312c290c10dece1a40dd48079d1ba4faa302a74423d5c1d9b63510f238""]}"
cmprev_7e51d74f99b11045,cmpcand_84a3ac7cb2f0abf5,2474c3cf-2c65-57d3-aa12-3676679a3def,inchi::YGCCASGFIOIXIN-UHFFFAOYSA-N,ready,conflict,175,,c0e2baf0654320351227d3048326ab98282a3bcce8346191ae154b1f7a1f58f2,175,ChEMBL,2026-05-24T15:02:22.278502+00:00,2026-05-24T15:02:22.278502+00:00,unmapped_plant_reference,member_map_missing_canonical_plant_id,"{""candidate_id"": ""cmpcand_84a3ac7cb2f0abf5"", ""compound_id"": ""2474c3cf-2c65-57d3-aa12-3676679a3def"", ""member_count"": 1, ""member_ids_preview"": [""cmpcandm_df9f799ce410ed75""], ""missing_member_count"": 1, ""raw_plant_ids_preview"": [""175""], ""source_compound_keys_preview"": [""c0e2baf0654320351227d3048326ab98282a3bcce8346191ae154b1f7a1f58f2""]}"
cmprev_e3fdac673b69ece9,cmpcand_84a7e2308a2a154d,1b867735-1dbf-55ac-834a-a1d37ec1d40c,inchi::LBNOIKRBLYMNFW-UHFFFAOYSA-N,ready,conflict,392,,41e912bb651c2804716a13b0b8d93472f6239f0adc11d600fd12de4b3dc9c185,392,PubChem,2026-05-24T15:03:55.107188+00:00,2026-05-24T15:03:55.107188+00:00,unmapped_plant_reference,member_map_missing_canonical_plant_id,"{""candidate_id"": ""cmpcand_84a7e2308a2a154d"", ""compound_id"": ""1b867735-1dbf-55ac-834a-a1d37ec1d40c"", ""member_count"": 1, ""member_ids_preview"": [""cmpcandm_364f9ef09ab72d61""], ""missing_member_count"": 1, ""raw_plant_ids_preview"": [""392""], ""source_compound_keys_preview"": [""41e912bb651c2804716a13b0b8d93472f6239f0adc11d600fd12de4b3dc9c185""]}"
cmprev_ccff28039ac9bd28,cmpcand_84f4c7f801cb7d1f,51c356a7-3e4c-5df4-b64f-c02dac790745,inchi::IRYOOASWRCIZCK-UHFFFAOYSA-N,ready,conflict,392,,f5c866f1c10c89f5d92cdc48d9065faf06001fe856f95953599023dacc2b9c43,392,PubChem,2026-05-24T15:08:17.197263+00:00,2026-05-24T15:08:17.197263+00:00,unmapped_plant_reference,member_map_missing_canonical_plant_id,"{""candidate_id"": ""cmpcand_84f4c7f801cb7d1f"", ""compound_id"": ""51c356a7-3e4c-5df4-b64f-c02dac790745"", ""member_count"": 1, ""member_ids_preview"": [""cmpcandm_cbcb1cc4478ef6d3""], ""missing_member_count"": 1, ""raw_plant_ids_preview"": [""392""], ""source_compound_keys_preview"": [""f5c866f1c10c89f5d92cdc48d9065faf06001fe856f95953599023dacc2b9c43""]}"
cmprev_7089e61ae9d9dda7,cmpcand_858267fa6845b629,d62a105e-2526-5ec2-8ec0-2bf88561c32a,inchi::PCMORTLOPMLEFB-UHFFFAOYSA-N,ready,conflict,341,,c243c06118b89f46d502f4de60e0e9b225d16d9051406ad54a4dda0b691d2966,341,PubChem,2026-05-24T15:06:56.138107+00:00,2026-05-24T15:06:56.138107+00:00,unmapped_plant_reference,member_map_missing_canonical_plant_id,"{""candidate_id"": ""cmpcand_858267fa6845b629"", ""compound_id"": ""d62a105e-2526-5ec2-8ec0-2bf88561c32a"", ""member_count"": 1, ""member_ids_preview"": [""cmpcandm_04facdd4961a21e9""], ""missing_member_count"": 1, ""raw_plant_ids_preview"": [""341""], ""source_compound_keys_preview"": [""c243c06118b89f46d502f4de60e0e9b225d16d9051406ad54a4dda0b691d2966""]}"
cmprev_1e666821b6e193f0,cmpcand_8589a998d1fb73e6,8350d7bf-f151-523a-89d7-56a28ef20f34,inchi::PLPXOWZTDPJPHC-ISIACCJKSA-N,ready,conflict,392,,77d7b7b143ef5b981093d9fe9bc1b1091b80d9c4ce4f6316cd75f916ff6b6e71,392,ChEMBL,2026-05-24T15:03:10.737337+00:00,2026-05-24T15:03:10.737337+00:00,unmapped_plant_reference,member_map_missing_canonical_plant_id,"{""candidate_id"": ""cmpcand_8589a998d1fb73e6"", ""compound_id"": ""8350d7bf-f151-523a-89d7-56a28ef20f34"", ""member_count"": 1, ""member_ids_preview"": [""cmpcandm_0a4f509aced65ae7""], ""missing_member_count"": 1, ""raw_plant_ids_preview"": [""392""], ""source_compound_keys_preview"": [""77d7b7b143ef5b981093d9fe9bc1b1091b80d9c4ce4f6316cd75f916ff6b6e71""]}"
cmprev_c94bb52be98a6804,cmpcand_85cd1efacb5e40f6,78d5c3e7-3e8f-5f1a-b9a8-598d42997f56,inchi::YUSWMAULDXZHPY-UHFFFAOYSA-N,ready,conflict,290,,b3b0661c70af304aa90fa81e03eaaa5b5418c631c2d15d13bac73e57253a5430,290,ChEMBL,2026-05-24T15:04:10.522886+00:00,2026-05-24T15:04:10.522886+00:00,unmapped_plant_reference,member_map_missing_canonical_plant_id,"{""candidate_id"": ""cmpcand_85cd1efacb5e40f6"", ""compound_id"": ""78d5c3e7-3e8f-5f1a-b9a8-598d42997f56"", ""member_count"": 1, ""member_ids_preview"": [""cmpcandm_688c9b18c2c7a6f6""], ""missing_member_count"": 1, ""raw_plant_ids_preview"": [""290""], ""source_compound_keys_preview"": [""b3b0661c70af304aa90fa81e03eaaa5b5418c631c2d15d13bac73e57253a5430""]}"
cmprev_ed4a8ee79219e073,cmpcand_86f5c32980f58e94,717bd732-2c74-507a-b34f-9d79e4e4da02,inchi::BXWABJPTCUDBMM-QOCBQNCISA-N,ready,conflict,502,,d48df616af05a97acbe2a30c37e5e53e3fdeb74fe368c9678f89aa6b876faec6,502,ChEMBL,2026-05-24T15:08:55.957370+00:00,2026-05-24T15:08:55.957370+00:00,unmapped_plant_reference,member_map_missing_canonical_plant_id,"{""candidate_id"": ""cmpcand_86f5c32980f58e94"", ""compound_id"": ""717bd732-2c74-507a-b34f-9d79e4e4da02"", ""member_count"": 1, ""member_ids_preview"": [""cmpcandm_f768126acc90f766""], ""missing_member_count"": 1, ""raw_plant_ids_preview"": [""502""], ""source_compound_keys_preview"": [""d48df616af05a97acbe2a30c37e5e53e3fdeb74fe368c9678f89aa6b876faec6""]}"
cmprev_17e84370891132c7,cmpcand_871eaf0f69dec561,51193b09-72f2-58f0-b071-6be8875f8661,inchi::QRFZGLTZLZZHCM-NWYMYRDLSA-N,ready,conflict,120,,f05611401dc4b9ac5bcce7a499853a5d9877d26d673f18fb4f03f2104e318673,120,ChEMBL,2026-05-24T15:08:45.625882+00:00,2026-05-24T15:08:45.625882+00:00,unmapped_plant_reference,member_map_missing_canonical_plant_id,"{""candidate_id"": ""cmpcand_871eaf0f69dec561"", ""compound_id"": ""51193b09-72f2-58f0-b071-6be8875f8661"", ""member_count"": 1, ""member_ids_preview"": [""cmpcandm_7babab8f54dbe5f8""], ""missing_member_count"": 1, ""raw_plant_ids_preview"": [""120""], ""source_compound_keys_preview"": [""f05611401dc4b9ac5bcce7a499853a5d9877d26d673f18fb4f03f2104e318673""]}"
cmprev_494129e02036793b,cmpcand_874572a95f77c7a0,10af7818-ab42-5997-ae71-dfa17ea616eb,inchi::XLHIYUYCSMZCCC-VMPITWQZSA-N,ready,conflict,398,,1365179d5b81060b725a26f31a657a50d7d25b922c5bc538c4a3b0a8712acf8b,398,ChEMBL,2026-05-24T15:06:38.768864+00:00,2026-05-24T15:06:38.768864+00:00,unmapped_plant_reference,member_map_missing_canonical_plant_id,"{""candidate_id"": ""cmpcand_874572a95f77c7a0"", ""compound_id"": ""10af7818-ab42-5997-ae71-dfa17ea616eb"", ""member_count"": 1, ""member_ids_preview"": [""cmpcandm_988e0793aff82fe4""], ""missing_member_count"": 1, ""raw_plant_ids_preview"": [""398""], ""source_compound_keys_preview"": [""1365179d5b81060b725a26f31a657a50d7d25b922c5bc538c4a3b0a8712acf8b""]}"
cmprev_fd7d88fa47250ef2,cmpcand_87b50d5a8330f5c1,4d494c3e-3d92-5e2f-a1a3-f37e938ad9c2,inchi::MDFQXBNVOAKNAY-BBBLOLIVSA-N,ready,conflict,290,,8376997e2d717d561a9c0e33bf25ef4b1404e0b64dc9187f06becf433220a93d,290,PubChem,2026-05-24T15:06:24.716623+00:00,2026-05-24T15:06:24.716623+00:00,unmapped_plant_reference,member_map_missing_canonical_plant_id,"{""candidate_id"": ""cmpcand_87b50d5a8330f5c1"", ""compound_id"": ""4d494c3e-3d92-5e2f-a1a3-f37e938ad9c2"", ""member_count"": 1, ""member_ids_preview"": [""cmpcandm_15f39f1d394f5571""], ""missing_member_count"": 1, ""raw_plant_ids_preview"": [""290""], ""source_compound_keys_preview"": [""8376997e2d717d561a9c0e33bf25ef4b1404e0b64dc9187f06becf433220a93d""]}"
cmprev_aaafd8fde344e000,cmpcand_87b53377fa400a9d,f804580a-dbdd-5ee3-85c7-48e2e6780d4a,inchi::JRFZSUMZAUHNSL-UHFFFAOYSA-N,ready,conflict,76,,3a600743702f3407e91c6eef11fa5f9e9eba3fe30c962a5e751ef7df824dc30b,76,ChEMBL,2026-05-24T15:04:56.106366+00:00,2026-05-24T15:04:56.106366+00:00,unmapped_plant_reference,member_map_missing_canonical_plant_id,"{""candidate_id"": ""cmpcand_87b53377fa400a9d"", ""compound_id"": ""f804580a-dbdd-5ee3-85c7-48e2e6780d4a"", ""member_count"": 1, ""member_ids_preview"": [""cmpcandm_3eff29dbec1213ae""], ""missing_member_count"": 1, ""raw_plant_ids_preview"": [""76""], ""source_compound_keys_preview"": [""3a600743702f3407e91c6eef11fa5f9e9eba3fe30c962a5e751ef7df824dc30b""]}"
cmprev_b23077e98aba6c12,cmpcand_87c6c808f1ae8e23,626f3a37-7939-5947-9569-5d037e505232,inchi::YHQGMYUVUMAZJR-UHFFFAOYSA-N,ready,conflict,290,,ced8a4d673d21b09b1cb41fb04af8a8c763bae87b61afff41cca74843e8df2a6,290,ChEMBL,2026-05-24T15:09:21.113218+00:00,2026-05-24T15:09:21.113218+00:00,unmapped_plant_reference,member_map_missing_canonical_plant_id,"{""candidate_id"": ""cmpcand_87c6c808f1ae8e23"", ""compound_id"": ""626f3a37-7939-5947-9569-5d037e505232"", ""member_count"": 1, ""member_ids_preview"": [""cmpcandm_ce194d91b9fa9be2""], ""missing_member_count"": 1, ""raw_plant_ids_preview"": [""290""], ""source_compound_keys_preview"": [""ced8a4d673d21b09b1cb41fb04af8a8c763bae87b61afff41cca74843e8df2a6""]}"
cmprev_3b06787ea933f453,cmpcand_8808f484a732583e,a4de3eaf-f9fe-5741-b888-796157a89d0e,inchi::DRPKGNAZZMOSQF-MGRLLTKXSA-N,ready,conflict,341,,ce3364e3faa7e67ad69bf5e997f1d8770138e3b1dd922e49e42978cb5b4cfb5f,341,ChEMBL,2026-05-24T15:03:54.785027+00:00,2026-05-24T15:03:54.785027+00:00,unmapped_plant_reference,member_map_missing_canonical_plant_id,"{""candidate_id"": ""cmpcand_8808f484a732583e"", ""compound_id"": ""a4de3eaf-f9fe-5741-b888-796157a89d0e"", ""member_count"": 1, ""member_ids_preview"": [""cmpcandm_0913d3ab3f2f95dc""], ""missing_member_count"": 1, ""raw_plant_ids_preview"": [""341""], ""source_compound_keys_preview"": [""ce3364e3faa7e67ad69bf5e997f1d8770138e3b1dd922e49e42978cb5b4cfb5f""]}"
cmprev_ffab27b7816d24c3,cmpcand_88ca1367b1832711,19b8c9ea-f6dd-57d3-aa8f-c8f5aee6e7f4,inchi::KJZXTHWPZAGWHW-SZVYZWPRSA-N,ready,conflict,83,,f81b3c11d30b4ce0aa4ba236f9f86cf962ce054c3e59c666628d23cc23f4eb12,83,ChEMBL,2026-05-24T15:08:06.348530+00:00,2026-05-24T15:08:06.348530+00:00,unmapped_plant_reference,member_map_missing_canonical_plant_id,"{""candidate_id"": ""cmpcand_88ca1367b1832711"", ""compound_id"": ""19b8c9ea-f6dd-57d3-aa8f-c8f5aee6e7f4"", ""member_count"": 1, ""member_ids_preview"": [""cmpcandm_5821723935fd4e8c""], ""missing_member_count"": 1, ""raw_plant_ids_preview"": [""83""], ""source_compound_keys_preview"": [""f81b3c11d30b4ce0aa4ba236f9f86cf962ce054c3e59c666628d23cc23f4eb12""]}"
cmprev_d95cbfd3c42e6020,cmpcand_89078201e987a73d,ba4c8ca7-28f0-50fe-8ce2-973be44e75c5,inchi::FIAAVMJLAGNUKW-VQVVXJKKSA-N,ready,conflict,341,,c173777c7908836fb03af330359d9e1980077ff0d1919cfaa49388c313e8e2ee,341,ChEMBL,2026-05-24T15:05:10.671258+00:00,2026-05-24T15:05:10.671258+00:00,unmapped_plant_reference,member_map_missing_canonical_plant_id,"{""candidate_id"": ""cmpcand_89078201e987a73d"", ""compound_id"": ""ba4c8ca7-28f0-50fe-8ce2-973be44e75c5"", ""member_count"": 1, ""member_ids_preview"": [""cmpcandm_5c4c4b5115a0166c""], ""missing_member_count"": 1, ""raw_plant_ids_preview"": [""341""], ""source_compound_keys_preview"": [""c173777c7908836fb03af330359d9e1980077ff0d1919cfaa49388c313e8e2ee""]}"
cmprev_faf97aaaed090fdc,cmpcand_893fd439cddbb620,2a24b0b6-6079-5afd-9368-2ced498625c5,inchi::JCSHKHQQYXPLPY-AUFJSOOLSA-N,ready,conflict,76,,9405c9e6ceb28c3c52dde7d32b7f7313c00f7711eab51c47a75769d08d6c5fcb,76,PubChem,2026-05-24T15:08:21.000870+00:00,2026-05-24T15:08:21.000870+00:00,unmapped_plant_reference,member_map_missing_canonical_plant_id,"{""candidate_id"": ""cmpcand_893fd439cddbb620"", ""compound_id"": ""2a24b0b6-6079-5afd-9368-2ced498625c5"", ""member_count"": 1, ""member_ids_preview"": [""cmpcandm_53c5a39f325197b4""], ""missing_member_count"": 1, ""raw_plant_ids_preview"": [""76""], ""source_compound_keys_preview"": [""9405c9e6ceb28c3c52dde7d32b7f7313c00f7711eab51c47a75769d08d6c5fcb""]}"
cmprev_5e40c67912508fa8,cmpcand_89ce6d2537d09b57,2803da7a-1191-5994-b3a1-933d76ca4f2a,inchi::YFVGIJBUXMQFOF-PMQGOQGKSA-N,ready,conflict,175,,93bfac0d149607ae345b3ce3003dc7427153e88c06e74d084da258312e627a8c,175,ChEMBL,2026-05-24T15:06:27.565597+00:00,2026-05-24T15:06:27.565597+00:00,unmapped_plant_reference,member_map_missing_canonical_plant_id,"{""candidate_id"": ""cmpcand_89ce6d2537d09b57"", ""compound_id"": ""2803da7a-1191-5994-b3a1-933d76ca4f2a"", ""member_count"": 1, ""member_ids_preview"": [""cmpcandm_2bb48d0ac740613b""], ""missing_member_count"": 1, ""raw_plant_ids_preview"": [""175""], ""source_compound_keys_preview"": [""93bfac0d149607ae345b3ce3003dc7427153e88c06e74d084da258312e627a8c""]}"
cmprev_7092e9da1af4b5ea,cmpcand_89f4b7baa3196413,a42de6cd-8c50-588e-902a-dff4970afd76,inchi::YYGNTYWPHWGJRM-AAJYLUCBSA-N,ready,conflict,313,,d2827440b54466639796cd8b4b4ea02a04f977020437773ad49de65061d4fe47,313;322,ChEMBL,2026-05-24T15:02:41.272975+00:00,2026-05-24T15:02:41.272975+00:00,unmapped_plant_reference,member_map_missing_canonical_plant_id,"{""candidate_id"": ""cmpcand_89f4b7baa3196413"", ""compound_id"": ""a42de6cd-8c50-588e-902a-dff4970afd76"", ""member_count"": 2, ""member_ids_preview"": [""cmpcandm_adcf9d1f302d267b"", ""cmpcandm_307912b859726027""], ""missing_member_count"": 2, ""raw_plant_ids_preview"": [""313"", ""322""], ""source_compound_keys_preview"": [""d2827440b54466639796cd8b4b4ea02a04f977020437773ad49de65061d4fe47"", ""c75d38654ba302e9a56b5bf3b44c7ba3dbc771b0169253588eaffdf75d1c5565""]}"
cmprev_b4ac24fcc32d9788,cmpcand_8abd55b86f767047,42fb75ec-dd3e-5f1e-af83-4486e4718758,inchi::WQZGKKKJIJFFOK-IVMDWMLBSA-N,ready,conflict,341,,6a0040445e7cf41e7cfdb4aaf3576efa1cfc19da17721ad23e753baa83570410,341,ChEMBL,2026-05-24T15:07:29.478901+00:00,2026-05-24T15:07:29.478901+00:00,unmapped_plant_reference,member_map_missing_canonical_plant_id,"{""candidate_id"": ""cmpcand_8abd55b86f767047"", ""compound_id"": ""42fb75ec-dd3e-5f1e-af83-4486e4718758"", ""member_count"": 1, ""member_ids_preview"": [""cmpcandm_66415039965488a1""], ""missing_member_count"": 1, ""raw_plant_ids_preview"": [""341""], ""source_compound_keys_preview"": [""6a0040445e7cf41e7cfdb4aaf3576efa1cfc19da17721ad23e753baa83570410""]}"
cmprev_5c695a36978ed4da,cmpcand_8c016be6503b5f15,0c28aa71-44a3-5dc2-846a-0da6dfd28c9d,inchi::YVLPJIGOMTXXLP-KEKOKYSKSA-N,ready,conflict,139,,3fd379326c9427a48bf90643d075ede8c6e43a8015d74ad2058d03e644ed1263,139,ChEMBL,2026-05-24T15:03:42.402410+00:00,2026-05-24T15:03:42.402410+00:00,unmapped_plant_reference,member_map_missing_canonical_plant_id,"{""candidate_id"": ""cmpcand_8c016be6503b5f15"", ""compound_id"": ""0c28aa71-44a3-5dc2-846a-0da6dfd28c9d"", ""member_count"": 1, ""member_ids_preview"": [""cmpcandm_1911cdba90cee57e""], ""missing_member_count"": 1, ""raw_plant_ids_preview"": [""139""], ""source_compound_keys_preview"": [""3fd379326c9427a48bf90643d075ede8c6e43a8015d74ad2058d03e644ed1263""]}"
cmprev_2a17e8b780cb607b,cmpcand_8cd5cdef4f15837a,9aac2fd9-d773-5c4e-bba7-e4eb21faa759,inchi::FOVRGQUEGRCWPD-BRLGUANISA-N,ready,conflict,175,,5db713985f2eb324f1d50c046005277d4c28b9b3b98484fbe325548463c74bd9,175,ChEMBL,2026-05-24T15:05:51.469128+00:00,2026-05-24T15:05:51.469128+00:00,unmapped_plant_reference,member_map_missing_canonical_plant_id,"{""candidate_id"": ""cmpcand_8cd5cdef4f15837a"", ""compound_id"": ""9aac2fd9-d773-5c4e-bba7-e4eb21faa759"", ""member_count"": 1, ""member_ids_preview"": [""cmpcandm_1c06a07a986cf8c0""], ""missing_member_count"": 1, ""raw_plant_ids_preview"": [""175""], ""source_compound_keys_preview"": [""5db713985f2eb324f1d50c046005277d4c28b9b3b98484fbe325548463c74bd9""]}"
cmprev_8a5f2fcbfba1d665,cmpcand_8cec80bd7ff97bed,595e208b-a07e-5d5e-9549-5d11c6bfe308,inchi::AYFVYJQAPQTCCC-GBXIJSLDSA-N,ready,conflict,155,,77ed1104fc5f7e02487ee1744d19894c2a58e7196441d410a7c86e29166d5c65,155,ChEMBL,2026-05-24T15:08:06.825208+00:00,2026-05-24T15:08:06.825208+00:00,unmapped_plant_reference,member_map_missing_canonical_plant_id,"{""candidate_id"": ""cmpcand_8cec80bd7ff97bed"", ""compound_id"": ""595e208b-a07e-5d5e-9549-5d11c6bfe308"", ""member_count"": 1, ""member_ids_preview"": [""cmpcandm_49db6ab6b46d3b1b""], ""missing_member_count"": 1, ""raw_plant_ids_preview"": [""155""], ""source_compound_keys_preview"": [""77ed1104fc5f7e02487ee1744d19894c2a58e7196441d410a7c86e29166d5c65""]}"
cmprev_82728f7a80e0b70e,cmpcand_8cf24fdc62e8c90b,ecc5d057-a5b9-5efe-a8d2-e07ac7a10f20,inchi::JVRYIUOXNFDSNU-UHFFFAOYSA-N,ready,conflict,120,,d6ab2ee6926113132ca74ad779e6f159b77340c1734db88a17d4625570b3aaab,120,PubChem,2026-05-24T15:08:47.169457+00:00,2026-05-24T15:08:47.169457+00:00,unmapped_plant_reference,member_map_missing_canonical_plant_id,"{""candidate_id"": ""cmpcand_8cf24fdc62e8c90b"", ""compound_id"": ""ecc5d057-a5b9-5efe-a8d2-e07ac7a10f20"", ""member_count"": 1, ""member_ids_preview"": [""cmpcandm_8dc1c3cedf41729a""], ""missing_member_count"": 1, ""raw_plant_ids_preview"": [""120""], ""source_compound_keys_preview"": [""d6ab2ee6926113132ca74ad779e6f159b77340c1734db88a17d4625570b3aaab""]}"
cmprev_a84c6f7a3090359d,cmpcand_8d8308e4e47a46e5,d1c77974-d3a9-53c5-bf44-4d985f867204,inchi::QZAYGJVTTNCVMB-UHFFFAOYSA-N,ready,conflict,347,,253dba513b1cfe885abd61c568f9b0f7c54c6c8d3403daa1211215609a174023,347,ChEMBL,2026-05-24T15:06:43.341734+00:00,2026-05-24T15:06:43.341734+00:00,unmapped_plant_reference,member_map_missing_canonical_plant_id,"{""candidate_id"": ""cmpcand_8d8308e4e47a46e5"", ""compound_id"": ""d1c77974-d3a9-53c5-bf44-4d985f867204"", ""member_count"": 1, ""member_ids_preview"": [""cmpcandm_a7e52075949facad""], ""missing_member_count"": 1, ""raw_plant_ids_preview"": [""347""], ""source_compound_keys_preview"": [""253dba513b1cfe885abd61c568f9b0f7c54c6c8d3403daa1211215609a174023""]}"
cmprev_b41dfbb7715a08c7,cmpcand_8df1ee76fab1de58,8775bec9-4beb-5c3b-be3b-71e0b24cc126,inchi::PWMSPKVTJLJDDS-OFMZUWIHSA-N,ready,conflict,120,,5379381bdb367be067ee9a79d6548f8248674c1930567f0a4654eb073af34c04,120,PubChem,2026-05-24T15:02:15.099551+00:00,2026-05-24T15:02:15.099551+00:00,unmapped_plant_reference,member_map_missing_canonical_plant_id,"{""candidate_id"": ""cmpcand_8df1ee76fab1de58"", ""compound_id"": ""8775bec9-4beb-5c3b-be3b-71e0b24cc126"", ""member_count"": 1, ""member_ids_preview"": [""cmpcandm_9e4d17c1381d979f""], ""missing_member_count"": 1, ""raw_plant_ids_preview"": [""120""], ""source_compound_keys_preview"": [""5379381bdb367be067ee9a79d6548f8248674c1930567f0a4654eb073af34c04""]}"
cmprev_c750cdfc659134fd,cmpcand_8ea6c8ef913360b3,2adbafce-1d73-5d69-b62f-ba66e79114bb,inchi::GDQXJMLXEYSICD-UHFFFAOYSA-N,ready,conflict,52,,348dab6633906b361fea92b666e147c93e47dc8f874a43c39f4ebee61bd8207e,52,ChEMBL,2026-05-24T15:07:38.371874+00:00,2026-05-24T15:07:38.371874+00:00,unmapped_plant_reference,member_map_missing_canonical_plant_id,"{""candidate_id"": ""cmpcand_8ea6c8ef913360b3"", ""compound_id"": ""2adbafce-1d73-5d69-b62f-ba66e79114bb"", ""member_count"": 1, ""member_ids_preview"": [""cmpcandm_74cb8b6b6530db26""], ""missing_member_count"": 1, ""raw_plant_ids_preview"": [""52""], ""source_compound_keys_preview"": [""348dab6633906b361fea92b666e147c93e47dc8f874a43c39f4ebee61bd8207e""]}"
cmprev_c33ab12169af5d58,cmpcand_8ec8b53f39c9e370,335c5777-dd9f-5c24-887b-2ea8aac8f46f,inchi::DSSYKIVIOFKYAU-UHFFFAOYSA-N,ready,conflict,122,,512a545409b27ad99c50f4a61e5624c7aa596dd08c447171ae4c8c274c632688,122,ChEMBL,2026-05-24T15:08:17.990901+00:00,2026-05-24T15:08:17.990901+00:00,unmapped_plant_reference,member_map_missing_canonical_plant_id,"{""candidate_id"": ""cmpcand_8ec8b53f39c9e370"", ""compound_id"": ""335c5777-dd9f-5c24-887b-2ea8aac8f46f"", ""member_count"": 1, ""member_ids_preview"": [""cmpcandm_876548e8764e661e""], ""missing_member_count"": 1, ""raw_plant_ids_preview"": [""122""], ""source_compound_keys_preview"": [""512a545409b27ad99c50f4a61e5624c7aa596dd08c447171ae4c8c274c632688""]}"
cmprev_3d00a2a810192c49,cmpcand_8edf7c843576acb9,0c3d4922-e3aa-56f3-8a9d-36fe22a7208a,inchi::VXTDUGOBAOLMED-JTZQFXNDSA-N,ready,conflict,429,,26db11bfa4380f9b57a5c7f88c13813c0db11d488f5cc58013d445017432807f,429,ChEMBL,2026-05-24T15:07:30.388062+00:00,2026-05-24T15:07:30.388062+00:00,unmapped_plant_reference,member_map_missing_canonical_plant_id,"{""candidate_id"": ""cmpcand_8edf7c843576acb9"", ""compound_id"": ""0c3d4922-e3aa-56f3-8a9d-36fe22a7208a"", ""member_count"": 1, ""member_ids_preview"": [""cmpcandm_5fd3bf732ac50153""], ""missing_member_count"": 1, ""raw_plant_ids_preview"": [""429""], ""source_compound_keys_preview"": [""26db11bfa4380f9b57a5c7f88c13813c0db11d488f5cc58013d445017432807f""]}"
cmprev_0f0e82d2afaabc53,cmpcand_8f97a17aaa61977b,38d1909a-158c-5be7-a36c-fb78e948742c,inchi::FGVVZVPAVGZHMX-SHLUOHGRSA-N,ready,conflict,83,,26c813978c139dd44fb43f88c4c0c8b8bbe037558d0893fac9a16c84e8fa083f,83,ChEMBL,2026-05-24T15:08:40.139535+00:00,2026-05-24T15:08:40.139535+00:00,unmapped_plant_reference,member_map_missing_canonical_plant_id,"{""candidate_id"": ""cmpcand_8f97a17aaa61977b"", ""compound_id"": ""38d1909a-158c-5be7-a36c-fb78e948742c"", ""member_count"": 1, ""member_ids_preview"": [""cmpcandm_abeb928a73839b44""], ""missing_member_count"": 1, ""raw_plant_ids_preview"": [""83""], ""source_compound_keys_preview"": [""26c813978c139dd44fb43f88c4c0c8b8bbe037558d0893fac9a16c84e8fa083f""]}"
cmprev_774683347ff4f4a7,cmpcand_8fcb89c96fb89eab,2ab0a11c-d360-5b76-8fd1-69e3196b1075,inchi::OSMNKYVBDSQMIU-UHFFFAOYSA-N,ready,conflict,130,,746f22936f3421dde18a357369e01ec0eac5f5b82903f8036569c3c789a6a78c,130,ChEMBL,2026-05-24T15:09:18.140702+00:00,2026-05-24T15:09:18.140702+00:00,unmapped_plant_reference,member_map_missing_canonical_plant_id,"{""candidate_id"": ""cmpcand_8fcb89c96fb89eab"", ""compound_id"": ""2ab0a11c-d360-5b76-8fd1-69e3196b1075"", ""member_count"": 1, ""member_ids_preview"": [""cmpcandm_a0fda9eb180d99e6""], ""missing_member_count"": 1, ""raw_plant_ids_preview"": [""130""], ""source_compound_keys_preview"": [""746f22936f3421dde18a357369e01ec0eac5f5b82903f8036569c3c789a6a78c""]}"
cmprev_272a647c45123361,cmpcand_901a7cf9dae50fc3,9a0920cf-70d7-5976-b402-fd2c2b124a1a,inchi::NSXNSJSUAMXKCX-QQUVXZFBSA-N,ready,conflict,83,,55e2c92a14a27cc088701a48a644467e833afa45f56c6e405c41544becb4f39c,83,ChEMBL,2026-05-24T15:06:02.936881+00:00,2026-05-24T15:06:02.936881+00:00,unmapped_plant_reference,member_map_missing_canonical_plant_id,"{""candidate_id"": ""cmpcand_901a7cf9dae50fc3"", ""compound_id"": ""9a0920cf-70d7-5976-b402-fd2c2b124a1a"", ""member_count"": 1, ""member_ids_preview"": [""cmpcandm_25a317df4268c518""], ""missing_member_count"": 1, ""raw_plant_ids_preview"": [""83""], ""source_compound_keys_preview"": [""55e2c92a14a27cc088701a48a644467e833afa45f56c6e405c41544becb4f39c""]}"
cmprev_390e754c442f6bb0,cmpcand_909d6dee7d68f40b,cb79a2f0-c28d-594f-9ea7-c107c34e0542,inchi::WADMTJKRYLAHQV-NKOPCKDMSA-N,ready,conflict,502,,f7f2ffe29e6a76c7ffb5c4dd3129f9bf8520c0ad928bed565bc46f479ab92001,502,ChEMBL,2026-05-24T15:08:35.771298+00:00,2026-05-24T15:08:35.771298+00:00,unmapped_plant_reference,member_map_missing_canonical_plant_id,"{""candidate_id"": ""cmpcand_909d6dee7d68f40b"", ""compound_id"": ""cb79a2f0-c28d-594f-9ea7-c107c34e0542"", ""member_count"": 1, ""member_ids_preview"": [""cmpcandm_a2641f7195b48bc6""], ""missing_member_count"": 1, ""raw_plant_ids_preview"": [""502""], ""source_compound_keys_preview"": [""f7f2ffe29e6a76c7ffb5c4dd3129f9bf8520c0ad928bed565bc46f479ab92001""]}"
cmprev_cead83682d5560d6,cmpcand_90c6d29fc1cceedf,32bed2cd-07e7-568d-9088-bc1347fa846a,inchi::ZVMYVBSNNDGZTB-UHFFFAOYSA-N,ready,conflict,429,,96d33ba5bbbf913aa0d28b38ee0a64d840ce96eb73780fa0fa26177fb2a478ae,429,ChEMBL,2026-05-24T15:08:41.089087+00:00,2026-05-24T15:08:41.089087+00:00,unmapped_plant_reference,member_map_missing_canonical_plant_id,"{""candidate_id"": ""cmpcand_90c6d29fc1cceedf"", ""compound_id"": ""32bed2cd-07e7-568d-9088-bc1347fa846a"", ""member_count"": 1, ""member_ids_preview"": [""cmpcandm_276b53728e168b2d""], ""missing_member_count"": 1, ""raw_plant_ids_preview"": [""429""], ""source_compound_keys_preview"": [""96d33ba5bbbf913aa0d28b38ee0a64d840ce96eb73780fa0fa26177fb2a478ae""]}"
cmprev_f7bcb31b5471fbc0,cmpcand_910ff6a1110326e7,e7fcff3a-f79f-5385-98ac-a301110947b0,inchi::REZQBEBOWJAQKS-UHFFFAOYSA-N,ready,conflict,100,,2f53281435db08f3b811ad2ef03e2dc3d4728dbce4f4fa59b55356d8e34470af,100,ChEMBL,2026-05-24T15:07:24.588901+00:00,2026-05-24T15:07:24.588901+00:00,unmapped_plant_reference,member_map_missing_canonical_plant_id,"{""candidate_id"": ""cmpcand_910ff6a1110326e7"", ""compound_id"": ""e7fcff3a-f79f-5385-98ac-a301110947b0"", ""member_count"": 1, ""member_ids_preview"": [""cmpcandm_0c27631fa12c10b4""], ""missing_member_count"": 1, ""raw_plant_ids_preview"": [""100""], ""source_compound_keys_preview"": [""2f53281435db08f3b811ad2ef03e2dc3d4728dbce4f4fa59b55356d8e34470af""]}"
cmprev_0ea51ae8e098997d,cmpcand_9148239b7a956484,121abf62-96e5-5ebc-a4fb-fc1c292a2dfb,inchi::UXUFMIJZNYXWDX-VMPITWQZSA-N,ready,conflict,398,,51c3eb91c2afb3160a1bc30fea50a4628ef6f3986d4f82c5960582bfd7301d9f,398;76,ChEMBL,2026-05-24T15:06:02.659010+00:00,2026-05-24T15:06:02.659010+00:00,unmapped_plant_reference,member_map_missing_canonical_plant_id,"{""candidate_id"": ""cmpcand_9148239b7a956484"", ""compound_id"": ""121abf62-96e5-5ebc-a4fb-fc1c292a2dfb"", ""member_count"": 2, ""member_ids_preview"": [""cmpcandm_65ca3dd18dbcfe80"", ""cmpcandm_2a0a230ab38ccfb8""], ""missing_member_count"": 2, ""raw_plant_ids_preview"": [""398"", ""76""], ""source_compound_keys_preview"": [""51c3eb91c2afb3160a1bc30fea50a4628ef6f3986d4f82c5960582bfd7301d9f"", ""626c873c5cded174cd952f3dbc09d516c74b1c2af81eeaec8ed1a72f3b774624""]}"
cmprev_773bf0853dc0494a,cmpcand_914fa9ec22cf6f9f,1ae409b0-3f86-5fa2-906a-5e1ab68078ed,inchi::KDYFGRWQOYBRFD-UHFFFAOYSA-N,ready,conflict,155,,3bb1b7bc4f20070ff16ae325baf7fb270c01a74f7cb2a8862fc2e573cf52fab8,155,ChEMBL,2026-05-24T15:02:38.421661+00:00,2026-05-24T15:02:38.421661+00:00,unmapped_plant_reference,member_map_missing_canonical_plant_id,"{""candidate_id"": ""cmpcand_914fa9ec22cf6f9f"", ""compound_id"": ""1ae409b0-3f86-5fa2-906a-5e1ab68078ed"", ""member_count"": 1, ""member_ids_preview"": [""cmpcandm_c88486e68ab40b52""], ""missing_member_count"": 1, ""raw_plant_ids_preview"": [""155""], ""source_compound_keys_preview"": [""3bb1b7bc4f20070ff16ae325baf7fb270c01a74f7cb2a8862fc2e573cf52fab8""]}"
cmprev_8cdbb251547fd308,cmpcand_915b464a22a7bc2e,40a2b47f-1f85-5913-96bb-464f5f037140,inchi::MBDOYVRWFFCFHM-SNAWJCMRSA-N,ready,conflict,502,,3046b0983123e8d2b4e7018a89112ba8dd6b1283ed245dfd38972b0f75447000,502,ChEMBL,2026-05-24T15:06:42.337227+00:00,2026-05-24T15:06:42.337227+00:00,unmapped_plant_reference,member_map_missing_canonical_plant_id,"{""candidate_id"": ""cmpcand_915b464a22a7bc2e"", ""compound_id"": ""40a2b47f-1f85-5913-96bb-464f5f037140"", ""member_count"": 1, ""member_ids_preview"": [""cmpcandm_997c0aa83fe3ef59""], ""missing_member_count"": 1, ""raw_plant_ids_preview"": [""502""], ""source_compound_keys_preview"": [""3046b0983123e8d2b4e7018a89112ba8dd6b1283ed245dfd38972b0f75447000""]}"
cmprev_3ba9cc5c82ef94c5,cmpcand_9193fd9e17919fa5,c169c941-db9d-5b47-912b-cadb88fb3d2a,inchi::FXUAIOOAOAVCGD-WCTZXXKLSA-N,ready,conflict,280,,9804e19982e3d61ecf855dfa130abd08f1a0b1546aaadf14be402352dbb70451,280,ChEMBL,2026-05-24T15:08:08.514750+00:00,2026-05-24T15:08:08.514750+00:00,unmapped_plant_reference,member_map_missing_canonical_plant_id,"{""candidate_id"": ""cmpcand_9193fd9e17919fa5"", ""compound_id"": ""c169c941-db9d-5b47-912b-cadb88fb3d2a"", ""member_count"": 1, ""member_ids_preview"": [""cmpcandm_ab8f945045f086b4""], ""missing_member_count"": 1, ""raw_plant_ids_preview"": [""280""], ""source_compound_keys_preview"": [""9804e19982e3d61ecf855dfa130abd08f1a0b1546aaadf14be402352dbb70451""]}"
cmprev_49a213f63560db53,cmpcand_925359eb23027775,0bbf3319-3c06-56b7-9487-cd477d444b8e,inchi::OKQQXHUICMLKQI-UHFFFAOYSA-N,ready,conflict,130,,86fd57c101a5077a6d0e9d65920e9249897019625b0305c3b33b0dc6a6967c83,130,ChEMBL,2026-05-24T15:02:46.903128+00:00,2026-05-24T15:02:46.903128+00:00,unmapped_plant_reference,member_map_missing_canonical_plant_id,"{""candidate_id"": ""cmpcand_925359eb23027775"", ""compound_id"": ""0bbf3319-3c06-56b7-9487-cd477d444b8e"", ""member_count"": 1, ""member_ids_preview"": [""cmpcandm_7aa0efe564729832""], ""missing_member_count"": 1, ""raw_plant_ids_preview"": [""130""], ""source_compound_keys_preview"": [""86fd57c101a5077a6d0e9d65920e9249897019625b0305c3b33b0dc6a6967c83""]}"
cmprev_187d7a622fc9534c,cmpcand_9261aaea7909846e,26aa8787-e1a4-51c3-8630-47210a904dc1,inchi::FOHXFLPXBUAOJM-MGMURXEASA-N,ready,conflict,502,,f1f1d91a56fcccd70fe40ee86d4cfaae47cc1fb63a72acb80c8aef27f41e93c0,502,ChEMBL,2026-05-24T15:04:04.978430+00:00,2026-05-24T15:04:04.978430+00:00,unmapped_plant_reference,member_map_missing_canonical_plant_id,"{""candidate_id"": ""cmpcand_9261aaea7909846e"", ""compound_id"": ""26aa8787-e1a4-51c3-8630-47210a904dc1"", ""member_count"": 1, ""member_ids_preview"": [""cmpcandm_c25f8df226726629""], ""missing_member_count"": 1, ""raw_plant_ids_preview"": [""502""], ""source_compound_keys_preview"": [""f1f1d91a56fcccd70fe40ee86d4cfaae47cc1fb63a72acb80c8aef27f41e93c0""]}"
cmprev_50121956ca09399a,cmpcand_926e45733a01f8c1,40fd8c6e-8a56-5ad5-a8b4-aa322884146c,inchi::JEOJIKMFKHSAJU-AAEQCHEDSA-N,ready,matched,132,,86e72c41b74d40098221ba841c8ed68c0d09a61ae13dd71f975c7aa772aeb6c0,132,PubChem,2026-05-24T15:05:59.201064+00:00,2026-05-24T15:05:59.201064+00:00,unmapped_plant_reference,member_map_missing_canonical_plant_id,"{""candidate_id"": ""cmpcand_926e45733a01f8c1"", ""compound_id"": ""40fd8c6e-8a56-5ad5-a8b4-aa322884146c"", ""member_count"": 1, ""member_ids_preview"": [""cmpcandm_df4e8bc1e9782ccf""], ""missing_member_count"": 1, ""raw_plant_ids_preview"": [""132""], ""source_compound_keys_preview"": [""86e72c41b74d40098221ba841c8ed68c0d09a61ae13dd71f975c7aa772aeb6c0""]}"
cmprev_586b110c20f08abd,cmpcand_928d3b2925aecc95,0ded26ea-c62e-5dd5-a37e-72336814b2fc,inchi::GRSZFWQUAKGDAV-KQYNXXCUSA-N,ready,conflict,139,,89a9f58b353610c6272c5f08fe1f9ebbac01aac8a60a9d4493d852f0e37c2aaa,139,ChEMBL,2026-05-24T15:03:31.610285+00:00,2026-05-24T15:03:31.610285+00:00,unmapped_plant_reference,member_map_missing_canonical_plant_id,"{""candidate_id"": ""cmpcand_928d3b2925aecc95"", ""compound_id"": ""0ded26ea-c62e-5dd5-a37e-72336814b2fc"", ""member_count"": 1, ""member_ids_preview"": [""cmpcandm_ae07842b3383f3e8""], ""missing_member_count"": 1, ""raw_plant_ids_preview"": [""139""], ""source_compound_keys_preview"": [""89a9f58b353610c6272c5f08fe1f9ebbac01aac8a60a9d4493d852f0e37c2aaa""]}"
cmprev_5687b65e5bb72f95,cmpcand_92b4757d836deb7e,e19e8a5b-085f-5ea4-9772-bfe34678436b,inchi::WEEGYLXZBRQIMU-UHFFFAOYSA-N,ready,conflict,322,,6f1d5311f66726b550095a918a904778e6a2dcd79459b8a6eac40b33c3e21fc9,322,ChEMBL,2026-05-24T15:06:24.630628+00:00,2026-05-24T15:06:24.630628+00:00,unmapped_plant_reference,member_map_missing_canonical_plant_id,"{""candidate_id"": ""cmpcand_92b4757d836deb7e"", ""compound_id"": ""e19e8a5b-085f-5ea4-9772-bfe34678436b"", ""member_count"": 1, ""member_ids_preview"": [""cmpcandm_b12b6e15d24718f9""], ""missing_member_count"": 1, ""raw_plant_ids_preview"": [""322""], ""source_compound_keys_preview"": [""6f1d5311f66726b550095a918a904778e6a2dcd79459b8a6eac40b33c3e21fc9""]}"
cmprev_e293b230186e6374,cmpcand_92c0a7fcf100668e,682868c0-f071-55a9-8d62-f0f7ed226dd3,inchi::QIVBCDIJIAJPQS-VIFPVBQESA-N,ready,conflict,155,,8118dbf079d6411cbc758b64890006789dca0b7a199344dd2b411f857169b3dd,155,ChEMBL,2026-05-24T15:08:09.768137+00:00,2026-05-24T15:08:09.768137+00:00,unmapped_plant_reference,member_map_missing_canonical_plant_id,"{""candidate_id"": ""cmpcand_92c0a7fcf100668e"", ""compound_id"": ""682868c0-f071-55a9-8d62-f0f7ed226dd3"", ""member_count"": 1, ""member_ids_preview"": [""cmpcandm_8b80e90638f9d7a8""], ""missing_member_count"": 1, ""raw_plant_ids_preview"": [""155""], ""source_compound_keys_preview"": [""8118dbf079d6411cbc758b64890006789dca0b7a199344dd2b411f857169b3dd""]}"
cmprev_657743e0d9d95d18,cmpcand_92d91caf6853ee74,9d0e3cf2-98e2-5930-a9d9-37f559415cf3,inchi::RZNUULHKDQNOPC-WJPYRASCSA-N,ready,conflict,369,,7396087da6d94516bfe2a189e615f5d1ee25656a13ac88f52181869476455082,369,ChEMBL,2026-05-24T15:08:35.570349+00:00,2026-05-24T15:08:35.570349+00:00,unmapped_plant_reference,member_map_missing_canonical_plant_id,"{""candidate_id"": ""cmpcand_92d91caf6853ee74"", ""compound_id"": ""9d0e3cf2-98e2-5930-a9d9-37f559415cf3"", ""member_count"": 2, ""member_ids_preview"": [""cmpcandm_1365d2b972160ded"", ""cmpcandm_e4d3dc498de980a1""], ""missing_member_count"": 2, ""raw_plant_ids_preview"": [""369""], ""source_compound_keys_preview"": [""7396087da6d94516bfe2a189e615f5d1ee25656a13ac88f52181869476455082"", ""b17fd90e1bbba16edd4b83829d1a3e1efc8d5bb9b4758856243cb3c164c5d618""]}"
cmprev_782d9af73e543a5a,cmpcand_92e256f7d04c1662,ed213dfa-753e-5d6b-8bcc-bbfd74fcbcee,inchi::BKRBOORGXGTRIL-QZIHVOCISA-N,ready,conflict,120,,9ece5337660b1129529e01bfe5ff3f10d63b23255406ddd1ca0155ce61c6f49b,120,PubChem,2026-05-24T15:08:11.065184+00:00,2026-05-24T15:08:11.065184+00:00,unmapped_plant_reference,member_map_missing_canonical_plant_id,"{""candidate_id"": ""cmpcand_92e256f7d04c1662"", ""compound_id"": ""ed213dfa-753e-5d6b-8bcc-bbfd74fcbcee"", ""member_count"": 1, ""member_ids_preview"": [""cmpcandm_4982fdd073e4f8fc""], ""missing_member_count"": 1, ""raw_plant_ids_preview"": [""120""], ""source_compound_keys_preview"": [""9ece5337660b1129529e01bfe5ff3f10d63b23255406ddd1ca0155ce61c6f49b""]}"
cmprev_29daf29f6a87959e,cmpcand_935354ac5de68505,f58f291d-8055-54c8-9c11-1492c4542069,inchi::OUYCCCASQSFEME-QMMMGPOBSA-N,ready,conflict,155,,1492bc156f6bf2330c4e1a6baf459567d19d36eccb830fc511a4091383411338,155,ChEMBL,2026-05-24T15:07:28.477093+00:00,2026-05-24T15:07:28.477093+00:00,unmapped_plant_reference,member_map_missing_canonical_plant_id,"{""candidate_id"": ""cmpcand_935354ac5de68505"", ""compound_id"": ""f58f291d-8055-54c8-9c11-1492c4542069"", ""member_count"": 1, ""member_ids_preview"": [""cmpcandm_1841aa8036ed4222""], ""missing_member_count"": 1, ""raw_plant_ids_preview"": [""155""], ""source_compound_keys_preview"": [""1492bc156f6bf2330c4e1a6baf459567d19d36eccb830fc511a4091383411338""]}"
cmprev_9c26dadf205a3463,cmpcand_935a46dfd78df190,b33a47c5-d6ed-5ca8-8bf1-7535be2e8ab6,inchi::CBTHKWVPSIGKMI-UHFFFAOYSA-N,ready,conflict,76,,4c1dd384f176714a60c7bd82e3536b532887f010ae540bc58b270ed4859fe2ca,76,PubChem,2026-05-24T15:05:25.023319+00:00,2026-05-24T15:05:25.023319+00:00,unmapped_plant_reference,member_map_missing_canonical_plant_id,"{""candidate_id"": ""cmpcand_935a46dfd78df190"", ""compound_id"": ""b33a47c5-d6ed-5ca8-8bf1-7535be2e8ab6"", ""member_count"": 1, ""member_ids_preview"": [""cmpcandm_f312422e527cfe87""], ""missing_member_count"": 1, ""raw_plant_ids_preview"": [""76""], ""source_compound_keys_preview"": [""4c1dd384f176714a60c7bd82e3536b532887f010ae540bc58b270ed4859fe2ca""]}"
cmprev_48d6056a994ab84c,cmpcand_9360c5fe50c9cff2,110cc9c5-43e8-5651-a29b-a7e3c75aa69f,inchi::OWGJQNXIWMMDTH-COPRSSIGSA-N,ready,conflict,302,,551d9f23ac9c028b781d0490a5727ea40d411cb9d5759ad6a5b965dee9111e68,302,PubChem,2026-05-24T15:07:07.174256+00:00,2026-05-24T15:07:07.174256+00:00,unmapped_plant_reference,member_map_missing_canonical_plant_id,"{""candidate_id"": ""cmpcand_9360c5fe50c9cff2"", ""compound_id"": ""110cc9c5-43e8-5651-a29b-a7e3c75aa69f"", ""member_count"": 1, ""member_ids_preview"": [""cmpcandm_efb63501da0699e2""], ""missing_member_count"": 1, ""raw_plant_ids_preview"": [""302""], ""source_compound_keys_preview"": [""551d9f23ac9c028b781d0490a5727ea40d411cb9d5759ad6a5b965dee9111e68""]}"
cmprev_0f6bfec92181e222,cmpcand_939005198755c1c0,316a3f04-e2b4-538e-9b2c-ecc5e8d0237e,inchi::GPTVOZHQPZXWDW-SOSCMSTKSA-N,ready,conflict,392,,dbda5bc83e27d330b4aedd3aeedb27454c355920755359a9630a4af038511f5c,392,ChEMBL,2026-05-24T15:03:53.224707+00:00,2026-05-24T15:03:53.224707+00:00,unmapped_plant_reference,member_map_missing_canonical_plant_id,"{""candidate_id"": ""cmpcand_939005198755c1c0"", ""compound_id"": ""316a3f04-e2b4-538e-9b2c-ecc5e8d0237e"", ""member_count"": 1, ""member_ids_preview"": [""cmpcandm_65c8d5e513027afa""], ""missing_member_count"": 1, ""raw_plant_ids_preview"": [""392""], ""source_compound_keys_preview"": [""dbda5bc83e27d330b4aedd3aeedb27454c355920755359a9630a4af038511f5c""]}"
cmprev_8e36af6fcf01524b,cmpcand_93dc85ae323c4bd4,8dc0edf7-4301-5e3e-b412-fbc2ccf64564,inchi::NOHSWOPJQMNCOF-FZDKHTNSSA-N,ready,conflict,392,,43e8d5b8e0c8f46bb7f28031c071f0227cfd2f4ce5bff0774fe86fc28b70f88c,392,ChEMBL,2026-05-24T15:09:09.877425+00:00,2026-05-24T15:09:09.877425+00:00,unmapped_plant_reference,member_map_missing_canonical_plant_id,"{""candidate_id"": ""cmpcand_93dc85ae323c4bd4"", ""compound_id"": ""8dc0edf7-4301-5e3e-b412-fbc2ccf64564"", ""member_count"": 1, ""member_ids_preview"": [""cmpcandm_6b126113258fc971""], ""missing_member_count"": 1, ""raw_plant_ids_preview"": [""392""], ""source_compound_keys_preview"": [""43e8d5b8e0c8f46bb7f28031c071f0227cfd2f4ce5bff0774fe86fc28b70f88c""]}"
cmprev_7bedf4e292009916,cmpcand_942efaab91e0cedd,95963fde-a89e-5654-8b61-b3ad736f0ba3,inchi::GYFFKZTYYAFCTR-AVXJPILUSA-N,ready,conflict,341,,c38e2a9184578a37c1fd468a3105b31a81881eba39b23a74c7d924f204735383,341,PubChem,2026-05-24T15:08:59.594026+00:00,2026-05-24T15:08:59.594026+00:00,unmapped_plant_reference,member_map_missing_canonical_plant_id,"{""candidate_id"": ""cmpcand_942efaab91e0cedd"", ""compound_id"": ""95963fde-a89e-5654-8b61-b3ad736f0ba3"", ""member_count"": 1, ""member_ids_preview"": [""cmpcandm_cf4ad555fadaf202""], ""missing_member_count"": 1, ""raw_plant_ids_preview"": [""341""], ""source_compound_keys_preview"": [""c38e2a9184578a37c1fd468a3105b31a81881eba39b23a74c7d924f204735383""]}"
cmprev_c899e1128a539a91,cmpcand_949290ad06dc80e0,4ebad1fb-c56f-591b-9ecf-2b417ff53e75,inchi::ZAWVFIFFHANAFW-UHFFFAOYSA-N,ready,conflict,398,,44c35842c72364fd1d2ddf1eca50efb90b85e93e96688c815df408eadb6054ca,398,ChEMBL,2026-05-24T15:08:58.029477+00:00,2026-05-24T15:08:58.029477+00:00,unmapped_plant_reference,member_map_missing_canonical_plant_id,"{""candidate_id"": ""cmpcand_949290ad06dc80e0"", ""compound_id"": ""4ebad1fb-c56f-591b-9ecf-2b417ff53e75"", ""member_count"": 1, ""member_ids_preview"": [""cmpcandm_eb80defd78f1250a""], ""missing_member_count"": 1, ""raw_plant_ids_preview"": [""398""], ""source_compound_keys_preview"": [""44c35842c72364fd1d2ddf1eca50efb90b85e93e96688c815df408eadb6054ca""]}"
cmprev_c85bcb3f443c7de4,cmpcand_94fe46f5246a814e,cb914711-bdde-5cf4-8a48-41b4a08a5c2a,inchi::VYFYYTLLBUKUHU-UHFFFAOYSA-N,ready,conflict,347,,b5ffe9d30cfd597d0377e05662a21d6076b2d173091701a8890a52060e296dc4,347,ChEMBL,2026-05-24T15:06:48.931276+00:00,2026-05-24T15:06:48.931276+00:00,unmapped_plant_reference,member_map_missing_canonical_plant_id,"{""candidate_id"": ""cmpcand_94fe46f5246a814e"", ""compound_id"": ""cb914711-bdde-5cf4-8a48-41b4a08a5c2a"", ""member_count"": 1, ""member_ids_preview"": [""cmpcandm_f9c082776a616c6c""], ""missing_member_count"": 1, ""raw_plant_ids_preview"": [""347""], ""source_compound_keys_preview"": [""b5ffe9d30cfd597d0377e05662a21d6076b2d173091701a8890a52060e296dc4""]}"
cmprev_9c100bb11f02e96f,cmpcand_95463cb1d9e91e72,7ee0047a-1b50-59ec-a34d-691307167baa,inchi::CEZKIFXYWPTANH-QOWLAYOKSA-N,ready,conflict,100,,94aac3a47e744f76c1b25ed207cfae022b1c4a7617366ac3172367eaf1574a59,100,PubChem,2026-05-24T15:03:40.543499+00:00,2026-05-24T15:03:40.543499+00:00,unmapped_plant_reference,member_map_missing_canonical_plant_id,"{""candidate_id"": ""cmpcand_95463cb1d9e91e72"", ""compound_id"": ""7ee0047a-1b50-59ec-a34d-691307167baa"", ""member_count"": 1, ""member_ids_preview"": [""cmpcandm_230a4ebee8f171d3""], ""missing_member_count"": 1, ""raw_plant_ids_preview"": [""100""], ""source_compound_keys_preview"": [""94aac3a47e744f76c1b25ed207cfae022b1c4a7617366ac3172367eaf1574a59""]}"
cmprev_ca1e60e8ecd77baa,cmpcand_9555835399ba033a,a271b576-1527-5e1a-9d98-64a9027d873d,inchi::BMRNQSAXDJQXEL-BGJAGFQLSA-N,ready,conflict,82,,f2c0ba8da0ecf183f8089ec642063e4317995f7c8b72dee18e811938176ca89c,82,ChEMBL,2026-05-24T15:02:25.653402+00:00,2026-05-24T15:02:25.653402+00:00,unmapped_plant_reference,member_map_missing_canonical_plant_id,"{""candidate_id"": ""cmpcand_9555835399ba033a"", ""compound_id"": ""a271b576-1527-5e1a-9d98-64a9027d873d"", ""member_count"": 1, ""member_ids_preview"": [""cmpcandm_253feb5cd3104133""], ""missing_member_count"": 1, ""raw_plant_ids_preview"": [""82""], ""source_compound_keys_preview"": [""f2c0ba8da0ecf183f8089ec642063e4317995f7c8b72dee18e811938176ca89c""]}"
cmprev_0b53d41898dac94d,cmpcand_962735fe8af772d3,59736b12-8fa6-5fa3-b4c1-698e266f3b4c,inchi::PEBWIYPIKTWOBT-XPZFDQFCSA-N,ready,conflict,490,,c68c968daad78dcf38dde595167afb2aba8824f3bfeaa47dfc8536530fe60171,490,ChEMBL,2026-05-24T15:04:15.362748+00:00,2026-05-24T15:04:15.362748+00:00,unmapped_plant_reference,member_map_missing_canonical_plant_id,"{""candidate_id"": ""cmpcand_962735fe8af772d3"", ""compound_id"": ""59736b12-8fa6-5fa3-b4c1-698e266f3b4c"", ""member_count"": 1, ""member_ids_preview"": [""cmpcandm_456df2ef2b711225""], ""missing_member_count"": 1, ""raw_plant_ids_preview"": [""490""], ""source_compound_keys_preview"": [""c68c968daad78dcf38dde595167afb2aba8824f3bfeaa47dfc8536530fe60171""]}"
cmprev_2247add80e0b23a6,cmpcand_965cff6200229d47,30d99ccb-8ace-5326-b1af-35799ad6c547,inchi::WXTMDXOMEHJXQO-UHFFFAOYSA-N,ready,conflict,341,,407f212fde9fb786bf334316471a0c28171ffb22517a36c0936867ab33cc7861,341,ChEMBL,2026-05-24T15:06:35.153371+00:00,2026-05-24T15:06:35.153371+00:00,unmapped_plant_reference,member_map_missing_canonical_plant_id,"{""candidate_id"": ""cmpcand_965cff6200229d47"", ""compound_id"": ""30d99ccb-8ace-5326-b1af-35799ad6c547"", ""member_count"": 1, ""member_ids_preview"": [""cmpcandm_8c10f0f18da500f9""], ""missing_member_count"": 1, ""raw_plant_ids_preview"": [""341""], ""source_compound_keys_preview"": [""407f212fde9fb786bf334316471a0c28171ffb22517a36c0936867ab33cc7861""]}"
cmprev_4040c43757409b10,cmpcand_9664b19342af8413,dee31855-50e3-5031-8979-ddeb560e521d,inchi::BPVNJNBTESVCGD-KCOCAMJSSA-N,ready,conflict,392,,dbb6d1ef2bf84b29697e829a44600845a7e2534f1caf1c2d829bf821e0cc362e,392,ChEMBL,2026-05-24T15:09:12.591671+00:00,2026-05-24T15:09:12.591671+00:00,unmapped_plant_reference,member_map_missing_canonical_plant_id,"{""candidate_id"": ""cmpcand_9664b19342af8413"", ""compound_id"": ""dee31855-50e3-5031-8979-ddeb560e521d"", ""member_count"": 1, ""member_ids_preview"": [""cmpcandm_e2b4ff58eb540af1""], ""missing_member_count"": 1, ""raw_plant_ids_preview"": [""392""], ""source_compound_keys_preview"": [""dbb6d1ef2bf84b29697e829a44600845a7e2534f1caf1c2d829bf821e0cc362e""]}"
cmprev_e1d9ccb408fb5508,cmpcand_96c553afd718c76f,32a9a22f-bd14-5024-8229-940d283ad3e0,inchi::AOPMSFXOYJXDNJ-IRFSQMTFSA-N,ready,conflict,407,,29c384af01024d2484a3caa388b0e3a8a1d4e050728ea6d1cc250b0df4f7c1de,407,ChEMBL,2026-05-24T15:06:46.045111+00:00,2026-05-24T15:06:46.045111+00:00,unmapped_plant_reference,member_map_missing_canonical_plant_id,"{""candidate_id"": ""cmpcand_96c553afd718c76f"", ""compound_id"": ""32a9a22f-bd14-5024-8229-940d283ad3e0"", ""member_count"": 1, ""member_ids_preview"": [""cmpcandm_559e15e0645ab52e""], ""missing_member_count"": 1, ""raw_plant_ids_preview"": [""407""], ""source_compound_keys_preview"": [""29c384af01024d2484a3caa388b0e3a8a1d4e050728ea6d1cc250b0df4f7c1de""]}"
cmprev_52620f6e25854c4c,cmpcand_96e32bdee0528bf5,b423d076-c1c6-5e38-9937-34f1e74894c8,inchi::IRZVHDLBAYNPCT-UHFFFAOYSA-N,ready,conflict,76,,fd9814d6c146095d199ef64a1ed58da7a668f9a988dcc360047d87a1c1a9c68e,76,ChEMBL,2026-05-24T15:06:50.939044+00:00,2026-05-24T15:06:50.939044+00:00,unmapped_plant_reference,member_map_missing_canonical_plant_id,"{""candidate_id"": ""cmpcand_96e32bdee0528bf5"", ""compound_id"": ""b423d076-c1c6-5e38-9937-34f1e74894c8"", ""member_count"": 1, ""member_ids_preview"": [""cmpcandm_3dceb89c0e131c60""], ""missing_member_count"": 1, ""raw_plant_ids_preview"": [""76""], ""source_compound_keys_preview"": [""fd9814d6c146095d199ef64a1ed58da7a668f9a988dcc360047d87a1c1a9c68e""]}"
cmprev_d74ca76818b90c83,cmpcand_9716933dbb254e0b,fa514c00-926f-576b-a3d5-c7a531027892,inchi::WYTGDNHDOZPMIW-RCBQFDQVSA-O,ready,conflict,522,,01d8a9f9e477e8ae071e6a3c0480d6d79a45a547dc63548770c8bea9e65ebbcf,522,PubChem,2026-05-24T15:06:26.613862+00:00,2026-05-24T15:06:26.613862+00:00,unmapped_plant_reference,member_map_missing_canonical_plant_id,"{""candidate_id"": ""cmpcand_9716933dbb254e0b"", ""compound_id"": ""fa514c00-926f-576b-a3d5-c7a531027892"", ""member_count"": 1, ""member_ids_preview"": [""cmpcandm_b4203be639c3c253""], ""missing_member_count"": 1, ""raw_plant_ids_preview"": [""522""], ""source_compound_keys_preview"": [""01d8a9f9e477e8ae071e6a3c0480d6d79a45a547dc63548770c8bea9e65ebbcf""]}"
cmprev_c671a37704ee3126,cmpcand_9737b157586ce4c0,52c87a52-191e-59e3-bc8b-6124e19cf5d8,inchi::PWHGUSAQRRPLSJ-UHFFFAOYSA-N,ready,conflict,52,,9f7301333a8c93092cc50d0591293a9bd7451d27dbbd118c4455c592285d66c9,52,ChEMBL,2026-05-24T15:03:59.597181+00:00,2026-05-24T15:03:59.597181+00:00,unmapped_plant_reference,member_map_missing_canonical_plant_id,"{""candidate_id"": ""cmpcand_9737b157586ce4c0"", ""compound_id"": ""52c87a52-191e-59e3-bc8b-6124e19cf5d8"", ""member_count"": 1, ""member_ids_preview"": [""cmpcandm_15b2b009c9cda151""], ""missing_member_count"": 1, ""raw_plant_ids_preview"": [""52""], ""source_compound_keys_preview"": [""9f7301333a8c93092cc50d0591293a9bd7451d27dbbd118c4455c592285d66c9""]}"
cmprev_b68dc5947cdb223c,cmpcand_9772395b4aa595c6,18e00c31-838e-5408-9243-285b79a7294b,inchi::JMIAZDVHNCCPDM-ZUNJVLJPSA-N,ready,conflict,514,,349d981c75fb2534d70f53ad3f26cad1c688b8cf5116225060ef6e44b5ada253,514,PubChem,2026-05-24T15:06:24.071444+00:00,2026-05-24T15:06:24.071444+00:00,unmapped_plant_reference,member_map_missing_canonical_plant_id,"{""candidate_id"": ""cmpcand_9772395b4aa595c6"", ""compound_id"": ""18e00c31-838e-5408-9243-285b79a7294b"", ""member_count"": 1, ""member_ids_preview"": [""cmpcandm_2c23e4f95d9bf7b4""], ""missing_member_count"": 1, ""raw_plant_ids_preview"": [""514""], ""source_compound_keys_preview"": [""349d981c75fb2534d70f53ad3f26cad1c688b8cf5116225060ef6e44b5ada253""]}"
cmprev_ad4078f8af25bc47,cmpcand_979c4e81217e8b2d,9b96dff4-3700-5ab6-9cda-cc6dbdab7c2e,inchi::IDYPDRFMVHXYEC-HZDAAVBUSA-N,ready,conflict,398,,8c2459f6eda75f1b7e776bbc3fc33e1b551f00603b01a578706b37f048a7b460,398,PubChem,2026-05-24T15:04:19.515575+00:00,2026-05-24T15:04:19.515575+00:00,unmapped_plant_reference,member_map_missing_canonical_plant_id,"{""candidate_id"": ""cmpcand_979c4e81217e8b2d"", ""compound_id"": ""9b96dff4-3700-5ab6-9cda-cc6dbdab7c2e"", ""member_count"": 1, ""member_ids_preview"": [""cmpcandm_848dc50c6d55ffd2""], ""missing_member_count"": 1, ""raw_plant_ids_preview"": [""398""], ""source_compound_keys_preview"": [""8c2459f6eda75f1b7e776bbc3fc33e1b551f00603b01a578706b37f048a7b460""]}"
cmprev_dfc5dca3a5c3267b,cmpcand_982fc84f7209541d,daf0ae22-3e07-554e-ba0c-6be45e399368,inchi::DRTQHJPVMGBUCF-XVFCMESISA-N,ready,conflict,155,,3ae97904a04e1bfa02132a3ff29f61ebd9089e1e2b7342dbb5939d622dc263f2,155,ChEMBL,2026-05-24T15:07:22.492493+00:00,2026-05-24T15:07:22.492493+00:00,unmapped_plant_reference,member_map_missing_canonical_plant_id,"{""candidate_id"": ""cmpcand_982fc84f7209541d"", ""compound_id"": ""daf0ae22-3e07-554e-ba0c-6be45e399368"", ""member_count"": 1, ""member_ids_preview"": [""cmpcandm_ab0d9470aa7021a3""], ""missing_member_count"": 1, ""raw_plant_ids_preview"": [""155""], ""source_compound_keys_preview"": [""3ae97904a04e1bfa02132a3ff29f61ebd9089e1e2b7342dbb5939d622dc263f2""]}"
cmprev_f86f5c64c644360b,cmpcand_984f20e283a38695,e5dcd719-93a7-5a0b-b6f9-5fb2509ad1eb,inchi::GJWSUKYXUMVMGX-VIFPVBQESA-N,ready,conflict,290,,62c59c0b4ed73934182dd2388a643137f48b8087066bfc79b28da688bc5314d1,290,PubChem,2026-05-24T15:04:53.983160+00:00,2026-05-24T15:04:53.983160+00:00,unmapped_plant_reference,member_map_missing_canonical_plant_id,"{""candidate_id"": ""cmpcand_984f20e283a38695"", ""compound_id"": ""e5dcd719-93a7-5a0b-b6f9-5fb2509ad1eb"", ""member_count"": 1, ""member_ids_preview"": [""cmpcandm_15d676af97cf8807""], ""missing_member_count"": 1, ""raw_plant_ids_preview"": [""290""], ""source_compound_keys_preview"": [""62c59c0b4ed73934182dd2388a643137f48b8087066bfc79b28da688bc5314d1""]}"
cmprev_8d167bb0c5b597d2,cmpcand_987c334eec130370,d6ac8e04-3e87-5f66-abf1-b3e0c4da2f5a,inchi::ZREKAWAROKJCRC-NFSLGCCLSA-N,ready,conflict,120,,930ad8404fde213964a2365be75d56229a3a908a93f9e550555613ae5bf42c0a,120,PubChem,2026-05-24T15:09:03.584639+00:00,2026-05-24T15:09:03.584639+00:00,unmapped_plant_reference,member_map_missing_canonical_plant_id,"{""candidate_id"": ""cmpcand_987c334eec130370"", ""compound_id"": ""d6ac8e04-3e87-5f66-abf1-b3e0c4da2f5a"", ""member_count"": 1, ""member_ids_preview"": [""cmpcandm_f7bbb539c7ad44dd""], ""missing_member_count"": 1, ""raw_plant_ids_preview"": [""120""], ""source_compound_keys_preview"": [""930ad8404fde213964a2365be75d56229a3a908a93f9e550555613ae5bf42c0a""]}"
cmprev_0bb14b24bc9757c7,cmpcand_98e2e8a88ed63d32,e5f08420-799e-5fac-b166-b6fcde8612af,inchi::FSTCFKSVJSWZKZ-PPQOGKFUSA-N,ready,conflict,83,,92e8a73525d1f16f3d0409ada7bc9b85df2a03c38952e4386aa045ca5d230b32,83,ChEMBL,2026-05-24T15:08:31.533790+00:00,2026-05-24T15:08:31.533790+00:00,unmapped_plant_reference,member_map_missing_canonical_plant_id,"{""candidate_id"": ""cmpcand_98e2e8a88ed63d32"", ""compound_id"": ""e5f08420-799e-5fac-b166-b6fcde8612af"", ""member_count"": 1, ""member_ids_preview"": [""cmpcandm_403835ea1641ca28""], ""missing_member_count"": 1, ""raw_plant_ids_preview"": [""83""], ""source_compound_keys_preview"": [""92e8a73525d1f16f3d0409ada7bc9b85df2a03c38952e4386aa045ca5d230b32""]}"
cmprev_6eb14caea65ca620,cmpcand_98e621fa27427b85,56204d3d-8459-54cf-b7ed-3e475c4521f2,inchi::QNAYBMKLOCPYGJ-REOHCLBHSA-N,ready,conflict,155,,29d5b8ed0dccf4f91b4194af3c14ccd95883728885f709eb4d598be206c8bf74,155,ChEMBL,2026-05-24T15:07:12.339142+00:00,2026-05-24T15:07:12.339142+00:00,unmapped_plant_reference,member_map_missing_canonical_plant_id,"{""candidate_id"": ""cmpcand_98e621fa27427b85"", ""compound_id"": ""56204d3d-8459-54cf-b7ed-3e475c4521f2"", ""member_count"": 1, ""member_ids_preview"": [""cmpcandm_5d6e44fcd644418a""], ""missing_member_count"": 1, ""raw_plant_ids_preview"": [""155""], ""source_compound_keys_preview"": [""29d5b8ed0dccf4f91b4194af3c14ccd95883728885f709eb4d598be206c8bf74""]}"
cmprev_daf4ae7388ecbadd,cmpcand_992044efee459471,3e8b552d-0f89-5fdf-96a6-b9f239df886c,inchi::ZIVIDPAKHDFBIX-PVFLPAJZSA-N,ready,conflict,392,,b4c883e11ed7fc28ff22ffccb3105aada10e3bd5305bc46146afac455f38f4e0,392,ChEMBL,2026-05-24T15:08:09.420744+00:00,2026-05-24T15:08:09.420744+00:00,unmapped_plant_reference,member_map_missing_canonical_plant_id,"{""candidate_id"": ""cmpcand_992044efee459471"", ""compound_id"": ""3e8b552d-0f89-5fdf-96a6-b9f239df886c"", ""member_count"": 1, ""member_ids_preview"": [""cmpcandm_9e446ccdd253873a""], ""missing_member_count"": 1, ""raw_plant_ids_preview"": [""392""], ""source_compound_keys_preview"": [""b4c883e11ed7fc28ff22ffccb3105aada10e3bd5305bc46146afac455f38f4e0""]}"
cmprev_55b8f52d8bc5c4fa,cmpcand_9945938907598fc4,f01fed16-6473-55cc-a9f5-c17ad82cdd36,inchi::GMISZFQPFDAPGI-CVJZBMGUSA-N,ready,conflict,120,,ba40d8c47fb21f92805e3960e7a3fda840d2de16f0a38741a10ee64de8b4ed8e,120,ChEMBL,2026-05-24T15:03:25.564753+00:00,2026-05-24T15:03:25.564753+00:00,unmapped_plant_reference,member_map_missing_canonical_plant_id,"{""candidate_id"": ""cmpcand_9945938907598fc4"", ""compound_id"": ""f01fed16-6473-55cc-a9f5-c17ad82cdd36"", ""member_count"": 1, ""member_ids_preview"": [""cmpcandm_f95cc267a9e0ed5f""], ""missing_member_count"": 1, ""raw_plant_ids_preview"": [""120""], ""source_compound_keys_preview"": [""ba40d8c47fb21f92805e3960e7a3fda840d2de16f0a38741a10ee64de8b4ed8e""]}"
cmprev_9091a1daa94d570f,cmpcand_995a5dcae6f9425a,74031da5-dd50-52ad-a191-72ad3edcd406,inchi::VLFKNLZNDSEVBZ-BTWXELLASA-N,ready,conflict,502,,04fca3b3a0aa1eca7d5773c058c0c8d1d7f329d75310f28fbcfe50f51687c9b3,502,ChEMBL,2026-05-24T15:08:09.558563+00:00,2026-05-24T15:08:09.558563+00:00,unmapped_plant_reference,member_map_missing_canonical_plant_id,"{""candidate_id"": ""cmpcand_995a5dcae6f9425a"", ""compound_id"": ""74031da5-dd50-52ad-a191-72ad3edcd406"", ""member_count"": 1, ""member_ids_preview"": [""cmpcandm_d202217eac178339""], ""missing_member_count"": 1, ""raw_plant_ids_preview"": [""502""], ""source_compound_keys_preview"": [""04fca3b3a0aa1eca7d5773c058c0c8d1d7f329d75310f28fbcfe50f51687c9b3""]}"
cmprev_f0fd9c4d2309263c,cmpcand_99ebfbdfa04b18ee,9436b921-4a8f-5785-8423-3f317a7cd6a1,inchi::VBJYPSPIKMUCLP-QITLCBANSA-N,ready,conflict,207,,d2f248541fe316eb38eb0bc9c36e7fc1c718c50a435d89bcc6397ed3d967bca1,207,PubChem,2026-05-24T15:05:33.701619+00:00,2026-05-24T15:05:33.701619+00:00,unmapped_plant_reference,member_map_missing_canonical_plant_id,"{""candidate_id"": ""cmpcand_99ebfbdfa04b18ee"", ""compound_id"": ""9436b921-4a8f-5785-8423-3f317a7cd6a1"", ""member_count"": 1, ""member_ids_preview"": [""cmpcandm_ad4881fc8348fd65""], ""missing_member_count"": 1, ""raw_plant_ids_preview"": [""207""], ""source_compound_keys_preview"": [""d2f248541fe316eb38eb0bc9c36e7fc1c718c50a435d89bcc6397ed3d967bca1""]}"
cmprev_78fbf1488a8602bf,cmpcand_9a31f3eb77e395bc,1da5503b-2f4d-55ac-87a0-216e5aa744ed,inchi::CMUNUTVVOOHQPW-LURJTMIESA-N,ready,conflict,180,,26f3cc678ac9716a771dbbeff5435f5484a1cd689ef358fad8f53f94d4c25247,180,ChEMBL,2026-05-24T15:06:24.929331+00:00,2026-05-24T15:06:24.929331+00:00,unmapped_plant_reference,member_map_missing_canonical_plant_id,"{""candidate_id"": ""cmpcand_9a31f3eb77e395bc"", ""compound_id"": ""1da5503b-2f4d-55ac-87a0-216e5aa744ed"", ""member_count"": 1, ""member_ids_preview"": [""cmpcandm_753a5889e3b2d13c""], ""missing_member_count"": 1, ""raw_plant_ids_preview"": [""180""], ""source_compound_keys_preview"": [""26f3cc678ac9716a771dbbeff5435f5484a1cd689ef358fad8f53f94d4c25247""]}"
cmprev_6c025635ccb2a0a1,cmpcand_9a522611a6eea25c,d485d872-fa55-52ae-a44a-95d3f0b7ff97,inchi::GMSNIKWWOQHZGF-UHFFFAOYSA-N,ready,conflict,139,,4fc1a6a4d38adc9b5aa980cdf1cd80d701768caf4be010bc96fe1b5d5e55c03d,139,ChEMBL,2026-05-24T15:02:32.221224+00:00,2026-05-24T15:02:32.221224+00:00,unmapped_plant_reference,member_map_missing_canonical_plant_id,"{""candidate_id"": ""cmpcand_9a522611a6eea25c"", ""compound_id"": ""d485d872-fa55-52ae-a44a-95d3f0b7ff97"", ""member_count"": 1, ""member_ids_preview"": [""cmpcandm_3debdb4573a4b30d""], ""missing_member_count"": 1, ""raw_plant_ids_preview"": [""139""], ""source_compound_keys_preview"": [""4fc1a6a4d38adc9b5aa980cdf1cd80d701768caf4be010bc96fe1b5d5e55c03d""]}"
cmprev_09f8a504d5df5fd7,cmpcand_9abea0803bbb2761,7be5f4d6-f39e-5419-8a0d-47836e85c0b1,inchi::LVTJOONKWUXEFR-UEZXSUPNSA-N,ready,conflict,462,,d1442133227742076d262a4fd01707c340f6d284467d12591c22ca5ebb4a5693,462,ChEMBL,2026-05-24T15:07:06.285619+00:00,2026-05-24T15:07:06.285619+00:00,unmapped_plant_reference,member_map_missing_canonical_plant_id,"{""candidate_id"": ""cmpcand_9abea0803bbb2761"", ""compound_id"": ""7be5f4d6-f39e-5419-8a0d-47836e85c0b1"", ""member_count"": 1, ""member_ids_preview"": [""cmpcandm_9cd069f749039e89""], ""missing_member_count"": 1, ""raw_plant_ids_preview"": [""462""], ""source_compound_keys_preview"": [""d1442133227742076d262a4fd01707c340f6d284467d12591c22ca5ebb4a5693""]}"
cmprev_1ec658590200dd3d,cmpcand_9af4712a0033b627,f965360b-ff83-5528-84e4-1d84cbeb99ca,inchi::RVJOJRVPGYKMQS-UHFFFAOYSA-N,ready,conflict,52,,4b6955147295f8be964582ceb3d06d18dde8038a1f774e3642c3c47a9bdbb049,52,PubChem,2026-05-24T15:03:59.559731+00:00,2026-05-24T15:03:59.559731+00:00,unmapped_plant_reference,member_map_missing_canonical_plant_id,"{""candidate_id"": ""cmpcand_9af4712a0033b627"", ""compound_id"": ""f965360b-ff83-5528-84e4-1d84cbeb99ca"", ""member_count"": 1, ""member_ids_preview"": [""cmpcandm_63fa048655058cda""], ""missing_member_count"": 1, ""raw_plant_ids_preview"": [""52""], ""source_compound_keys_preview"": [""4b6955147295f8be964582ceb3d06d18dde8038a1f774e3642c3c47a9bdbb049""]}"
cmprev_01aa7062ed869992,cmpcand_9b1361f21b2cc49f,a92c6aa4-26ab-5152-8bc8-249cfce07c29,inchi::NGSWKAQJJWESNS-ZZXKWVIFSA-N,ready,conflict,341,,7613af7a91c43a590a89fdb463c2a7f26cab4d22309c6821a1e2b5fcfe989718,341;82;155,ChEMBL,2026-05-24T15:05:19.252474+00:00,2026-05-24T15:05:19.252474+00:00,unmapped_plant_reference,member_map_missing_canonical_plant_id,"{""candidate_id"": ""cmpcand_9b1361f21b2cc49f"", ""compound_id"": ""a92c6aa4-26ab-5152-8bc8-249cfce07c29"", ""member_count"": 3, ""member_ids_preview"": [""cmpcandm_942ecaf7bf1815c9"", ""cmpcandm_a352339ad1878897"", ""cmpcandm_eaac173c121e4222""], ""missing_member_count"": 3, ""raw_plant_ids_preview"": [""341"", ""82"", ""155""], ""source_compound_keys_preview"": [""7613af7a91c43a590a89fdb463c2a7f26cab4d22309c6821a1e2b5fcfe989718"", ""092a4dc020fa5774e859d471525b3e053122717b060bd5ef01431cc3570cdec1"", ""aabb5b84b5559c70e6bdf737d7eabcfbd0679961e4f4fbdc4c5e2cab8e00ee9b""]}"
cmprev_2a9a6c1667ebb844,cmpcand_9b36ad056fa17e0f,22892862-11cf-5286-8ff5-2ab85c08cbaa,inchi::KBKLBYIJUCULTB-UMPBZRBBSA-N,ready,conflict,83,,605090390cb4e2ef5a5ace18cd8a2d5dc5ac93b178a66d5bdbfce1e0b5d3f381,83,ChEMBL,2026-05-24T15:02:28.403421+00:00,2026-05-24T15:02:28.403421+00:00,unmapped_plant_reference,member_map_missing_canonical_plant_id,"{""candidate_id"": ""cmpcand_9b36ad056fa17e0f"", ""compound_id"": ""22892862-11cf-5286-8ff5-2ab85c08cbaa"", ""member_count"": 1, ""member_ids_preview"": [""cmpcandm_274946855dcc3620""], ""missing_member_count"": 1, ""raw_plant_ids_preview"": [""83""], ""source_compound_keys_preview"": [""605090390cb4e2ef5a5ace18cd8a2d5dc5ac93b178a66d5bdbfce1e0b5d3f381""]}"
cmprev_88d0e302227efc5a,cmpcand_9b6100565bcabed8,c8fae125-66c3-55ce-a9cc-d68c1da4078f,inchi::ZZWXYBPRSDQAJH-PPASWHMCSA-N,ready,conflict,322,,cc477c3d36aac1386338459c90d1c33690637e9012919ec7b8b1f71017814cc1,322,ChEMBL,2026-05-24T15:05:12.361299+00:00,2026-05-24T15:05:12.361299+00:00,unmapped_plant_reference,member_map_missing_canonical_plant_id,"{""candidate_id"": ""cmpcand_9b6100565bcabed8"", ""compound_id"": ""c8fae125-66c3-55ce-a9cc-d68c1da4078f"", ""member_count"": 1, ""member_ids_preview"": [""cmpcandm_8bb4d1fb406ae075""], ""missing_member_count"": 1, ""raw_plant_ids_preview"": [""322""], ""source_compound_keys_preview"": [""cc477c3d36aac1386338459c90d1c33690637e9012919ec7b8b1f71017814cc1""]}"
cmprev_082af13f0e6c10d0,cmpcand_9b74c89e8cca4f0c,76d3396e-6f5d-567b-86d2-d9fbe9ef873e,inchi::RKUDRJTZBDEGNP-YIXXDRMTSA-N,ready,conflict,502,,a9880b69e2f640c538bf653fe5e11628e3d8bc18f58683b0ec2095ff657428ae,502,ChEMBL,2026-05-24T15:06:02.997447+00:00,2026-05-24T15:06:02.997447+00:00,unmapped_plant_reference,member_map_missing_canonical_plant_id,"{""candidate_id"": ""cmpcand_9b74c89e8cca4f0c"", ""compound_id"": ""76d3396e-6f5d-567b-86d2-d9fbe9ef873e"", ""member_count"": 1, ""member_ids_preview"": [""cmpcandm_1f0a479255986b38""], ""missing_member_count"": 1, ""raw_plant_ids_preview"": [""502""], ""source_compound_keys_preview"": [""a9880b69e2f640c538bf653fe5e11628e3d8bc18f58683b0ec2095ff657428ae""]}"
cmprev_de85eb09c651a8c2,cmpcand_9bf2bbcd86346528,5dc8532f-67aa-5d5c-a775-2b35d96159df,inchi::JBDZOCOBUGXPJW-LYGYLKCLSA-N,ready,conflict,120,,2531f3f413d50586c82a2307ba5ed725dccb4a9d0ab53c54840c58de2e3b886c,120,PubChem,2026-05-24T15:02:15.146416+00:00,2026-05-24T15:02:15.146416+00:00,unmapped_plant_reference,member_map_missing_canonical_plant_id,"{""candidate_id"": ""cmpcand_9bf2bbcd86346528"", ""compound_id"": ""5dc8532f-67aa-5d5c-a775-2b35d96159df"", ""member_count"": 1, ""member_ids_preview"": [""cmpcandm_f3b7614ec5515413""], ""missing_member_count"": 1, ""raw_plant_ids_preview"": [""120""], ""source_compound_keys_preview"": [""2531f3f413d50586c82a2307ba5ed725dccb4a9d0ab53c54840c58de2e3b886c""]}"
cmprev_a30f47f474858f61,cmpcand_9bf82350de036dca,ae9c9a84-3b8a-5377-b2b5-d4f8355aa17e,inchi::YFLAVJCREXGADP-ZNNLFOCUSA-N,ready,conflict,392,,e9eaeb4f88fe281eaa541fda74fd40ec85c226da87d826e493759456c36f9faf,392,PubChem,2026-05-24T15:08:02.305176+00:00,2026-05-24T15:08:02.305176+00:00,unmapped_plant_reference,member_map_missing_canonical_plant_id,"{""candidate_id"": ""cmpcand_9bf82350de036dca"", ""compound_id"": ""ae9c9a84-3b8a-5377-b2b5-d4f8355aa17e"", ""member_count"": 1, ""member_ids_preview"": [""cmpcandm_6f1ae537d93d6c52""], ""missing_member_count"": 1, ""raw_plant_ids_preview"": [""392""], ""source_compound_keys_preview"": [""e9eaeb4f88fe281eaa541fda74fd40ec85c226da87d826e493759456c36f9faf""]}"
cmprev_9d23afb38c9e2508,cmpcand_9c351cf8778be048,f857efe7-b734-52b0-9daf-a834d57d6f70,inchi::QQQCWVDPMPFUGF-ZDUSSCGKSA-N,ready,conflict,76,,62b288944f7a33bf4fb625669a3eb8a3d9dabf6d5a2eda9e6a6ed421f0e24585,76,ChEMBL,2026-05-24T15:05:58.374645+00:00,2026-05-24T15:05:58.374645+00:00,unmapped_plant_reference,member_map_missing_canonical_plant_id,"{""candidate_id"": ""cmpcand_9c351cf8778be048"", ""compound_id"": ""f857efe7-b734-52b0-9daf-a834d57d6f70"", ""member_count"": 1, ""member_ids_preview"": [""cmpcandm_3074738d8f856878""], ""missing_member_count"": 1, ""raw_plant_ids_preview"": [""76""], ""source_compound_keys_preview"": [""62b288944f7a33bf4fb625669a3eb8a3d9dabf6d5a2eda9e6a6ed421f0e24585""]}"
cmprev_0991798c69d48a0e,cmpcand_9c760c987a2dc4f7,e0c9b43a-6368-58be-bcb6-280ffbc669f7,inchi::HCMLFKDWDBUIOV-JFXOFWIUSA-N,ready,conflict,392,,4b57d2d8b3d86387df49f4fb59a1cb617f0daf4170ad0416b244f68b8f7e3d26,392,ChEMBL,2026-05-24T15:09:01.358525+00:00,2026-05-24T15:09:01.358525+00:00,unmapped_plant_reference,member_map_missing_canonical_plant_id,"{""candidate_id"": ""cmpcand_9c760c987a2dc4f7"", ""compound_id"": ""e0c9b43a-6368-58be-bcb6-280ffbc669f7"", ""member_count"": 1, ""member_ids_preview"": [""cmpcandm_61a84aeaa8679ade""], ""missing_member_count"": 1, ""raw_plant_ids_preview"": [""392""], ""source_compound_keys_preview"": [""4b57d2d8b3d86387df49f4fb59a1cb617f0daf4170ad0416b244f68b8f7e3d26""]}"
cmprev_5c94e7c02db91a00,cmpcand_9cfc4bef3f581531,3abddd68-6319-57a3-b4d6-319dd000d4a0,inchi::URSUMOWUGDXZHU-UHFFFAOYSA-N,ready,conflict,363,,858a2de96f8659dc749b36f890d46d6fbf4c45a3e783969b5c7e4b55316060fb,363,ChEMBL,2026-05-24T15:02:58.124012+00:00,2026-05-24T15:02:58.124012+00:00,unmapped_plant_reference,member_map_missing_canonical_plant_id,"{""candidate_id"": ""cmpcand_9cfc4bef3f581531"", ""compound_id"": ""3abddd68-6319-57a3-b4d6-319dd000d4a0"", ""member_count"": 1, ""member_ids_preview"": [""cmpcandm_c0e4baba84a38f02""], ""missing_member_count"": 1, ""raw_plant_ids_preview"": [""363""], ""source_compound_keys_preview"": [""858a2de96f8659dc749b36f890d46d6fbf4c45a3e783969b5c7e4b55316060fb""]}"
cmprev_5461fddef371e340,cmpcand_9d7bf880c4da5c7b,5011fba8-42df-5bdb-b9f4-4317237c9e30,inchi::QMGVPVSNSZLJIA-FVWCLLPLSA-N,ready,conflict,479,,a12f7b5e8c50f8690b44c2b3160d7cce70bc360f1c5e3566eb46922811dc85fe,479,ChEMBL,2026-05-24T15:07:15.341725+00:00,2026-05-24T15:07:15.341725+00:00,unmapped_plant_reference,member_map_missing_canonical_plant_id,"{""candidate_id"": ""cmpcand_9d7bf880c4da5c7b"", ""compound_id"": ""5011fba8-42df-5bdb-b9f4-4317237c9e30"", ""member_count"": 1, ""member_ids_preview"": [""cmpcandm_7e09cdff94e47523""], ""missing_member_count"": 1, ""raw_plant_ids_preview"": [""479""], ""source_compound_keys_preview"": [""a12f7b5e8c50f8690b44c2b3160d7cce70bc360f1c5e3566eb46922811dc85fe""]}"
cmprev_9c77ea691b1b4b28,cmpcand_9e7847dd562c0d1f,78f5d6c1-7a39-5368-98d4-30362a1314d0,inchi::HQUSKUTUDDZKOD-AUHDTZLJSA-N,ready,conflict,120,,755b5078e671083d0ecff1f97604e8bbe2e722022dc4a0f148b3aca603a24d04,120,PubChem,2026-05-24T15:08:28.106580+00:00,2026-05-24T15:08:28.106580+00:00,unmapped_plant_reference,member_map_missing_canonical_plant_id,"{""candidate_id"": ""cmpcand_9e7847dd562c0d1f"", ""compound_id"": ""78f5d6c1-7a39-5368-98d4-30362a1314d0"", ""member_count"": 1, ""member_ids_preview"": [""cmpcandm_9122145786de27b5""], ""missing_member_count"": 1, ""raw_plant_ids_preview"": [""120""], ""source_compound_keys_preview"": [""755b5078e671083d0ecff1f97604e8bbe2e722022dc4a0f148b3aca603a24d04""]}"
cmprev_2463d63633f2165c,cmpcand_9e7d93438d6c087d,8ceca977-60ad-5699-b65d-eb5dceec5000,inchi::ODHOTFAKXJWQIS-UHFFFAOYSA-N,ready,conflict,122,,8a37378471611220efacd44970312c5817ced67bd882717100fb914f5c260f53,122,PubChem,2026-05-24T15:08:52.987432+00:00,2026-05-24T15:08:52.987432+00:00,unmapped_plant_reference,member_map_missing_canonical_plant_id,"{""candidate_id"": ""cmpcand_9e7d93438d6c087d"", ""compound_id"": ""8ceca977-60ad-5699-b65d-eb5dceec5000"", ""member_count"": 1, ""member_ids_preview"": [""cmpcandm_775455d87cb1a334""], ""missing_member_count"": 1, ""raw_plant_ids_preview"": [""122""], ""source_compound_keys_preview"": [""8a37378471611220efacd44970312c5817ced67bd882717100fb914f5c260f53""]}"
cmprev_25d4dd7054e18dc8,cmpcand_9e8bf5a4290cc146,e8163dff-91cc-5c37-8852-7dab1d701058,inchi::DSXFHNSGLYXPNG-YDYVGBNJSA-N,ready,conflict,429,,e0520c0c02b4a57121677ea9958dff664fbecbe210ef140c1557e6c714796515,429,PubChem,2026-05-24T15:05:04.342611+00:00,2026-05-24T15:05:04.342611+00:00,unmapped_plant_reference,member_map_missing_canonical_plant_id,"{""candidate_id"": ""cmpcand_9e8bf5a4290cc146"", ""compound_id"": ""e8163dff-91cc-5c37-8852-7dab1d701058"", ""member_count"": 1, ""member_ids_preview"": [""cmpcandm_77f2de90b851c6aa""], ""missing_member_count"": 1, ""raw_plant_ids_preview"": [""429""], ""source_compound_keys_preview"": [""e0520c0c02b4a57121677ea9958dff664fbecbe210ef140c1557e6c714796515""]}"
cmprev_38570b2dff4f2072,cmpcand_9fcb33b5f2237e4f,09721303-1ac9-5f2c-a936-e2049666be60,inchi::HHBYOCHHRWGTSU-UHFFFAOYSA-N,ready,conflict,175,,0e9340d71ccb5e28769604255064c99fddf6433535f403194bc45dbc31e17dd5,175,ChEMBL,2026-05-24T15:06:28.464274+00:00,2026-05-24T15:06:28.464274+00:00,unmapped_plant_reference,member_map_missing_canonical_plant_id,"{""candidate_id"": ""cmpcand_9fcb33b5f2237e4f"", ""compound_id"": ""09721303-1ac9-5f2c-a936-e2049666be60"", ""member_count"": 1, ""member_ids_preview"": [""cmpcandm_0b6588a9664da8a5""], ""missing_member_count"": 1, ""raw_plant_ids_preview"": [""175""], ""source_compound_keys_preview"": [""0e9340d71ccb5e28769604255064c99fddf6433535f403194bc45dbc31e17dd5""]}"
cmprev_a03e7f3d5537c78f,cmpcand_9fe6c4098ab92c14,d1c54409-cf66-5f4e-8a6a-d615a99fe801,inchi::VFVYFTSLVXYDBI-UHFFFAOYSA-N,ready,conflict,83,,ad95033ac03e77c87664b8f67da91c112562678d4019113ab22e404ca4e9d707,83,ChEMBL,2026-05-24T15:05:36.980787+00:00,2026-05-24T15:05:36.982144+00:00,unmapped_plant_reference,member_map_missing_canonical_plant_id,"{""candidate_id"": ""cmpcand_9fe6c4098ab92c14"", ""compound_id"": ""d1c54409-cf66-5f4e-8a6a-d615a99fe801"", ""member_count"": 1, ""member_ids_preview"": [""cmpcandm_051d97ea7d1e2832""], ""missing_member_count"": 1, ""raw_plant_ids_preview"": [""83""], ""source_compound_keys_preview"": [""ad95033ac03e77c87664b8f67da91c112562678d4019113ab22e404ca4e9d707""]}"
cmprev_b0005829c6344b85,cmpcand_a0a4b6b2c170dc80,45d578fb-91d2-5f00-af1f-60604581f48c,inchi::DCTLJGWMHPGCOS-UHFFFAOYSA-N,ready,conflict,175,,03ba189f5b13d620386bf75d346f6b5922ea89a7ce8098101e83c659de8c6a8a,175,ChEMBL,2026-05-24T15:06:30.999589+00:00,2026-05-24T15:06:30.999589+00:00,unmapped_plant_reference,member_map_missing_canonical_plant_id,"{""candidate_id"": ""cmpcand_a0a4b6b2c170dc80"", ""compound_id"": ""45d578fb-91d2-5f00-af1f-60604581f48c"", ""member_count"": 1, ""member_ids_preview"": [""cmpcandm_237d4a105b4f55a3""], ""missing_member_count"": 1, ""raw_plant_ids_preview"": [""175""], ""source_compound_keys_preview"": [""03ba189f5b13d620386bf75d346f6b5922ea89a7ce8098101e83c659de8c6a8a""]}"
cmprev_d81f2669960a78be,cmpcand_a0f3202aef9ddbb5,eedd8361-675e-5c19-954e-10dc7d2e19fe,inchi::JGTKWAPKKUUANC-UHFFFAOYSA-N,ready,conflict,107,,6d85cfc58b03986bf34c79890c0e5158edde9cf63970b9a15e23b59d76023d29,107,PubChem,2026-05-24T15:08:58.145271+00:00,2026-05-24T15:08:58.145271+00:00,unmapped_plant_reference,member_map_missing_canonical_plant_id,"{""candidate_id"": ""cmpcand_a0f3202aef9ddbb5"", ""compound_id"": ""eedd8361-675e-5c19-954e-10dc7d2e19fe"", ""member_count"": 1, ""member_ids_preview"": [""cmpcandm_39342533dfd9effb""], ""missing_member_count"": 1, ""raw_plant_ids_preview"": [""107""], ""source_compound_keys_preview"": [""6d85cfc58b03986bf34c79890c0e5158edde9cf63970b9a15e23b59d76023d29""]}"
cmprev_6bd989202c8c906f,cmpcand_a12882c1221774d5,63b21362-853e-5fa3-9f7b-aa5eecc49e90,inchi::RSQSQJNRHICNNH-NFMPGMCNSA-N,ready,conflict,420,,dc61ca809105b41690f5dedad9f9419279ace0610ca4a5ddac19bfa1323abf85,420,PubChem,2026-05-24T15:06:23.589035+00:00,2026-05-24T15:06:23.590035+00:00,unmapped_plant_reference,member_map_missing_canonical_plant_id,"{""candidate_id"": ""cmpcand_a12882c1221774d5"", ""compound_id"": ""63b21362-853e-5fa3-9f7b-aa5eecc49e90"", ""member_count"": 1, ""member_ids_preview"": [""cmpcandm_795985b9511a514e""], ""missing_member_count"": 1, ""raw_plant_ids_preview"": [""420""], ""source_compound_keys_preview"": [""dc61ca809105b41690f5dedad9f9419279ace0610ca4a5ddac19bfa1323abf85""]}"
cmprev_8299a476bc9bf881,cmpcand_a152a12d96eea04c,f510bd64-1c54-535d-9ab9-cf1ac6162361,inchi::MMAYTCMMKJYIAM-RUGRQLENSA-N,ready,conflict,490,,3623f73326143fc8f3d40e9b207c73b88135025322e02c21fb647cd66ffb193c,490,ChEMBL,2026-05-24T15:06:45.587633+00:00,2026-05-24T15:06:45.587633+00:00,unmapped_plant_reference,member_map_missing_canonical_plant_id,"{""candidate_id"": ""cmpcand_a152a12d96eea04c"", ""compound_id"": ""f510bd64-1c54-535d-9ab9-cf1ac6162361"", ""member_count"": 1, ""member_ids_preview"": [""cmpcandm_9eb80fb695629298""], ""missing_member_count"": 1, ""raw_plant_ids_preview"": [""490""], ""source_compound_keys_preview"": [""3623f73326143fc8f3d40e9b207c73b88135025322e02c21fb647cd66ffb193c""]}"
cmprev_9ad3502b0d5aa36b,cmpcand_a155be3a6fded56e,adecfab4-8164-5abb-89e2-ef23eec21d99,inchi::XMVULWKEVGKECE-JORUAPMBSA-N,ready,conflict,392,,5ade44b5ad77313aee7953c045188aaf67046042d1c79f40cb7b5727ab5c225e,392,ChEMBL,2026-05-24T15:06:16.079025+00:00,2026-05-24T15:06:16.079025+00:00,unmapped_plant_reference,member_map_missing_canonical_plant_id,"{""candidate_id"": ""cmpcand_a155be3a6fded56e"", ""compound_id"": ""adecfab4-8164-5abb-89e2-ef23eec21d99"", ""member_count"": 1, ""member_ids_preview"": [""cmpcandm_2c793395be07048d""], ""missing_member_count"": 1, ""raw_plant_ids_preview"": [""392""], ""source_compound_keys_preview"": [""5ade44b5ad77313aee7953c045188aaf67046042d1c79f40cb7b5727ab5c225e""]}"
cmprev_7e84df2134646914,cmpcand_a218a7167ce8fd34,cd7fac34-95f7-5a5f-98ae-5fdcab4ba0ae,inchi::ODSSDTBFHAYYMD-YOJQYFTNSA-N,ready,conflict,341,,58dc52970ced3c69dac406d401130f60c6dc886f42e69e7f26efa51af071d9a3,341,ChEMBL,2026-05-24T15:04:10.400292+00:00,2026-05-24T15:04:10.400292+00:00,unmapped_plant_reference,member_map_missing_canonical_plant_id,"{""candidate_id"": ""cmpcand_a218a7167ce8fd34"", ""compound_id"": ""cd7fac34-95f7-5a5f-98ae-5fdcab4ba0ae"", ""member_count"": 1, ""member_ids_preview"": [""cmpcandm_cfdaa696b341d97d""], ""missing_member_count"": 1, ""raw_plant_ids_preview"": [""341""], ""source_compound_keys_preview"": [""58dc52970ced3c69dac406d401130f60c6dc886f42e69e7f26efa51af071d9a3""]}"
cmprev_0d79b62072ecba32,cmpcand_a228cd3fae26cb5c,49007c0e-2a4b-5d35-b8f0-05357a32ff1e,inchi::LKJPJRQNDCCZIL-UHFFFAOYSA-N,ready,conflict,392,,00abcacfd24f05608388b367d3fa5c997fcb1a1559dc992f8018c971c7a7b582,392,ChEMBL,2026-05-24T15:08:26.396077+00:00,2026-05-24T15:08:26.396077+00:00,unmapped_plant_reference,member_map_missing_canonical_plant_id,"{""candidate_id"": ""cmpcand_a228cd3fae26cb5c"", ""compound_id"": ""49007c0e-2a4b-5d35-b8f0-05357a32ff1e"", ""member_count"": 1, ""member_ids_preview"": [""cmpcandm_b0b05ead7f31894d""], ""missing_member_count"": 1, ""raw_plant_ids_preview"": [""392""], ""source_compound_keys_preview"": [""00abcacfd24f05608388b367d3fa5c997fcb1a1559dc992f8018c971c7a7b582""]}"
cmprev_bbc513679f540847,cmpcand_a2308b2288fa346f,8ab59a73-c6a8-5234-b9bf-1977bd95486a,inchi::NPNUFJAVOOONJE-GFUGXAQUSA-N,ready,conflict,290,,86210b860a9b57d8056c605177c036f479c14ef4d676298b916cf5fbe0140488,290;213;122,ChEMBL,2026-05-24T15:08:49.735779+00:00,2026-05-24T15:08:49.735779+00:00,unmapped_plant_reference,member_map_missing_canonical_plant_id,"{""candidate_id"": ""cmpcand_a2308b2288fa346f"", ""compound_id"": ""8ab59a73-c6a8-5234-b9bf-1977bd95486a"", ""member_count"": 3, ""member_ids_preview"": [""cmpcandm_5c8c16d7e1cb8fa0"", ""cmpcandm_731cf717a8584a5f"", ""cmpcandm_7b72d0a4b4a8a31f""], ""missing_member_count"": 3, ""raw_plant_ids_preview"": [""290"", ""213"", ""122""], ""source_compound_keys_preview"": [""86210b860a9b57d8056c605177c036f479c14ef4d676298b916cf5fbe0140488"", ""bb906ad9e69e415a193faa1c31e84128e3024d7038d1b71460809c53d4343656"", ""722eacc6dfd7a0104e074db39dc674837407135eb8b9ed0a430a1a314790ae74""]}"
cmprev_a303f7fd0f618faa,cmpcand_a282c66609415b0b,35f49eb3-9713-52e4-9a3b-878a429db84a,inchi::ICPSZNAIWOCMJO-UHFFFAOYSA-N,ready,conflict,175,,abb4d32443e7a80ae23fa82ba31bc1ae98f6f98a68c297233e367c941ac06fc5,175,PubChem,2026-05-24T15:08:05.316303+00:00,2026-05-24T15:08:05.316303+00:00,unmapped_plant_reference,member_map_missing_canonical_plant_id,"{""candidate_id"": ""cmpcand_a282c66609415b0b"", ""compound_id"": ""35f49eb3-9713-52e4-9a3b-878a429db84a"", ""member_count"": 1, ""member_ids_preview"": [""cmpcandm_cad3f98b218dd14d""], ""missing_member_count"": 1, ""raw_plant_ids_preview"": [""175""], ""source_compound_keys_preview"": [""abb4d32443e7a80ae23fa82ba31bc1ae98f6f98a68c297233e367c941ac06fc5""]}"
cmprev_e58c512a6328d59b,cmpcand_a2dcb528445101aa,92a0ee6a-a573-5048-bfce-399bc24f579a,inchi::CDEKJLAKXICDLO-TYTUXLKYSA-N,ready,conflict,392,,3d0a8022d081cd466b6802bec960de098ca284aff3e9094d260ceee8166000b2,392,ChEMBL,2026-05-24T15:05:04.456009+00:00,2026-05-24T15:05:04.456009+00:00,unmapped_plant_reference,member_map_missing_canonical_plant_id,"{""candidate_id"": ""cmpcand_a2dcb528445101aa"", ""compound_id"": ""92a0ee6a-a573-5048-bfce-399bc24f579a"", ""member_count"": 1, ""member_ids_preview"": [""cmpcandm_3acc74279d4f3b36""], ""missing_member_count"": 1, ""raw_plant_ids_preview"": [""392""], ""source_compound_keys_preview"": [""3d0a8022d081cd466b6802bec960de098ca284aff3e9094d260ceee8166000b2""]}"
cmprev_50b5f38291f4edf3,cmpcand_a2f517a6375f7681,e93f14ac-df88-503e-8d37-bf0976a1aae3,inchi::VTVQHYQGTTVKDE-QDHOPYFXSA-N,ready,conflict,429,,e3d39f5c873618d37cf4828270ad3aafe4ea9f30a57c382d9651959df05f49da,429,ChEMBL,2026-05-24T15:06:31.075745+00:00,2026-05-24T15:06:31.075745+00:00,unmapped_plant_reference,member_map_missing_canonical_plant_id,"{""candidate_id"": ""cmpcand_a2f517a6375f7681"", ""compound_id"": ""e93f14ac-df88-503e-8d37-bf0976a1aae3"", ""member_count"": 1, ""member_ids_preview"": [""cmpcandm_b3d95838aa4903fe""], ""missing_member_count"": 1, ""raw_plant_ids_preview"": [""429""], ""source_compound_keys_preview"": [""e3d39f5c873618d37cf4828270ad3aafe4ea9f30a57c382d9651959df05f49da""]}"
cmprev_a177a85e477fbbbf,cmpcand_a3b18036e1c29a6b,fceaa035-ce20-5d62-a9d9-cccc4af68693,inchi::VAJKIKOYPOZJCO-ZZSQUNPWSA-N,ready,conflict,322,,5135965db14d0d91bfddeac2a2c1b04d3237a060e67c687cfcca5275e922cae9,322,PubChem,2026-05-24T15:05:16.784517+00:00,2026-05-24T15:05:16.784517+00:00,unmapped_plant_reference,member_map_missing_canonical_plant_id,"{""candidate_id"": ""cmpcand_a3b18036e1c29a6b"", ""compound_id"": ""fceaa035-ce20-5d62-a9d9-cccc4af68693"", ""member_count"": 1, ""member_ids_preview"": [""cmpcandm_817b15389cbb8831""], ""missing_member_count"": 1, ""raw_plant_ids_preview"": [""322""], ""source_compound_keys_preview"": [""5135965db14d0d91bfddeac2a2c1b04d3237a060e67c687cfcca5275e922cae9""]}"
cmprev_8522f4ff1c1dc45a,cmpcand_a3e41f54fa8f4df0,1db052d0-8dc5-5444-b31c-b5491fe10cb9,inchi::JUJWROOIHBZHMG-UHFFFAOYSA-N,ready,conflict,139,,98da82781a1a0a85b26b6a77ca2fcf98388c0031b904e31e0e9772e4bb244be4,139,ChEMBL,2026-05-24T15:02:40.979889+00:00,2026-05-24T15:02:40.979889+00:00,unmapped_plant_reference,member_map_missing_canonical_plant_id,"{""candidate_id"": ""cmpcand_a3e41f54fa8f4df0"", ""compound_id"": ""1db052d0-8dc5-5444-b31c-b5491fe10cb9"", ""member_count"": 1, ""member_ids_preview"": [""cmpcandm_603fedb09ce1a31f""], ""missing_member_count"": 1, ""raw_plant_ids_preview"": [""139""], ""source_compound_keys_preview"": [""98da82781a1a0a85b26b6a77ca2fcf98388c0031b904e31e0e9772e4bb244be4""]}"
cmprev_ed99a215f9473ba0,cmpcand_a3fb6958ddd0b886,2735f986-2526-5fee-ba9c-8bf76057b4a5,inchi::VUGRLRAUZWGZJP-IAAKTDFRSA-N,ready,conflict,290,,ba24a4b864544c00a4a6556a8c255cdeeeeb69aee273c8d7717ef59074a8c533,290,PubChem,2026-05-24T15:05:21.659527+00:00,2026-05-24T15:05:21.659527+00:00,unmapped_plant_reference,member_map_missing_canonical_plant_id,"{""candidate_id"": ""cmpcand_a3fb6958ddd0b886"", ""compound_id"": ""2735f986-2526-5fee-ba9c-8bf76057b4a5"", ""member_count"": 1, ""member_ids_preview"": [""cmpcandm_cae3258cf5341e98""], ""missing_member_count"": 1, ""raw_plant_ids_preview"": [""290""], ""source_compound_keys_preview"": [""ba24a4b864544c00a4a6556a8c255cdeeeeb69aee273c8d7717ef59074a8c533""]}"
cmprev_f6b8e3b91ec44518,cmpcand_a40ff246e1be2322,88e8a70e-dce3-598f-8886-44b123181ca8,inchi::FSLPMRQHCOLESF-SFMCKYFRSA-N,ready,conflict,341,,be3c36d8a77d7b139417db581f39e5f4fc0e82eb518c148c6b60501cc0b84c08,341;232,ChEMBL,2026-05-24T15:07:42.486195+00:00,2026-05-24T15:07:42.486195+00:00,unmapped_plant_reference,member_map_missing_canonical_plant_id,"{""candidate_id"": ""cmpcand_a40ff246e1be2322"", ""compound_id"": ""88e8a70e-dce3-598f-8886-44b123181ca8"", ""member_count"": 2, ""member_ids_preview"": [""cmpcandm_2e97bf3b2f0e2211"", ""cmpcandm_a341dbc5afabab62""], ""missing_member_count"": 2, ""raw_plant_ids_preview"": [""341"", ""232""], ""source_compound_keys_preview"": [""be3c36d8a77d7b139417db581f39e5f4fc0e82eb518c148c6b60501cc0b84c08"", ""a5b8c1fad5dffbf77c2859652dacb59107183dad651853492d5164f6c6083b86""]}"
cmprev_dfef68cdd3c39104,cmpcand_a42ed0d1e973eb75,2ecefa14-3c65-562e-ae8f-908527e3e6fb,inchi::QFLMUASKTWGRQE-JNIIMKSASA-N,ready,matched,120,,3b1a71333ea6bdf5f5136623eadeaa732d8b545c4b9cc111b661d10380cfb017,120,ChEMBL,2026-05-24T15:08:27.463708+00:00,2026-05-24T15:08:27.463708+00:00,unmapped_plant_reference,member_map_missing_canonical_plant_id,"{""candidate_id"": ""cmpcand_a42ed0d1e973eb75"", ""compound_id"": ""2ecefa14-3c65-562e-ae8f-908527e3e6fb"", ""member_count"": 1, ""member_ids_preview"": [""cmpcandm_2d4e816cd24aadaf""], ""missing_member_count"": 1, ""raw_plant_ids_preview"": [""120""], ""source_compound_keys_preview"": [""3b1a71333ea6bdf5f5136623eadeaa732d8b545c4b9cc111b661d10380cfb017""]}"
cmprev_b753c88c9da7ee83,cmpcand_a44ccdbb625ea682,9ad4448f-f7f0-5ff3-ac7e-1acd62cc3428,inchi::JCRQPLRRHXVYJF-QVDNGVAISA-N,ready,conflict,429,,65fceea12e8ab014ca4f6cc611f65935dec73340decb1de6de3687127dc0a59f,429,PubChem,2026-05-24T15:07:26.381409+00:00,2026-05-24T15:07:26.381409+00:00,unmapped_plant_reference,member_map_missing_canonical_plant_id,"{""candidate_id"": ""cmpcand_a44ccdbb625ea682"", ""compound_id"": ""9ad4448f-f7f0-5ff3-ac7e-1acd62cc3428"", ""member_count"": 1, ""member_ids_preview"": [""cmpcandm_ae755bd853dd9f13""], ""missing_member_count"": 1, ""raw_plant_ids_preview"": [""429""], ""source_compound_keys_preview"": [""65fceea12e8ab014ca4f6cc611f65935dec73340decb1de6de3687127dc0a59f""]}"
cmprev_5b9cfe42389c536c,cmpcand_a4969bfe95780ecf,8b54a580-6cb8-5a6b-83da-372a97a5fec8,inchi::GMISZFQPFDAPGI-PWFSPABBSA-N,ready,conflict,120,,8e3fff58036d0fff923e3579221302f67f3dbac338a394eb754f06b9843555f5,120,PubChem,2026-05-24T15:03:25.682221+00:00,2026-05-24T15:03:25.682221+00:00,unmapped_plant_reference,member_map_missing_canonical_plant_id,"{""candidate_id"": ""cmpcand_a4969bfe95780ecf"", ""compound_id"": ""8b54a580-6cb8-5a6b-83da-372a97a5fec8"", ""member_count"": 1, ""member_ids_preview"": [""cmpcandm_0394cb9ec9979938""], ""missing_member_count"": 1, ""raw_plant_ids_preview"": [""120""], ""source_compound_keys_preview"": [""8e3fff58036d0fff923e3579221302f67f3dbac338a394eb754f06b9843555f5""]}"
cmprev_b6bc62b8899ff2b0,cmpcand_a5ca49e0c1805a45,2314db14-961e-5571-b9bc-fbe90c644bb1,inchi::IUKBSFKDMZKGMT-UHFFFAOYSA-N,ready,conflict,132,,ca04dac6345935f9ebf60c0ec98e48c00aebb45cb379ed3afdfc6da478f435f5,132,ChEMBL,2026-05-24T15:07:50.001738+00:00,2026-05-24T15:07:50.001738+00:00,unmapped_plant_reference,member_map_missing_canonical_plant_id,"{""candidate_id"": ""cmpcand_a5ca49e0c1805a45"", ""compound_id"": ""2314db14-961e-5571-b9bc-fbe90c644bb1"", ""member_count"": 1, ""member_ids_preview"": [""cmpcandm_99f4ac74b95fe7c4""], ""missing_member_count"": 1, ""raw_plant_ids_preview"": [""132""], ""source_compound_keys_preview"": [""ca04dac6345935f9ebf60c0ec98e48c00aebb45cb379ed3afdfc6da478f435f5""]}"
cmprev_3b7ad1a03826b1a5,cmpcand_a5e2d7d64a9e6fbc,98326af7-2711-5679-9a9c-c55ca0f264b4,inchi::XSSGQRFNGHRFBC-UHFFFAOYSA-N,ready,conflict,213,,0c9e67950d0b7560ae12edcbda94c17e360a85e96da7de86bf2a57f60b6e17a0,213,ChEMBL,2026-05-24T15:06:28.950814+00:00,2026-05-24T15:06:28.950814+00:00,unmapped_plant_reference,member_map_missing_canonical_plant_id,"{""candidate_id"": ""cmpcand_a5e2d7d64a9e6fbc"", ""compound_id"": ""98326af7-2711-5679-9a9c-c55ca0f264b4"", ""member_count"": 1, ""member_ids_preview"": [""cmpcandm_388f058108e29ce0""], ""missing_member_count"": 1, ""raw_plant_ids_preview"": [""213""], ""source_compound_keys_preview"": [""0c9e67950d0b7560ae12edcbda94c17e360a85e96da7de86bf2a57f60b6e17a0""]}"
cmprev_32c3285f23795884,cmpcand_a62db54b9cd88a27,d093f3ad-b998-5b62-8d0c-b8802fef47e8,inchi::HZQCZAYJXNCOSH-UHFFFAOYSA-N,ready,conflict,52,,2e6d06be5722d74d706280a499aac6d9f4fa24dcab370aba829a239125cf2e41,52,PubChem,2026-05-24T15:04:07.471519+00:00,2026-05-24T15:04:07.471519+00:00,unmapped_plant_reference,member_map_missing_canonical_plant_id,"{""candidate_id"": ""cmpcand_a62db54b9cd88a27"", ""compound_id"": ""d093f3ad-b998-5b62-8d0c-b8802fef47e8"", ""member_count"": 1, ""member_ids_preview"": [""cmpcandm_43919fd54078734d""], ""missing_member_count"": 1, ""raw_plant_ids_preview"": [""52""], ""source_compound_keys_preview"": [""2e6d06be5722d74d706280a499aac6d9f4fa24dcab370aba829a239125cf2e41""]}"
cmprev_d934268846121a03,cmpcand_a658432b7a2b821f,71402d08-91af-59e2-a6fd-b1091cf8bd94,inchi::ZXSXDAJQZZFAON-UHFFFAOYSA-N,ready,conflict,175,,cb86e986ea50d675e387e1ccbf01803576a35e1944312f39854e98d043505864,175,ChEMBL,2026-05-24T15:04:02.541028+00:00,2026-05-24T15:04:02.541028+00:00,unmapped_plant_reference,member_map_missing_canonical_plant_id,"{""candidate_id"": ""cmpcand_a658432b7a2b821f"", ""compound_id"": ""71402d08-91af-59e2-a6fd-b1091cf8bd94"", ""member_count"": 1, ""member_ids_preview"": [""cmpcandm_89ba448998c2d27c""], ""missing_member_count"": 1, ""raw_plant_ids_preview"": [""175""], ""source_compound_keys_preview"": [""cb86e986ea50d675e387e1ccbf01803576a35e1944312f39854e98d043505864""]}"
cmprev_8d84972d1fd96a40,cmpcand_a676310ab3362768,aa2a865d-999f-5ef2-b2bf-9f220599728a,inchi::LNFVZUMSDAIQDQ-VOTSOKGWSA-N,ready,conflict,130,,f90a2b95dd0e1dea684163af1dcbcca6c0444cf89cc8498bfba0c6b18862556d,130,PubChem,2026-05-24T15:04:32.595985+00:00,2026-05-24T15:04:32.595985+00:00,unmapped_plant_reference,member_map_missing_canonical_plant_id,"{""candidate_id"": ""cmpcand_a676310ab3362768"", ""compound_id"": ""aa2a865d-999f-5ef2-b2bf-9f220599728a"", ""member_count"": 1, ""member_ids_preview"": [""cmpcandm_884e5da763b93df7""], ""missing_member_count"": 1, ""raw_plant_ids_preview"": [""130""], ""source_compound_keys_preview"": [""f90a2b95dd0e1dea684163af1dcbcca6c0444cf89cc8498bfba0c6b18862556d""]}"
cmprev_9215350ac1866b7c,cmpcand_a67b9a8de1ebf7e8,28f822ee-3296-526e-8316-90f592a96c74,inchi::TZBJGXHYKVUXJN-UHFFFAOYSA-N,ready,conflict,341,,d6ed8ca2327b29e9ee5416da370294e405ee8f656ac688a8afb73b851023276f,341;175,ChEMBL,2026-05-24T15:06:18.413529+00:00,2026-05-24T15:06:18.413529+00:00,unmapped_plant_reference,member_map_missing_canonical_plant_id,"{""candidate_id"": ""cmpcand_a67b9a8de1ebf7e8"", ""compound_id"": ""28f822ee-3296-526e-8316-90f592a96c74"", ""member_count"": 2, ""member_ids_preview"": [""cmpcandm_79b06ae292630bd3"", ""cmpcandm_75badc33c7d15f5b""], ""missing_member_count"": 2, ""raw_plant_ids_preview"": [""341"", ""175""], ""source_compound_keys_preview"": [""d6ed8ca2327b29e9ee5416da370294e405ee8f656ac688a8afb73b851023276f"", ""8f92a218504c387054cdd6ce0fddf152d73daeab4639f59b9319078fdfc0799f""]}"
cmprev_0956ae191fb5b4e0,cmpcand_a6836a7555ffc147,42faedb2-dbdd-505f-9881-bb3420803ab7,inchi::BYSRPHRKESMCPO-LQNPQWRQSA-N,ready,conflict,122,,973a97de2331c901f7dddec1f5d750469faaa32afa1df5545e78767753569a28,122,ChEMBL,2026-05-24T15:08:52.963756+00:00,2026-05-24T15:08:52.963756+00:00,unmapped_plant_reference,member_map_missing_canonical_plant_id,"{""candidate_id"": ""cmpcand_a6836a7555ffc147"", ""compound_id"": ""42faedb2-dbdd-505f-9881-bb3420803ab7"", ""member_count"": 1, ""member_ids_preview"": [""cmpcandm_d17caa145d0972ac""], ""missing_member_count"": 1, ""raw_plant_ids_preview"": [""122""], ""source_compound_keys_preview"": [""973a97de2331c901f7dddec1f5d750469faaa32afa1df5545e78767753569a28""]}"
cmprev_aed9525a01231fb3,cmpcand_a68f175eae524347,0e776960-fd99-534e-a88f-dcfeb96008c9,inchi::LHZIGULGOHUBCD-GCGXNVHFSA-N,ready,conflict,392,,ecfe8f4598089b39def39863a274e6074688a7ca73fe47f6012a0e203d798bfd,392,ChEMBL,2026-05-24T15:08:26.306759+00:00,2026-05-24T15:08:26.306759+00:00,unmapped_plant_reference,member_map_missing_canonical_plant_id,"{""candidate_id"": ""cmpcand_a68f175eae524347"", ""compound_id"": ""0e776960-fd99-534e-a88f-dcfeb96008c9"", ""member_count"": 1, ""member_ids_preview"": [""cmpcandm_08c5b4bf064367bb""], ""missing_member_count"": 1, ""raw_plant_ids_preview"": [""392""], ""source_compound_keys_preview"": [""ecfe8f4598089b39def39863a274e6074688a7ca73fe47f6012a0e203d798bfd""]}"
cmprev_db1642d0b99ffcf8,cmpcand_a6bd84ee50568562,601a0d21-f190-5d84-85b1-40d961a32102,inchi::FETPRYGDJQBBEF-HIGZBPRKSA-N,ready,conflict,83,,cac8cbd2783ad4c092707e0f13d30402dcf5f080c738747714bbdf7a6330f1d3,83,ChEMBL,2026-05-24T15:04:30.400781+00:00,2026-05-24T15:04:30.400781+00:00,unmapped_plant_reference,member_map_missing_canonical_plant_id,"{""candidate_id"": ""cmpcand_a6bd84ee50568562"", ""compound_id"": ""601a0d21-f190-5d84-85b1-40d961a32102"", ""member_count"": 1, ""member_ids_preview"": [""cmpcandm_b357553fad9fffc2""], ""missing_member_count"": 1, ""raw_plant_ids_preview"": [""83""], ""source_compound_keys_preview"": [""cac8cbd2783ad4c092707e0f13d30402dcf5f080c738747714bbdf7a6330f1d3""]}"
cmprev_66189029438c54d4,cmpcand_a6c29a3639511cf7,f0b50452-9420-50f8-ade7-8350c71ccec5,inchi::QKQLSQLKXBHUSO-CMDGGOBGSA-N,ready,conflict,398,,db126791d1cdffb21aed458429d76b9614ae802383a6a0d504ba51fab7ef6e3b,398;76,PubChem,2026-05-24T15:08:19.032736+00:00,2026-05-24T15:08:19.032736+00:00,unmapped_plant_reference,member_map_missing_canonical_plant_id,"{""candidate_id"": ""cmpcand_a6c29a3639511cf7"", ""compound_id"": ""f0b50452-9420-50f8-ade7-8350c71ccec5"", ""member_count"": 3, ""member_ids_preview"": [""cmpcandm_583ea02c4a3bf16d"", ""cmpcandm_9e168f5c43271fc9"", ""cmpcandm_6043f19b46e92c1c""], ""missing_member_count"": 3, ""raw_plant_ids_preview"": [""398"", ""76""], ""source_compound_keys_preview"": [""db126791d1cdffb21aed458429d76b9614ae802383a6a0d504ba51fab7ef6e3b"", ""e3523f88d581b50c9ea53e64c6353574a66f61e7aa26cd9916259a2e6cae931b"", ""9278fee0c8f0d5e69a8edbfdf1b1d7c1222c9c456b691066b0acbdc87a3007a7""]}"
cmprev_1e4dbc4d9e14fc7a,cmpcand_a6f5ed83ba880aa4,ac778bfc-dde3-5506-a292-33da13332244,inchi::AAKJUGSASOCUFQ-UHFFFAOYSA-N,ready,conflict,175,,b6455b7b851b8c229b179dfb11789eb765ba3172a9792858a1818175e70dd5f7,175,ChEMBL,2026-05-24T15:06:44.062428+00:00,2026-05-24T15:06:44.062428+00:00,unmapped_plant_reference,member_map_missing_canonical_plant_id,"{""candidate_id"": ""cmpcand_a6f5ed83ba880aa4"", ""compound_id"": ""ac778bfc-dde3-5506-a292-33da13332244"", ""member_count"": 1, ""member_ids_preview"": [""cmpcandm_d4846e15664d97eb""], ""missing_member_count"": 1, ""raw_plant_ids_preview"": [""175""], ""source_compound_keys_preview"": [""b6455b7b851b8c229b179dfb11789eb765ba3172a9792858a1818175e70dd5f7""]}"
cmprev_9dca1a381686806c,cmpcand_a7663e02e8298630,7bb3fc9b-ddaa-5260-8ef9-3ec73c102b1f,inchi::DFAAYQHTFVTATL-UHFFFAOYSA-N,ready,conflict,213,,1498d4eba429e8443ab5fa613772dba8947ae66d755b0eb314652b3a27dd04a3,213,PubChem,2026-05-24T15:06:50.365253+00:00,2026-05-24T15:06:50.365253+00:00,unmapped_plant_reference,member_map_missing_canonical_plant_id,"{""candidate_id"": ""cmpcand_a7663e02e8298630"", ""compound_id"": ""7bb3fc9b-ddaa-5260-8ef9-3ec73c102b1f"", ""member_count"": 1, ""member_ids_preview"": [""cmpcandm_e1784be7bbecdc61""], ""missing_member_count"": 1, ""raw_plant_ids_preview"": [""213""], ""source_compound_keys_preview"": [""1498d4eba429e8443ab5fa613772dba8947ae66d755b0eb314652b3a27dd04a3""]}"
cmprev_5ca77ba4b2c7d162,cmpcand_a76d92219292cc6a,f7450517-50f9-5025-8b84-c42795e44fa5,inchi::SZCBXWMUOPQSOX-WVJDLNGLSA-N,ready,conflict,139,,035c2041af6fe4fc92a5005ee262939454be64137edc9ebc86068f12c4003a34,139,PubChem,2026-05-24T15:03:23.126795+00:00,2026-05-24T15:03:23.126795+00:00,unmapped_plant_reference,member_map_missing_canonical_plant_id,"{""candidate_id"": ""cmpcand_a76d92219292cc6a"", ""compound_id"": ""f7450517-50f9-5025-8b84-c42795e44fa5"", ""member_count"": 1, ""member_ids_preview"": [""cmpcandm_13786162092ff834""], ""missing_member_count"": 1, ""raw_plant_ids_preview"": [""139""], ""source_compound_keys_preview"": [""035c2041af6fe4fc92a5005ee262939454be64137edc9ebc86068f12c4003a34""]}"
cmprev_8be24cb819f81543,cmpcand_a76dba6d86953f16,acff85f0-f3dd-52f9-b031-586913767d00,inchi::FNSXRAISABPGKU-UHFFFAOYSA-N,ready,conflict,313,,fcac0f8f68d850a9038d052b02445f77874ce619e9337ab4809a49c6eb382ad8,313,PubChem,2026-05-24T15:02:01.087135+00:00,2026-05-24T15:02:01.087135+00:00,unmapped_plant_reference,member_map_missing_canonical_plant_id,"{""candidate_id"": ""cmpcand_a76dba6d86953f16"", ""compound_id"": ""acff85f0-f3dd-52f9-b031-586913767d00"", ""member_count"": 1, ""member_ids_preview"": [""cmpcandm_0183167ebfa45f79""], ""missing_member_count"": 1, ""raw_plant_ids_preview"": [""313""], ""source_compound_keys_preview"": [""fcac0f8f68d850a9038d052b02445f77874ce619e9337ab4809a49c6eb382ad8""]}"
cmprev_836d9b5aa86ce38a,cmpcand_a76e84792363e91f,f3aa05c2-4620-5d37-92a8-7cac127ffd84,inchi::MESLDFVKOWKXTR-CUFXUFNESA-N,ready,conflict,83,,8c630d9c7105c76658ecb7357ca91b17253c87918f28007b83379578466ac146,83,ChEMBL,2026-05-24T15:08:22.108708+00:00,2026-05-24T15:08:22.108708+00:00,unmapped_plant_reference,member_map_missing_canonical_plant_id,"{""candidate_id"": ""cmpcand_a76e84792363e91f"", ""compound_id"": ""f3aa05c2-4620-5d37-92a8-7cac127ffd84"", ""member_count"": 1, ""member_ids_preview"": [""cmpcandm_180e07b215859a5a""], ""missing_member_count"": 1, ""raw_plant_ids_preview"": [""83""], ""source_compound_keys_preview"": [""8c630d9c7105c76658ecb7357ca91b17253c87918f28007b83379578466ac146""]}"
cmprev_a2861725654838a2,cmpcand_a7b3d7f455025473,81f775c9-26fc-50b7-aff1-4d3b9daeb10a,inchi::GEBKTFOJHPZDJE-UHFFFAOYSA-N,ready,conflict,100,,9f9fa81d65ee018d8a0e6eb70531c6f394b34558308a4c964544fc34d5cc7890,100,ChEMBL,2026-05-24T15:02:16.127211+00:00,2026-05-24T15:02:16.127211+00:00,unmapped_plant_reference,member_map_missing_canonical_plant_id,"{""candidate_id"": ""cmpcand_a7b3d7f455025473"", ""compound_id"": ""81f775c9-26fc-50b7-aff1-4d3b9daeb10a"", ""member_count"": 1, ""member_ids_preview"": [""cmpcandm_a2593e8ea3bb688a""], ""missing_member_count"": 1, ""raw_plant_ids_preview"": [""100""], ""source_compound_keys_preview"": [""9f9fa81d65ee018d8a0e6eb70531c6f394b34558308a4c964544fc34d5cc7890""]}"
cmprev_155adb1a64763843,cmpcand_a7b762e120c52345,710ff295-855d-5809-ae1c-5057cb00b699,inchi::ZYGHJZDHTFUPRJ-UHFFFAOYSA-N,ready,conflict,120,,6e6ef7d02d394b0cce590ffdf2ba717f934bfd48cf9b54423c14df845392a660,120,ChEMBL,2026-05-24T15:09:02.023441+00:00,2026-05-24T15:09:02.023441+00:00,unmapped_plant_reference,member_map_missing_canonical_plant_id,"{""candidate_id"": ""cmpcand_a7b762e120c52345"", ""compound_id"": ""710ff295-855d-5809-ae1c-5057cb00b699"", ""member_count"": 1, ""member_ids_preview"": [""cmpcandm_fa45cc866c025c10""], ""missing_member_count"": 1, ""raw_plant_ids_preview"": [""120""], ""source_compound_keys_preview"": [""6e6ef7d02d394b0cce590ffdf2ba717f934bfd48cf9b54423c14df845392a660""]}"
cmprev_7cb6e41272d8e19a,cmpcand_a7cef2bacc885095,a1b3fbc5-071f-57b0-8344-1d6c15d6d807,inchi::OJISWUQNQQWEND-FCVLBCLDSA-N,ready,conflict,369,,5fd876ec07b99437cba2afc35dfb5dd21860301a096d171a63d1a92f76202962,369,ChEMBL,2026-05-24T15:04:49.554450+00:00,2026-05-24T15:04:49.554450+00:00,unmapped_plant_reference,member_map_missing_canonical_plant_id,"{""candidate_id"": ""cmpcand_a7cef2bacc885095"", ""compound_id"": ""a1b3fbc5-071f-57b0-8344-1d6c15d6d807"", ""member_count"": 1, ""member_ids_preview"": [""cmpcandm_2c47831986c679f6""], ""missing_member_count"": 1, ""raw_plant_ids_preview"": [""369""], ""source_compound_keys_preview"": [""5fd876ec07b99437cba2afc35dfb5dd21860301a096d171a63d1a92f76202962""]}"
cmprev_b6d9f1a92db1f87e,cmpcand_a82e38b5f7ff6713,67c100a5-8209-55ed-8fb8-b6d4893b8cc1,inchi::GFFGJBXGBJISGV-UHFFFAOYSA-N,ready,conflict,139,,9f88e75922b753a7505a4f41456cfbce4e9bcd77383345f83b406f0557e749e6,139,ChEMBL,2026-05-24T15:08:09.992774+00:00,2026-05-24T15:08:09.992774+00:00,unmapped_plant_reference,member_map_missing_canonical_plant_id,"{""candidate_id"": ""cmpcand_a82e38b5f7ff6713"", ""compound_id"": ""67c100a5-8209-55ed-8fb8-b6d4893b8cc1"", ""member_count"": 1, ""member_ids_preview"": [""cmpcandm_8ffad8afe0eddca6""], ""missing_member_count"": 1, ""raw_plant_ids_preview"": [""139""], ""source_compound_keys_preview"": [""9f88e75922b753a7505a4f41456cfbce4e9bcd77383345f83b406f0557e749e6""]}"
cmprev_76e83c84d927e266,cmpcand_a8d825da38455db6,7c69e6a2-33d4-586d-be0b-dde17b5e8b60,inchi::KWOVIFZNTAPYCQ-BAMDZGJYSA-N,ready,conflict,83,,6c204e7a83f5ec43cea617dcef9aca2f321da0ff62d93c98b0774a95bf143aa7,83,ChEMBL,2026-05-24T15:07:34.184941+00:00,2026-05-24T15:07:34.184941+00:00,unmapped_plant_reference,member_map_missing_canonical_plant_id,"{""candidate_id"": ""cmpcand_a8d825da38455db6"", ""compound_id"": ""7c69e6a2-33d4-586d-be0b-dde17b5e8b60"", ""member_count"": 1, ""member_ids_preview"": [""cmpcandm_b3516776e937a8c4""], ""missing_member_count"": 1, ""raw_plant_ids_preview"": [""83""], ""source_compound_keys_preview"": [""6c204e7a83f5ec43cea617dcef9aca2f321da0ff62d93c98b0774a95bf143aa7""]}"
cmprev_e7083316f6095663,cmpcand_a96b3e12e5c8bc55,8c0d6857-c382-5987-9c81-85a17d5aa52f,inchi::BOLQJTPHPSDZHR-UHFFFAOYSA-N,ready,conflict,155,,d40e7414db1f8e322ca0369941f55de05d811544d3754d39293ccf7eccfcad56,155,ChEMBL,2026-05-24T15:02:50.129472+00:00,2026-05-24T15:02:50.129472+00:00,unmapped_plant_reference,member_map_missing_canonical_plant_id,"{""candidate_id"": ""cmpcand_a96b3e12e5c8bc55"", ""compound_id"": ""8c0d6857-c382-5987-9c81-85a17d5aa52f"", ""member_count"": 1, ""member_ids_preview"": [""cmpcandm_129b2884def98d40""], ""missing_member_count"": 1, ""raw_plant_ids_preview"": [""155""], ""source_compound_keys_preview"": [""d40e7414db1f8e322ca0369941f55de05d811544d3754d39293ccf7eccfcad56""]}"
cmprev_bef8fe772e8c4fef,cmpcand_a9a50e9de96ed5bc,8fa68f1b-9dce-53f2-a57a-47881251661d,inchi::WGIYGODPCLMGQH-BXOLYSJBSA-N,ready,conflict,139,,e407916c1998c2b3f9b2516bca199b0211cd54fae180f355c83968b416c0fab7,139,PubChem,2026-05-24T15:06:25.257859+00:00,2026-05-24T15:06:25.257859+00:00,unmapped_plant_reference,member_map_missing_canonical_plant_id,"{""candidate_id"": ""cmpcand_a9a50e9de96ed5bc"", ""compound_id"": ""8fa68f1b-9dce-53f2-a57a-47881251661d"", ""member_count"": 1, ""member_ids_preview"": [""cmpcandm_c820e32f18ce61ce""], ""missing_member_count"": 1, ""raw_plant_ids_preview"": [""139""], ""source_compound_keys_preview"": [""e407916c1998c2b3f9b2516bca199b0211cd54fae180f355c83968b416c0fab7""]}"
cmprev_edabfdada03727c1,cmpcand_aa0b1cd6c205e921,ab9974ca-28e9-55d5-854f-1b1e41e2390c,inchi::WABUTQVFTQIDOH-YCPIXCPXSA-N,ready,conflict,83,,31ff9cf42455a6cee33d0b31a8ea97d2d72a42e9f027465567e3784357ced74e,83,ChEMBL,2026-05-24T15:08:54.339803+00:00,2026-05-24T15:08:54.339803+00:00,unmapped_plant_reference,member_map_missing_canonical_plant_id,"{""candidate_id"": ""cmpcand_aa0b1cd6c205e921"", ""compound_id"": ""ab9974ca-28e9-55d5-854f-1b1e41e2390c"", ""member_count"": 1, ""member_ids_preview"": [""cmpcandm_314906ff7a3a7763""], ""missing_member_count"": 1, ""raw_plant_ids_preview"": [""83""], ""source_compound_keys_preview"": [""31ff9cf42455a6cee33d0b31a8ea97d2d72a42e9f027465567e3784357ced74e""]}"
cmprev_ad90cb5f3147028a,cmpcand_abe10f8abd304591,e9ee28ad-95b1-5b60-97f1-f99a2255cc09,inchi::IVHWWYNBMIROCV-NYNAJSPGSA-N,ready,conflict,392,,d377ee7b19a411591b87d710189ec4cf35f30165956d5250260a8f4fd36c2df4,392,ChEMBL,2026-05-24T15:08:14.155533+00:00,2026-05-24T15:08:14.155533+00:00,unmapped_plant_reference,member_map_missing_canonical_plant_id,"{""candidate_id"": ""cmpcand_abe10f8abd304591"", ""compound_id"": ""e9ee28ad-95b1-5b60-97f1-f99a2255cc09"", ""member_count"": 2, ""member_ids_preview"": [""cmpcandm_920f1677666dfa43"", ""cmpcandm_b8d7a89949774d6c""], ""missing_member_count"": 2, ""raw_plant_ids_preview"": [""392""], ""source_compound_keys_preview"": [""d377ee7b19a411591b87d710189ec4cf35f30165956d5250260a8f4fd36c2df4"", ""6f03ee84be550e56375fcd592894e8c4f64848da1e8e94b40274ead088363a4e""]}"
cmprev_ac048e2a76f6d8ac,cmpcand_ac0b7ed843843937,706ba86e-428c-587d-9b22-727803c8fa49,inchi::DKLGTRLGRWKLHB-UHFFFAOYSA-N,ready,conflict,186,,4f366c4967bdc8033d22065b27d8a3902b2d6a5923acfa757e51bacb7cb3ebeb,186,PubChem,2026-05-24T15:08:53.055881+00:00,2026-05-24T15:08:53.055881+00:00,unmapped_plant_reference,member_map_missing_canonical_plant_id,"{""candidate_id"": ""cmpcand_ac0b7ed843843937"", ""compound_id"": ""706ba86e-428c-587d-9b22-727803c8fa49"", ""member_count"": 1, ""member_ids_preview"": [""cmpcandm_aecfbc5b0c64e7a7""], ""missing_member_count"": 1, ""raw_plant_ids_preview"": [""186""], ""source_compound_keys_preview"": [""4f366c4967bdc8033d22065b27d8a3902b2d6a5923acfa757e51bacb7cb3ebeb""]}"
cmprev_143f8dde40f4b941,cmpcand_acea93d8e985fbe1,3dd5bc4f-5a53-55a4-87f8-e8fb25819f01,inchi::SFYMIMVVMNTRSX-UHFFFAOYSA-N,ready,conflict,490,,0431890b78cfee1af53a98e22cbcf293ff152fb65124fd8ca3623a795ff4a83f,490,ChEMBL,2026-05-24T15:08:17.349197+00:00,2026-05-24T15:08:17.349197+00:00,unmapped_plant_reference,member_map_missing_canonical_plant_id,"{""candidate_id"": ""cmpcand_acea93d8e985fbe1"", ""compound_id"": ""3dd5bc4f-5a53-55a4-87f8-e8fb25819f01"", ""member_count"": 2, ""member_ids_preview"": [""cmpcandm_1318bfa0ea99dedd"", ""cmpcandm_876f88310372cb0b""], ""missing_member_count"": 2, ""raw_plant_ids_preview"": [""490""], ""source_compound_keys_preview"": [""0431890b78cfee1af53a98e22cbcf293ff152fb65124fd8ca3623a795ff4a83f"", ""585245c4bed176ee5d79e1de18d0891acad08bc7c3feaa2eeaa11fb4b241b117""]}"
cmprev_692484940df20ee0,cmpcand_adb41ecec076d76e,474680cf-5a8f-510d-b20f-dc0367f121f9,inchi::ZEAIQOGZNMITAD-BLERJMGRSA-N,ready,conflict,175,,24dfd71976d474de630f4266078591991c2aaecda1f27bc31fcaffd06ee70227,175,ChEMBL,2026-05-24T15:04:08.031281+00:00,2026-05-24T15:04:08.031281+00:00,unmapped_plant_reference,member_map_missing_canonical_plant_id,"{""candidate_id"": ""cmpcand_adb41ecec076d76e"", ""compound_id"": ""474680cf-5a8f-510d-b20f-dc0367f121f9"", ""member_count"": 4, ""member_ids_preview"": [""cmpcandm_4ac120191623fe8d"", ""cmpcandm_29964d6cc6559caf"", ""cmpcandm_c1f614e6ff5abd14"", ""cmpcandm_ece073308561cafe""], ""missing_member_count"": 4, ""raw_plant_ids_preview"": [""175""], ""source_compound_keys_preview"": [""24dfd71976d474de630f4266078591991c2aaecda1f27bc31fcaffd06ee70227"", ""6fc2589898d0a7ae9ee735d5828ec0a6410a99c98b1806c645bd4e15965329b2"", ""b8c24161f0611bfe9b0298307305fbf653f0e51a0684a7e648f1f3d4de26d573"", ""2c3bcb14fe039bf785fba88a95e79b8c3e2a419313cdfab315b63b4b46750b14""]}"
cmprev_b3a7fdc995c7366a,cmpcand_ade26819385c01c6,e9f7fa22-7feb-5c33-a844-8557eb7c0eec,inchi::NFRXSIOHGADFRG-MEMZBLDGSA-N,ready,conflict,347,,b1d6e303c2995891ef3ae33c5a2bb73ee16c58902ede48f30f6f0eb2f6dc6d98,347,ChEMBL,2026-05-24T15:03:21.550483+00:00,2026-05-24T15:03:21.550483+00:00,unmapped_plant_reference,member_map_missing_canonical_plant_id,"{""candidate_id"": ""cmpcand_ade26819385c01c6"", ""compound_id"": ""e9f7fa22-7feb-5c33-a844-8557eb7c0eec"", ""member_count"": 1, ""member_ids_preview"": [""cmpcandm_63c01c080e676b95""], ""missing_member_count"": 1, ""raw_plant_ids_preview"": [""347""], ""source_compound_keys_preview"": [""b1d6e303c2995891ef3ae33c5a2bb73ee16c58902ede48f30f6f0eb2f6dc6d98""]}"
cmprev_ae572d06d63ba3d3,cmpcand_adffe51050a698e8,7dec479c-787e-5b72-9fe8-c3e343c370cf,inchi::KTLUHRSHFRODPS-RIQPQZJCSA-N,ready,conflict,502,,2b8dd2ca74d533be409ba7a383db58f6d71fd98ef562c46679ea0ffb711ec02f,502,ChEMBL,2026-05-24T15:08:27.864236+00:00,2026-05-24T15:08:27.864236+00:00,unmapped_plant_reference,member_map_missing_canonical_plant_id,"{""candidate_id"": ""cmpcand_adffe51050a698e8"", ""compound_id"": ""7dec479c-787e-5b72-9fe8-c3e343c370cf"", ""member_count"": 1, ""member_ids_preview"": [""cmpcandm_1182572512f97b57""], ""missing_member_count"": 1, ""raw_plant_ids_preview"": [""502""], ""source_compound_keys_preview"": [""2b8dd2ca74d533be409ba7a383db58f6d71fd98ef562c46679ea0ffb711ec02f""]}"
cmprev_5120fb4c8063bdd1,cmpcand_ae0d8998fad73c60,a1276b40-b5a2-514f-9f8b-32ab027cf787,inchi::JGJRDMWFWQIOFQ-NPCYJISASA-N,ready,conflict,83,,cffb0d72bbd4b4e5b5b7d7ab5da8cdedde05de59bf041655b950b572c4972c54,83,ChEMBL,2026-05-24T15:04:13.079862+00:00,2026-05-24T15:04:13.079862+00:00,unmapped_plant_reference,member_map_missing_canonical_plant_id,"{""candidate_id"": ""cmpcand_ae0d8998fad73c60"", ""compound_id"": ""a1276b40-b5a2-514f-9f8b-32ab027cf787"", ""member_count"": 1, ""member_ids_preview"": [""cmpcandm_69a2064fd3222612""], ""missing_member_count"": 1, ""raw_plant_ids_preview"": [""83""], ""source_compound_keys_preview"": [""cffb0d72bbd4b4e5b5b7d7ab5da8cdedde05de59bf041655b950b572c4972c54""]}"
cmprev_65f97ced1447d316,cmpcand_ae0da9528c8d9746,fe8e86e4-d2aa-554c-909c-7544670203f9,inchi::TUSWQPFNQXCPGB-WKWISIMFSA-N,ready,matched,341,,b33a588af8996fd8faef857bb60dd93b0471d890a5bf9dd78b9d9d8b3050d317,341,PubChem,2026-05-24T15:06:38.207747+00:00,2026-05-24T15:06:38.207747+00:00,unmapped_plant_reference,member_map_missing_canonical_plant_id,"{""candidate_id"": ""cmpcand_ae0da9528c8d9746"", ""compound_id"": ""fe8e86e4-d2aa-554c-909c-7544670203f9"", ""member_count"": 1, ""member_ids_preview"": [""cmpcandm_a17b709e7a713854""], ""missing_member_count"": 1, ""raw_plant_ids_preview"": [""341""], ""source_compound_keys_preview"": [""b33a588af8996fd8faef857bb60dd93b0471d890a5bf9dd78b9d9d8b3050d317""]}"
cmprev_0b93048460b377ba,cmpcand_aeab75a86fef400b,04f60c3e-3c41-5259-bd88-37301161e6fa,inchi::HVTFEHJSUSPQBK-DNJDGUCCSA-N,ready,conflict,392,,91f961189b5db8e51e402f763485bf131ade494560c2107402470c197c05ae60,392,ChEMBL,2026-05-24T15:05:08.466294+00:00,2026-05-24T15:05:08.466294+00:00,unmapped_plant_reference,member_map_missing_canonical_plant_id,"{""candidate_id"": ""cmpcand_aeab75a86fef400b"", ""compound_id"": ""04f60c3e-3c41-5259-bd88-37301161e6fa"", ""member_count"": 1, ""member_ids_preview"": [""cmpcandm_c27db4a425adc645""], ""missing_member_count"": 1, ""raw_plant_ids_preview"": [""392""], ""source_compound_keys_preview"": [""91f961189b5db8e51e402f763485bf131ade494560c2107402470c197c05ae60""]}"
cmprev_6d5d683e0cd219c2,cmpcand_aeb6ecbd2aa09b9f,c8d202b6-7f0f-5cd8-bca8-74e2f958854c,inchi::NCFABVDNFAPWSM-ONBKGHSPSA-N,ready,conflict,429,,f2ad173c248de36eca19fe63312f1ef4855875b111a490a073bd222851f5cf49,429,PubChem,2026-05-24T15:08:41.661755+00:00,2026-05-24T15:08:41.661755+00:00,unmapped_plant_reference,member_map_missing_canonical_plant_id,"{""candidate_id"": ""cmpcand_aeb6ecbd2aa09b9f"", ""compound_id"": ""c8d202b6-7f0f-5cd8-bca8-74e2f958854c"", ""member_count"": 1, ""member_ids_preview"": [""cmpcandm_76f7b96b77f84a3a""], ""missing_member_count"": 1, ""raw_plant_ids_preview"": [""429""], ""source_compound_keys_preview"": [""f2ad173c248de36eca19fe63312f1ef4855875b111a490a073bd222851f5cf49""]}"
cmprev_0d525f5418366e3e,cmpcand_aeb98f1114600256,f07f24d6-98be-50ff-ab84-959cdace420f,inchi::NPJICTMALKLTFW-OFUAXYCQSA-N,ready,conflict,531,,c78c50d7b83d0d51d28119a788c2c8ded8dacf0dea09e7db865b2067ad13dc62,531;341,ChEMBL,2026-05-24T15:06:26.166866+00:00,2026-05-24T15:06:26.168529+00:00,unmapped_plant_reference,member_map_missing_canonical_plant_id,"{""candidate_id"": ""cmpcand_aeb98f1114600256"", ""compound_id"": ""f07f24d6-98be-50ff-ab84-959cdace420f"", ""member_count"": 2, ""member_ids_preview"": [""cmpcandm_161fd85d9f2f77df"", ""cmpcandm_483097136877cafd""], ""missing_member_count"": 2, ""raw_plant_ids_preview"": [""531"", ""341""], ""source_compound_keys_preview"": [""c78c50d7b83d0d51d28119a788c2c8ded8dacf0dea09e7db865b2067ad13dc62"", ""4017cad89811d72e31e41fedb9ce6b01d296bcb898b6d1fc6ab9c4030d57aec4""]}"
cmprev_f8756f3c75fbe201,cmpcand_aec9542cc2ddd1d3,d67c1b3e-1d6d-5a19-aea8-c170f5527ffa,inchi::DLRVVLDZNNYCBX-NAXWWCMCSA-N,ready,conflict,420,,e2d62eb5ea57e2bafa26a02fd4bc214a5b60c183f13d39a88e5d77105d7f2dc0,420,ChEMBL,2026-05-24T15:07:20.127252+00:00,2026-05-24T15:07:20.127252+00:00,unmapped_plant_reference,member_map_missing_canonical_plant_id,"{""candidate_id"": ""cmpcand_aec9542cc2ddd1d3"", ""compound_id"": ""d67c1b3e-1d6d-5a19-aea8-c170f5527ffa"", ""member_count"": 1, ""member_ids_preview"": [""cmpcandm_acede408303621f9""], ""missing_member_count"": 1, ""raw_plant_ids_preview"": [""420""], ""source_compound_keys_preview"": [""e2d62eb5ea57e2bafa26a02fd4bc214a5b60c183f13d39a88e5d77105d7f2dc0""]}"
cmprev_13816e22b012ec20,cmpcand_aed7d027c5dca0c4,b2da9071-4b6d-5ec0-9044-eb5264ed5b7f,inchi::LHHOBHACAZAVIE-XHPFLUNYSA-N,ready,conflict,83,,e3b63287276352f8c6c0cd8d43992185a73a88c94c9ef1cc89bf5f4ca188c407,83,ChEMBL,2026-05-24T15:06:23.846534+00:00,2026-05-24T15:06:23.846534+00:00,unmapped_plant_reference,member_map_missing_canonical_plant_id,"{""candidate_id"": ""cmpcand_aed7d027c5dca0c4"", ""compound_id"": ""b2da9071-4b6d-5ec0-9044-eb5264ed5b7f"", ""member_count"": 1, ""member_ids_preview"": [""cmpcandm_e74b729393d2a72e""], ""missing_member_count"": 1, ""raw_plant_ids_preview"": [""83""], ""source_compound_keys_preview"": [""e3b63287276352f8c6c0cd8d43992185a73a88c94c9ef1cc89bf5f4ca188c407""]}"
cmprev_175bbc1914d818ce,cmpcand_af72267aa4269caa,74a0092e-ead5-53e3-85d2-2920d8c6dee6,inchi::MPFACQITBMQUJJ-PQIIFOIOSA-N,ready,conflict,83,,52c221eacc51028804b15428383197970cbe86274303ec3ea87d5811bc34b47b,83,ChEMBL,2026-05-24T15:07:34.154117+00:00,2026-05-24T15:07:34.154117+00:00,unmapped_plant_reference,member_map_missing_canonical_plant_id,"{""candidate_id"": ""cmpcand_af72267aa4269caa"", ""compound_id"": ""74a0092e-ead5-53e3-85d2-2920d8c6dee6"", ""member_count"": 1, ""member_ids_preview"": [""cmpcandm_a9827cee4b351de9""], ""missing_member_count"": 1, ""raw_plant_ids_preview"": [""83""], ""source_compound_keys_preview"": [""52c221eacc51028804b15428383197970cbe86274303ec3ea87d5811bc34b47b""]}"
cmprev_2783e86ef31409c5,cmpcand_af7f4c4be453aa18,4ca717d1-5713-52a5-b18b-bc013b12c6a8,inchi::UOELDQSKHYIUSX-SXODYGAESA-N,ready,conflict,83,,f7ec34fd730ff7091c735c7d6cc79b6921f71b8f5bd3ea94ff52ece7dcfc8619,83,PubChem,2026-05-24T15:08:40.093475+00:00,2026-05-24T15:08:40.093475+00:00,unmapped_plant_reference,member_map_missing_canonical_plant_id,"{""candidate_id"": ""cmpcand_af7f4c4be453aa18"", ""compound_id"": ""4ca717d1-5713-52a5-b18b-bc013b12c6a8"", ""member_count"": 1, ""member_ids_preview"": [""cmpcandm_305849d73bb82776""], ""missing_member_count"": 1, ""raw_plant_ids_preview"": [""83""], ""source_compound_keys_preview"": [""f7ec34fd730ff7091c735c7d6cc79b6921f71b8f5bd3ea94ff52ece7dcfc8619""]}"
cmprev_bf35ea58123048f6,cmpcand_afdc6edc5ff34c99,d6a5693e-df57-51e0-8ebd-3942fa4969a4,inchi::JGUZGNYPMHHYRK-UHFFFAOYSA-N,ready,conflict,341,,d6591ed4b3738bdb182799fc4c68d6600ba99b6114b709ad04291145cf547cf0,341,ChEMBL,2026-05-24T15:08:58.011922+00:00,2026-05-24T15:08:58.011922+00:00,unmapped_plant_reference,member_map_missing_canonical_plant_id,"{""candidate_id"": ""cmpcand_afdc6edc5ff34c99"", ""compound_id"": ""d6a5693e-df57-51e0-8ebd-3942fa4969a4"", ""member_count"": 1, ""member_ids_preview"": [""cmpcandm_c49ab8266498eb24""], ""missing_member_count"": 1, ""raw_plant_ids_preview"": [""341""], ""source_compound_keys_preview"": [""d6591ed4b3738bdb182799fc4c68d6600ba99b6114b709ad04291145cf547cf0""]}"
cmprev_dd53818a5e6aad4a,cmpcand_b030fb5cad99e27b,fcb29792-5a11-5a55-9c32-de8d673d99d0,inchi::XMGQYMWWDOXHJM-UHFFFAOYSA-N,ready,conflict,139,,a79c559a2fd6931e7ba091a2cf3853432462b7e11469438c1b2da9c372a03141,139,ChEMBL,2026-05-24T15:03:41.387012+00:00,2026-05-24T15:03:41.387012+00:00,unmapped_plant_reference,member_map_missing_canonical_plant_id,"{""candidate_id"": ""cmpcand_b030fb5cad99e27b"", ""compound_id"": ""fcb29792-5a11-5a55-9c32-de8d673d99d0"", ""member_count"": 1, ""member_ids_preview"": [""cmpcandm_7ef4a4c0d52a01c8""], ""missing_member_count"": 1, ""raw_plant_ids_preview"": [""139""], ""source_compound_keys_preview"": [""a79c559a2fd6931e7ba091a2cf3853432462b7e11469438c1b2da9c372a03141""]}"
cmprev_92ead9dbcf42962a,cmpcand_b086573ae703c69f,66729ac1-837d-5277-afb9-55b963b7285a,inchi::INAXVXBDKKUCGI-UHFFFAOYSA-N,ready,conflict,139,,a9c8cfd9ef7a16143f552b0894ef8aeb30ec1984cd1554098ec076e573f9e228,139,ChEMBL,2026-05-24T15:06:00.295054+00:00,2026-05-24T15:06:00.295054+00:00,unmapped_plant_reference,member_map_missing_canonical_plant_id,"{""candidate_id"": ""cmpcand_b086573ae703c69f"", ""compound_id"": ""66729ac1-837d-5277-afb9-55b963b7285a"", ""member_count"": 1, ""member_ids_preview"": [""cmpcandm_742fa97cd17dd3d1""], ""missing_member_count"": 1, ""raw_plant_ids_preview"": [""139""], ""source_compound_keys_preview"": [""a9c8cfd9ef7a16143f552b0894ef8aeb30ec1984cd1554098ec076e573f9e228""]}"
cmprev_c932083744636cd8,cmpcand_b0942dcb41d6e98a,0bbf8941-f9b0-5f0c-8528-6818d268cb44,inchi::NZEMOONSVTXJCP-UHFFFAOYSA-N,ready,conflict,52,,754929eb4927c1d2da617647d60f2b5fffb8e90c2e6293b3c030f054b44844b5,52,PubChem,2026-05-24T15:02:56.921342+00:00,2026-05-24T15:02:56.921342+00:00,unmapped_plant_reference,member_map_missing_canonical_plant_id,"{""candidate_id"": ""cmpcand_b0942dcb41d6e98a"", ""compound_id"": ""0bbf8941-f9b0-5f0c-8528-6818d268cb44"", ""member_count"": 1, ""member_ids_preview"": [""cmpcandm_3051718ce1a13ae0""], ""missing_member_count"": 1, ""raw_plant_ids_preview"": [""52""], ""source_compound_keys_preview"": [""754929eb4927c1d2da617647d60f2b5fffb8e90c2e6293b3c030f054b44844b5""]}"
cmprev_97be7ad51d74123a,cmpcand_b0bba40fb6e7d1f9,69d5be61-6806-596b-b452-975c4b5d4cc0,inchi::SPZVPSAUINZULS-YQGHBCRRSA-N,ready,conflict,392,,84de5f9c5e33d12fd438046b9ab52f9a7c58e5dabbf17191bc7a977258e953c2,392,PubChem,2026-05-24T15:02:30.405927+00:00,2026-05-24T15:02:30.405927+00:00,unmapped_plant_reference,member_map_missing_canonical_plant_id,"{""candidate_id"": ""cmpcand_b0bba40fb6e7d1f9"", ""compound_id"": ""69d5be61-6806-596b-b452-975c4b5d4cc0"", ""member_count"": 1, ""member_ids_preview"": [""cmpcandm_c086e0b815522875""], ""missing_member_count"": 1, ""raw_plant_ids_preview"": [""392""], ""source_compound_keys_preview"": [""84de5f9c5e33d12fd438046b9ab52f9a7c58e5dabbf17191bc7a977258e953c2""]}"
cmprev_b102195829412ed4,cmpcand_b0d2aed500c0844d,53da2bfe-126f-53d9-88b1-18d059d2988f,inchi::PHWISBHSBNDZDX-LSDHHAIUSA-N,ready,conflict,155,,1a4cd674a6ff8f7213f1e19f6cbf2478557180cd262fa7ed0a9e7a13e899884c,155,PubChem,2026-05-24T15:04:47.855560+00:00,2026-05-24T15:04:47.855560+00:00,unmapped_plant_reference,member_map_missing_canonical_plant_id,"{""candidate_id"": ""cmpcand_b0d2aed500c0844d"", ""compound_id"": ""53da2bfe-126f-53d9-88b1-18d059d2988f"", ""member_count"": 1, ""member_ids_preview"": [""cmpcandm_87f2a803f255357c""], ""missing_member_count"": 1, ""raw_plant_ids_preview"": [""155""], ""source_compound_keys_preview"": [""1a4cd674a6ff8f7213f1e19f6cbf2478557180cd262fa7ed0a9e7a13e899884c""]}"
cmprev_e184f6d8671967b1,cmpcand_b1698f8907f83748,f2cd012c-1fcf-5536-a934-ffe70e33e6e8,inchi::UFLHIIWVXFIJGU-ARJAWSKDSA-N,ready,conflict,502,,09d6de4c7924c1a88340ee679f2cd20f8b4f0693be7dcb41c1149a5be6262d5d,502,ChEMBL,2026-05-24T15:09:04.357397+00:00,2026-05-24T15:09:04.357397+00:00,unmapped_plant_reference,member_map_missing_canonical_plant_id,"{""candidate_id"": ""cmpcand_b1698f8907f83748"", ""compound_id"": ""f2cd012c-1fcf-5536-a934-ffe70e33e6e8"", ""member_count"": 1, ""member_ids_preview"": [""cmpcandm_5ceb8375804b6dda""], ""missing_member_count"": 1, ""raw_plant_ids_preview"": [""502""], ""source_compound_keys_preview"": [""09d6de4c7924c1a88340ee679f2cd20f8b4f0693be7dcb41c1149a5be6262d5d""]}"
cmprev_7f5dd0d8ba0617df,cmpcand_b17e53cd954b1a0f,bb39cfcd-79f4-5623-b1e2-27f515e3cad7,inchi::UBORTCNDUKBEOP-UUOKFMHZSA-N,ready,conflict,139,,82fda74655f7fb59c483856c89d18f0a03ff87d1c3db683c78e8b8c904c795eb,139,ChEMBL,2026-05-24T15:03:53.351356+00:00,2026-05-24T15:03:53.351356+00:00,unmapped_plant_reference,member_map_missing_canonical_plant_id,"{""candidate_id"": ""cmpcand_b17e53cd954b1a0f"", ""compound_id"": ""bb39cfcd-79f4-5623-b1e2-27f515e3cad7"", ""member_count"": 1, ""member_ids_preview"": [""cmpcandm_212f6dfbf57a339a""], ""missing_member_count"": 1, ""raw_plant_ids_preview"": [""139""], ""source_compound_keys_preview"": [""82fda74655f7fb59c483856c89d18f0a03ff87d1c3db683c78e8b8c904c795eb""]}"
cmprev_c059fec0809ccdf4,cmpcand_b192f1bc43b73744,71916e65-e3c9-5e20-9404-ac27ec9bf8e0,inchi::LCOSCMLXPAQCLQ-AWEZNQCLSA-N,ready,conflict,155,,68fb36acfccedae2720ba49d13d0d97d8c14074c48f7af4fbb15fc15e4fd3dd8,155,PubChem,2026-05-24T15:03:52.551391+00:00,2026-05-24T15:03:52.551391+00:00,unmapped_plant_reference,member_map_missing_canonical_plant_id,"{""candidate_id"": ""cmpcand_b192f1bc43b73744"", ""compound_id"": ""71916e65-e3c9-5e20-9404-ac27ec9bf8e0"", ""member_count"": 1, ""member_ids_preview"": [""cmpcandm_f5baa484bdd9abaa""], ""missing_member_count"": 1, ""raw_plant_ids_preview"": [""155""], ""source_compound_keys_preview"": [""68fb36acfccedae2720ba49d13d0d97d8c14074c48f7af4fbb15fc15e4fd3dd8""]}"
cmprev_3ad399de18cd0767,cmpcand_b1af3456d67461e0,7975c78d-15b1-548e-b8ac-044107891ad3,inchi::HUNLTIZKNQDZEI-UHFFFAOYSA-N,ready,conflict,347,,86868ef68a2a5b756b2b920476789b86ce6abd73f47211b8c7a6db7c6c60a61d,347,PubChem,2026-05-24T15:03:25.125595+00:00,2026-05-24T15:03:25.125595+00:00,unmapped_plant_reference,member_map_missing_canonical_plant_id,"{""candidate_id"": ""cmpcand_b1af3456d67461e0"", ""compound_id"": ""7975c78d-15b1-548e-b8ac-044107891ad3"", ""member_count"": 1, ""member_ids_preview"": [""cmpcandm_af9a3b5aba71f97c""], ""missing_member_count"": 1, ""raw_plant_ids_preview"": [""347""], ""source_compound_keys_preview"": [""86868ef68a2a5b756b2b920476789b86ce6abd73f47211b8c7a6db7c6c60a61d""]}"
cmprev_8c0de6d305a87386,cmpcand_b1f5c8f5cf3cee07,b5768138-134c-5862-a798-bb945e14a427,inchi::VSLWNSSUMFSGFF-DKOLRWHASA-N,ready,conflict,392,,c292b197e6bd85cb88b8d2dd00496785951fbe45b15b5a644c593e79b203c4b8,392,ChEMBL,2026-05-24T15:07:16.069088+00:00,2026-05-24T15:07:16.069088+00:00,unmapped_plant_reference,member_map_missing_canonical_plant_id,"{""candidate_id"": ""cmpcand_b1f5c8f5cf3cee07"", ""compound_id"": ""b5768138-134c-5862-a798-bb945e14a427"", ""member_count"": 1, ""member_ids_preview"": [""cmpcandm_4143f7b815d8f314""], ""missing_member_count"": 1, ""raw_plant_ids_preview"": [""392""], ""source_compound_keys_preview"": [""c292b197e6bd85cb88b8d2dd00496785951fbe45b15b5a644c593e79b203c4b8""]}"
cmprev_7c637683f0498617,cmpcand_b28198f8d1d8244b,f8fdfff9-174f-5513-89a8-0939d3ee971d,inchi::JVTAAEKCZFNVCJ-UHFFFAOYSA-N,ready,conflict,155,,31f95f96b0c8329401ef951f2ad257f81a9d1e623379b753a30c4ccedf847ac3,155,ChEMBL,2026-05-24T15:06:39.719965+00:00,2026-05-24T15:06:39.719965+00:00,unmapped_plant_reference,member_map_missing_canonical_plant_id,"{""candidate_id"": ""cmpcand_b28198f8d1d8244b"", ""compound_id"": ""f8fdfff9-174f-5513-89a8-0939d3ee971d"", ""member_count"": 1, ""member_ids_preview"": [""cmpcandm_1ecc3e2b100d57cb""], ""missing_member_count"": 1, ""raw_plant_ids_preview"": [""155""], ""source_compound_keys_preview"": [""31f95f96b0c8329401ef951f2ad257f81a9d1e623379b753a30c4ccedf847ac3""]}"
cmprev_b4b3baab62e9edb5,cmpcand_b2c1c4b6faf3d11d,fd45110e-ac2b-50bc-a518-15ca8beab8b3,inchi::GAUBNQMYYJLWNF-UHFFFAOYSA-N,ready,conflict,384,,dfa5e90a07e08a6b69c65afd965fc05c82c0f8a197a72aabe69b01bdc9e1d91b,384,PubChem,2026-05-24T15:06:42.431143+00:00,2026-05-24T15:06:42.431143+00:00,unmapped_plant_reference,member_map_missing_canonical_plant_id,"{""candidate_id"": ""cmpcand_b2c1c4b6faf3d11d"", ""compound_id"": ""fd45110e-ac2b-50bc-a518-15ca8beab8b3"", ""member_count"": 1, ""member_ids_preview"": [""cmpcandm_5def30b4b53f76ba""], ""missing_member_count"": 1, ""raw_plant_ids_preview"": [""384""], ""source_compound_keys_preview"": [""dfa5e90a07e08a6b69c65afd965fc05c82c0f8a197a72aabe69b01bdc9e1d91b""]}"
cmprev_d23aea5ae943d626,cmpcand_b2cc1875fde0062a,8c287389-6aae-5c93-a072-1f21514789bb,inchi::MMMDVGMDEBDBOH-KOMNKKMMSA-N,ready,conflict,490,,3f88322e57f2664bb5088d8872f835a75585f164aa61b6b199e580748f3fe9f2,490,PubChem,2026-05-24T15:06:09.309680+00:00,2026-05-24T15:06:09.309680+00:00,unmapped_plant_reference,member_map_missing_canonical_plant_id,"{""candidate_id"": ""cmpcand_b2cc1875fde0062a"", ""compound_id"": ""8c287389-6aae-5c93-a072-1f21514789bb"", ""member_count"": 1, ""member_ids_preview"": [""cmpcandm_b36fe54c2ef42797""], ""missing_member_count"": 1, ""raw_plant_ids_preview"": [""490""], ""source_compound_keys_preview"": [""3f88322e57f2664bb5088d8872f835a75585f164aa61b6b199e580748f3fe9f2""]}"
cmprev_f1f6ccbcecb40eca,cmpcand_b2cdaac00c3ff865,6f52e631-1bba-533c-8cf5-41d7571aef40,inchi::ZQKJLHNHJIEPBK-ZNDDOCHDSA-N,ready,conflict,392,,5cec7585ef96ab0bb60fdbdf40dd9b78ae1ea439d9b253ecf14919a592aeaf01,392,ChEMBL,2026-05-24T15:08:26.408449+00:00,2026-05-24T15:08:26.408449+00:00,unmapped_plant_reference,member_map_missing_canonical_plant_id,"{""candidate_id"": ""cmpcand_b2cdaac00c3ff865"", ""compound_id"": ""6f52e631-1bba-533c-8cf5-41d7571aef40"", ""member_count"": 1, ""member_ids_preview"": [""cmpcandm_7dcb4f72b3c5b96b""], ""missing_member_count"": 1, ""raw_plant_ids_preview"": [""392""], ""source_compound_keys_preview"": [""5cec7585ef96ab0bb60fdbdf40dd9b78ae1ea439d9b253ecf14919a592aeaf01""]}"
cmprev_b5840722c1140636,cmpcand_b2e273b9ac79ea02,782f0099-10dd-54bc-a589-d99ab90f992b,inchi::PHEPHOADHFLZJS-FNORWQNLSA-N,ready,conflict,398,,421d70aa3f716e3c89d10675b7b7957190269b03952a885dbbdb177baa4b9fbd,398,PubChem,2026-05-24T15:05:46.001106+00:00,2026-05-24T15:05:46.001106+00:00,unmapped_plant_reference,member_map_missing_canonical_plant_id,"{""candidate_id"": ""cmpcand_b2e273b9ac79ea02"", ""compound_id"": ""782f0099-10dd-54bc-a589-d99ab90f992b"", ""member_count"": 1, ""member_ids_preview"": [""cmpcandm_d0ecb4260e5d81f3""], ""missing_member_count"": 1, ""raw_plant_ids_preview"": [""398""], ""source_compound_keys_preview"": [""421d70aa3f716e3c89d10675b7b7957190269b03952a885dbbdb177baa4b9fbd""]}"
cmprev_213834e94a39db96,cmpcand_b33b3825ec33fa8c,916740e4-cf64-5b5a-a8b2-7e2f1935ba4e,inchi::OIRDTQYFTABQOQ-KQYNXXCUSA-N,ready,conflict,139,,8face613ab926b39330114080fc7e2c7a911a2a7e7a042c1511d00d5d61199d0,139,ChEMBL,2026-05-24T15:07:20.336925+00:00,2026-05-24T15:07:20.336925+00:00,unmapped_plant_reference,member_map_missing_canonical_plant_id,"{""candidate_id"": ""cmpcand_b33b3825ec33fa8c"", ""compound_id"": ""916740e4-cf64-5b5a-a8b2-7e2f1935ba4e"", ""member_count"": 1, ""member_ids_preview"": [""cmpcandm_ffcfb932ef6b2610""], ""missing_member_count"": 1, ""raw_plant_ids_preview"": [""139""], ""source_compound_keys_preview"": [""8face613ab926b39330114080fc7e2c7a911a2a7e7a042c1511d00d5d61199d0""]}"
cmprev_b061eecdeb20a279,cmpcand_b356d3acee18b577,ef2e6347-7051-54df-8a04-74c186e35f94,inchi::HHRFLEWOTNKYIA-AMIWPQNTSA-N,ready,conflict,392,,dd224564bad12eed146053f12c783790f5133f9eedfe9752e1ab509e7165425f,392,ChEMBL,2026-05-24T15:09:09.742087+00:00,2026-05-24T15:09:09.742087+00:00,unmapped_plant_reference,member_map_missing_canonical_plant_id,"{""candidate_id"": ""cmpcand_b356d3acee18b577"", ""compound_id"": ""ef2e6347-7051-54df-8a04-74c186e35f94"", ""member_count"": 1, ""member_ids_preview"": [""cmpcandm_4886a43cea032e7b""], ""missing_member_count"": 1, ""raw_plant_ids_preview"": [""392""], ""source_compound_keys_preview"": [""dd224564bad12eed146053f12c783790f5133f9eedfe9752e1ab509e7165425f""]}"
cmprev_e9b281f8ca14f689,cmpcand_b3747ff60971fda2,a2f25ec5-f0f9-5202-9a9e-63a1b028410d,inchi::MIJYXULNPSFWEK-GTOFXWBISA-N,ready,conflict,486,,94ad77e20e14b50b40bc934acacbd45095ccdfe6c6361f9b653dae41b4fd4821,486;369,ChEMBL,2026-05-24T15:06:43.789573+00:00,2026-05-24T15:06:43.789573+00:00,unmapped_plant_reference,member_map_missing_canonical_plant_id,"{""candidate_id"": ""cmpcand_b3747ff60971fda2"", ""compound_id"": ""a2f25ec5-f0f9-5202-9a9e-63a1b028410d"", ""member_count"": 2, ""member_ids_preview"": [""cmpcandm_7a3e0b3a710fd958"", ""cmpcandm_1dfe8419acd095da""], ""missing_member_count"": 2, ""raw_plant_ids_preview"": [""486"", ""369""], ""source_compound_keys_preview"": [""94ad77e20e14b50b40bc934acacbd45095ccdfe6c6361f9b653dae41b4fd4821"", ""40b07e90226a9e630ee496842684aeaecfff77027bc53ea9dd69dda0b17a7b4b""]}"
cmprev_c260ac87515abdac,cmpcand_b3c2265f9418d1e4,74e87a8c-05ba-512a-b230-3d72843d7537,inchi::PGYUGYRBRUPMST-QFIPXVFZSA-N,ready,review,369,,d79a47f7067f95cd76a75ca26e506618b9087a4dc6894791e99d0f3da95a9879,369,ChEMBL,2026-05-24T15:06:17.062743+00:00,2026-05-24T15:06:17.062743+00:00,unmapped_plant_reference,member_map_missing_canonical_plant_id,"{""candidate_id"": ""cmpcand_b3c2265f9418d1e4"", ""compound_id"": ""74e87a8c-05ba-512a-b230-3d72843d7537"", ""member_count"": 1, ""member_ids_preview"": [""cmpcandm_5a32064866e17788""], ""missing_member_count"": 1, ""raw_plant_ids_preview"": [""369""], ""source_compound_keys_preview"": [""d79a47f7067f95cd76a75ca26e506618b9087a4dc6894791e99d0f3da95a9879""]}"
cmprev_53cb505d3568eb9a,cmpcand_b4099b10ac5ac1b5,667224f1-5834-5e0d-bda9-c8540b9e5041,inchi::BABLZVVVBXCYEN-GWSJGPRZSA-N,ready,conflict,107,,7d31f111dec42282cbad47c4425b8afecf93230009c44e16a8a3db6c4b9cd943,107,PubChem,2026-05-24T15:05:15.347432+00:00,2026-05-24T15:05:15.347432+00:00,unmapped_plant_reference,member_map_missing_canonical_plant_id,"{""candidate_id"": ""cmpcand_b4099b10ac5ac1b5"", ""compound_id"": ""667224f1-5834-5e0d-bda9-c8540b9e5041"", ""member_count"": 1, ""member_ids_preview"": [""cmpcandm_87ba9d426e568a17""], ""missing_member_count"": 1, ""raw_plant_ids_preview"": [""107""], ""source_compound_keys_preview"": [""7d31f111dec42282cbad47c4425b8afecf93230009c44e16a8a3db6c4b9cd943""]}"
cmprev_82052d9310cf9efa,cmpcand_b4155d1f28f32289,a6cbf74e-558e-5725-953e-27645e4d27b5,inchi::JXLYSJRDGCGARV-CFWMRBGOSA-N,ready,conflict,522,,c83d9d9a8be6bc26452621d386ad16e5d24132bc415e9c30bf99b2ee73866398,522,ChEMBL,2026-05-24T15:08:45.223328+00:00,2026-05-24T15:08:45.223328+00:00,unmapped_plant_reference,member_map_missing_canonical_plant_id,"{""candidate_id"": ""cmpcand_b4155d1f28f32289"", ""compound_id"": ""a6cbf74e-558e-5725-953e-27645e4d27b5"", ""member_count"": 1, ""member_ids_preview"": [""cmpcandm_2d6d732e1ede8854""], ""missing_member_count"": 1, ""raw_plant_ids_preview"": [""522""], ""source_compound_keys_preview"": [""c83d9d9a8be6bc26452621d386ad16e5d24132bc415e9c30bf99b2ee73866398""]}"
cmprev_561bd27535485998,cmpcand_b43ccca4ae3a43d8,f8f07401-a1fc-58f6-bd46-323489993768,inchi::RODXRVNMMDRFIK-UHFFFAOYSA-N,ready,conflict,462,,d067583614879012439758c58eebc64bf65b197755a58683e4d457f82e037a0a,462,ChEMBL,2026-05-24T15:09:03.710962+00:00,2026-05-24T15:09:03.710962+00:00,unmapped_plant_reference,member_map_missing_canonical_plant_id,"{""candidate_id"": ""cmpcand_b43ccca4ae3a43d8"", ""compound_id"": ""f8f07401-a1fc-58f6-bd46-323489993768"", ""member_count"": 1, ""member_ids_preview"": [""cmpcandm_f3e2beb12cbc49ff""], ""missing_member_count"": 1, ""raw_plant_ids_preview"": [""462""], ""source_compound_keys_preview"": [""d067583614879012439758c58eebc64bf65b197755a58683e4d457f82e037a0a""]}"
cmprev_f9b92da5df6dee51,cmpcand_b47244f46e9d79a0,38a2ac24-b2ef-5f30-b630-4ffd2b6c3103,inchi::PYYLUPQQQNZLDO-LAFLMMDJSA-N,ready,conflict,429,,4c4e0ae2091ec820c2a24e479d6c1e5287836b6930c09094aac2dfe57a1c44a1,429,PubChem,2026-05-24T15:02:38.764254+00:00,2026-05-24T15:02:38.764254+00:00,unmapped_plant_reference,member_map_missing_canonical_plant_id,"{""candidate_id"": ""cmpcand_b47244f46e9d79a0"", ""compound_id"": ""38a2ac24-b2ef-5f30-b630-4ffd2b6c3103"", ""member_count"": 1, ""member_ids_preview"": [""cmpcandm_ff032e9d76ce9ab5""], ""missing_member_count"": 1, ""raw_plant_ids_preview"": [""429""], ""source_compound_keys_preview"": [""4c4e0ae2091ec820c2a24e479d6c1e5287836b6930c09094aac2dfe57a1c44a1""]}"
cmprev_66d385b17f1f9ea6,cmpcand_b492a19b750a843d,87e46a86-ce04-5015-b663-8ec3b56fbd45,inchi::GYVDCHYBTDOMRS-XLQXCOHNSA-N,ready,matched,341,,567fc821fa7f980ccf028aa6795b26bf48b84bdc8b0cc0ce62d0516552f55270,341,PubChem,2026-05-24T15:07:05.664842+00:00,2026-05-24T15:07:05.664842+00:00,unmapped_plant_reference,member_map_missing_canonical_plant_id,"{""candidate_id"": ""cmpcand_b492a19b750a843d"", ""compound_id"": ""87e46a86-ce04-5015-b663-8ec3b56fbd45"", ""member_count"": 1, ""member_ids_preview"": [""cmpcandm_1bd33e13de18d4d2""], ""missing_member_count"": 1, ""raw_plant_ids_preview"": [""341""], ""source_compound_keys_preview"": [""567fc821fa7f980ccf028aa6795b26bf48b84bdc8b0cc0ce62d0516552f55270""]}"
cmprev_4bd33ad47e2815b0,cmpcand_b512e2fe1d22a68b,05848852-2e05-5a62-a4f7-131eb2ebc745,inchi::BCIWKKMTBRYQJU-INIZCTEOSA-N,ready,conflict,531,,3483b4f00510d292483714c0cb7f0b18a4812e0d64a44bb496b8030375440d54,531,ChEMBL,2026-05-24T15:05:09.965722+00:00,2026-05-24T15:05:09.965722+00:00,unmapped_plant_reference,member_map_missing_canonical_plant_id,"{""candidate_id"": ""cmpcand_b512e2fe1d22a68b"", ""compound_id"": ""05848852-2e05-5a62-a4f7-131eb2ebc745"", ""member_count"": 1, ""member_ids_preview"": [""cmpcandm_9ab799538de871f7""], ""missing_member_count"": 1, ""raw_plant_ids_preview"": [""531""], ""source_compound_keys_preview"": [""3483b4f00510d292483714c0cb7f0b18a4812e0d64a44bb496b8030375440d54""]}"
cmprev_4942dcdb1350ac44,cmpcand_b536d5bd6907b2bf,f669a1a5-927d-5bda-b61a-98b19bc57361,inchi::WLKFOJZKYWLYJJ-UHFFFAOYSA-N,ready,conflict,186,,a56ff67dc8ccd0fae9fe37ca893acf16226a73356a8c9c92ae5437eebb42e77d,186,PubChem,2026-05-24T15:05:51.516743+00:00,2026-05-24T15:05:51.516743+00:00,unmapped_plant_reference,member_map_missing_canonical_plant_id,"{""candidate_id"": ""cmpcand_b536d5bd6907b2bf"", ""compound_id"": ""f669a1a5-927d-5bda-b61a-98b19bc57361"", ""member_count"": 1, ""member_ids_preview"": [""cmpcandm_4ed95c83457139c8""], ""missing_member_count"": 1, ""raw_plant_ids_preview"": [""186""], ""source_compound_keys_preview"": [""a56ff67dc8ccd0fae9fe37ca893acf16226a73356a8c9c92ae5437eebb42e77d""]}"
cmprev_155f22cdcc3ad621,cmpcand_b55d466f657518c6,fabcbe87-77e3-5bd8-8031-d43c5500c077,inchi::KWVISVAMQJWJSZ-VKROHFNGSA-N,ready,conflict,462,,d3b140d2c923f5c859cfa8b92b6bdd2a6253717ed8c5c85348f46c6634bd3449,462,ChEMBL,2026-05-24T15:03:23.013880+00:00,2026-05-24T15:03:23.013880+00:00,unmapped_plant_reference,member_map_missing_canonical_plant_id,"{""candidate_id"": ""cmpcand_b55d466f657518c6"", ""compound_id"": ""fabcbe87-77e3-5bd8-8031-d43c5500c077"", ""member_count"": 1, ""member_ids_preview"": [""cmpcandm_6c32afe5ca8cf21e""], ""missing_member_count"": 1, ""raw_plant_ids_preview"": [""462""], ""source_compound_keys_preview"": [""d3b140d2c923f5c859cfa8b92b6bdd2a6253717ed8c5c85348f46c6634bd3449""]}"
cmprev_453ba62560942e67,cmpcand_b5ab8a3e9fbe50cc,3691b1be-5814-56a9-a44d-85a66ffee4bd,inchi::CEMJRABGGWOEJQ-USLJWFFESA-N,ready,conflict,313,,9b4285a90957cd68bdcdb89e5db7b803598bfa85f5ac3828333601c08fba010c,313,PubChem,2026-05-24T15:04:30.540135+00:00,2026-05-24T15:04:30.540135+00:00,unmapped_plant_reference,member_map_missing_canonical_plant_id,"{""candidate_id"": ""cmpcand_b5ab8a3e9fbe50cc"", ""compound_id"": ""3691b1be-5814-56a9-a44d-85a66ffee4bd"", ""member_count"": 1, ""member_ids_preview"": [""cmpcandm_52caaa970bd28e1e""], ""missing_member_count"": 1, ""raw_plant_ids_preview"": [""313""], ""source_compound_keys_preview"": [""9b4285a90957cd68bdcdb89e5db7b803598bfa85f5ac3828333601c08fba010c""]}"
cmprev_83083545c8a78a06,cmpcand_b5b45d0487e9054f,f4c9fd93-dda8-5e29-a8a4-ef55223d4368,inchi::HFGSQOYIOKBQOW-ZSDYHTTISA-N,ready,conflict,322,,bf7b39365116e0624bfa37b020049671413385694af93fb62f444bbef5a7b40d,322,PubChem,2026-05-24T15:06:19.546398+00:00,2026-05-24T15:06:19.546398+00:00,unmapped_plant_reference,member_map_missing_canonical_plant_id,"{""candidate_id"": ""cmpcand_b5b45d0487e9054f"", ""compound_id"": ""f4c9fd93-dda8-5e29-a8a4-ef55223d4368"", ""member_count"": 1, ""member_ids_preview"": [""cmpcandm_39ac79bf39c75ec6""], ""missing_member_count"": 1, ""raw_plant_ids_preview"": [""322""], ""source_compound_keys_preview"": [""bf7b39365116e0624bfa37b020049671413385694af93fb62f444bbef5a7b40d""]}"
cmprev_38a2e542ca8f46f1,cmpcand_b5bbe53a8a9dbddd,e195233b-5ff1-56f9-a289-6018ab88a75d,inchi::DCXYFEDJOCDNAF-REOHCLBHSA-N,ready,conflict,155,,b258c8157fd8480b6e136553c748d50cd71d5b9c62f0cd20055d2519fc0c790f,155,ChEMBL,2026-05-24T15:08:02.872781+00:00,2026-05-24T15:08:02.872781+00:00,unmapped_plant_reference,member_map_missing_canonical_plant_id,"{""candidate_id"": ""cmpcand_b5bbe53a8a9dbddd"", ""compound_id"": ""e195233b-5ff1-56f9-a289-6018ab88a75d"", ""member_count"": 1, ""member_ids_preview"": [""cmpcandm_8cd1e2f4741f9abf""], ""missing_member_count"": 1, ""raw_plant_ids_preview"": [""155""], ""source_compound_keys_preview"": [""b258c8157fd8480b6e136553c748d50cd71d5b9c62f0cd20055d2519fc0c790f""]}"
cmprev_f858723465a25f61,cmpcand_b5d0a2805e4cf139,7ef82dab-3211-50e1-abd7-ca26bdaf4ef6,inchi::IXORZMNAPKEEDV-OBDJNFEBSA-N,ready,conflict,279,,1ac7c53eb7b652561e3197e5b5031257bfbce89ac09ef82d5bef6e266226512d,279,PubChem,2026-05-24T15:08:20.487787+00:00,2026-05-24T15:08:20.487787+00:00,unmapped_plant_reference,member_map_missing_canonical_plant_id,"{""candidate_id"": ""cmpcand_b5d0a2805e4cf139"", ""compound_id"": ""7ef82dab-3211-50e1-abd7-ca26bdaf4ef6"", ""member_count"": 1, ""member_ids_preview"": [""cmpcandm_9f2b84c674a22fc3""], ""missing_member_count"": 1, ""raw_plant_ids_preview"": [""279""], ""source_compound_keys_preview"": [""1ac7c53eb7b652561e3197e5b5031257bfbce89ac09ef82d5bef6e266226512d""]}"
cmprev_cb8469c4f99b8621,cmpcand_b60048a5e5b66c23,df0bdf82-3d4e-5819-9a55-73880a748405,inchi::RPGWAGOTDRYEAD-RMKNXTFCSA-N,ready,conflict,130,,60d9183b22ff0b387d2e324e9418287702450a1275d8f0d9e141061c044289a5,130,PubChem,2026-05-24T15:03:22.416335+00:00,2026-05-24T15:03:22.416335+00:00,unmapped_plant_reference,member_map_missing_canonical_plant_id,"{""candidate_id"": ""cmpcand_b60048a5e5b66c23"", ""compound_id"": ""df0bdf82-3d4e-5819-9a55-73880a748405"", ""member_count"": 1, ""member_ids_preview"": [""cmpcandm_25001ab56f87c5bb""], ""missing_member_count"": 1, ""raw_plant_ids_preview"": [""130""], ""source_compound_keys_preview"": [""60d9183b22ff0b387d2e324e9418287702450a1275d8f0d9e141061c044289a5""]}"
cmprev_1a92175b063eb5f2,cmpcand_b6455ed7d4f148b5,f017b529-af6b-5000-9e82-1aba94c7f1f6,inchi::FDRQPMVGJOQVTL-KWCIEBTJSA-N,ready,conflict,290,,1c1e32776895b6588133eeae5310190e017c063176ac0911c70829697fd8652e,290,PubChem,2026-05-24T15:09:09.656603+00:00,2026-05-24T15:09:09.656603+00:00,unmapped_plant_reference,member_map_missing_canonical_plant_id,"{""candidate_id"": ""cmpcand_b6455ed7d4f148b5"", ""compound_id"": ""f017b529-af6b-5000-9e82-1aba94c7f1f6"", ""member_count"": 1, ""member_ids_preview"": [""cmpcandm_54b0c2e633960c67""], ""missing_member_count"": 1, ""raw_plant_ids_preview"": [""290""], ""source_compound_keys_preview"": [""1c1e32776895b6588133eeae5310190e017c063176ac0911c70829697fd8652e""]}"
cmprev_8f624520601f49ee,cmpcand_b6cbf7e0d2e5fab8,b3d9e57d-c93d-5d59-81f5-74f922ad2ccb,inchi::NPNNKDMSXVRADT-WEVVVXLNSA-N,ready,conflict,507,,6f3f0a9b48d11a19ba98270123162ac8f103c7f64ed878ff4933c97ec4f35e66,507,ChEMBL,2026-05-24T15:07:51.667813+00:00,2026-05-24T15:07:51.667813+00:00,unmapped_plant_reference,member_map_missing_canonical_plant_id,"{""candidate_id"": ""cmpcand_b6cbf7e0d2e5fab8"", ""compound_id"": ""b3d9e57d-c93d-5d59-81f5-74f922ad2ccb"", ""member_count"": 1, ""member_ids_preview"": [""cmpcandm_04b17ebb3fd11c6b""], ""missing_member_count"": 1, ""raw_plant_ids_preview"": [""507""], ""source_compound_keys_preview"": [""6f3f0a9b48d11a19ba98270123162ac8f103c7f64ed878ff4933c97ec4f35e66""]}"
cmprev_12f1a75b87493397,cmpcand_b6faa11300e73e91,bb6c9777-3abd-5232-9906-82b7360b69d6,inchi::SGEWCQFRYRRZDC-VPRICQMDSA-N,ready,conflict,295,,0055334ca2f86d9fa7a06a561e0544fb0726a8fc2f391d8e25bcda78f6a8adc8,295;180,ChEMBL,2026-05-24T15:06:01.260927+00:00,2026-05-24T15:06:01.260927+00:00,unmapped_plant_reference,member_map_missing_canonical_plant_id,"{""candidate_id"": ""cmpcand_b6faa11300e73e91"", ""compound_id"": ""bb6c9777-3abd-5232-9906-82b7360b69d6"", ""member_count"": 2, ""member_ids_preview"": [""cmpcandm_da86343ecb59bf35"", ""cmpcandm_41a738756884389f""], ""missing_member_count"": 2, ""raw_plant_ids_preview"": [""295"", ""180""], ""source_compound_keys_preview"": [""0055334ca2f86d9fa7a06a561e0544fb0726a8fc2f391d8e25bcda78f6a8adc8"", ""07604bfbcd8aa501e5b3a608d7fe0427f5e950c47f8fe6e91ab76254afceafd5""]}"
cmprev_76f8839f6bfb4113,cmpcand_b70fa531408420de,5ff00320-53dc-5687-9e7c-fe43467f48a5,inchi::BQOFWKZOCNGFEC-UHFFFAOYSA-N,ready,conflict,290,,6a5b8fe40e9fc0ad69e1219e4984b343c57aafb2bed9f8586090e23abc2e8939,290,ChEMBL,2026-05-24T15:03:35.082031+00:00,2026-05-24T15:03:35.082031+00:00,unmapped_plant_reference,member_map_missing_canonical_plant_id,"{""candidate_id"": ""cmpcand_b70fa531408420de"", ""compound_id"": ""5ff00320-53dc-5687-9e7c-fe43467f48a5"", ""member_count"": 1, ""member_ids_preview"": [""cmpcandm_28723de4c3fe4beb""], ""missing_member_count"": 1, ""raw_plant_ids_preview"": [""290""], ""source_compound_keys_preview"": [""6a5b8fe40e9fc0ad69e1219e4984b343c57aafb2bed9f8586090e23abc2e8939""]}"
cmprev_cf424f6a987c9296,cmpcand_b73120dff4298491,bf084223-77d7-5d6b-ad2d-0405cfb57931,inchi::HDHRTQZSBFUBMJ-UHFFFAOYSA-N,ready,conflict,52,,06d907dca2382ee4912083bbcfdbe3b6b73d705f6c7746c2db45b6d36f6f7648,52,ChEMBL,2026-05-24T15:03:28.332159+00:00,2026-05-24T15:03:28.332159+00:00,unmapped_plant_reference,member_map_missing_canonical_plant_id,"{""candidate_id"": ""cmpcand_b73120dff4298491"", ""compound_id"": ""bf084223-77d7-5d6b-ad2d-0405cfb57931"", ""member_count"": 1, ""member_ids_preview"": [""cmpcandm_41ccb8173e5d091a""], ""missing_member_count"": 1, ""raw_plant_ids_preview"": [""52""], ""source_compound_keys_preview"": [""06d907dca2382ee4912083bbcfdbe3b6b73d705f6c7746c2db45b6d36f6f7648""]}"
cmprev_26c010977da08067,cmpcand_b7956f012aa0da87,322a99f1-4eb5-5b46-9831-5b46f10c1d5d,inchi::MQYXUWHLBZFQQO-QGTGJCAVSA-N,ready,conflict,341,,b76fb9492bc5ada1a8454c77fca264d158acfd127700084a5042f0d70d67ec8f,341,ChEMBL,2026-05-24T15:07:03.354809+00:00,2026-05-24T15:07:03.354809+00:00,unmapped_plant_reference,member_map_missing_canonical_plant_id,"{""candidate_id"": ""cmpcand_b7956f012aa0da87"", ""compound_id"": ""322a99f1-4eb5-5b46-9831-5b46f10c1d5d"", ""member_count"": 1, ""member_ids_preview"": [""cmpcandm_d158479b5be86916""], ""missing_member_count"": 1, ""raw_plant_ids_preview"": [""341""], ""source_compound_keys_preview"": [""b76fb9492bc5ada1a8454c77fca264d158acfd127700084a5042f0d70d67ec8f""]}"
cmprev_4a04464e41f9f8e7,cmpcand_b81d3a8583006f7c,f6e15203-c553-5a08-b178-dd1f14a70a4b,inchi::BJEPYKJPYRNKOW-UHFFFAOYSA-N,ready,conflict,155,,430e6a0b88fc75b6805a299ca4e43be7acf8bc0d812205d4a0822932d641ce6c,155,ChEMBL,2026-05-24T15:07:59.146694+00:00,2026-05-24T15:07:59.146694+00:00,unmapped_plant_reference,member_map_missing_canonical_plant_id,"{""candidate_id"": ""cmpcand_b81d3a8583006f7c"", ""compound_id"": ""f6e15203-c553-5a08-b178-dd1f14a70a4b"", ""member_count"": 1, ""member_ids_preview"": [""cmpcandm_010fbd7bb5402d46""], ""missing_member_count"": 1, ""raw_plant_ids_preview"": [""155""], ""source_compound_keys_preview"": [""430e6a0b88fc75b6805a299ca4e43be7acf8bc0d812205d4a0822932d641ce6c""]}"
cmprev_8c1cf1e4b89441bc,cmpcand_b8499d39f578ff3f,1bd53064-dffc-5947-b398-cab8117051a8,inchi::BFJKMUCCEXLIBD-UHFFFAOYSA-N,ready,conflict,398,,299e6b59645d7686898ed440f381049bd65e6e8a76e81232a451b193cf8ee434,398,ChEMBL,2026-05-24T15:09:12.755129+00:00,2026-05-24T15:09:12.755129+00:00,unmapped_plant_reference,member_map_missing_canonical_plant_id,"{""candidate_id"": ""cmpcand_b8499d39f578ff3f"", ""compound_id"": ""1bd53064-dffc-5947-b398-cab8117051a8"", ""member_count"": 1, ""member_ids_preview"": [""cmpcandm_c8d06aec8d4bbd19""], ""missing_member_count"": 1, ""raw_plant_ids_preview"": [""398""], ""source_compound_keys_preview"": [""299e6b59645d7686898ed440f381049bd65e6e8a76e81232a451b193cf8ee434""]}"
cmprev_1d20821cd029f1a1,cmpcand_b8992b314254f540,3715bdcd-af16-5048-84a6-4ad047202ec1,inchi::RHMXXJGYXNZAPX-UHFFFAOYSA-N,ready,conflict,107,,8a236cf4aea732afebf0031fb0b97f97d6b2c61a4f7023f4e2684ac9430a71d8,107;100,ChEMBL,2026-05-24T15:06:50.150794+00:00,2026-05-24T15:06:50.150794+00:00,unmapped_plant_reference,member_map_missing_canonical_plant_id,"{""candidate_id"": ""cmpcand_b8992b314254f540"", ""compound_id"": ""3715bdcd-af16-5048-84a6-4ad047202ec1"", ""member_count"": 2, ""member_ids_preview"": [""cmpcandm_f32ef92e51a189f1"", ""cmpcandm_bac3a65e4e8cbb92""], ""missing_member_count"": 2, ""raw_plant_ids_preview"": [""107"", ""100""], ""source_compound_keys_preview"": [""8a236cf4aea732afebf0031fb0b97f97d6b2c61a4f7023f4e2684ac9430a71d8"", ""7026547f24d26fa938cea7c18777592646af5d0d48b238f783eb0503dfba6ef0""]}"
cmprev_bdde3218b80770d2,cmpcand_b89c64ea43d10085,b97482ac-2bdf-5a72-80e4-91446b621529,inchi::WHUUTDBJXJRKMK-VKHMYHEASA-N,ready,conflict,155,,057093dc879359223fe6ad3603fe79c22be0d1dd8fb71d851ce8679bc803bb44,155,ChEMBL,2026-05-24T15:07:13.536124+00:00,2026-05-24T15:07:13.536124+00:00,unmapped_plant_reference,member_map_missing_canonical_plant_id,"{""candidate_id"": ""cmpcand_b89c64ea43d10085"", ""compound_id"": ""b97482ac-2bdf-5a72-80e4-91446b621529"", ""member_count"": 1, ""member_ids_preview"": [""cmpcandm_783c0b659517c148""], ""missing_member_count"": 1, ""raw_plant_ids_preview"": [""155""], ""source_compound_keys_preview"": [""057093dc879359223fe6ad3603fe79c22be0d1dd8fb71d851ce8679bc803bb44""]}"
cmprev_781052e57be037a1,cmpcand_b8d97f746d5841a3,23ac42cc-f830-5d0d-8057-9bbbb868bed6,inchi::DXTYYNIKCKARPP-UXIGCNINSA-N,ready,conflict,194,,3701d76529191d3cf2a06273214424f1fe6c81ed25bdf6d33586d00c6f66a397,194,ChEMBL,2026-05-24T15:05:40.278391+00:00,2026-05-24T15:05:40.278391+00:00,unmapped_plant_reference,member_map_missing_canonical_plant_id,"{""candidate_id"": ""cmpcand_b8d97f746d5841a3"", ""compound_id"": ""23ac42cc-f830-5d0d-8057-9bbbb868bed6"", ""member_count"": 1, ""member_ids_preview"": [""cmpcandm_99dd81f7ce5d4a5d""], ""missing_member_count"": 1, ""raw_plant_ids_preview"": [""194""], ""source_compound_keys_preview"": [""3701d76529191d3cf2a06273214424f1fe6c81ed25bdf6d33586d00c6f66a397""]}"
cmprev_b8bf2dc4b96eb537,cmpcand_b978121cd22f6c21,b4d9aac2-01d8-59c9-91a2-17d5b0e91ded,inchi::HYKMWLWHCAPOKZ-AYPGYIBWSA-N,ready,conflict,120,,eedc355b30a7110d9ba907e6a588f364e6704f0aa139cb7491c1a406bc7ef694,120,PubChem,2026-05-24T15:08:38.655611+00:00,2026-05-24T15:08:38.655611+00:00,unmapped_plant_reference,member_map_missing_canonical_plant_id,"{""candidate_id"": ""cmpcand_b978121cd22f6c21"", ""compound_id"": ""b4d9aac2-01d8-59c9-91a2-17d5b0e91ded"", ""member_count"": 1, ""member_ids_preview"": [""cmpcandm_0947538ef9bcd97a""], ""missing_member_count"": 1, ""raw_plant_ids_preview"": [""120""], ""source_compound_keys_preview"": [""eedc355b30a7110d9ba907e6a588f364e6704f0aa139cb7491c1a406bc7ef694""]}"
cmprev_30078563acfc5362,cmpcand_b9bbfcaa38a090bc,f5312a78-1866-50ba-807f-95ce933318d1,inchi::KZJWDPNRJALLNS-VJSFXXLFSA-N,ready,conflict,341,,f435e88ee0146a1899ca4021bc8908353d11de0f4d2412f83036440c70aa8fda,341;531;139,ChEMBL,2026-05-24T15:08:35.458017+00:00,2026-05-24T15:08:35.458017+00:00,unmapped_plant_reference,member_map_missing_canonical_plant_id,"{""candidate_id"": ""cmpcand_b9bbfcaa38a090bc"", ""compound_id"": ""f5312a78-1866-50ba-807f-95ce933318d1"", ""member_count"": 3, ""member_ids_preview"": [""cmpcandm_25602fad0b432f05"", ""cmpcandm_da912629fd8a28aa"", ""cmpcandm_74a34903da847a87""], ""missing_member_count"": 3, ""raw_plant_ids_preview"": [""341"", ""531"", ""139""], ""source_compound_keys_preview"": [""f435e88ee0146a1899ca4021bc8908353d11de0f4d2412f83036440c70aa8fda"", ""9af4a68d67b1a12320356a40bc69c8b7159bf73ef709ca61195fefc63cf9cd9b"", ""6631b6e4c29b2abf4abc446f134cfcd21f96afec599be746fd91d8951cc78ae8""]}"
cmprev_afd4ca1d200ab5a2,cmpcand_ba010ecc456e1f8e,fd0535a5-b769-5967-af64-58b86d7679cc,inchi::OYCOUDKDRFJOCP-UHFFFAOYSA-N,ready,conflict,76,,e3e698004e04197a5ad47a7d9c6f2e526f6f7e0a3a12990bec1fc92da706d553,76,ChEMBL,2026-05-24T15:08:03.301344+00:00,2026-05-24T15:08:03.301344+00:00,unmapped_plant_reference,member_map_missing_canonical_plant_id,"{""candidate_id"": ""cmpcand_ba010ecc456e1f8e"", ""compound_id"": ""fd0535a5-b769-5967-af64-58b86d7679cc"", ""member_count"": 1, ""member_ids_preview"": [""cmpcandm_8df9437d00863296""], ""missing_member_count"": 1, ""raw_plant_ids_preview"": [""76""], ""source_compound_keys_preview"": [""e3e698004e04197a5ad47a7d9c6f2e526f6f7e0a3a12990bec1fc92da706d553""]}"
cmprev_cea82f810d005177,cmpcand_ba08a41195370e6c,e667788f-cb5a-52bc-a08c-e4e0bafe1195,inchi::DZGWFCGJZKJUFP-UHFFFAOYSA-N,ready,conflict,347,,d1887e8ab85adbf92bcbc5ff1312d4b4da78210a96fa64a229fd33c88cb26971,347;180,ChEMBL,2026-05-24T15:06:49.238345+00:00,2026-05-24T15:06:49.238345+00:00,unmapped_plant_reference,member_map_missing_canonical_plant_id,"{""candidate_id"": ""cmpcand_ba08a41195370e6c"", ""compound_id"": ""e667788f-cb5a-52bc-a08c-e4e0bafe1195"", ""member_count"": 2, ""member_ids_preview"": [""cmpcandm_d93c4389b8839268"", ""cmpcandm_67e658c0f21fda97""], ""missing_member_count"": 2, ""raw_plant_ids_preview"": [""347"", ""180""], ""source_compound_keys_preview"": [""d1887e8ab85adbf92bcbc5ff1312d4b4da78210a96fa64a229fd33c88cb26971"", ""dbfaaa3ed3d97fc7d982c833a81b76d19fb3b758a44bae8b1c0ea9ff6982036b""]}"
cmprev_810e5a2be1f9f73a,cmpcand_ba1bc58093e728c0,89b7ef5b-2f45-5c28-bdc3-1875073d82d7,inchi::CWVRJTMFETXNAD-JUHZACGLSA-N,ready,conflict,502,,dd8043541bfbe4d1045494cbedf64c9c240d5be4d6d5b237ce3e57e00426b784,502;341,PubChem,2026-05-24T15:05:45.388261+00:00,2026-05-24T15:05:45.388261+00:00,unmapped_plant_reference,member_map_missing_canonical_plant_id,"{""candidate_id"": ""cmpcand_ba1bc58093e728c0"", ""compound_id"": ""89b7ef5b-2f45-5c28-bdc3-1875073d82d7"", ""member_count"": 2, ""member_ids_preview"": [""cmpcandm_d2a7cee7c1d61629"", ""cmpcandm_f4a730bd1c994a9c""], ""missing_member_count"": 2, ""raw_plant_ids_preview"": [""502"", ""341""], ""source_compound_keys_preview"": [""dd8043541bfbe4d1045494cbedf64c9c240d5be4d6d5b237ce3e57e00426b784"", ""a9dcac7aad11e1bdf52438a932c277b2109837efff9326fdaf2bdec395398624""]}"
cmprev_68fbf1982bc6ee50,cmpcand_ba356255c4b06201,af0bfa27-a460-5608-a556-0732324de50f,inchi::RVMPLOSJMIQORE-FUAAEJBOSA-N,ready,conflict,322,,8fd0f3fbcc96c46ba27e3a03b61157556478cf3fc61cc6e4db0f5a3e2fea9b7b,322,ChEMBL,2026-05-24T15:07:30.378264+00:00,2026-05-24T15:07:30.378264+00:00,unmapped_plant_reference,member_map_missing_canonical_plant_id,"{""candidate_id"": ""cmpcand_ba356255c4b06201"", ""compound_id"": ""af0bfa27-a460-5608-a556-0732324de50f"", ""member_count"": 1, ""member_ids_preview"": [""cmpcandm_27b7904f695cf9fd""], ""missing_member_count"": 1, ""raw_plant_ids_preview"": [""322""], ""source_compound_keys_preview"": [""8fd0f3fbcc96c46ba27e3a03b61157556478cf3fc61cc6e4db0f5a3e2fea9b7b""]}"
cmprev_92fc561451e09f8d,cmpcand_ba9f148e032564e4,26a1d591-f05d-5bba-8327-cec907143416,inchi::RCXORQWZHHYMBR-WMHPZHBYSA-N,ready,conflict,347,,35b9b4d51e0c58deb2fdbbd6262f1b3a0e07b1a9577c24e751085285448b7da1,347,ChEMBL,2026-05-24T15:05:39.005199+00:00,2026-05-24T15:05:39.005199+00:00,unmapped_plant_reference,member_map_missing_canonical_plant_id,"{""candidate_id"": ""cmpcand_ba9f148e032564e4"", ""compound_id"": ""26a1d591-f05d-5bba-8327-cec907143416"", ""member_count"": 1, ""member_ids_preview"": [""cmpcandm_6c839a2f5ce517d6""], ""missing_member_count"": 1, ""raw_plant_ids_preview"": [""347""], ""source_compound_keys_preview"": [""35b9b4d51e0c58deb2fdbbd6262f1b3a0e07b1a9577c24e751085285448b7da1""]}"
cmprev_fbfd17a962397487,cmpcand_baa0cb3671186e0a,bc623ea6-9e84-5163-b77c-130ed33e8f7d,inchi::XARTTWLFBGJXMU-WOQWDUHQSA-N,ready,conflict,313,,8eafa6e29ad50e0ca5caab44fce4acb31703c8af41e27136d62eb7839184a9ce,313,PubChem,2026-05-24T15:04:50.825103+00:00,2026-05-24T15:04:50.825103+00:00,unmapped_plant_reference,member_map_missing_canonical_plant_id,"{""candidate_id"": ""cmpcand_baa0cb3671186e0a"", ""compound_id"": ""bc623ea6-9e84-5163-b77c-130ed33e8f7d"", ""member_count"": 1, ""member_ids_preview"": [""cmpcandm_f73c1d7340f63fe5""], ""missing_member_count"": 1, ""raw_plant_ids_preview"": [""313""], ""source_compound_keys_preview"": [""8eafa6e29ad50e0ca5caab44fce4acb31703c8af41e27136d62eb7839184a9ce""]}"
cmprev_33098b09f476ba33,cmpcand_bb0a3a4d3e9bdbe7,7592ac07-c6b5-5a95-92c2-6d8ead5f3d56,inchi::WMBWREPUVVBILR-WIYYLYMNSA-N,ready,conflict,502,,f92448fee900c6891a96aa1f901693c3ee3e93fa4d1282db87e829513370ae1d,502,ChEMBL,2026-05-24T15:09:19.866039+00:00,2026-05-24T15:09:19.866039+00:00,unmapped_plant_reference,member_map_missing_canonical_plant_id,"{""candidate_id"": ""cmpcand_bb0a3a4d3e9bdbe7"", ""compound_id"": ""7592ac07-c6b5-5a95-92c2-6d8ead5f3d56"", ""member_count"": 1, ""member_ids_preview"": [""cmpcandm_d2685fc0fe6cd9b2""], ""missing_member_count"": 1, ""raw_plant_ids_preview"": [""502""], ""source_compound_keys_preview"": [""f92448fee900c6891a96aa1f901693c3ee3e93fa4d1282db87e829513370ae1d""]}"
cmprev_d60781fcace15ba7,cmpcand_bb4fe7ef0070d35b,cba54165-fce6-595f-8b5e-e2639c694062,inchi::AADVZSXPNRLYLV-IIIYPXSQSA-N,ready,conflict,429,,53a87e0c3b2fd596299e56e5466eef86d8411887db6e2197e353aeb9650f4cd1,429,ChEMBL,2026-05-24T15:06:31.298642+00:00,2026-05-24T15:06:31.298642+00:00,unmapped_plant_reference,member_map_missing_canonical_plant_id,"{""candidate_id"": ""cmpcand_bb4fe7ef0070d35b"", ""compound_id"": ""cba54165-fce6-595f-8b5e-e2639c694062"", ""member_count"": 1, ""member_ids_preview"": [""cmpcandm_fffeccef5d50b85c""], ""missing_member_count"": 1, ""raw_plant_ids_preview"": [""429""], ""source_compound_keys_preview"": [""53a87e0c3b2fd596299e56e5466eef86d8411887db6e2197e353aeb9650f4cd1""]}"
cmprev_17ba363bb3deacbf,cmpcand_bb80e01ac3b420e0,382ae7ac-a625-5e86-9654-d508e74568bd,inchi::CPAGSUNLIDWNFJ-RROIOPCCSA-N,ready,conflict,120,,c83e46f7f007537086ab1659419305d13ee0ee474fcd867cb80365771193eac2,120,ChEMBL,2026-05-24T15:03:06.140585+00:00,2026-05-24T15:03:06.140585+00:00,unmapped_plant_reference,member_map_missing_canonical_plant_id,"{""candidate_id"": ""cmpcand_bb80e01ac3b420e0"", ""compound_id"": ""382ae7ac-a625-5e86-9654-d508e74568bd"", ""member_count"": 1, ""member_ids_preview"": [""cmpcandm_37c778bcea40db09""], ""missing_member_count"": 1, ""raw_plant_ids_preview"": [""120""], ""source_compound_keys_preview"": [""c83e46f7f007537086ab1659419305d13ee0ee474fcd867cb80365771193eac2""]}"
cmprev_1b4b649c523409b5,cmpcand_bb8446bb74a240eb,515d5c7d-9c75-559b-a6d5-51a8fe9a93b8,inchi::BWMMHCUVAKMATG-LRTRCRMZSA-N,ready,conflict,83,,6d41613353167c15266a64b7094b4ad3eb4c8812dbf5a606e247e73fd349124a,83,ChEMBL,2026-05-24T15:08:31.554782+00:00,2026-05-24T15:08:31.554782+00:00,unmapped_plant_reference,member_map_missing_canonical_plant_id,"{""candidate_id"": ""cmpcand_bb8446bb74a240eb"", ""compound_id"": ""515d5c7d-9c75-559b-a6d5-51a8fe9a93b8"", ""member_count"": 1, ""member_ids_preview"": [""cmpcandm_4dcf345c91976c15""], ""missing_member_count"": 1, ""raw_plant_ids_preview"": [""83""], ""source_compound_keys_preview"": [""6d41613353167c15266a64b7094b4ad3eb4c8812dbf5a606e247e73fd349124a""]}"
cmprev_145e149e94b0864f,cmpcand_bba7d9964ec1ea3b,48f4a463-b8fc-571d-adc4-0f251bc38e79,inchi::IJJFGJIZGZSCBF-LMFPGIEDSA-N,ready,conflict,82,,2b7682c4f38f57580335436c73e5fdde65afc02745de4215ffa2e38dafc118b4,82,ChEMBL,2026-05-24T15:03:21.197573+00:00,2026-05-24T15:03:21.197573+00:00,unmapped_plant_reference,member_map_missing_canonical_plant_id,"{""candidate_id"": ""cmpcand_bba7d9964ec1ea3b"", ""compound_id"": ""48f4a463-b8fc-571d-adc4-0f251bc38e79"", ""member_count"": 1, ""member_ids_preview"": [""cmpcandm_a78ac6b3af4f1869""], ""missing_member_count"": 1, ""raw_plant_ids_preview"": [""82""], ""source_compound_keys_preview"": [""2b7682c4f38f57580335436c73e5fdde65afc02745de4215ffa2e38dafc118b4""]}"
cmprev_14e4cc6697a946c0,cmpcand_bbf981e673aac284,acd24875-07f6-5786-82ad-02553a462d9a,inchi::PMXJDMUVTFCSPF-ISXJYUQQSA-N,ready,conflict,52,,1f89242da183ab2c4a30f22af0c3c9d9e63f1fd7949531688e349f0ee5c100a3,52,ChEMBL,2026-05-24T15:04:49.998612+00:00,2026-05-24T15:04:49.998612+00:00,unmapped_plant_reference,member_map_missing_canonical_plant_id,"{""candidate_id"": ""cmpcand_bbf981e673aac284"", ""compound_id"": ""acd24875-07f6-5786-82ad-02553a462d9a"", ""member_count"": 2, ""member_ids_preview"": [""cmpcandm_d93ec605c2276fc9"", ""cmpcandm_418e8cf72271e137""], ""missing_member_count"": 2, ""raw_plant_ids_preview"": [""52""], ""source_compound_keys_preview"": [""1f89242da183ab2c4a30f22af0c3c9d9e63f1fd7949531688e349f0ee5c100a3"", ""8a9416d12c8e740c2070e130a56dac4d43e1061f5d9201fb05d0761a323b8e0b""]}"
cmprev_bcfac0218e3aa510,cmpcand_bc0e8a4233ed7dcd,dfdc613d-4dd4-5637-ba6e-305d0ecda82a,inchi::MMKQEVQTCAAXTI-FZKQIMNGSA-N,ready,conflict,120,,140863de582fae27c246a43edfa7ce6b383f8e8205c11dade28876d0333435ef,120,PubChem,2026-05-24T15:08:50.316644+00:00,2026-05-24T15:08:50.316644+00:00,unmapped_plant_reference,member_map_missing_canonical_plant_id,"{""candidate_id"": ""cmpcand_bc0e8a4233ed7dcd"", ""compound_id"": ""dfdc613d-4dd4-5637-ba6e-305d0ecda82a"", ""member_count"": 1, ""member_ids_preview"": [""cmpcandm_ea1d40427be971d4""], ""missing_member_count"": 1, ""raw_plant_ids_preview"": [""120""], ""source_compound_keys_preview"": [""140863de582fae27c246a43edfa7ce6b383f8e8205c11dade28876d0333435ef""]}"
cmprev_008cc38b4db59f1c,cmpcand_bcb95233ee458647,56e411a0-7f33-5411-9dec-b85aec246257,inchi::ZXPADFNEYYDQFL-UHFFFAOYSA-N,ready,conflict,290,,36600e64f6e71550945d4c1d4891e893886fa3d8aed1194eec62560a28ceb0ee,290,ChEMBL,2026-05-24T15:06:20.368243+00:00,2026-05-24T15:06:20.368243+00:00,unmapped_plant_reference,member_map_missing_canonical_plant_id,"{""candidate_id"": ""cmpcand_bcb95233ee458647"", ""compound_id"": ""56e411a0-7f33-5411-9dec-b85aec246257"", ""member_count"": 1, ""member_ids_preview"": [""cmpcandm_664e8f2cddbf7c5d""], ""missing_member_count"": 1, ""raw_plant_ids_preview"": [""290""], ""source_compound_keys_preview"": [""36600e64f6e71550945d4c1d4891e893886fa3d8aed1194eec62560a28ceb0ee""]}"
cmprev_ae27858a456604ce,cmpcand_bcdb45f578c4f5db,519c63bd-ca9e-5884-b3aa-61eba55095c7,inchi::UCMIRNVEIXFBKS-UHFFFAOYSA-N,ready,conflict,155,,8f9d609752735ad930165bde5438f471c483815fb311a038f1ace3d2b9b312af,155,ChEMBL,2026-05-24T15:02:32.910813+00:00,2026-05-24T15:02:32.910813+00:00,unmapped_plant_reference,member_map_missing_canonical_plant_id,"{""candidate_id"": ""cmpcand_bcdb45f578c4f5db"", ""compound_id"": ""519c63bd-ca9e-5884-b3aa-61eba55095c7"", ""member_count"": 1, ""member_ids_preview"": [""cmpcandm_51efd1a66ab3456a""], ""missing_member_count"": 1, ""raw_plant_ids_preview"": [""155""], ""source_compound_keys_preview"": [""8f9d609752735ad930165bde5438f471c483815fb311a038f1ace3d2b9b312af""]}"
cmprev_f9ac4ba3376947df,cmpcand_bd6abfa8eec1a7de,1142f192-b505-5e47-9be5-3d8027932ab0,inchi::HFPZCAJZSCWRBC-UHFFFAOYSA-N,ready,conflict,341,,eb02cd95feaa8bfb7e533cbacac378733896b2a8578b42fc59bcfb473d347605,341,ChEMBL,2026-05-24T15:09:21.253738+00:00,2026-05-24T15:09:21.253738+00:00,unmapped_plant_reference,member_map_missing_canonical_plant_id,"{""candidate_id"": ""cmpcand_bd6abfa8eec1a7de"", ""compound_id"": ""1142f192-b505-5e47-9be5-3d8027932ab0"", ""member_count"": 1, ""member_ids_preview"": [""cmpcandm_b92f4e12334ce7de""], ""missing_member_count"": 1, ""raw_plant_ids_preview"": [""341""], ""source_compound_keys_preview"": [""eb02cd95feaa8bfb7e533cbacac378733896b2a8578b42fc59bcfb473d347605""]}"
cmprev_e1958c5f21fd22a1,cmpcand_bde783824edb75c3,fa91b670-f2c1-5df5-9af5-f0babf29e0e0,inchi::QMZMTFLDQTWANC-UHFFFAOYSA-N,ready,conflict,82,,4bee86858778ba8b610cf3c8c847fb4dc8816c108e539bef28539f1d24895630,82,PubChem,2026-05-24T15:05:07.651803+00:00,2026-05-24T15:05:07.651803+00:00,unmapped_plant_reference,member_map_missing_canonical_plant_id,"{""candidate_id"": ""cmpcand_bde783824edb75c3"", ""compound_id"": ""fa91b670-f2c1-5df5-9af5-f0babf29e0e0"", ""member_count"": 1, ""member_ids_preview"": [""cmpcandm_640f41f61093bcf5""], ""missing_member_count"": 1, ""raw_plant_ids_preview"": [""82""], ""source_compound_keys_preview"": [""4bee86858778ba8b610cf3c8c847fb4dc8816c108e539bef28539f1d24895630""]}"
cmprev_62319f9c37eccd73,cmpcand_be317beaab991aa5,05914cd4-7327-529e-8b5f-d53fb58d8c1b,inchi::IKGXIBQEEMLURG-NVPNHPEKSA-N,ready,conflict,341,,27fba79b39d2715353315eaf9a962028b3176fbb0891ab7016c16405eaa8ed78,341,ChEMBL,2026-05-24T15:04:01.531871+00:00,2026-05-24T15:04:01.531871+00:00,unmapped_plant_reference,member_map_missing_canonical_plant_id,"{""candidate_id"": ""cmpcand_be317beaab991aa5"", ""compound_id"": ""05914cd4-7327-529e-8b5f-d53fb58d8c1b"", ""member_count"": 1, ""member_ids_preview"": [""cmpcandm_69a418dc845342f0""], ""missing_member_count"": 1, ""raw_plant_ids_preview"": [""341""], ""source_compound_keys_preview"": [""27fba79b39d2715353315eaf9a962028b3176fbb0891ab7016c16405eaa8ed78""]}"
cmprev_129f9c3c15e4aa4c,cmpcand_be9a484c149aaf35,0957186e-3185-54fe-a733-e013a5b92530,inchi::BORWSEZUWHQTOK-UHFFFAOYSA-N,ready,conflict,290,,214af2b46b5168f048de5c187d24dbebb7521ff4af309199e7a19b3c96a30e64,290,ChEMBL,2026-05-24T15:06:36.963469+00:00,2026-05-24T15:06:36.963469+00:00,unmapped_plant_reference,member_map_missing_canonical_plant_id,"{""candidate_id"": ""cmpcand_be9a484c149aaf35"", ""compound_id"": ""0957186e-3185-54fe-a733-e013a5b92530"", ""member_count"": 1, ""member_ids_preview"": [""cmpcandm_58ebbfaba01c3b19""], ""missing_member_count"": 1, ""raw_plant_ids_preview"": [""290""], ""source_compound_keys_preview"": [""214af2b46b5168f048de5c187d24dbebb7521ff4af309199e7a19b3c96a30e64""]}"
cmprev_e229b866ac9ba740,cmpcand_bec43593b029a99a,d980bea0-e714-522b-b66a-2e97bcd68812,inchi::BHDBRCJCCXGBOF-GCFMLEDASA-N,ready,conflict,52,,8380be13eb07525fd53a363dc3ca9110a830bcdedff79ff37337fdfa15313a39,52,ChEMBL,2026-05-24T15:06:15.859081+00:00,2026-05-24T15:06:15.860105+00:00,unmapped_plant_reference,member_map_missing_canonical_plant_id,"{""candidate_id"": ""cmpcand_bec43593b029a99a"", ""compound_id"": ""d980bea0-e714-522b-b66a-2e97bcd68812"", ""member_count"": 1, ""member_ids_preview"": [""cmpcandm_42e88d515efaa5f6""], ""missing_member_count"": 1, ""raw_plant_ids_preview"": [""52""], ""source_compound_keys_preview"": [""8380be13eb07525fd53a363dc3ca9110a830bcdedff79ff37337fdfa15313a39""]}"
cmprev_d980221eec12a98a,cmpcand_bef1b4661dbee3f6,012c47d2-0d73-5066-bf9d-9a6c4082695a,inchi::XXDCTQHRVNTDTI-UHFFFAOYSA-N,ready,conflict,392,,eb176b2b84cea90d00afc1ac82327bf4e3a55c207177cd94777f9bce84fa9817,392,PubChem,2026-05-24T15:07:16.287242+00:00,2026-05-24T15:07:16.287242+00:00,unmapped_plant_reference,member_map_missing_canonical_plant_id,"{""candidate_id"": ""cmpcand_bef1b4661dbee3f6"", ""compound_id"": ""012c47d2-0d73-5066-bf9d-9a6c4082695a"", ""member_count"": 1, ""member_ids_preview"": [""cmpcandm_d26b1d39684c8526""], ""missing_member_count"": 1, ""raw_plant_ids_preview"": [""392""], ""source_compound_keys_preview"": [""eb176b2b84cea90d00afc1ac82327bf4e3a55c207177cd94777f9bce84fa9817""]}"
cmprev_9437f8221090f6f5,cmpcand_bf1cfb9b4766b6ec,88bffc9e-030a-5d9a-a210-21bb7c7751e6,inchi::CTWSWRSNFKNYMF-OUKQBFOZSA-N,ready,conflict,76,,ff2837eea9814364a1b5ce744ce95fe41b1f2d3272b089b603b2081d3c9e49f2,76,ChEMBL,2026-05-24T15:08:32.470072+00:00,2026-05-24T15:08:32.470072+00:00,unmapped_plant_reference,member_map_missing_canonical_plant_id,"{""candidate_id"": ""cmpcand_bf1cfb9b4766b6ec"", ""compound_id"": ""88bffc9e-030a-5d9a-a210-21bb7c7751e6"", ""member_count"": 1, ""member_ids_preview"": [""cmpcandm_c296b9d29e538cdd""], ""missing_member_count"": 1, ""raw_plant_ids_preview"": [""76""], ""source_compound_keys_preview"": [""ff2837eea9814364a1b5ce744ce95fe41b1f2d3272b089b603b2081d3c9e49f2""]}"
cmprev_518ab45e9b05934f,cmpcand_bfa456d0fd5586bf,46b8e760-136e-5958-b5bb-e5e11dd8d42b,inchi::HJFZAYHYIWGLNL-UHFFFAOYSA-N,ready,conflict,139,,bf19b84bd5dd5c2bd18264bb7e276f442d75e095c3dd4c8dc7015cc0e4fab4c7,139,PubChem,2026-05-24T15:02:34.398368+00:00,2026-05-24T15:02:34.398368+00:00,unmapped_plant_reference,member_map_missing_canonical_plant_id,"{""candidate_id"": ""cmpcand_bfa456d0fd5586bf"", ""compound_id"": ""46b8e760-136e-5958-b5bb-e5e11dd8d42b"", ""member_count"": 1, ""member_ids_preview"": [""cmpcandm_6f57480c96c9ac5b""], ""missing_member_count"": 1, ""raw_plant_ids_preview"": [""139""], ""source_compound_keys_preview"": [""bf19b84bd5dd5c2bd18264bb7e276f442d75e095c3dd4c8dc7015cc0e4fab4c7""]}"
cmprev_b523a56c7d94d2dc,cmpcand_bfa559d657ee8014,f408c93c-655f-57e6-9a1e-547ce851e445,inchi::KRGDFVQWQJIMEK-RMKNXTFCSA-N,ready,conflict,52,,639e5ec581c03a41f753a135bf4d3457fdc085710923fa5f28544b19ddd793bc,52,ChEMBL,2026-05-24T15:08:17.246991+00:00,2026-05-24T15:08:17.246991+00:00,unmapped_plant_reference,member_map_missing_canonical_plant_id,"{""candidate_id"": ""cmpcand_bfa559d657ee8014"", ""compound_id"": ""f408c93c-655f-57e6-9a1e-547ce851e445"", ""member_count"": 1, ""member_ids_preview"": [""cmpcandm_f4905403dfffeb52""], ""missing_member_count"": 1, ""raw_plant_ids_preview"": [""52""], ""source_compound_keys_preview"": [""639e5ec581c03a41f753a135bf4d3457fdc085710923fa5f28544b19ddd793bc""]}"
cmprev_9c81422320046395,cmpcand_bfbd257f0bdf49c6,a444624b-582a-501c-b71b-96bdd24b52e5,inchi::LFJQCDVYDGGFCH-UHFFFAOYSA-N,ready,conflict,290,,e2e2b93f825b1e30655983e4c8f511602aacd99f2dc504cc6fc52130295cf89f,290,ChEMBL,2026-05-24T15:07:08.408658+00:00,2026-05-24T15:07:08.408658+00:00,unmapped_plant_reference,member_map_missing_canonical_plant_id,"{""candidate_id"": ""cmpcand_bfbd257f0bdf49c6"", ""compound_id"": ""a444624b-582a-501c-b71b-96bdd24b52e5"", ""member_count"": 2, ""member_ids_preview"": [""cmpcandm_a52dbd6f9df9dbf8"", ""cmpcandm_8d8e86de28ad6a8e""], ""missing_member_count"": 2, ""raw_plant_ids_preview"": [""290""], ""source_compound_keys_preview"": [""e2e2b93f825b1e30655983e4c8f511602aacd99f2dc504cc6fc52130295cf89f"", ""cb1708d3fc5202c1ab7cd0dec54d9c2ec2edd2aa696743a737edc179e3b37d17""]}"
cmprev_f713b6af5744cf16,cmpcand_c02f80a265310b80,992a8d23-fdda-5b4c-b313-9a54f372ddc4,inchi::ODHOTFAKXJWQIS-AKOKCDEWSA-N,ready,conflict,122,,d495ebf31b9f8ebd03a6554216081c894962031537face61d6459c4ecea43856,122,PubChem,2026-05-24T15:09:24.070357+00:00,2026-05-24T15:09:24.070357+00:00,unmapped_plant_reference,member_map_missing_canonical_plant_id,"{""candidate_id"": ""cmpcand_c02f80a265310b80"", ""compound_id"": ""992a8d23-fdda-5b4c-b313-9a54f372ddc4"", ""member_count"": 1, ""member_ids_preview"": [""cmpcandm_bd1b487c8ab6ad3b""], ""missing_member_count"": 1, ""raw_plant_ids_preview"": [""122""], ""source_compound_keys_preview"": [""d495ebf31b9f8ebd03a6554216081c894962031537face61d6459c4ecea43856""]}"
cmprev_55ac193d8fb83984,cmpcand_c05cce3917548b90,f0a000c0-bec5-5041-b246-d470e47b6d20,inchi::XGWIRMWTCWJZPG-YVSMJLQZSA-N,ready,conflict,490,,b6078448339539737665d9c75c7d0abc50f3f7ddaf9a047f564269841dcb6ba0,490,PubChem,2026-05-24T15:07:06.904434+00:00,2026-05-24T15:07:06.904434+00:00,unmapped_plant_reference,member_map_missing_canonical_plant_id,"{""candidate_id"": ""cmpcand_c05cce3917548b90"", ""compound_id"": ""f0a000c0-bec5-5041-b246-d470e47b6d20"", ""member_count"": 1, ""member_ids_preview"": [""cmpcandm_5e3b39b1fa17cd9f""], ""missing_member_count"": 1, ""raw_plant_ids_preview"": [""490""], ""source_compound_keys_preview"": [""b6078448339539737665d9c75c7d0abc50f3f7ddaf9a047f564269841dcb6ba0""]}"
cmprev_2a00dc85e8257355,cmpcand_c1ad1c2b64f317b7,74e037be-7f9c-539c-903d-2492e3b9d150,inchi::AEJXYECTSIURCR-VRYOVLPESA-N,ready,conflict,83,,c354168be6fad46a24226d2cc3e57d986d55a722fb115ba1f153144908542659,83,ChEMBL,2026-05-24T15:08:39.951863+00:00,2026-05-24T15:08:39.951863+00:00,unmapped_plant_reference,member_map_missing_canonical_plant_id,"{""candidate_id"": ""cmpcand_c1ad1c2b64f317b7"", ""compound_id"": ""74e037be-7f9c-539c-903d-2492e3b9d150"", ""member_count"": 1, ""member_ids_preview"": [""cmpcandm_3976fbcc24f4d9d4""], ""missing_member_count"": 1, ""raw_plant_ids_preview"": [""83""], ""source_compound_keys_preview"": [""c354168be6fad46a24226d2cc3e57d986d55a722fb115ba1f153144908542659""]}"
cmprev_0ca10a233f62e129,cmpcand_c1b4daa6106a3047,1d865ecd-cfb5-53e8-aa80-45adedceef18,inchi::SPWPBRRAOLCYQT-FDDVJPDWSA-N,ready,conflict,392,,5e9f2f6c66f86727d53bbc9c0632c925a8092a9e3b0b10664951b498b5656708,392,ChEMBL,2026-05-24T15:09:09.858493+00:00,2026-05-24T15:09:09.858493+00:00,unmapped_plant_reference,member_map_missing_canonical_plant_id,"{""candidate_id"": ""cmpcand_c1b4daa6106a3047"", ""compound_id"": ""1d865ecd-cfb5-53e8-aa80-45adedceef18"", ""member_count"": 1, ""member_ids_preview"": [""cmpcandm_0fec0e66199314e3""], ""missing_member_count"": 1, ""raw_plant_ids_preview"": [""392""], ""source_compound_keys_preview"": [""5e9f2f6c66f86727d53bbc9c0632c925a8092a9e3b0b10664951b498b5656708""]}"
cmprev_4b8d5e6729c9e53e,cmpcand_c1ccd1738f4ce702,6ea4326e-0b00-54fb-aff1-4934130d009d,inchi::XFTRTWQBIOMVPK-UHFFFAOYSA-N,ready,conflict,155,,274f61a5107f7bb50027a90c7c1e2ac8cb800808937c8ad98eb7fbe726e22f47,155,PubChem,2026-05-24T15:07:37.151514+00:00,2026-05-24T15:07:37.151514+00:00,unmapped_plant_reference,member_map_missing_canonical_plant_id,"{""candidate_id"": ""cmpcand_c1ccd1738f4ce702"", ""compound_id"": ""6ea4326e-0b00-54fb-aff1-4934130d009d"", ""member_count"": 1, ""member_ids_preview"": [""cmpcandm_e2a74d4e79e9b4be""], ""missing_member_count"": 1, ""raw_plant_ids_preview"": [""155""], ""source_compound_keys_preview"": [""274f61a5107f7bb50027a90c7c1e2ac8cb800808937c8ad98eb7fbe726e22f47""]}"
cmprev_b67c5cd6c9f42502,cmpcand_c1f0065b5a9ab60b,549443f4-ff04-58c5-a81d-44be76983b64,inchi::RCDPXXDNDCJACU-CNJBRALLSA-N,ready,conflict,341,,c30fbd6862e3618640ddc46a2b440f12a4d9b671397828d5e48fb0dc9b3eb748,341,ChEMBL,2026-05-24T15:03:54.466009+00:00,2026-05-24T15:03:54.466009+00:00,unmapped_plant_reference,member_map_missing_canonical_plant_id,"{""candidate_id"": ""cmpcand_c1f0065b5a9ab60b"", ""compound_id"": ""549443f4-ff04-58c5-a81d-44be76983b64"", ""member_count"": 1, ""member_ids_preview"": [""cmpcandm_d33c703ee2bef749""], ""missing_member_count"": 1, ""raw_plant_ids_preview"": [""341""], ""source_compound_keys_preview"": [""c30fbd6862e3618640ddc46a2b440f12a4d9b671397828d5e48fb0dc9b3eb748""]}"
cmprev_5711b1b90deddc99,cmpcand_c24d7c28eda42330,07775440-39b8-5917-a31a-591cae96efb2,inchi::URFCJEUYXNAHFI-CYBMUJFWSA-N,ready,conflict,76,,85d4dbb1659dc883a819b6f411db49571e4074cfff15ff5940fa465856baeccb,76,ChEMBL,2026-05-24T15:04:51.181526+00:00,2026-05-24T15:04:51.181526+00:00,unmapped_plant_reference,member_map_missing_canonical_plant_id,"{""candidate_id"": ""cmpcand_c24d7c28eda42330"", ""compound_id"": ""07775440-39b8-5917-a31a-591cae96efb2"", ""member_count"": 1, ""member_ids_preview"": [""cmpcandm_799e4c1f023cc424""], ""missing_member_count"": 1, ""raw_plant_ids_preview"": [""76""], ""source_compound_keys_preview"": [""85d4dbb1659dc883a819b6f411db49571e4074cfff15ff5940fa465856baeccb""]}"
cmprev_5b08b02b86067da6,cmpcand_c3474ead952a0638,2fb70ea6-bd01-5042-a16e-394946bbf09f,inchi::BVMRDMUAFYCABS-CXAGYDPISA-N,ready,conflict,120,,d0878e929f5201f31b263d06472a21d0d959f8b890bea6ffa0598eac2738858b,120,PubChem,2026-05-24T15:09:17.530707+00:00,2026-05-24T15:09:17.530707+00:00,unmapped_plant_reference,member_map_missing_canonical_plant_id,"{""candidate_id"": ""cmpcand_c3474ead952a0638"", ""compound_id"": ""2fb70ea6-bd01-5042-a16e-394946bbf09f"", ""member_count"": 1, ""member_ids_preview"": [""cmpcandm_b6d6d418d1dbf315""], ""missing_member_count"": 1, ""raw_plant_ids_preview"": [""120""], ""source_compound_keys_preview"": [""d0878e929f5201f31b263d06472a21d0d959f8b890bea6ffa0598eac2738858b""]}"
cmprev_ea9b8e07b5dbd63b,cmpcand_c411ca9feb2655b3,c618d298-986b-56e4-bd2d-deb2c415b9c2,inchi::RRAFCDWBNXTKKO-UHFFFAOYSA-N,ready,conflict,213,,a77528dbc82552f604bd2478518beac890d92104a0fb87b9a7adccdbd5f14e22,213;341;122,ChEMBL,2026-05-24T15:09:16.796280+00:00,2026-05-24T15:09:16.796280+00:00,unmapped_plant_reference,member_map_missing_canonical_plant_id,"{""candidate_id"": ""cmpcand_c411ca9feb2655b3"", ""compound_id"": ""c618d298-986b-56e4-bd2d-deb2c415b9c2"", ""member_count"": 3, ""member_ids_preview"": [""cmpcandm_c7780cf99cb57a18"", ""cmpcandm_2c436241020a221b"", ""cmpcandm_f9aac82175962060""], ""missing_member_count"": 3, ""raw_plant_ids_preview"": [""213"", ""341"", ""122""], ""source_compound_keys_preview"": [""a77528dbc82552f604bd2478518beac890d92104a0fb87b9a7adccdbd5f14e22"", ""a0aa12f6dd9b2266c525e503962bf406ab647b26c2e56ea1be4e71a31c177350"", ""48782370166bc571b8d4f8dabd521a1382afa9098036cf1c6e5fae755aa6ca5c""]}"
cmprev_7d1194e85723c3e0,cmpcand_c468ef1aa15c6c87,d1cb70cd-b774-5ef3-a903-34abb9e045ad,inchi::UAIRQBGQBHJCJU-WRIGJVMWSA-N,ready,conflict,67,,6c9ed5bfad7de6d68c200824fce77bceeec219073feecbe996510851ee4c9174,67,PubChem,2026-05-24T15:04:12.421787+00:00,2026-05-24T15:04:12.421787+00:00,unmapped_plant_reference,member_map_missing_canonical_plant_id,"{""candidate_id"": ""cmpcand_c468ef1aa15c6c87"", ""compound_id"": ""d1cb70cd-b774-5ef3-a903-34abb9e045ad"", ""member_count"": 1, ""member_ids_preview"": [""cmpcandm_402ee3da9292c996""], ""missing_member_count"": 1, ""raw_plant_ids_preview"": [""67""], ""source_compound_keys_preview"": [""6c9ed5bfad7de6d68c200824fce77bceeec219073feecbe996510851ee4c9174""]}"
cmprev_db84c1399ad72028,cmpcand_c53cdad0d30c9589,d174176f-a1da-509d-9498-e03f62bd8613,inchi::VNCQCPQAMDQEBY-YTJHIPEWSA-N,ready,conflict,279,,9b4e7eb37698d2b8ee439418c3cbea06062ba8163ae3c985b09ed897cfd0a002,279,PubChem,2026-05-24T15:08:00.911897+00:00,2026-05-24T15:08:00.911897+00:00,unmapped_plant_reference,member_map_missing_canonical_plant_id,"{""candidate_id"": ""cmpcand_c53cdad0d30c9589"", ""compound_id"": ""d174176f-a1da-509d-9498-e03f62bd8613"", ""member_count"": 1, ""member_ids_preview"": [""cmpcandm_be6d1dcb16841b4d""], ""missing_member_count"": 1, ""raw_plant_ids_preview"": [""279""], ""source_compound_keys_preview"": [""9b4e7eb37698d2b8ee439418c3cbea06062ba8163ae3c985b09ed897cfd0a002""]}"
cmprev_548e986d8feff5c1,cmpcand_c603d735bcaf6f83,cd798753-ae4c-5a7b-bfbe-0a279b7a3990,inchi::OMBGVKJXIIGRNV-QZQOTICOSA-N,ready,conflict,429,,f66b486934d4ced0fe184d1a2b126e72d8f285aa18ffc2d13aba625d65e06604,429,ChEMBL,2026-05-24T15:04:18.953283+00:00,2026-05-24T15:04:18.953283+00:00,unmapped_plant_reference,member_map_missing_canonical_plant_id,"{""candidate_id"": ""cmpcand_c603d735bcaf6f83"", ""compound_id"": ""cd798753-ae4c-5a7b-bfbe-0a279b7a3990"", ""member_count"": 1, ""member_ids_preview"": [""cmpcandm_c979dc45297234ea""], ""missing_member_count"": 1, ""raw_plant_ids_preview"": [""429""], ""source_compound_keys_preview"": [""f66b486934d4ced0fe184d1a2b126e72d8f285aa18ffc2d13aba625d65e06604""]}"
cmprev_ddf32c7e67144a2c,cmpcand_c603d82ce1ef294b,0e960b10-a754-5621-926b-a3db64b88cc7,inchi::VWWBNOKRESJKKB-QKLQQXTASA-N,ready,conflict,83,,018c8a0b3ee97479211605e11ae14ce84fc9d4914704848334060fcd468afdf8,83,ChEMBL,2026-05-24T15:04:42.675604+00:00,2026-05-24T15:04:42.675604+00:00,unmapped_plant_reference,member_map_missing_canonical_plant_id,"{""candidate_id"": ""cmpcand_c603d82ce1ef294b"", ""compound_id"": ""0e960b10-a754-5621-926b-a3db64b88cc7"", ""member_count"": 1, ""member_ids_preview"": [""cmpcandm_ab251bfbe41aaa51""], ""missing_member_count"": 1, ""raw_plant_ids_preview"": [""83""], ""source_compound_keys_preview"": [""018c8a0b3ee97479211605e11ae14ce84fc9d4914704848334060fcd468afdf8""]}"
cmprev_d8c3a1e3f9eb45da,cmpcand_c6d09e7376fe61f2,c7d1bbd5-b502-5efa-b972-a26a166b9ef0,inchi::WLNDANGOFVYODW-SGZOUITASA-N,ready,conflict,322,,55c87e41d186d759ddf6a0d9fb0f7584cab37e447d7f2c5f897183a1fc3d2ecc,322,ChEMBL,2026-05-24T15:02:52.374937+00:00,2026-05-24T15:02:52.374937+00:00,unmapped_plant_reference,member_map_missing_canonical_plant_id,"{""candidate_id"": ""cmpcand_c6d09e7376fe61f2"", ""compound_id"": ""c7d1bbd5-b502-5efa-b972-a26a166b9ef0"", ""member_count"": 1, ""member_ids_preview"": [""cmpcandm_8eb8496677b809f4""], ""missing_member_count"": 1, ""raw_plant_ids_preview"": [""322""], ""source_compound_keys_preview"": [""55c87e41d186d759ddf6a0d9fb0f7584cab37e447d7f2c5f897183a1fc3d2ecc""]}"
cmprev_e141a88ea59288b7,cmpcand_c6f6e4b81edf0e46,77423609-8d0c-5141-86b4-bc4098e87908,inchi::IWDJIZYURLLLMQ-SNAWJCMRSA-N,ready,conflict,52,,64535d8fb9d6262649c5a688a1f23f2c645fb73a03a9843d2304af89d41e77f0,52,ChEMBL,2026-05-24T15:05:32.720581+00:00,2026-05-24T15:05:32.720581+00:00,unmapped_plant_reference,member_map_missing_canonical_plant_id,"{""candidate_id"": ""cmpcand_c6f6e4b81edf0e46"", ""compound_id"": ""77423609-8d0c-5141-86b4-bc4098e87908"", ""member_count"": 1, ""member_ids_preview"": [""cmpcandm_825fea63545108ff""], ""missing_member_count"": 1, ""raw_plant_ids_preview"": [""52""], ""source_compound_keys_preview"": [""64535d8fb9d6262649c5a688a1f23f2c645fb73a03a9843d2304af89d41e77f0""]}"
cmprev_63773975d921b015,cmpcand_c7411125805e4209,f8f61038-773f-53ae-ba01-288aa3a7118c,inchi::AUVZFRDLRJQTQF-VYLCYAPGSA-N,ready,conflict,490,,464d8263b48eee516943633d8229b539f7f0faddd9a26a3d9fc7f2fb5c44150c,490,PubChem,2026-05-24T15:05:14.754731+00:00,2026-05-24T15:05:14.754731+00:00,unmapped_plant_reference,member_map_missing_canonical_plant_id,"{""candidate_id"": ""cmpcand_c7411125805e4209"", ""compound_id"": ""f8f61038-773f-53ae-ba01-288aa3a7118c"", ""member_count"": 1, ""member_ids_preview"": [""cmpcandm_8670d5b5b9b9236c""], ""missing_member_count"": 1, ""raw_plant_ids_preview"": [""490""], ""source_compound_keys_preview"": [""464d8263b48eee516943633d8229b539f7f0faddd9a26a3d9fc7f2fb5c44150c""]}"
cmprev_5f6eec32c43ce076,cmpcand_c744d4cf484990e0,40a746a4-8f3c-508e-97dc-4d10efbe310f,inchi::JWANJDUXWSJWER-KMCRJJFKSA-N,ready,conflict,502,,5476aab12c97b0ae84907d857ec624495cc8c95aa9118085ef31e08e5a95bc12,502,PubChem,2026-05-24T15:08:22.937567+00:00,2026-05-24T15:08:22.937567+00:00,unmapped_plant_reference,member_map_missing_canonical_plant_id,"{""candidate_id"": ""cmpcand_c744d4cf484990e0"", ""compound_id"": ""40a746a4-8f3c-508e-97dc-4d10efbe310f"", ""member_count"": 1, ""member_ids_preview"": [""cmpcandm_7faeeebd8e74849c""], ""missing_member_count"": 1, ""raw_plant_ids_preview"": [""502""], ""source_compound_keys_preview"": [""5476aab12c97b0ae84907d857ec624495cc8c95aa9118085ef31e08e5a95bc12""]}"
cmprev_66ff6729e613b908,cmpcand_c7a1a75d1aac697b,2d7f568f-d1a6-5e8b-a08b-d3c03ca55673,inchi::OGLDWXZKYODSOB-SNVBAGLBSA-N,ready,conflict,341,,b4bef81420301302d4b69dc27003c83cd30bfcbe7eb0324990d79e47dff8796e,341;290,ChEMBL,2026-05-24T15:09:21.114433+00:00,2026-05-24T15:09:21.114433+00:00,unmapped_plant_reference,member_map_missing_canonical_plant_id,"{""candidate_id"": ""cmpcand_c7a1a75d1aac697b"", ""compound_id"": ""2d7f568f-d1a6-5e8b-a08b-d3c03ca55673"", ""member_count"": 2, ""member_ids_preview"": [""cmpcandm_82069b922981ba52"", ""cmpcandm_ae9df877527d206a""], ""missing_member_count"": 2, ""raw_plant_ids_preview"": [""341"", ""290""], ""source_compound_keys_preview"": [""b4bef81420301302d4b69dc27003c83cd30bfcbe7eb0324990d79e47dff8796e"", ""6c564d2fb458ab2e71683836c3111ba0fd48139ac0c30eeaefc3dead553716dd""]}"
cmprev_d9c1c0efec05560f,cmpcand_c7d8b1050feddefb,9474a8e1-fbb1-5a27-aeec-b84261b0f132,inchi::YGSDEFSMJLZEOE-UHFFFAOYSA-N,ready,conflict,341,,d0401aa08b25c266f9dbbfed850456738a30adc2f9477665eb8f36b5dbd58c3c,341,ChEMBL,2026-05-24T15:08:00.602023+00:00,2026-05-24T15:08:00.602023+00:00,unmapped_plant_reference,member_map_missing_canonical_plant_id,"{""candidate_id"": ""cmpcand_c7d8b1050feddefb"", ""compound_id"": ""9474a8e1-fbb1-5a27-aeec-b84261b0f132"", ""member_count"": 1, ""member_ids_preview"": [""cmpcandm_3833bdf486930cfa""], ""missing_member_count"": 1, ""raw_plant_ids_preview"": [""341""], ""source_compound_keys_preview"": [""d0401aa08b25c266f9dbbfed850456738a30adc2f9477665eb8f36b5dbd58c3c""]}"
cmprev_e640b6cb22f969b3,cmpcand_c7f94ddf1d91bba9,c8c1bd3a-0f67-558d-afba-da8266e3b068,inchi::ASNFTDCKZKHJSW-REOHCLBHSA-N,ready,conflict,423,,b259d4d428227d05379801ae67aaba3abc9d285b087cb9ebe1aa95b6e47e5d0d,423,ChEMBL,2026-05-24T15:06:54.553333+00:00,2026-05-24T15:06:54.553333+00:00,unmapped_plant_reference,member_map_missing_canonical_plant_id,"{""candidate_id"": ""cmpcand_c7f94ddf1d91bba9"", ""compound_id"": ""c8c1bd3a-0f67-558d-afba-da8266e3b068"", ""member_count"": 1, ""member_ids_preview"": [""cmpcandm_aaf440e0e48d6763""], ""missing_member_count"": 1, ""raw_plant_ids_preview"": [""423""], ""source_compound_keys_preview"": [""b259d4d428227d05379801ae67aaba3abc9d285b087cb9ebe1aa95b6e47e5d0d""]}"
cmprev_9c29222b229e0243,cmpcand_c824c97139991768,93b7d253-a525-5e32-ac3f-62d911073c49,inchi::MCWVPSBQQXUCTB-OQTIOYDCSA-N,ready,conflict,139,,926922a9b9cdf83f3ce14ec28ba4a27e0d5d4a8aad33d03a359b34add91742e9,139,PubChem,2026-05-24T15:05:08.693067+00:00,2026-05-24T15:05:08.693067+00:00,unmapped_plant_reference,member_map_missing_canonical_plant_id,"{""candidate_id"": ""cmpcand_c824c97139991768"", ""compound_id"": ""93b7d253-a525-5e32-ac3f-62d911073c49"", ""member_count"": 1, ""member_ids_preview"": [""cmpcandm_369798d9fb206099""], ""missing_member_count"": 1, ""raw_plant_ids_preview"": [""139""], ""source_compound_keys_preview"": [""926922a9b9cdf83f3ce14ec28ba4a27e0d5d4a8aad33d03a359b34add91742e9""]}"
cmprev_cdf1ba958806e65f,cmpcand_c83bea4391caf823,ca47986d-0107-5943-928d-624b4c50a22a,inchi::NILIUZQXMFPKPV-XFTYDZCQSA-N,ready,review,341,,06408d609669a0869d29182adf47e7b3998fb1049b69258f2bba0ce1891d4290,341,ChEMBL,2026-05-24T15:09:22.336957+00:00,2026-05-24T15:09:22.336957+00:00,unmapped_plant_reference,member_map_missing_canonical_plant_id,"{""candidate_id"": ""cmpcand_c83bea4391caf823"", ""compound_id"": ""ca47986d-0107-5943-928d-624b4c50a22a"", ""member_count"": 1, ""member_ids_preview"": [""cmpcandm_4ac5b6364c82494d""], ""missing_member_count"": 1, ""raw_plant_ids_preview"": [""341""], ""source_compound_keys_preview"": [""06408d609669a0869d29182adf47e7b3998fb1049b69258f2bba0ce1891d4290""]}"
cmprev_f78785c1f8ef4e3d,cmpcand_c8697f50c060dcd0,da633008-b9c1-51d1-952e-a66417b8dd5b,inchi::FJKROLUGYXJWQN-UHFFFAOYSA-N,ready,conflict,155,,5670cd006bc54b1b3a2b23c27df91a180bd770f91efe0783d462bae5ee2c8e8d,155,ChEMBL,2026-05-24T15:05:35.617560+00:00,2026-05-24T15:05:35.617560+00:00,unmapped_plant_reference,member_map_missing_canonical_plant_id,"{""candidate_id"": ""cmpcand_c8697f50c060dcd0"", ""compound_id"": ""da633008-b9c1-51d1-952e-a66417b8dd5b"", ""member_count"": 1, ""member_ids_preview"": [""cmpcandm_a7a9d3af5983e863""], ""missing_member_count"": 1, ""raw_plant_ids_preview"": [""155""], ""source_compound_keys_preview"": [""5670cd006bc54b1b3a2b23c27df91a180bd770f91efe0783d462bae5ee2c8e8d""]}"
cmprev_277c1e3df02c26cd,cmpcand_c8d1597bca0c6118,574005af-ee74-5c81-b41b-cdcc81a74313,inchi::MOGIDESHHYPDTP-UHFFFAOYSA-N,ready,conflict,420,,9b0786c4da1d38cebfc3b292f974eae19badbc820d55ad13ef220d030238dda4,420,PubChem,2026-05-24T15:07:19.740966+00:00,2026-05-24T15:07:19.740966+00:00,unmapped_plant_reference,member_map_missing_canonical_plant_id,"{""candidate_id"": ""cmpcand_c8d1597bca0c6118"", ""compound_id"": ""574005af-ee74-5c81-b41b-cdcc81a74313"", ""member_count"": 1, ""member_ids_preview"": [""cmpcandm_bb444c137c8928ec""], ""missing_member_count"": 1, ""raw_plant_ids_preview"": [""420""], ""source_compound_keys_preview"": [""9b0786c4da1d38cebfc3b292f974eae19badbc820d55ad13ef220d030238dda4""]}"
cmprev_d7dfae3074a4e134,cmpcand_c9c583dbc638fe63,0061a32b-2d2f-5fcd-b517-e0af891f7058,inchi::ONQRKEUAIJMULO-YBXTVTTCSA-N,ready,conflict,313,,5483b17ddd0fdf5c130893f25f63fd4624a31d36504232a0ace8ecaede028df4,313,ChEMBL,2026-05-24T15:06:23.835538+00:00,2026-05-24T15:06:23.835538+00:00,unmapped_plant_reference,member_map_missing_canonical_plant_id,"{""candidate_id"": ""cmpcand_c9c583dbc638fe63"", ""compound_id"": ""0061a32b-2d2f-5fcd-b517-e0af891f7058"", ""member_count"": 1, ""member_ids_preview"": [""cmpcandm_eb588aa8270dcedd""], ""missing_member_count"": 1, ""raw_plant_ids_preview"": [""313""], ""source_compound_keys_preview"": [""5483b17ddd0fdf5c130893f25f63fd4624a31d36504232a0ace8ecaede028df4""]}"
cmprev_e1672818704b13cc,cmpcand_c9ef660f82a48611,4f6296c0-338b-5985-b5c9-4bbafbf895c1,inchi::WWNNZCOKKKDOPX-UHFFFAOYSA-N,ready,conflict,180,,a1ba2f789071c17d8d2f609c84e440e64818461dc4a90ecd24ba27f1ddb88b36,180;423,ChEMBL,2026-05-24T15:06:59.276619+00:00,2026-05-24T15:06:59.276619+00:00,unmapped_plant_reference,member_map_missing_canonical_plant_id,"{""candidate_id"": ""cmpcand_c9ef660f82a48611"", ""compound_id"": ""4f6296c0-338b-5985-b5c9-4bbafbf895c1"", ""member_count"": 2, ""member_ids_preview"": [""cmpcandm_0dfd8d0c2fe103d7"", ""cmpcandm_024ac4dc38aa4d22""], ""missing_member_count"": 2, ""raw_plant_ids_preview"": [""180"", ""423""], ""source_compound_keys_preview"": [""a1ba2f789071c17d8d2f609c84e440e64818461dc4a90ecd24ba27f1ddb88b36"", ""ccd2560e730536650a789682d585ac34aec2425ea47d757da358bf009eacf716""]}"
cmprev_622b8978a152cd47,cmpcand_ca3a4a82179e9e6c,f4d25f20-9982-57a2-a93e-49467cff4ac1,inchi::JFQBNOIJWROZGE-HPMXROJMSA-N,ready,conflict,132,,db91f4a3f6f223a69ce7ca09f3df7907d32dd9ca2ced78e873456851659134ed,132,ChEMBL,2026-05-24T15:08:49.135964+00:00,2026-05-24T15:08:49.135964+00:00,unmapped_plant_reference,member_map_missing_canonical_plant_id,"{""candidate_id"": ""cmpcand_ca3a4a82179e9e6c"", ""compound_id"": ""f4d25f20-9982-57a2-a93e-49467cff4ac1"", ""member_count"": 1, ""member_ids_preview"": [""cmpcandm_d5b81028391cda06""], ""missing_member_count"": 1, ""raw_plant_ids_preview"": [""132""], ""source_compound_keys_preview"": [""db91f4a3f6f223a69ce7ca09f3df7907d32dd9ca2ced78e873456851659134ed""]}"
cmprev_6258a355d7c5f176,cmpcand_cb85608c1c021f7d,5f140580-19db-511e-abdc-30ca82887137,inchi::YOVYWMDLYSJYPO-UGUVDVTISA-N,ready,conflict,120,,b5714d1e660afcb745b60e5520d175b508f452ffc088560942d0c3f6d0e8915e,120,PubChem,2026-05-24T15:02:15.379401+00:00,2026-05-24T15:02:15.379401+00:00,unmapped_plant_reference,member_map_missing_canonical_plant_id,"{""candidate_id"": ""cmpcand_cb85608c1c021f7d"", ""compound_id"": ""5f140580-19db-511e-abdc-30ca82887137"", ""member_count"": 1, ""member_ids_preview"": [""cmpcandm_12e08a0d1a835f37""], ""missing_member_count"": 1, ""raw_plant_ids_preview"": [""120""], ""source_compound_keys_preview"": [""b5714d1e660afcb745b60e5520d175b508f452ffc088560942d0c3f6d0e8915e""]}"
cmprev_53e2d29cdad423fa,cmpcand_cbc10ab031034366,47a6410c-4455-5ed4-9964-1223994b39cf,inchi::JLJLRLWOEMWYQK-OBDJNFEBSA-N,ready,conflict,279,,1d456a6c4462f283df7d7ae6d2e90d31d4abc1e678c062517265ff2e2494d269,279,PubChem,2026-05-24T15:07:03.509310+00:00,2026-05-24T15:07:03.509310+00:00,unmapped_plant_reference,member_map_missing_canonical_plant_id,"{""candidate_id"": ""cmpcand_cbc10ab031034366"", ""compound_id"": ""47a6410c-4455-5ed4-9964-1223994b39cf"", ""member_count"": 1, ""member_ids_preview"": [""cmpcandm_0ed568eacad4d63e""], ""missing_member_count"": 1, ""raw_plant_ids_preview"": [""279""], ""source_compound_keys_preview"": [""1d456a6c4462f283df7d7ae6d2e90d31d4abc1e678c062517265ff2e2494d269""]}"
cmprev_da5e2f8917dfd9ad,cmpcand_cc1529db807a7710,e7f87ffe-bab4-561b-b6a4-0a49ba9aad56,inchi::CWNBWXAITUWZFQ-MUJJDODOSA-N,ready,conflict,120,,0219d0f8d23da3b3eeee91e7fa26b0e34a06f7e47e8bdcefcf648f5905c8ad8d,120,PubChem,2026-05-24T15:02:45.515453+00:00,2026-05-24T15:02:45.515453+00:00,unmapped_plant_reference,member_map_missing_canonical_plant_id,"{""candidate_id"": ""cmpcand_cc1529db807a7710"", ""compound_id"": ""e7f87ffe-bab4-561b-b6a4-0a49ba9aad56"", ""member_count"": 1, ""member_ids_preview"": [""cmpcandm_0aa040c79e93b515""], ""missing_member_count"": 1, ""raw_plant_ids_preview"": [""120""], ""source_compound_keys_preview"": [""0219d0f8d23da3b3eeee91e7fa26b0e34a06f7e47e8bdcefcf648f5905c8ad8d""]}"
cmprev_e6edca113341356f,cmpcand_cc2ad0170c4b5852,32ae5f11-57ed-55b7-aa02-4d611d7f49c1,inchi::ITYNGVSTWVVPIC-DHGKCCLASA-N,ready,conflict,322,,d6390ac9a5ebeef22d06d6273ae4b76719be03f8fdd6ac8d9d92606dc5a04a81,322,ChEMBL,2026-05-24T15:05:18.305402+00:00,2026-05-24T15:05:18.305402+00:00,unmapped_plant_reference,member_map_missing_canonical_plant_id,"{""candidate_id"": ""cmpcand_cc2ad0170c4b5852"", ""compound_id"": ""32ae5f11-57ed-55b7-aa02-4d611d7f49c1"", ""member_count"": 1, ""member_ids_preview"": [""cmpcandm_28bd7f016cbd6c9b""], ""missing_member_count"": 1, ""raw_plant_ids_preview"": [""322""], ""source_compound_keys_preview"": [""d6390ac9a5ebeef22d06d6273ae4b76719be03f8fdd6ac8d9d92606dc5a04a81""]}"
cmprev_68bd4de07fcef67e,cmpcand_cc60c2c39931afee,c11e2468-773f-5967-a93e-7289fa7522f9,inchi::ISIMGBQRFXXNON-FCXRPNKRSA-N,ready,conflict,155,,d07b7d16918ecc4d603a3c4a2be67bbab62171dfbf00e727d298d646849b3b07,155,ChEMBL,2026-05-24T15:03:30.615063+00:00,2026-05-24T15:03:30.615063+00:00,unmapped_plant_reference,member_map_missing_canonical_plant_id,"{""candidate_id"": ""cmpcand_cc60c2c39931afee"", ""compound_id"": ""c11e2468-773f-5967-a93e-7289fa7522f9"", ""member_count"": 1, ""member_ids_preview"": [""cmpcandm_80fee57f8b2c3fcc""], ""missing_member_count"": 1, ""raw_plant_ids_preview"": [""155""], ""source_compound_keys_preview"": [""d07b7d16918ecc4d603a3c4a2be67bbab62171dfbf00e727d298d646849b3b07""]}"
cmprev_4538d39fdc6c3f7d,cmpcand_cc73378911fc79f9,57aa4e38-698c-519a-8b6c-880c70dd2787,inchi::HJBWJAPEBGSQPR-GQCTYLIASA-N,ready,conflict,398,,dc2c141b072a8f4eb18fca90ebc43943cf9e093ed95684a31a6ed896e2b69985,398,PubChem,2026-05-24T15:03:53.781223+00:00,2026-05-24T15:03:53.781223+00:00,unmapped_plant_reference,member_map_missing_canonical_plant_id,"{""candidate_id"": ""cmpcand_cc73378911fc79f9"", ""compound_id"": ""57aa4e38-698c-519a-8b6c-880c70dd2787"", ""member_count"": 1, ""member_ids_preview"": [""cmpcandm_1af00fd73c4c3eba""], ""missing_member_count"": 1, ""raw_plant_ids_preview"": [""398""], ""source_compound_keys_preview"": [""dc2c141b072a8f4eb18fca90ebc43943cf9e093ed95684a31a6ed896e2b69985""]}"
cmprev_1daa2fbf3e364564,cmpcand_cce5c4b2e74d942e,eeac8c5a-2df2-5eb5-b358-54fb6575467b,inchi::SPUHPCYLASTIGZ-UHFFFAOYSA-N,ready,matched,420,,b68fd41985c5a6a5e7eb699bd8a1fb692d291b0f148cf493c7b48fdec59b5370,420,PubChem,2026-05-24T15:05:04.362068+00:00,2026-05-24T15:05:04.362068+00:00,unmapped_plant_reference,member_map_missing_canonical_plant_id,"{""candidate_id"": ""cmpcand_cce5c4b2e74d942e"", ""compound_id"": ""eeac8c5a-2df2-5eb5-b358-54fb6575467b"", ""member_count"": 1, ""member_ids_preview"": [""cmpcandm_85c232eb2644c30d""], ""missing_member_count"": 1, ""raw_plant_ids_preview"": [""420""], ""source_compound_keys_preview"": [""b68fd41985c5a6a5e7eb699bd8a1fb692d291b0f148cf493c7b48fdec59b5370""]}"
cmprev_b00efec724d534e6,cmpcand_ccee0ec4e0ff8485,41c251e8-d534-5a79-a330-71bea3bdf6f9,inchi::KXKVLQRXCPHEJC-UHFFFAOYSA-N,ready,conflict,139,,9113a6c8bd2f73d44f77646ed28023db973bc6cb1a8bded5b7fe2e5cdeba9437,139,ChEMBL,2026-05-24T15:08:26.690969+00:00,2026-05-24T15:08:26.690969+00:00,unmapped_plant_reference,member_map_missing_canonical_plant_id,"{""candidate_id"": ""cmpcand_ccee0ec4e0ff8485"", ""compound_id"": ""41c251e8-d534-5a79-a330-71bea3bdf6f9"", ""member_count"": 1, ""member_ids_preview"": [""cmpcandm_7909dc258ccb25bd""], ""missing_member_count"": 1, ""raw_plant_ids_preview"": [""139""], ""source_compound_keys_preview"": [""9113a6c8bd2f73d44f77646ed28023db973bc6cb1a8bded5b7fe2e5cdeba9437""]}"
cmprev_4cd47aeadb68ff7d,cmpcand_cd2c902f0e5ee06a,643e6bb8-d71d-5621-9fe0-54cf8ab1c3c2,inchi::KKOXKGNSUHTUBV-CABCVRRESA-N,ready,conflict,155,,9a713df6f5e17b4447fa743f784db65d2a8287fa72dd5c1cbdb865e1bf709cbb,155,ChEMBL,2026-05-24T15:06:36.579159+00:00,2026-05-24T15:06:36.579159+00:00,unmapped_plant_reference,member_map_missing_canonical_plant_id,"{""candidate_id"": ""cmpcand_cd2c902f0e5ee06a"", ""compound_id"": ""643e6bb8-d71d-5621-9fe0-54cf8ab1c3c2"", ""member_count"": 1, ""member_ids_preview"": [""cmpcandm_1522bacdf2d058a6""], ""missing_member_count"": 1, ""raw_plant_ids_preview"": [""155""], ""source_compound_keys_preview"": [""9a713df6f5e17b4447fa743f784db65d2a8287fa72dd5c1cbdb865e1bf709cbb""]}"
cmprev_9708009c20a06f5e,cmpcand_cd80b2b34aa621e7,77f9085b-acfa-5a47-abf3-cdc04dfa84d4,inchi::VYUIKSFYFRVQLF-YLNAYWRASA-N,ready,conflict,502,,7f196c6c544050bfaafbe2f2bf5b426d15795bade3b6f38566149ff2e5fe1eb8,502,PubChem,2026-05-24T15:08:29.186131+00:00,2026-05-24T15:08:29.186131+00:00,unmapped_plant_reference,member_map_missing_canonical_plant_id,"{""candidate_id"": ""cmpcand_cd80b2b34aa621e7"", ""compound_id"": ""77f9085b-acfa-5a47-abf3-cdc04dfa84d4"", ""member_count"": 1, ""member_ids_preview"": [""cmpcandm_921287fd3661a3cf""], ""missing_member_count"": 1, ""raw_plant_ids_preview"": [""502""], ""source_compound_keys_preview"": [""7f196c6c544050bfaafbe2f2bf5b426d15795bade3b6f38566149ff2e5fe1eb8""]}"
cmprev_6abbab62dbadcab0,cmpcand_ce1ad24e728ae9db,3e4c59bf-d91f-501d-94da-8ffe68efeeba,inchi::CUGDOWNTXKLQMD-BQYQJAHWSA-N,ready,conflict,76,,baafca691d3ff98c2b744ef1b244ed69a246a4d4fd877d789384b192799283d5,76,PubChem,2026-05-24T15:04:36.349681+00:00,2026-05-24T15:04:36.349681+00:00,unmapped_plant_reference,member_map_missing_canonical_plant_id,"{""candidate_id"": ""cmpcand_ce1ad24e728ae9db"", ""compound_id"": ""3e4c59bf-d91f-501d-94da-8ffe68efeeba"", ""member_count"": 1, ""member_ids_preview"": [""cmpcandm_31ff35fa41c0a00a""], ""missing_member_count"": 1, ""raw_plant_ids_preview"": [""76""], ""source_compound_keys_preview"": [""baafca691d3ff98c2b744ef1b244ed69a246a4d4fd877d789384b192799283d5""]}"
cmprev_18166ec1a31c7995,cmpcand_ce42ef03471b5bf1,69c324c3-ad12-5a4f-9143-32556ceaf3da,inchi::QQHRYSLWMCEKRX-UHFFFAOYSA-N,ready,conflict,341,,249d708d99938113916e0476dcd84472423b14ff5662975878be4a06c01d21a2,341,PubChem,2026-05-24T15:09:16.679834+00:00,2026-05-24T15:09:16.679834+00:00,unmapped_plant_reference,member_map_missing_canonical_plant_id,"{""candidate_id"": ""cmpcand_ce42ef03471b5bf1"", ""compound_id"": ""69c324c3-ad12-5a4f-9143-32556ceaf3da"", ""member_count"": 1, ""member_ids_preview"": [""cmpcandm_0316030a3af953e1""], ""missing_member_count"": 1, ""raw_plant_ids_preview"": [""341""], ""source_compound_keys_preview"": [""249d708d99938113916e0476dcd84472423b14ff5662975878be4a06c01d21a2""]}"
cmprev_8ff93ac774e33c5f,cmpcand_ce6d44ca5252264a,afe0fc94-fad5-562f-980b-fdffe8879a8d,inchi::CGVBSJOSWAZUIF-IOMVKLDJSA-N,ready,conflict,392,,e96de1a3ae3b1266f578cd12d334c4f2c12bb0e8164069b07db712c7205072e8,392,ChEMBL,2026-05-24T15:08:01.329525+00:00,2026-05-24T15:08:01.329525+00:00,unmapped_plant_reference,member_map_missing_canonical_plant_id,"{""candidate_id"": ""cmpcand_ce6d44ca5252264a"", ""compound_id"": ""afe0fc94-fad5-562f-980b-fdffe8879a8d"", ""member_count"": 1, ""member_ids_preview"": [""cmpcandm_cefb0c4eb38590ba""], ""missing_member_count"": 1, ""raw_plant_ids_preview"": [""392""], ""source_compound_keys_preview"": [""e96de1a3ae3b1266f578cd12d334c4f2c12bb0e8164069b07db712c7205072e8""]}"
cmprev_f45b7cbbf353e73a,cmpcand_ce966f0fec1326d3,f9e8bf91-cbf2-5506-af93-cc34fc0ddd2d,inchi::INMKWUNQKOWGEZ-VQHVLOKHSA-N,ready,conflict,502,,162e0a4e4ab68c26ba324ef2a3c183c007a967760e36d6bcb84d027bfe6cd20f,502,PubChem,2026-05-24T15:07:48.963527+00:00,2026-05-24T15:07:48.963527+00:00,unmapped_plant_reference,member_map_missing_canonical_plant_id,"{""candidate_id"": ""cmpcand_ce966f0fec1326d3"", ""compound_id"": ""f9e8bf91-cbf2-5506-af93-cc34fc0ddd2d"", ""member_count"": 1, ""member_ids_preview"": [""cmpcandm_6022dbbaaac81872""], ""missing_member_count"": 1, ""raw_plant_ids_preview"": [""502""], ""source_compound_keys_preview"": [""162e0a4e4ab68c26ba324ef2a3c183c007a967760e36d6bcb84d027bfe6cd20f""]}"
cmprev_4d695516865ee8ce,cmpcand_cef0049bd78304d1,37e28542-d02c-53d8-939e-b8b7c9e58b1e,inchi::WKOLLVMJNQIZCI-UHFFFAOYSA-N,ready,conflict,155,,988524edf1ac6a0837db8541e3e6472974c30954036452444dcc6da1f1d2ca3e,155;175,ChEMBL,2026-05-24T15:03:12.073015+00:00,2026-05-24T15:03:12.073015+00:00,unmapped_plant_reference,member_map_missing_canonical_plant_id,"{""candidate_id"": ""cmpcand_cef0049bd78304d1"", ""compound_id"": ""37e28542-d02c-53d8-939e-b8b7c9e58b1e"", ""member_count"": 2, ""member_ids_preview"": [""cmpcandm_b1eb12facc92ab9c"", ""cmpcandm_37e73cc17ef7b61d""], ""missing_member_count"": 2, ""raw_plant_ids_preview"": [""155"", ""175""], ""source_compound_keys_preview"": [""988524edf1ac6a0837db8541e3e6472974c30954036452444dcc6da1f1d2ca3e"", ""9bcdfee986f40df69166d932a4405f298cde2736e8aec3ab7afd687b9df3f739""]}"
cmprev_d3709f23510a9928,cmpcand_cf32217ea569ab43,1fa5f38c-3b59-529b-b242-7d2c0da1cc77,inchi::ISWSIDIOOBJBQZ-UHFFFAOYSA-N,ready,conflict,139,,4b67b4500356228b743b4495854bed9075d0fb19edb30d7f7eeeb8008a0c2bfd,139,ChEMBL,2026-05-24T15:02:36.169067+00:00,2026-05-24T15:02:36.169067+00:00,unmapped_plant_reference,member_map_missing_canonical_plant_id,"{""candidate_id"": ""cmpcand_cf32217ea569ab43"", ""compound_id"": ""1fa5f38c-3b59-529b-b242-7d2c0da1cc77"", ""member_count"": 1, ""member_ids_preview"": [""cmpcandm_7cb8131f9e6f610d""], ""missing_member_count"": 1, ""raw_plant_ids_preview"": [""139""], ""source_compound_keys_preview"": [""4b67b4500356228b743b4495854bed9075d0fb19edb30d7f7eeeb8008a0c2bfd""]}"
cmprev_0c6107d6fd3f427e,cmpcand_cf88f0c2819d3cd1,9febcc07-e364-55f8-8b59-47552eb74917,inchi::CAWHJQAVHZEVTJ-UHFFFAOYSA-N,ready,conflict,139,,4bbdb3da5051225f1a79578664270a9cb519f532a12300b98799dca2763f45f9,139,ChEMBL,2026-05-24T15:02:36.485226+00:00,2026-05-24T15:02:36.485226+00:00,unmapped_plant_reference,member_map_missing_canonical_plant_id,"{""candidate_id"": ""cmpcand_cf88f0c2819d3cd1"", ""compound_id"": ""9febcc07-e364-55f8-8b59-47552eb74917"", ""member_count"": 1, ""member_ids_preview"": [""cmpcandm_02e4627740beff68""], ""missing_member_count"": 1, ""raw_plant_ids_preview"": [""139""], ""source_compound_keys_preview"": [""4bbdb3da5051225f1a79578664270a9cb519f532a12300b98799dca2763f45f9""]}"
cmprev_f2792d147425f814,cmpcand_d06ce7b70db5de05,0a6f8b45-f673-58c9-ada6-a8abab0778b8,inchi::KIZIXIPDFWBRIW-RGCYKPLRSA-N,ready,conflict,341,,21c71c9eaf9b03cb69ed6d4c61ceb0b6bbb8577640e19af1f19b0c6590538b8b,341,ChEMBL,2026-05-24T15:08:20.086088+00:00,2026-05-24T15:08:20.086088+00:00,unmapped_plant_reference,member_map_missing_canonical_plant_id,"{""candidate_id"": ""cmpcand_d06ce7b70db5de05"", ""compound_id"": ""0a6f8b45-f673-58c9-ada6-a8abab0778b8"", ""member_count"": 1, ""member_ids_preview"": [""cmpcandm_1694a13e62ad1b19""], ""missing_member_count"": 1, ""raw_plant_ids_preview"": [""341""], ""source_compound_keys_preview"": [""21c71c9eaf9b03cb69ed6d4c61ceb0b6bbb8577640e19af1f19b0c6590538b8b""]}"
cmprev_90d250bcff7acfbd,cmpcand_d1546e68ed24806b,c810170f-40ac-5885-b3df-c65bb39ee456,inchi::DNJVYWXIDISQRD-HWUKTEKMSA-N,ready,conflict,139,,045cbfc31cda727ed641b249cc224612ff7c454ccac65a42fe29f088b9491684,139,ChEMBL,2026-05-24T15:06:24.132490+00:00,2026-05-24T15:06:24.132490+00:00,unmapped_plant_reference,member_map_missing_canonical_plant_id,"{""candidate_id"": ""cmpcand_d1546e68ed24806b"", ""compound_id"": ""c810170f-40ac-5885-b3df-c65bb39ee456"", ""member_count"": 1, ""member_ids_preview"": [""cmpcandm_1712a6e83ec82870""], ""missing_member_count"": 1, ""raw_plant_ids_preview"": [""139""], ""source_compound_keys_preview"": [""045cbfc31cda727ed641b249cc224612ff7c454ccac65a42fe29f088b9491684""]}"
cmprev_5735a7f273269157,cmpcand_d15555e1f4aa801a,c3ab9094-d84b-5857-adf7-479857da7c79,inchi::ZOWHLBOPCIHIHW-KQBHUUJHSA-N,ready,conflict,279,,b8ae146b53118de12eed4ab07d3fbc84e243915fe1cda332de4c6deb73a53663,279,PubChem,2026-05-24T15:07:11.223828+00:00,2026-05-24T15:07:11.223828+00:00,unmapped_plant_reference,member_map_missing_canonical_plant_id,"{""candidate_id"": ""cmpcand_d15555e1f4aa801a"", ""compound_id"": ""c3ab9094-d84b-5857-adf7-479857da7c79"", ""member_count"": 1, ""member_ids_preview"": [""cmpcandm_0d08da75e5960cf9""], ""missing_member_count"": 1, ""raw_plant_ids_preview"": [""279""], ""source_compound_keys_preview"": [""b8ae146b53118de12eed4ab07d3fbc84e243915fe1cda332de4c6deb73a53663""]}"
cmprev_4b07a392c617a43a,cmpcand_d170a62eb44f71f3,c75531c3-b5fc-5c36-b09b-eb7b35dd17a2,inchi::JLNNQCUATONMIT-UHFFFAOYSA-N,ready,conflict,398,,d4462acb2991e0b6556e3d2362eb4a0c92272812a64c30a4ea2a94866ee02e93,398,PubChem,2026-05-24T15:08:05.580664+00:00,2026-05-24T15:08:05.580664+00:00,unmapped_plant_reference,member_map_missing_canonical_plant_id,"{""candidate_id"": ""cmpcand_d170a62eb44f71f3"", ""compound_id"": ""c75531c3-b5fc-5c36-b09b-eb7b35dd17a2"", ""member_count"": 1, ""member_ids_preview"": [""cmpcandm_60be2b44729d4373""], ""missing_member_count"": 1, ""raw_plant_ids_preview"": [""398""], ""source_compound_keys_preview"": [""d4462acb2991e0b6556e3d2362eb4a0c92272812a64c30a4ea2a94866ee02e93""]}"
cmprev_735f1f641d4f5bd2,cmpcand_d1a77f6cc96fab21,30719a19-5a56-5962-aa61-799b18136202,inchi::IZGFAKZIDOQLHS-UHFFFAOYSA-N,ready,conflict,398,,0549dab8f4e0d3c352aad21fb49a5b615a8254c84f0b057300e87a3f00203387,398,PubChem,2026-05-24T15:06:37.324531+00:00,2026-05-24T15:06:37.324531+00:00,unmapped_plant_reference,member_map_missing_canonical_plant_id,"{""candidate_id"": ""cmpcand_d1a77f6cc96fab21"", ""compound_id"": ""30719a19-5a56-5962-aa61-799b18136202"", ""member_count"": 1, ""member_ids_preview"": [""cmpcandm_8e5ba6d1d2bc0aed""], ""missing_member_count"": 1, ""raw_plant_ids_preview"": [""398""], ""source_compound_keys_preview"": [""0549dab8f4e0d3c352aad21fb49a5b615a8254c84f0b057300e87a3f00203387""]}"
cmprev_557dce13fac96900,cmpcand_d1b333fff81ccae6,df42952f-23d2-5102-89dd-9324a7aef5ee,inchi::QIQXTHQIDYTFRH-UHFFFAOYSA-N,ready,conflict,100,,45ff965d6c3df09860f3d6a0649460af09ea053dc66c5f3ae5839c0d9a3449b6,100,ChEMBL,2026-05-24T15:07:14.850998+00:00,2026-05-24T15:07:14.850998+00:00,unmapped_plant_reference,member_map_missing_canonical_plant_id,"{""candidate_id"": ""cmpcand_d1b333fff81ccae6"", ""compound_id"": ""df42952f-23d2-5102-89dd-9324a7aef5ee"", ""member_count"": 1, ""member_ids_preview"": [""cmpcandm_07cec39f23b71413""], ""missing_member_count"": 1, ""raw_plant_ids_preview"": [""100""], ""source_compound_keys_preview"": [""45ff965d6c3df09860f3d6a0649460af09ea053dc66c5f3ae5839c0d9a3449b6""]}"
cmprev_ec16a41b0edf41dc,cmpcand_d23462e6585d6580,19d20262-2752-5ccb-85b6-7e5ec233cdba,inchi::LAOFTEMTSXNIIM-UHFFFAOYSA-N,ready,conflict,107,,695e08d6ddad4c7bb79ff643cbca40480a14ea0702cf3ea07a0cc4a75cf282e9,107,PubChem,2026-05-24T15:07:44.352562+00:00,2026-05-24T15:07:44.352562+00:00,unmapped_plant_reference,member_map_missing_canonical_plant_id,"{""candidate_id"": ""cmpcand_d23462e6585d6580"", ""compound_id"": ""19d20262-2752-5ccb-85b6-7e5ec233cdba"", ""member_count"": 1, ""member_ids_preview"": [""cmpcandm_cffb9b3dbe2ab204""], ""missing_member_count"": 1, ""raw_plant_ids_preview"": [""107""], ""source_compound_keys_preview"": [""695e08d6ddad4c7bb79ff643cbca40480a14ea0702cf3ea07a0cc4a75cf282e9""]}"
cmprev_307fc642fc417263,cmpcand_d23978559b22ba64,d45d6ae9-81bd-5117-981d-b4c8d53a0535,inchi::JARKCYVAAOWBJS-UHFFFAOYSA-N,ready,conflict,502,,bc23b2dab2528592c2d8c3fd19d8b4fdd553cedc7258fdb60cc1b88a28e8d57b,502,ChEMBL,2026-05-24T15:07:51.105202+00:00,2026-05-24T15:07:51.105202+00:00,unmapped_plant_reference,member_map_missing_canonical_plant_id,"{""candidate_id"": ""cmpcand_d23978559b22ba64"", ""compound_id"": ""d45d6ae9-81bd-5117-981d-b4c8d53a0535"", ""member_count"": 1, ""member_ids_preview"": [""cmpcandm_5ee1c4d0f9d3d71d""], ""missing_member_count"": 1, ""raw_plant_ids_preview"": [""502""], ""source_compound_keys_preview"": [""bc23b2dab2528592c2d8c3fd19d8b4fdd553cedc7258fdb60cc1b88a28e8d57b""]}"
cmprev_727d1907eee09c19,cmpcand_d269f773799b4fec,512a47d0-f39e-5cee-a6b5-5e5eab02f547,inchi::ZRCCKPFMKPODPX-ZTWIRIDQSA-N,ready,conflict,83,,6996cdd3263396ac8133313863f9704403a3d359b0743fd9911a14156db21746,83,ChEMBL,2026-05-24T15:08:31.582519+00:00,2026-05-24T15:08:31.582519+00:00,unmapped_plant_reference,member_map_missing_canonical_plant_id,"{""candidate_id"": ""cmpcand_d269f773799b4fec"", ""compound_id"": ""512a47d0-f39e-5cee-a6b5-5e5eab02f547"", ""member_count"": 1, ""member_ids_preview"": [""cmpcandm_f233a1298394615f""], ""missing_member_count"": 1, ""raw_plant_ids_preview"": [""83""], ""source_compound_keys_preview"": [""6996cdd3263396ac8133313863f9704403a3d359b0743fd9911a14156db21746""]}"
cmprev_95ff67a6c2e41db5,cmpcand_d28ed5972f603a3e,fb961d38-51cf-5d5f-bc0d-bbf552f1e435,inchi::DVQVHBAATHWQAS-OALRNCSFSA-N,ready,conflict,186,,ead1675fb70747cfc589f2b5a3646a0a03f2f4ad6dc7c97e51ba641befe73654,186,PubChem,2026-05-24T15:06:58.766008+00:00,2026-05-24T15:06:58.766008+00:00,unmapped_plant_reference,member_map_missing_canonical_plant_id,"{""candidate_id"": ""cmpcand_d28ed5972f603a3e"", ""compound_id"": ""fb961d38-51cf-5d5f-bc0d-bbf552f1e435"", ""member_count"": 1, ""member_ids_preview"": [""cmpcandm_9efce8ba71d68254""], ""missing_member_count"": 1, ""raw_plant_ids_preview"": [""186""], ""source_compound_keys_preview"": [""ead1675fb70747cfc589f2b5a3646a0a03f2f4ad6dc7c97e51ba641befe73654""]}"
cmprev_ffd71cff954f5c2d,cmpcand_d2ddeea5780fa5d8,80b3fd1e-3ddc-5edb-9bb6-dc361914305c,inchi::BWDCJRUCCWZCIY-AATRIKPKSA-N,ready,conflict,290,,adf8bfc461e4a7e1a12da23088fca726caea830556c203db61828cf08ae903de,290,ChEMBL,2026-05-24T15:06:56.966251+00:00,2026-05-24T15:06:56.966251+00:00,unmapped_plant_reference,member_map_missing_canonical_plant_id,"{""candidate_id"": ""cmpcand_d2ddeea5780fa5d8"", ""compound_id"": ""80b3fd1e-3ddc-5edb-9bb6-dc361914305c"", ""member_count"": 1, ""member_ids_preview"": [""cmpcandm_69dd494915a2014b""], ""missing_member_count"": 1, ""raw_plant_ids_preview"": [""290""], ""source_compound_keys_preview"": [""adf8bfc461e4a7e1a12da23088fca726caea830556c203db61828cf08ae903de""]}"
cmprev_420ad8ee40edba1e,cmpcand_d33719c5aa8d8ba4,49101050-f5b7-5b5f-a8ad-ff84d46f3a25,inchi::IJPNDQQOKFKBRG-ZPZYUIKSSA-N,ready,conflict,120,,587927bf29c276b5415ef12f64fbd5a6a11db53309e5d0a1d7ecc880888e3777,120,PubChem,2026-05-24T15:07:47.465322+00:00,2026-05-24T15:07:47.465322+00:00,unmapped_plant_reference,member_map_missing_canonical_plant_id,"{""candidate_id"": ""cmpcand_d33719c5aa8d8ba4"", ""compound_id"": ""49101050-f5b7-5b5f-a8ad-ff84d46f3a25"", ""member_count"": 1, ""member_ids_preview"": [""cmpcandm_ece48cff77b25b58""], ""missing_member_count"": 1, ""raw_plant_ids_preview"": [""120""], ""source_compound_keys_preview"": [""587927bf29c276b5415ef12f64fbd5a6a11db53309e5d0a1d7ecc880888e3777""]}"
cmprev_c74e31579ba74e54,cmpcand_d35c4c6bd88a8960,9c2d5617-9f2f-5a7e-99b7-f30d60654064,inchi::ZFXYFBGIUFBOJW-UHFFFAOYSA-N,ready,conflict,139,,94240b029fba299fcff5d730989cc1061842a12f65369d479b69854c72ab85db,139,ChEMBL,2026-05-24T15:07:20.209399+00:00,2026-05-24T15:07:20.209399+00:00,unmapped_plant_reference,member_map_missing_canonical_plant_id,"{""candidate_id"": ""cmpcand_d35c4c6bd88a8960"", ""compound_id"": ""9c2d5617-9f2f-5a7e-99b7-f30d60654064"", ""member_count"": 1, ""member_ids_preview"": [""cmpcandm_9effa3f8c92e7962""], ""missing_member_count"": 1, ""raw_plant_ids_preview"": [""139""], ""source_compound_keys_preview"": [""94240b029fba299fcff5d730989cc1061842a12f65369d479b69854c72ab85db""]}"
cmprev_be281f070b99befe,cmpcand_d3923e0e05219ce8,b1b0e372-3097-5d88-a404-32d8c4af6e04,inchi::FWUYLMWSIUOLQP-VHULNFAASA-N,ready,conflict,322,,d1acdd9c79a8831fbdc1c7ae4ef721ef7f970ecc403a31a412370f68273f410b,322,ChEMBL,2026-05-24T15:06:34.875794+00:00,2026-05-24T15:06:34.875794+00:00,unmapped_plant_reference,member_map_missing_canonical_plant_id,"{""candidate_id"": ""cmpcand_d3923e0e05219ce8"", ""compound_id"": ""b1b0e372-3097-5d88-a404-32d8c4af6e04"", ""member_count"": 1, ""member_ids_preview"": [""cmpcandm_681013ba890cd499""], ""missing_member_count"": 1, ""raw_plant_ids_preview"": [""322""], ""source_compound_keys_preview"": [""d1acdd9c79a8831fbdc1c7ae4ef721ef7f970ecc403a31a412370f68273f410b""]}"
cmprev_bc12f1bbf9746451,cmpcand_d3bcdb92bab3cf6a,0a3642db-a8ad-5ba8-bbcd-78b6b14ae765,inchi::NVEQFIOZRFFVFW-RGCMKSIDSA-N,ready,conflict,213,,b03797fa2960180ce53d47aeb1f3512e5a0172a492f1fe7b800a5b260251c02e,213,ChEMBL,2026-05-24T15:02:51.235783+00:00,2026-05-24T15:02:51.235783+00:00,unmapped_plant_reference,member_map_missing_canonical_plant_id,"{""candidate_id"": ""cmpcand_d3bcdb92bab3cf6a"", ""compound_id"": ""0a3642db-a8ad-5ba8-bbcd-78b6b14ae765"", ""member_count"": 1, ""member_ids_preview"": [""cmpcandm_0c681feb67fa9e1c""], ""missing_member_count"": 1, ""raw_plant_ids_preview"": [""213""], ""source_compound_keys_preview"": [""b03797fa2960180ce53d47aeb1f3512e5a0172a492f1fe7b800a5b260251c02e""]}"
cmprev_8f0ddbfba04e4b46,cmpcand_d47c89172b4eae5e,87d19616-ba97-502b-92a5-d1758c674984,inchi::ZSCRYAYQFLBRDF-ZUTPBCDKSA-N,ready,conflict,175,,f0de5b676c19c412596ec0c3d92c780b62868f790087d1cae85b22268c2fe99e,175,PubChem,2026-05-24T15:06:46.938897+00:00,2026-05-24T15:06:46.938897+00:00,unmapped_plant_reference,member_map_missing_canonical_plant_id,"{""candidate_id"": ""cmpcand_d47c89172b4eae5e"", ""compound_id"": ""87d19616-ba97-502b-92a5-d1758c674984"", ""member_count"": 1, ""member_ids_preview"": [""cmpcandm_4016f99ec59914b9""], ""missing_member_count"": 1, ""raw_plant_ids_preview"": [""175""], ""source_compound_keys_preview"": [""f0de5b676c19c412596ec0c3d92c780b62868f790087d1cae85b22268c2fe99e""]}"
cmprev_d53742cfe1526cdb,cmpcand_d480652c9cf53f2d,288e7bab-5640-5a69-92f5-3ba41e019726,inchi::CLXVBVLQKLQNRQ-UHFFFAOYSA-N,ready,conflict,76,,1a7baa5da455da00afe9c0feedde8ebe33934b86c642a42fc86101a60c394194,76;363,PubChem,2026-05-24T15:08:41.061156+00:00,2026-05-24T15:08:41.061156+00:00,unmapped_plant_reference,member_map_missing_canonical_plant_id,"{""candidate_id"": ""cmpcand_d480652c9cf53f2d"", ""compound_id"": ""288e7bab-5640-5a69-92f5-3ba41e019726"", ""member_count"": 2, ""member_ids_preview"": [""cmpcandm_7671fe620dafe0d8"", ""cmpcandm_5f1d0fb13d6a41f4""], ""missing_member_count"": 2, ""raw_plant_ids_preview"": [""76"", ""363""], ""source_compound_keys_preview"": [""1a7baa5da455da00afe9c0feedde8ebe33934b86c642a42fc86101a60c394194"", ""0645cd496a4e66e25cc1cc370f70a2c5ebce6f499b340dba752104a21fb85b66""]}"
cmprev_1c7586bb41c9cdcf,cmpcand_d520beccfa7e5c1d,e0f83393-901a-5b5c-b7a1-c1f52c488137,inchi::YCOZIPAWZNQLMR-UHFFFAOYSA-N,ready,conflict,139,,ec43888bcd7abe4983279879129ab9721f8d9a622e6137d822a19a5c63846a6b,139,ChEMBL,2026-05-24T15:07:39.716996+00:00,2026-05-24T15:07:39.716996+00:00,unmapped_plant_reference,member_map_missing_canonical_plant_id,"{""candidate_id"": ""cmpcand_d520beccfa7e5c1d"", ""compound_id"": ""e0f83393-901a-5b5c-b7a1-c1f52c488137"", ""member_count"": 1, ""member_ids_preview"": [""cmpcandm_3f3b899289cae6ad""], ""missing_member_count"": 1, ""raw_plant_ids_preview"": [""139""], ""source_compound_keys_preview"": [""ec43888bcd7abe4983279879129ab9721f8d9a622e6137d822a19a5c63846a6b""]}"
cmprev_e31e25730b68164e,cmpcand_d535e181e9d709ff,c9928989-ae1e-5080-8fd9-6be8de30b654,inchi::WEHXAEGTVPWKDY-UHFFFAOYSA-N,ready,conflict,107,,1212433e77856aad0427ad3dc0fb2e6bed9f0c0e586f4cf756cf0af6828dada8,107,ChEMBL,2026-05-24T15:06:13.090188+00:00,2026-05-24T15:06:13.090188+00:00,unmapped_plant_reference,member_map_missing_canonical_plant_id,"{""candidate_id"": ""cmpcand_d535e181e9d709ff"", ""compound_id"": ""c9928989-ae1e-5080-8fd9-6be8de30b654"", ""member_count"": 1, ""member_ids_preview"": [""cmpcandm_f7ad0a969a3f6d57""], ""missing_member_count"": 1, ""raw_plant_ids_preview"": [""107""], ""source_compound_keys_preview"": [""1212433e77856aad0427ad3dc0fb2e6bed9f0c0e586f4cf756cf0af6828dada8""]}"
cmprev_552701d8161ba4bb,cmpcand_d5a45afdcb1a43e9,0b028301-cf7c-57e0-9e31-a9001d73933d,inchi::VOOYTQRREPYRIW-LBPRGKRZSA-N,ready,conflict,398,,ed23bfe56ede00dec638b42a793876094300e3fccc6562d1207299ef1626f520,398,ChEMBL,2026-05-24T15:07:21.406347+00:00,2026-05-24T15:07:21.406347+00:00,unmapped_plant_reference,member_map_missing_canonical_plant_id,"{""candidate_id"": ""cmpcand_d5a45afdcb1a43e9"", ""compound_id"": ""0b028301-cf7c-57e0-9e31-a9001d73933d"", ""member_count"": 1, ""member_ids_preview"": [""cmpcandm_96e38bea5dcd8d3b""], ""missing_member_count"": 1, ""raw_plant_ids_preview"": [""398""], ""source_compound_keys_preview"": [""ed23bfe56ede00dec638b42a793876094300e3fccc6562d1207299ef1626f520""]}"
cmprev_86ddcebb387c264c,cmpcand_d5d6aafaad0af9b5,b90440f4-6fcd-590d-9577-b5ada90ef0cd,inchi::XCIHPNCERQKEMU-IFEXPISBSA-N,ready,conflict,107,,20119b80053dc4616bc7d513488c33991ea6198ac0ef83cea928a2901f1c6c54,107,PubChem,2026-05-24T15:05:15.302550+00:00,2026-05-24T15:05:15.302550+00:00,unmapped_plant_reference,member_map_missing_canonical_plant_id,"{""candidate_id"": ""cmpcand_d5d6aafaad0af9b5"", ""compound_id"": ""b90440f4-6fcd-590d-9577-b5ada90ef0cd"", ""member_count"": 1, ""member_ids_preview"": [""cmpcandm_facf04cdc402f791""], ""missing_member_count"": 1, ""raw_plant_ids_preview"": [""107""], ""source_compound_keys_preview"": [""20119b80053dc4616bc7d513488c33991ea6198ac0ef83cea928a2901f1c6c54""]}"
cmprev_14d4f1569bd790f1,cmpcand_d60b33c21415c82c,0c586ae6-5334-595a-bddf-6c11be2d0371,inchi::OUDFNZMQXZILJD-UHFFFAOYSA-N,ready,conflict,139,,f5ba03fbbfd9a04cb1334e43817ebd689f120ce0bd67c8778bf8699bff5df077,139,ChEMBL,2026-05-24T15:07:35.402339+00:00,2026-05-24T15:07:35.402339+00:00,unmapped_plant_reference,member_map_missing_canonical_plant_id,"{""candidate_id"": ""cmpcand_d60b33c21415c82c"", ""compound_id"": ""0c586ae6-5334-595a-bddf-6c11be2d0371"", ""member_count"": 1, ""member_ids_preview"": [""cmpcandm_bd172ad7540d3660""], ""missing_member_count"": 1, ""raw_plant_ids_preview"": [""139""], ""source_compound_keys_preview"": [""f5ba03fbbfd9a04cb1334e43817ebd689f120ce0bd67c8778bf8699bff5df077""]}"
cmprev_ac183c99a2018a0d,cmpcand_d61e28b4c9c186f1,ee25ae4e-f6bd-528c-aa54-3d7bb6bf72d0,inchi::YTIVOMMYBBBYFH-BOPWJTLDSA-N,ready,conflict,522,,97bf6700c73d67b77fe5c52c0950097a2b67c4ae88bb8a0b3fadaafcdb7f66d4,522,PubChem,2026-05-24T15:06:51.940256+00:00,2026-05-24T15:06:51.940256+00:00,unmapped_plant_reference,member_map_missing_canonical_plant_id,"{""candidate_id"": ""cmpcand_d61e28b4c9c186f1"", ""compound_id"": ""ee25ae4e-f6bd-528c-aa54-3d7bb6bf72d0"", ""member_count"": 1, ""member_ids_preview"": [""cmpcandm_672bc8c7a719fcea""], ""missing_member_count"": 1, ""raw_plant_ids_preview"": [""522""], ""source_compound_keys_preview"": [""97bf6700c73d67b77fe5c52c0950097a2b67c4ae88bb8a0b3fadaafcdb7f66d4""]}"
cmprev_ef5bb082f0f65ab5,cmpcand_d6a299f93b2c1a46,2e65082a-6023-55e7-9bee-b30355635a08,inchi::NMDYYWFGPIMTKO-KLCPSUAYSA-N,ready,conflict,522,,7542f628545cba6e8821cb47d01c94e6444f1b0231bbc25cd244e2bfa5530677,522,ChEMBL,2026-05-24T15:04:12.067950+00:00,2026-05-24T15:04:12.067950+00:00,unmapped_plant_reference,member_map_missing_canonical_plant_id,"{""candidate_id"": ""cmpcand_d6a299f93b2c1a46"", ""compound_id"": ""2e65082a-6023-55e7-9bee-b30355635a08"", ""member_count"": 1, ""member_ids_preview"": [""cmpcandm_5ce1d81ca510c06b""], ""missing_member_count"": 1, ""raw_plant_ids_preview"": [""522""], ""source_compound_keys_preview"": [""7542f628545cba6e8821cb47d01c94e6444f1b0231bbc25cd244e2bfa5530677""]}"
cmprev_b1ad0aa834a8b2b6,cmpcand_d6df172cd2362ee7,d57e1ed6-b00d-5a6f-880c-53e663bbbedf,inchi::IBALQPBIWZLHPR-SJEMMDPOSA-N,ready,conflict,83,,8bb0a90a14e1d137a42f2db8bacfe2f0697b3ff7aeb23098e6b369b664d7c9ae,83,ChEMBL,2026-05-24T15:08:40.589046+00:00,2026-05-24T15:08:40.589046+00:00,unmapped_plant_reference,member_map_missing_canonical_plant_id,"{""candidate_id"": ""cmpcand_d6df172cd2362ee7"", ""compound_id"": ""d57e1ed6-b00d-5a6f-880c-53e663bbbedf"", ""member_count"": 1, ""member_ids_preview"": [""cmpcandm_11e2748635f43092""], ""missing_member_count"": 1, ""raw_plant_ids_preview"": [""83""], ""source_compound_keys_preview"": [""8bb0a90a14e1d137a42f2db8bacfe2f0697b3ff7aeb23098e6b369b664d7c9ae""]}"
cmprev_b27025dd917bd8db,cmpcand_d7ce42d05657e3e6,0c19dd28-29d4-53dd-a32f-30af1db48003,inchi::ZSTKHSQDNIGFLM-UHFFFAOYSA-N,ready,conflict,178,,9b9d77e8c4f2831a3f47da51cb48c7897d7d60d9dc68547966aa0d68d722aa29,178,ChEMBL,2026-05-24T15:02:10.823546+00:00,2026-05-24T15:02:10.823546+00:00,unmapped_plant_reference,member_map_missing_canonical_plant_id,"{""candidate_id"": ""cmpcand_d7ce42d05657e3e6"", ""compound_id"": ""0c19dd28-29d4-53dd-a32f-30af1db48003"", ""member_count"": 1, ""member_ids_preview"": [""cmpcandm_caabd0ca280b563a""], ""missing_member_count"": 1, ""raw_plant_ids_preview"": [""178""], ""source_compound_keys_preview"": [""9b9d77e8c4f2831a3f47da51cb48c7897d7d60d9dc68547966aa0d68d722aa29""]}"
cmprev_56021aa068c2d383,cmpcand_d7dbb450769e56bb,5289e762-5adb-531f-8fd2-22326594acc1,inchi::YEJRWHAVMIAJKC-UHFFFAOYSA-N,ready,conflict,139,,d39de3ae9d663e76c41dd78baa5fa94de550bbbb4a9f5c5ee4869d2b0ae95533,139,ChEMBL,2026-05-24T15:09:15.192578+00:00,2026-05-24T15:09:15.192578+00:00,unmapped_plant_reference,member_map_missing_canonical_plant_id,"{""candidate_id"": ""cmpcand_d7dbb450769e56bb"", ""compound_id"": ""5289e762-5adb-531f-8fd2-22326594acc1"", ""member_count"": 1, ""member_ids_preview"": [""cmpcandm_20c9177f087361f8""], ""missing_member_count"": 1, ""raw_plant_ids_preview"": [""139""], ""source_compound_keys_preview"": [""d39de3ae9d663e76c41dd78baa5fa94de550bbbb4a9f5c5ee4869d2b0ae95533""]}"
cmprev_5eb37e0e6c448e90,cmpcand_d843c13fe4c32b92,385520f5-7f63-537a-9478-191c8057bf9b,inchi::XOCANRBEOZQNAQ-UHFFFAOYSA-N,ready,conflict,155,,d1a057f7c968d2168d3f634e83fcb58d86740ef354bca52d7ca0d3c67dc33535,155,PubChem,2026-05-24T15:08:33.756517+00:00,2026-05-24T15:08:33.756517+00:00,unmapped_plant_reference,member_map_missing_canonical_plant_id,"{""candidate_id"": ""cmpcand_d843c13fe4c32b92"", ""compound_id"": ""385520f5-7f63-537a-9478-191c8057bf9b"", ""member_count"": 1, ""member_ids_preview"": [""cmpcandm_6cc249380e8398e9""], ""missing_member_count"": 1, ""raw_plant_ids_preview"": [""155""], ""source_compound_keys_preview"": [""d1a057f7c968d2168d3f634e83fcb58d86740ef354bca52d7ca0d3c67dc33535""]}"
cmprev_e9403b02a26756f5,cmpcand_d86a20e6d26c2647,c458a00c-79d9-5522-bf1c-ffc7a4deed49,inchi::MYEJFUXQJGHEQK-JURRNATDSA-N,ready,conflict,392,,c49b4bbadcb7171823bd3b21aa6cce29f1fddb416293c372b4fd994ccdb6a768,392,ChEMBL,2026-05-24T15:08:26.397076+00:00,2026-05-24T15:08:26.397076+00:00,unmapped_plant_reference,member_map_missing_canonical_plant_id,"{""candidate_id"": ""cmpcand_d86a20e6d26c2647"", ""compound_id"": ""c458a00c-79d9-5522-bf1c-ffc7a4deed49"", ""member_count"": 1, ""member_ids_preview"": [""cmpcandm_c6ec61ded2788be8""], ""missing_member_count"": 1, ""raw_plant_ids_preview"": [""392""], ""source_compound_keys_preview"": [""c49b4bbadcb7171823bd3b21aa6cce29f1fddb416293c372b4fd994ccdb6a768""]}"
cmprev_731faced5017d8aa,cmpcand_d87bee43b7062f63,b5c599b5-650b-5843-b70d-d2068d8787d3,inchi::AMXQRHQMVKOSQE-PODBDYCPSA-N,ready,conflict,175,,24785016bd59b61581e84153cb8faa956570a3b4a8969f09a4cccc29ec8ad64e,175,ChEMBL,2026-05-24T15:04:20.471251+00:00,2026-05-24T15:04:20.471251+00:00,unmapped_plant_reference,member_map_missing_canonical_plant_id,"{""candidate_id"": ""cmpcand_d87bee43b7062f63"", ""compound_id"": ""b5c599b5-650b-5843-b70d-d2068d8787d3"", ""member_count"": 1, ""member_ids_preview"": [""cmpcandm_b6dc54c142b045d6""], ""missing_member_count"": 1, ""raw_plant_ids_preview"": [""175""], ""source_compound_keys_preview"": [""24785016bd59b61581e84153cb8faa956570a3b4a8969f09a4cccc29ec8ad64e""]}"
cmprev_38e07671b680abd9,cmpcand_d8daa45e3d791339,f6494029-5bcd-53cd-9e1c-a14a8da0c3e1,inchi::OXHNLMTVIGZXSG-UHFFFAOYSA-N,ready,conflict,139,,84af0875c8dc5c7394ff8c0dbc73c9cfd9eab4507f7134a0b865dfabc87f60e3,139,ChEMBL,2026-05-24T15:09:15.527437+00:00,2026-05-24T15:09:15.527437+00:00,unmapped_plant_reference,member_map_missing_canonical_plant_id,"{""candidate_id"": ""cmpcand_d8daa45e3d791339"", ""compound_id"": ""f6494029-5bcd-53cd-9e1c-a14a8da0c3e1"", ""member_count"": 1, ""member_ids_preview"": [""cmpcandm_1c9e172918485f2b""], ""missing_member_count"": 1, ""raw_plant_ids_preview"": [""139""], ""source_compound_keys_preview"": [""84af0875c8dc5c7394ff8c0dbc73c9cfd9eab4507f7134a0b865dfabc87f60e3""]}"
cmprev_3038cffc688b6a66,cmpcand_d8f1c862929e2f03,60ebf96c-9936-5113-a257-715093559430,inchi::AIULWNKTYPZYAN-SFHVURJKSA-N,ready,conflict,531,,dbb36e8ed2c2b115ba65d64abb87274cbae245916f832b501a0a3934e84df41d,531,ChEMBL,2026-05-24T15:05:10.140364+00:00,2026-05-24T15:05:10.140364+00:00,unmapped_plant_reference,member_map_missing_canonical_plant_id,"{""candidate_id"": ""cmpcand_d8f1c862929e2f03"", ""compound_id"": ""60ebf96c-9936-5113-a257-715093559430"", ""member_count"": 1, ""member_ids_preview"": [""cmpcandm_b45f6bf2595463d5""], ""missing_member_count"": 1, ""raw_plant_ids_preview"": [""531""], ""source_compound_keys_preview"": [""dbb36e8ed2c2b115ba65d64abb87274cbae245916f832b501a0a3934e84df41d""]}"
cmprev_a7309c69e9197f0b,cmpcand_d98e2fab768f2bb2,52d1b8be-6484-53c4-a991-5a9ff8c9c62b,inchi::JEGCPDDRRGXOFD-AVFQRREESA-N,ready,conflict,83,,e2b3e536a636999768099895ea3fbd017d36a209254ec506e9a67c7ca789d945,83,ChEMBL,2026-05-24T15:02:28.354578+00:00,2026-05-24T15:02:28.354578+00:00,unmapped_plant_reference,member_map_missing_canonical_plant_id,"{""candidate_id"": ""cmpcand_d98e2fab768f2bb2"", ""compound_id"": ""52d1b8be-6484-53c4-a991-5a9ff8c9c62b"", ""member_count"": 1, ""member_ids_preview"": [""cmpcandm_f7f98f9c0de34bfc""], ""missing_member_count"": 1, ""raw_plant_ids_preview"": [""83""], ""source_compound_keys_preview"": [""e2b3e536a636999768099895ea3fbd017d36a209254ec506e9a67c7ca789d945""]}"
cmprev_c346a48c7d063f13,cmpcand_d9fc800c46874460,c6334032-a975-50db-a5aa-3d0db1e987d1,inchi::CWNBWXAITUWZFQ-IVEHAFNCSA-N,ready,conflict,120,,033934e82c645b4a80dae2f476dd888292a0287db12ccbda2932651bf624a863,120,PubChem,2026-05-24T15:02:45.513976+00:00,2026-05-24T15:02:45.513976+00:00,unmapped_plant_reference,member_map_missing_canonical_plant_id,"{""candidate_id"": ""cmpcand_d9fc800c46874460"", ""compound_id"": ""c6334032-a975-50db-a5aa-3d0db1e987d1"", ""member_count"": 1, ""member_ids_preview"": [""cmpcandm_3f937b82b99ce698""], ""missing_member_count"": 1, ""raw_plant_ids_preview"": [""120""], ""source_compound_keys_preview"": [""033934e82c645b4a80dae2f476dd888292a0287db12ccbda2932651bf624a863""]}"
cmprev_1486ded157248ea1,cmpcand_da0fc6bb3f4cf0c1,1ca1b30e-c8bc-55d4-9e6d-586208552496,inchi::NPNNKDMSXVRADT-UITAMQMPSA-N,ready,conflict,507,,d36e45db50dbb8d3af0967264ab3da5e15a193ac5e7b1f1f0c0399bee6d1c091,507,ChEMBL,2026-05-24T15:08:28.585527+00:00,2026-05-24T15:08:28.585527+00:00,unmapped_plant_reference,member_map_missing_canonical_plant_id,"{""candidate_id"": ""cmpcand_da0fc6bb3f4cf0c1"", ""compound_id"": ""1ca1b30e-c8bc-55d4-9e6d-586208552496"", ""member_count"": 1, ""member_ids_preview"": [""cmpcandm_8de29af831482f92""], ""missing_member_count"": 1, ""raw_plant_ids_preview"": [""507""], ""source_compound_keys_preview"": [""d36e45db50dbb8d3af0967264ab3da5e15a193ac5e7b1f1f0c0399bee6d1c091""]}"
cmprev_b2c284194dcee7c9,cmpcand_da53da31a5ec10ed,836cdc4f-5fd5-5701-8d3f-355253c76420,inchi::ZFMSMUAANRJZFM-UHFFFAOYSA-N,ready,conflict,381,,9bcd96065f02f97291a8443c73d7430302a32c0440a7ea48dac31e671f961187,381,ChEMBL,2026-05-24T15:03:44.720570+00:00,2026-05-24T15:03:44.720570+00:00,unmapped_plant_reference,member_map_missing_canonical_plant_id,"{""candidate_id"": ""cmpcand_da53da31a5ec10ed"", ""compound_id"": ""836cdc4f-5fd5-5701-8d3f-355253c76420"", ""member_count"": 1, ""member_ids_preview"": [""cmpcandm_a426e0c670a7b2fb""], ""missing_member_count"": 1, ""raw_plant_ids_preview"": [""381""], ""source_compound_keys_preview"": [""9bcd96065f02f97291a8443c73d7430302a32c0440a7ea48dac31e671f961187""]}"
cmprev_d254e59bc5b64d19,cmpcand_da60e5d35ede1a2c,7b19aaf6-de19-5233-9954-29994df35d34,inchi::KCYFFSOBOBWHTG-PROFCWERSA-N,ready,conflict,52,,47e44b07e6e86af1fdfbf6e1f9f18d8f5410ffc5150a2eaf6a6b47c95c5764c0,52,ChEMBL,2026-05-24T15:03:06.415242+00:00,2026-05-24T15:03:06.415242+00:00,unmapped_plant_reference,member_map_missing_canonical_plant_id,"{""candidate_id"": ""cmpcand_da60e5d35ede1a2c"", ""compound_id"": ""7b19aaf6-de19-5233-9954-29994df35d34"", ""member_count"": 1, ""member_ids_preview"": [""cmpcandm_ea363df28be3b056""], ""missing_member_count"": 1, ""raw_plant_ids_preview"": [""52""], ""source_compound_keys_preview"": [""47e44b07e6e86af1fdfbf6e1f9f18d8f5410ffc5150a2eaf6a6b47c95c5764c0""]}"
cmprev_e63ae422d234882f,cmpcand_da6e93b8203d82c2,12d7b2cd-adbf-5aab-a5ca-66a8ad293cc9,inchi::RMPPFTPDOBBBQE-UHFFFAOYSA-N,ready,conflict,107,,cba00acee63e86212c7a2057905bf55e5b1a26c80b87c3911381130dca888b8e,107,PubChem,2026-05-24T15:06:07.081772+00:00,2026-05-24T15:06:07.081772+00:00,unmapped_plant_reference,member_map_missing_canonical_plant_id,"{""candidate_id"": ""cmpcand_da6e93b8203d82c2"", ""compound_id"": ""12d7b2cd-adbf-5aab-a5ca-66a8ad293cc9"", ""member_count"": 1, ""member_ids_preview"": [""cmpcandm_6cd79d2d2d55ce6d""], ""missing_member_count"": 1, ""raw_plant_ids_preview"": [""107""], ""source_compound_keys_preview"": [""cba00acee63e86212c7a2057905bf55e5b1a26c80b87c3911381130dca888b8e""]}"
cmprev_1a28ad2ed94f519c,cmpcand_db296b6ca5887458,0fc69e94-a2f1-5d8c-abcc-e389ecfe1855,inchi::SSVDXCWSMBMTOV-DTGSAJLESA-N,ready,conflict,83,,609e5f8988d54a6b1e510a7ba7b532bf16ca9312dd76c6741d5c49dd6bf749e0,83,PubChem,2026-05-24T15:04:42.526509+00:00,2026-05-24T15:04:42.527725+00:00,unmapped_plant_reference,member_map_missing_canonical_plant_id,"{""candidate_id"": ""cmpcand_db296b6ca5887458"", ""compound_id"": ""0fc69e94-a2f1-5d8c-abcc-e389ecfe1855"", ""member_count"": 1, ""member_ids_preview"": [""cmpcandm_c5d3d8df378c6251""], ""missing_member_count"": 1, ""raw_plant_ids_preview"": [""83""], ""source_compound_keys_preview"": [""609e5f8988d54a6b1e510a7ba7b532bf16ca9312dd76c6741d5c49dd6bf749e0""]}"
cmprev_4b40bde747b84b06,cmpcand_dbe805bb7fdea691,81567ce4-c694-5ffc-be1d-4749c5809fc5,inchi::VSMOENVRRABVKN-UHFFFAOYSA-N,ready,conflict,139,,e9959f38e72b6383111c0b8ad25a9204744cf46dce5b4017ac2481b12a7f701d,139,ChEMBL,2026-05-24T15:05:49.183028+00:00,2026-05-24T15:05:49.183028+00:00,unmapped_plant_reference,member_map_missing_canonical_plant_id,"{""candidate_id"": ""cmpcand_dbe805bb7fdea691"", ""compound_id"": ""81567ce4-c694-5ffc-be1d-4749c5809fc5"", ""member_count"": 1, ""member_ids_preview"": [""cmpcandm_2e3e244758c4c400""], ""missing_member_count"": 1, ""raw_plant_ids_preview"": [""139""], ""source_compound_keys_preview"": [""e9959f38e72b6383111c0b8ad25a9204744cf46dce5b4017ac2481b12a7f701d""]}"
cmprev_64afdf58b4af0b5b,cmpcand_dc9550f18cba5a5c,a7ec55fd-1db7-526a-916e-cc8e458bfc3c,inchi::QQGLQYQXUKHWPX-BXLHIMNRSA-N,ready,conflict,341,,e679cbb9ce50ce77045815daa01ad09a06babcd135ad51f8c251c92c05e639af,341,PubChem,2026-05-24T15:06:38.308798+00:00,2026-05-24T15:06:38.308798+00:00,unmapped_plant_reference,member_map_missing_canonical_plant_id,"{""candidate_id"": ""cmpcand_dc9550f18cba5a5c"", ""compound_id"": ""a7ec55fd-1db7-526a-916e-cc8e458bfc3c"", ""member_count"": 1, ""member_ids_preview"": [""cmpcandm_c54ab252b2aab836""], ""missing_member_count"": 1, ""raw_plant_ids_preview"": [""341""], ""source_compound_keys_preview"": [""e679cbb9ce50ce77045815daa01ad09a06babcd135ad51f8c251c92c05e639af""]}"
cmprev_e2f0f61b41dc0530,cmpcand_dcbf067ced678bac,4baec537-906b-5954-a0b2-6369a151dc9f,inchi::RHLFBIFJRZNCRZ-QOYUQHOESA-N,ready,conflict,341,,3af736404af43448f4e48410b80a2f89d24aafcb32f4528a856677203ffc6680,341,PubChem,2026-05-24T15:04:13.297154+00:00,2026-05-24T15:04:13.297154+00:00,unmapped_plant_reference,member_map_missing_canonical_plant_id,"{""candidate_id"": ""cmpcand_dcbf067ced678bac"", ""compound_id"": ""4baec537-906b-5954-a0b2-6369a151dc9f"", ""member_count"": 1, ""member_ids_preview"": [""cmpcandm_50cc2ce24131e892""], ""missing_member_count"": 1, ""raw_plant_ids_preview"": [""341""], ""source_compound_keys_preview"": [""3af736404af43448f4e48410b80a2f89d24aafcb32f4528a856677203ffc6680""]}"
cmprev_7d49cec504871f40,cmpcand_dd5d828177c79add,0554fee4-d06f-5b0f-905d-cdd588923aa0,inchi::UDCNIVAKSBVBTO-CAVPUYEOSA-N,ready,conflict,76,,a4464363b92f5fd5ebc956c5663b576f86da299636aa039527b37139e6582021,76,ChEMBL,2026-05-24T15:07:22.377478+00:00,2026-05-24T15:07:22.377478+00:00,unmapped_plant_reference,member_map_missing_canonical_plant_id,"{""candidate_id"": ""cmpcand_dd5d828177c79add"", ""compound_id"": ""0554fee4-d06f-5b0f-905d-cdd588923aa0"", ""member_count"": 1, ""member_ids_preview"": [""cmpcandm_83efafb8914bece1""], ""missing_member_count"": 1, ""raw_plant_ids_preview"": [""76""], ""source_compound_keys_preview"": [""a4464363b92f5fd5ebc956c5663b576f86da299636aa039527b37139e6582021""]}"
cmprev_8df61ecb9ae0d847,cmpcand_dd8c77fad9e67d3d,687038a2-a660-5079-99e4-831e71b1cd1e,inchi::MWOOGOJBHIARFG-UHFFFAOYSA-N,ready,conflict,341,,59a37064a8091eed2bbdd5d3d05e4ab44ef0d7b7b8a9dc3639ed11374dcb7872,341,ChEMBL,2026-05-24T15:07:03.803276+00:00,2026-05-24T15:07:03.803276+00:00,unmapped_plant_reference,member_map_missing_canonical_plant_id,"{""candidate_id"": ""cmpcand_dd8c77fad9e67d3d"", ""compound_id"": ""687038a2-a660-5079-99e4-831e71b1cd1e"", ""member_count"": 1, ""member_ids_preview"": [""cmpcandm_3f256d18456cea33""], ""missing_member_count"": 1, ""raw_plant_ids_preview"": [""341""], ""source_compound_keys_preview"": [""59a37064a8091eed2bbdd5d3d05e4ab44ef0d7b7b8a9dc3639ed11374dcb7872""]}"
cmprev_4d22cdf46aeca8a2,cmpcand_de5f1ffd54536d32,3d3b547d-e2bf-5e81-97cb-c7fade0a7169,inchi::LKMNXYDUQXAUCZ-UHFFFAOYSA-N,ready,conflict,363,,5e5ee6f4de8ec71c8d81250d6bd80ac78ec037be73669f04c9859e132c1aec68,363,ChEMBL,2026-05-24T15:05:07.771497+00:00,2026-05-24T15:05:07.771497+00:00,unmapped_plant_reference,member_map_missing_canonical_plant_id,"{""candidate_id"": ""cmpcand_de5f1ffd54536d32"", ""compound_id"": ""3d3b547d-e2bf-5e81-97cb-c7fade0a7169"", ""member_count"": 1, ""member_ids_preview"": [""cmpcandm_9b003eed5a3191cf""], ""missing_member_count"": 1, ""raw_plant_ids_preview"": [""363""], ""source_compound_keys_preview"": [""5e5ee6f4de8ec71c8d81250d6bd80ac78ec037be73669f04c9859e132c1aec68""]}"
cmprev_f323c9fc6e33a329,cmpcand_de88027d923e18af,dc9a6fab-9458-53ee-860e-e92b7409b874,inchi::FCBQTMYJAQBXSK-YZVDRFENSA-N,ready,conflict,420,,8bb885c247c532898029a96c5880a2417823b74c80583ed801e442a3af149a84,420,PubChem,2026-05-24T15:08:31.931888+00:00,2026-05-24T15:08:31.931888+00:00,unmapped_plant_reference,member_map_missing_canonical_plant_id,"{""candidate_id"": ""cmpcand_de88027d923e18af"", ""compound_id"": ""dc9a6fab-9458-53ee-860e-e92b7409b874"", ""member_count"": 1, ""member_ids_preview"": [""cmpcandm_cc35c8b914d9a95b""], ""missing_member_count"": 1, ""raw_plant_ids_preview"": [""420""], ""source_compound_keys_preview"": [""8bb885c247c532898029a96c5880a2417823b74c80583ed801e442a3af149a84""]}"
cmprev_16ad82ffbd48cced,cmpcand_deb3fe2cc8bf23f4,9c9e7827-87d5-5e9b-b259-c6ae49366c58,inchi::XEAQIWGXBXCYFX-GUOLPTJISA-N,ready,conflict,398,,28e415f81a0ba40e0071d9b089a18ef667279e6fc3c003d7a8d6e2a17ecaa0dc,398,ChEMBL,2026-05-24T15:06:38.786102+00:00,2026-05-24T15:06:38.786102+00:00,unmapped_plant_reference,member_map_missing_canonical_plant_id,"{""candidate_id"": ""cmpcand_deb3fe2cc8bf23f4"", ""compound_id"": ""9c9e7827-87d5-5e9b-b259-c6ae49366c58"", ""member_count"": 1, ""member_ids_preview"": [""cmpcandm_47df3182bc10224a""], ""missing_member_count"": 1, ""raw_plant_ids_preview"": [""398""], ""source_compound_keys_preview"": [""28e415f81a0ba40e0071d9b089a18ef667279e6fc3c003d7a8d6e2a17ecaa0dc""]}"
cmprev_293025eacaa7f93b,cmpcand_dec834eee1e11d0f,298aa45d-596d-5b32-a460-72fd6caf6522,inchi::XITPERBRJNUFSB-BVBGJJFLSA-N,ready,conflict,139,,e6997c71b3213173278401d89ce51b8e88446feefe58e9f038043b073b28e8e8,139,PubChem,2026-05-24T15:02:36.408930+00:00,2026-05-24T15:02:36.408930+00:00,unmapped_plant_reference,member_map_missing_canonical_plant_id,"{""candidate_id"": ""cmpcand_dec834eee1e11d0f"", ""compound_id"": ""298aa45d-596d-5b32-a460-72fd6caf6522"", ""member_count"": 1, ""member_ids_preview"": [""cmpcandm_6f0660bd0be3aab9""], ""missing_member_count"": 1, ""raw_plant_ids_preview"": [""139""], ""source_compound_keys_preview"": [""e6997c71b3213173278401d89ce51b8e88446feefe58e9f038043b073b28e8e8""]}"
cmprev_932559f2c4b00842,cmpcand_dee5d4467061f7ca,46b8334c-2308-5672-9999-75e506ef7bee,inchi::MDKCFLQDBWCQCV-UHFFFAOYSA-N,ready,conflict,341,,b5c8ef882e5c6ae36cb0af949948c7301690bff82948b68b46059a7a3f7f502e,341,ChEMBL,2026-05-24T15:07:36.655721+00:00,2026-05-24T15:07:36.655721+00:00,unmapped_plant_reference,member_map_missing_canonical_plant_id,"{""candidate_id"": ""cmpcand_dee5d4467061f7ca"", ""compound_id"": ""46b8334c-2308-5672-9999-75e506ef7bee"", ""member_count"": 1, ""member_ids_preview"": [""cmpcandm_13333ac0ddbff15e""], ""missing_member_count"": 1, ""raw_plant_ids_preview"": [""341""], ""source_compound_keys_preview"": [""b5c8ef882e5c6ae36cb0af949948c7301690bff82948b68b46059a7a3f7f502e""]}"
cmprev_2cd35c391e7fc636,cmpcand_df2fbc4524d5d8ee,663b3c82-188e-5a20-bb24-e343b961c287,inchi::YBPMPRDOWHIVNA-XTBIJCDISA-N,ready,conflict,82,,b956e1344e97f553391f893af8d5f6fe1fe27f481760b0b86ce10f561eff6109,82,PubChem,2026-05-24T15:05:35.168297+00:00,2026-05-24T15:05:35.168297+00:00,unmapped_plant_reference,member_map_missing_canonical_plant_id,"{""candidate_id"": ""cmpcand_df2fbc4524d5d8ee"", ""compound_id"": ""663b3c82-188e-5a20-bb24-e343b961c287"", ""member_count"": 1, ""member_ids_preview"": [""cmpcandm_27b4341be1d12806""], ""missing_member_count"": 1, ""raw_plant_ids_preview"": [""82""], ""source_compound_keys_preview"": [""b956e1344e97f553391f893af8d5f6fe1fe27f481760b0b86ce10f561eff6109""]}"
cmprev_4823515d4764ab6f,cmpcand_df4509b806362718,9d5b18cb-e639-526a-8657-35cccf4f2a04,inchi::YDQWDHRMZQUTBA-UHFFFAOYSA-N,ready,conflict,107,,f01fd6872486a8a0695f4b7f6f010985bd37256014caef6bfb3914aa44573882,107,ChEMBL,2026-05-24T15:06:30.479004+00:00,2026-05-24T15:06:30.479004+00:00,unmapped_plant_reference,member_map_missing_canonical_plant_id,"{""candidate_id"": ""cmpcand_df4509b806362718"", ""compound_id"": ""9d5b18cb-e639-526a-8657-35cccf4f2a04"", ""member_count"": 1, ""member_ids_preview"": [""cmpcandm_0a2e772a54e8562f""], ""missing_member_count"": 1, ""raw_plant_ids_preview"": [""107""], ""source_compound_keys_preview"": [""f01fd6872486a8a0695f4b7f6f010985bd37256014caef6bfb3914aa44573882""]}"
cmprev_e48dba5c5871163b,cmpcand_df4c8f44d03f3cb7,216e81d9-d9ca-5f98-8e5f-15632a52f321,inchi::YOMSJEATGXXYPX-UHFFFAOYSA-N,ready,conflict,139,,bed3115f3d1041b4f1c2be49406030941f5272cf715fe2e0e10727001f7ba145,139,PubChem,2026-05-24T15:08:23.544679+00:00,2026-05-24T15:08:23.544679+00:00,unmapped_plant_reference,member_map_missing_canonical_plant_id,"{""candidate_id"": ""cmpcand_df4c8f44d03f3cb7"", ""compound_id"": ""216e81d9-d9ca-5f98-8e5f-15632a52f321"", ""member_count"": 1, ""member_ids_preview"": [""cmpcandm_5b11221dc5498a2e""], ""missing_member_count"": 1, ""raw_plant_ids_preview"": [""139""], ""source_compound_keys_preview"": [""bed3115f3d1041b4f1c2be49406030941f5272cf715fe2e0e10727001f7ba145""]}"
cmprev_3323b40e329ecc05,cmpcand_df71f9e79b35edb4,3cd679da-64f2-5ae2-9647-1afa90945d00,inchi::YSMFIJDRMWRYKD-DXGCKQMKSA-N,ready,conflict,120,,a8ed6f752c3ee8535ca36411288f2639b24c8614e44687a475aad91a5700051b,120,ChEMBL,2026-05-24T15:08:52.109682+00:00,2026-05-24T15:08:52.109682+00:00,unmapped_plant_reference,member_map_missing_canonical_plant_id,"{""candidate_id"": ""cmpcand_df71f9e79b35edb4"", ""compound_id"": ""3cd679da-64f2-5ae2-9647-1afa90945d00"", ""member_count"": 1, ""member_ids_preview"": [""cmpcandm_14faf5909b51077c""], ""missing_member_count"": 1, ""raw_plant_ids_preview"": [""120""], ""source_compound_keys_preview"": [""a8ed6f752c3ee8535ca36411288f2639b24c8614e44687a475aad91a5700051b""]}"
cmprev_9d8308a59c186e39,cmpcand_df8e24d2be7e5911,7618a5d5-ce6a-59f7-92f3-ca60ac2c916d,inchi::LNYOLAZJJYTRSO-HWKANZROSA-N,ready,conflict,120,,4b494ba74821990f2bb6e71ea434da72142d5804de1daa5bd2d2789e65307538,120,ChEMBL,2026-05-24T15:02:56.684652+00:00,2026-05-24T15:02:56.684652+00:00,unmapped_plant_reference,member_map_missing_canonical_plant_id,"{""candidate_id"": ""cmpcand_df8e24d2be7e5911"", ""compound_id"": ""7618a5d5-ce6a-59f7-92f3-ca60ac2c916d"", ""member_count"": 1, ""member_ids_preview"": [""cmpcandm_75f81f757e0776d3""], ""missing_member_count"": 1, ""raw_plant_ids_preview"": [""120""], ""source_compound_keys_preview"": [""4b494ba74821990f2bb6e71ea434da72142d5804de1daa5bd2d2789e65307538""]}"
cmprev_0643cb6b0750ef53,cmpcand_e0128812cd1825b2,a0deafce-a8a0-5717-965e-8b53ec148928,inchi::UUOWTYGESRVWCF-WKWFDMPLSA-N,ready,matched,120,,44ff9229fc15a2e170400835ddc7c97260a08840f4c915e6bfb7f1f91a836651,120,PubChem,2026-05-24T15:08:55.381721+00:00,2026-05-24T15:08:55.381721+00:00,unmapped_plant_reference,member_map_missing_canonical_plant_id,"{""candidate_id"": ""cmpcand_e0128812cd1825b2"", ""compound_id"": ""a0deafce-a8a0-5717-965e-8b53ec148928"", ""member_count"": 1, ""member_ids_preview"": [""cmpcandm_70a13a6ca1097006""], ""missing_member_count"": 1, ""raw_plant_ids_preview"": [""120""], ""source_compound_keys_preview"": [""44ff9229fc15a2e170400835ddc7c97260a08840f4c915e6bfb7f1f91a836651""]}"
cmprev_09131dfa711c07d6,cmpcand_e01a4b822bf71372,673bb424-74b9-55e7-b767-20f3a467e236,inchi::WWBNBPSEKLOHJU-BXLHIMNRSA-N,ready,matched,341,,562794a12b06b09dc1353ff1357977c98519a9d1a96dda723439afedf3f80176,341,PubChem,2026-05-24T15:04:38.597792+00:00,2026-05-24T15:04:38.597792+00:00,unmapped_plant_reference,member_map_missing_canonical_plant_id,"{""candidate_id"": ""cmpcand_e01a4b822bf71372"", ""compound_id"": ""673bb424-74b9-55e7-b767-20f3a467e236"", ""member_count"": 1, ""member_ids_preview"": [""cmpcandm_e08c52f816168395""], ""missing_member_count"": 1, ""raw_plant_ids_preview"": [""341""], ""source_compound_keys_preview"": [""562794a12b06b09dc1353ff1357977c98519a9d1a96dda723439afedf3f80176""]}"
cmprev_7872b7ed5a79dda0,cmpcand_e0bc1a5014898319,651ac381-8957-5a5e-93f6-00e7c7aedb49,inchi::GPQLHGCIAUEJQK-UHFFFAOYSA-N,ready,conflict,186,,b42d519b457e2b05af331db099c3fe455a223b058a42e8b7e8744741df817d22,186,ChEMBL,2026-05-24T15:06:50.805836+00:00,2026-05-24T15:06:50.805836+00:00,unmapped_plant_reference,member_map_missing_canonical_plant_id,"{""candidate_id"": ""cmpcand_e0bc1a5014898319"", ""compound_id"": ""651ac381-8957-5a5e-93f6-00e7c7aedb49"", ""member_count"": 1, ""member_ids_preview"": [""cmpcandm_0a8f22b26df27928""], ""missing_member_count"": 1, ""raw_plant_ids_preview"": [""186""], ""source_compound_keys_preview"": [""b42d519b457e2b05af331db099c3fe455a223b058a42e8b7e8744741df817d22""]}"
cmprev_e3fcdd090a4be9a3,cmpcand_e0de110b7ac42b4b,dc5d622f-2ded-51dc-9c77-e00e81256eae,inchi::YNEPXUIPALKHAU-URURCIEQSA-N,ready,conflict,392,,c77b1d25a4b08704ff5405b397fe5288f25adbed355f05ace847b4f5824a1764,392,PubChem,2026-05-24T15:08:02.370907+00:00,2026-05-24T15:08:02.370907+00:00,unmapped_plant_reference,member_map_missing_canonical_plant_id,"{""candidate_id"": ""cmpcand_e0de110b7ac42b4b"", ""compound_id"": ""dc5d622f-2ded-51dc-9c77-e00e81256eae"", ""member_count"": 1, ""member_ids_preview"": [""cmpcandm_672639ae2a97b95d""], ""missing_member_count"": 1, ""raw_plant_ids_preview"": [""392""], ""source_compound_keys_preview"": [""c77b1d25a4b08704ff5405b397fe5288f25adbed355f05ace847b4f5824a1764""]}"
cmprev_a62ca89fe4f1fc95,cmpcand_e0f387bc59030d4a,55b34786-8126-54aa-a678-811760917e60,inchi::UTEAJHNFBCLZHN-UHFFFAOYSA-N,ready,conflict,130,,4c671c6d907a4b92079c8f57f757373a2871b0ec09b1bb3bbac4784c4837f19b,130,ChEMBL,2026-05-24T15:08:45.924835+00:00,2026-05-24T15:08:45.924835+00:00,unmapped_plant_reference,member_map_missing_canonical_plant_id,"{""candidate_id"": ""cmpcand_e0f387bc59030d4a"", ""compound_id"": ""55b34786-8126-54aa-a678-811760917e60"", ""member_count"": 1, ""member_ids_preview"": [""cmpcandm_53578d08488daf11""], ""missing_member_count"": 1, ""raw_plant_ids_preview"": [""130""], ""source_compound_keys_preview"": [""4c671c6d907a4b92079c8f57f757373a2871b0ec09b1bb3bbac4784c4837f19b""]}"
cmprev_1c457a6f269b59b9,cmpcand_e0f9d40e20d46f92,16c56f29-71b6-5085-9bec-2bef8c0b8267,inchi::QKTFIWUHGFCLHF-UHFFFAOYSA-N,ready,conflict,175,,10200a3a5bbd530fab9392390949802899449dfb9d404354ae3b9c78cf6a7d24,175;52,ChEMBL,2026-05-24T15:07:05.226847+00:00,2026-05-24T15:07:05.226847+00:00,unmapped_plant_reference,member_map_missing_canonical_plant_id,"{""candidate_id"": ""cmpcand_e0f9d40e20d46f92"", ""compound_id"": ""16c56f29-71b6-5085-9bec-2bef8c0b8267"", ""member_count"": 2, ""member_ids_preview"": [""cmpcandm_b2a97afdc43e850a"", ""cmpcandm_39c325b6509761b3""], ""missing_member_count"": 2, ""raw_plant_ids_preview"": [""175"", ""52""], ""source_compound_keys_preview"": [""10200a3a5bbd530fab9392390949802899449dfb9d404354ae3b9c78cf6a7d24"", ""2f500f4f66f6ae20245b7253aa8ba635fe70c43cffdf07de033fabc668b34fa0""]}"
cmprev_6f1cb0e57223c9c7,cmpcand_e0fa80474160d992,6ac0232f-2fbe-5020-99d9-a762c29df251,inchi::IUORCUOWVWRBDQ-VWLOTQADSA-N,ready,conflict,52,,06d9660204a119d8190e65ac7bb56fcc9ced6c0ee9289d76d8f65fb7bc491c2b,52,ChEMBL,2026-05-24T15:06:10.336224+00:00,2026-05-24T15:06:10.336224+00:00,unmapped_plant_reference,member_map_missing_canonical_plant_id,"{""candidate_id"": ""cmpcand_e0fa80474160d992"", ""compound_id"": ""6ac0232f-2fbe-5020-99d9-a762c29df251"", ""member_count"": 1, ""member_ids_preview"": [""cmpcandm_6479fb7cc4d0b371""], ""missing_member_count"": 1, ""raw_plant_ids_preview"": [""52""], ""source_compound_keys_preview"": [""06d9660204a119d8190e65ac7bb56fcc9ced6c0ee9289d76d8f65fb7bc491c2b""]}"
cmprev_161b7684a6d71c44,cmpcand_e1799cf7eae011cb,2b3547fa-aa2b-5374-9846-bbd065d3a3a8,inchi::QAIPRVGONGVQAS-DUXPYHPUSA-N,ready,conflict,82,,ae80fbbf94ce5ffc7f12efb80ffefe363aab63e5c28c64e3dcd748d284f4d3f4,82;341,ChEMBL,2026-05-24T15:06:39.062892+00:00,2026-05-24T15:06:39.062892+00:00,unmapped_plant_reference,member_map_missing_canonical_plant_id,"{""candidate_id"": ""cmpcand_e1799cf7eae011cb"", ""compound_id"": ""2b3547fa-aa2b-5374-9846-bbd065d3a3a8"", ""member_count"": 2, ""member_ids_preview"": [""cmpcandm_f402d9cacff9554e"", ""cmpcandm_bd642f09dabfbdd8""], ""missing_member_count"": 2, ""raw_plant_ids_preview"": [""82"", ""341""], ""source_compound_keys_preview"": [""ae80fbbf94ce5ffc7f12efb80ffefe363aab63e5c28c64e3dcd748d284f4d3f4"", ""0f471686b611ec823eb7b4b5e1fcf1706ef4c9de0ab838555cf5f0b058f29415""]}"
cmprev_be39a49ae97dee74,cmpcand_e194560c3777b390,8b60dbd0-1e01-5cd0-ae0b-ad8e16b0157c,inchi::BBIIDGLNLQNSEB-XRLPKMTFSA-N,ready,conflict,490,,31c1e3a7070882210d7dece841f8dbaf12c58585d24469ea15743b7a0bd763d3,490,ChEMBL,2026-05-24T15:08:17.476747+00:00,2026-05-24T15:08:17.476747+00:00,unmapped_plant_reference,member_map_missing_canonical_plant_id,"{""candidate_id"": ""cmpcand_e194560c3777b390"", ""compound_id"": ""8b60dbd0-1e01-5cd0-ae0b-ad8e16b0157c"", ""member_count"": 1, ""member_ids_preview"": [""cmpcandm_9cf8a53675680eed""], ""missing_member_count"": 1, ""raw_plant_ids_preview"": [""490""], ""source_compound_keys_preview"": [""31c1e3a7070882210d7dece841f8dbaf12c58585d24469ea15743b7a0bd763d3""]}"
cmprev_384f9da66a241b1a,cmpcand_e2270dbbd151d888,692981b3-5912-54f8-a103-c9862d0f057c,inchi::JNNGEAWILNVFFD-CDJYTOATSA-N,ready,conflict,429,,eba3d50613d84aa8ad94afc19916afc8c73a8cd5e2db695c73b20af9e48ba051,429,ChEMBL,2026-05-24T15:05:02.838106+00:00,2026-05-24T15:05:02.838106+00:00,unmapped_plant_reference,member_map_missing_canonical_plant_id,"{""candidate_id"": ""cmpcand_e2270dbbd151d888"", ""compound_id"": ""692981b3-5912-54f8-a103-c9862d0f057c"", ""member_count"": 1, ""member_ids_preview"": [""cmpcandm_50ed157fdba4f4fd""], ""missing_member_count"": 1, ""raw_plant_ids_preview"": [""429""], ""source_compound_keys_preview"": [""eba3d50613d84aa8ad94afc19916afc8c73a8cd5e2db695c73b20af9e48ba051""]}"
cmprev_cc145770b0c17308,cmpcand_e2406b9ab1dd7740,2f6974d0-3d39-5de3-a092-8b020b03d49f,inchi::OILCCDVXJXTPHF-LFCBYZEKSA-N,ready,conflict,392,,d251ad3c2622266fa53f3eaed052a505b01cbea4a28eff0b50b4a7aac2a59de3,392,PubChem,2026-05-24T15:06:05.195568+00:00,2026-05-24T15:06:05.195568+00:00,unmapped_plant_reference,member_map_missing_canonical_plant_id,"{""candidate_id"": ""cmpcand_e2406b9ab1dd7740"", ""compound_id"": ""2f6974d0-3d39-5de3-a092-8b020b03d49f"", ""member_count"": 1, ""member_ids_preview"": [""cmpcandm_694fc5c33c32be3e""], ""missing_member_count"": 1, ""raw_plant_ids_preview"": [""392""], ""source_compound_keys_preview"": [""d251ad3c2622266fa53f3eaed052a505b01cbea4a28eff0b50b4a7aac2a59de3""]}"
cmprev_19731c94f2b239f3,cmpcand_e264c8eebdf12ab4,b4f889eb-1d37-511a-9d22-5fabf46a27f1,inchi::QRQAODSINXAOBF-UKTWWWBFSA-N,ready,conflict,122,,a4ab57fcc905c1facfa61ec8a91e7e8748bca55fa21e2f6c087b28efedf135f1,122,ChEMBL,2026-05-24T15:08:52.786006+00:00,2026-05-24T15:08:52.786006+00:00,unmapped_plant_reference,member_map_missing_canonical_plant_id,"{""candidate_id"": ""cmpcand_e264c8eebdf12ab4"", ""compound_id"": ""b4f889eb-1d37-511a-9d22-5fabf46a27f1"", ""member_count"": 1, ""member_ids_preview"": [""cmpcandm_0b0ab636fe622d3c""], ""missing_member_count"": 1, ""raw_plant_ids_preview"": [""122""], ""source_compound_keys_preview"": [""a4ab57fcc905c1facfa61ec8a91e7e8748bca55fa21e2f6c087b28efedf135f1""]}"
cmprev_bdf37a467a5b9b74,cmpcand_e299a4e20eeb66e2,12f519e0-f268-53b4-8901-0ab0a5bd3d2b,inchi::LSLWLOMYKHFTQT-IEJRGFGGSA-N,ready,conflict,186,,7bcca82a47ece718a7e423f41508b4250c09830278f0464bfc5f6fc6ebad053c,186,ChEMBL,2026-05-24T15:06:12.668968+00:00,2026-05-24T15:06:12.668968+00:00,unmapped_plant_reference,member_map_missing_canonical_plant_id,"{""candidate_id"": ""cmpcand_e299a4e20eeb66e2"", ""compound_id"": ""12f519e0-f268-53b4-8901-0ab0a5bd3d2b"", ""member_count"": 1, ""member_ids_preview"": [""cmpcandm_b845218be764d493""], ""missing_member_count"": 1, ""raw_plant_ids_preview"": [""186""], ""source_compound_keys_preview"": [""7bcca82a47ece718a7e423f41508b4250c09830278f0464bfc5f6fc6ebad053c""]}"
cmprev_de1a0fc140a558ca,cmpcand_e2e180c8289ba331,e5ae2835-c34f-5b20-a5d6-0f3c7f3f4a8e,inchi::AMBQHHVBBHTQBF-SFBCHFHNSA-N,ready,conflict,429,,c944e07f523e03c9bbaac50a513a5d4e921d7b1aaa7807df8df74fa377c38291,429,PubChem,2026-05-24T15:05:17.901709+00:00,2026-05-24T15:05:17.901709+00:00,unmapped_plant_reference,member_map_missing_canonical_plant_id,"{""candidate_id"": ""cmpcand_e2e180c8289ba331"", ""compound_id"": ""e5ae2835-c34f-5b20-a5d6-0f3c7f3f4a8e"", ""member_count"": 1, ""member_ids_preview"": [""cmpcandm_facf4aea928e3261""], ""missing_member_count"": 1, ""raw_plant_ids_preview"": [""429""], ""source_compound_keys_preview"": [""c944e07f523e03c9bbaac50a513a5d4e921d7b1aaa7807df8df74fa377c38291""]}"
cmprev_fb8c9ef5b059efb4,cmpcand_e2ffd2fb216a09d4,dd0fdd9d-6b43-5b15-8d27-6a25724a009a,inchi::NLDDIKRKFXEWBK-AWEZNQCLSA-N,ready,conflict,531,,465c65cec0d798341e32fb0b3b35b1d3d58680d1116e2575a64f97fd6a4be091,531,ChEMBL,2026-05-24T15:05:09.890104+00:00,2026-05-24T15:05:09.890104+00:00,unmapped_plant_reference,member_map_missing_canonical_plant_id,"{""candidate_id"": ""cmpcand_e2ffd2fb216a09d4"", ""compound_id"": ""dd0fdd9d-6b43-5b15-8d27-6a25724a009a"", ""member_count"": 1, ""member_ids_preview"": [""cmpcandm_fa3e0df09f1a3a8b""], ""missing_member_count"": 1, ""raw_plant_ids_preview"": [""531""], ""source_compound_keys_preview"": [""465c65cec0d798341e32fb0b3b35b1d3d58680d1116e2575a64f97fd6a4be091""]}"
cmprev_17300b66ad5c8854,cmpcand_e33318f8739c1267,4bb6fa8e-ed6e-529d-82c7-f86106e23423,inchi::JKAYPNQEJVZOMU-LFHLZQBKSA-N,ready,conflict,120,,45459518a584eb712862127336ad06b7d7a26bfe03df8462b9784e6590ef8836,120,ChEMBL,2026-05-24T15:02:56.754151+00:00,2026-05-24T15:02:56.755329+00:00,unmapped_plant_reference,member_map_missing_canonical_plant_id,"{""candidate_id"": ""cmpcand_e33318f8739c1267"", ""compound_id"": ""4bb6fa8e-ed6e-529d-82c7-f86106e23423"", ""member_count"": 1, ""member_ids_preview"": [""cmpcandm_c00e62031f0b6b21""], ""missing_member_count"": 1, ""raw_plant_ids_preview"": [""120""], ""source_compound_keys_preview"": [""45459518a584eb712862127336ad06b7d7a26bfe03df8462b9784e6590ef8836""]}"
cmprev_597d03b6da9c9137,cmpcand_e383560aedf76c61,163ae172-fa08-5e04-b497-bc6c52337ac6,inchi::NFRXSIOHGADFRG-RHTLGCLQSA-N,ready,conflict,347,,21663c22daa6efceadd3e942e415e957d94341b6f733fbf5d1d23ec6481de357,347,PubChem,2026-05-24T15:04:36.593301+00:00,2026-05-24T15:04:36.593301+00:00,unmapped_plant_reference,member_map_missing_canonical_plant_id,"{""candidate_id"": ""cmpcand_e383560aedf76c61"", ""compound_id"": ""163ae172-fa08-5e04-b497-bc6c52337ac6"", ""member_count"": 1, ""member_ids_preview"": [""cmpcandm_f33a84bb59a17f6e""], ""missing_member_count"": 1, ""raw_plant_ids_preview"": [""347""], ""source_compound_keys_preview"": [""21663c22daa6efceadd3e942e415e957d94341b6f733fbf5d1d23ec6481de357""]}"
cmprev_bf81e45d390ce9c3,cmpcand_e3b7d1b0e0fcaaec,7ee99ad5-9152-5579-85de-55729bd37e56,inchi::XGQPXBKBCOHIQI-XSXUGFHCSA-O,ready,matched,67,,d16262b5766f4b07f27164d0fc3c0e7c360b2620da0cd006a3565354e9d1fa73,67,PubChem,2026-05-24T15:04:17.404113+00:00,2026-05-24T15:04:17.404113+00:00,unmapped_plant_reference,member_map_missing_canonical_plant_id,"{""candidate_id"": ""cmpcand_e3b7d1b0e0fcaaec"", ""compound_id"": ""7ee99ad5-9152-5579-85de-55729bd37e56"", ""member_count"": 1, ""member_ids_preview"": [""cmpcandm_5d1f2a9cb300ee74""], ""missing_member_count"": 1, ""raw_plant_ids_preview"": [""67""], ""source_compound_keys_preview"": [""d16262b5766f4b07f27164d0fc3c0e7c360b2620da0cd006a3565354e9d1fa73""]}"
cmprev_825bdc765d001568,cmpcand_e3d140aa0eedd341,73ff53a5-604c-599c-bdf4-c7f9c9529f0c,inchi::CXBGOBGJHGGWIE-ACSXSLCXSA-N,ready,conflict,522,,ab91262b6672bfdf9245b58a5b5f3e97341f90826432795f4a1ddf85703fb065,522,ChEMBL,2026-05-24T15:04:59.518948+00:00,2026-05-24T15:04:59.518948+00:00,unmapped_plant_reference,member_map_missing_canonical_plant_id,"{""candidate_id"": ""cmpcand_e3d140aa0eedd341"", ""compound_id"": ""73ff53a5-604c-599c-bdf4-c7f9c9529f0c"", ""member_count"": 1, ""member_ids_preview"": [""cmpcandm_505c4c21d6ad0e05""], ""missing_member_count"": 1, ""raw_plant_ids_preview"": [""522""], ""source_compound_keys_preview"": [""ab91262b6672bfdf9245b58a5b5f3e97341f90826432795f4a1ddf85703fb065""]}"
cmprev_ce7cbf7448589e7d,cmpcand_e4084a4f7767edc8,9651bf3b-355f-5c5b-bd40-74c3dd7cda9e,inchi::MCSMMGJCXCBSKD-XCHVDQMNSA-N,ready,conflict,313,,c124265d426d1ec309975063e6c0fe238f100df36a256edfd71eae7d9c70793c,313,PubChem,2026-05-24T15:05:14.638527+00:00,2026-05-24T15:05:14.638527+00:00,unmapped_plant_reference,member_map_missing_canonical_plant_id,"{""candidate_id"": ""cmpcand_e4084a4f7767edc8"", ""compound_id"": ""9651bf3b-355f-5c5b-bd40-74c3dd7cda9e"", ""member_count"": 1, ""member_ids_preview"": [""cmpcandm_5d5b2fcc23ef6f90""], ""missing_member_count"": 1, ""raw_plant_ids_preview"": [""313""], ""source_compound_keys_preview"": [""c124265d426d1ec309975063e6c0fe238f100df36a256edfd71eae7d9c70793c""]}"
cmprev_6abe78698c65a03a,cmpcand_e4115a93bcf09b66,e72d1b36-b049-5e40-a732-072539468123,inchi::LPOVXLVQNSEZGE-PMRPVAAPSA-N,ready,conflict,522,,9e075f18d15e5b0ca6a0df4cd1afbe5cb72c16019b37307f9f9e234b8dc2ff62,522,ChEMBL,2026-05-24T15:04:00.999237+00:00,2026-05-24T15:04:00.999237+00:00,unmapped_plant_reference,member_map_missing_canonical_plant_id,"{""candidate_id"": ""cmpcand_e4115a93bcf09b66"", ""compound_id"": ""e72d1b36-b049-5e40-a732-072539468123"", ""member_count"": 1, ""member_ids_preview"": [""cmpcandm_1b78ab1452657367""], ""missing_member_count"": 1, ""raw_plant_ids_preview"": [""522""], ""source_compound_keys_preview"": [""9e075f18d15e5b0ca6a0df4cd1afbe5cb72c16019b37307f9f9e234b8dc2ff62""]}"
cmprev_4152437e7ef4947a,cmpcand_e4842b96e8609547,0fe826d7-a8df-5d2e-87e6-a67cc7dc0653,inchi::KQTSQSVDAUIWJH-OOPGADJZSA-N,ready,conflict,420,,d964c83f743b0c268cc25bebf89d614c81890d74a95b8a10a9ca526b6ee0d40a,420,PubChem,2026-05-24T15:03:40.971366+00:00,2026-05-24T15:03:40.971366+00:00,unmapped_plant_reference,member_map_missing_canonical_plant_id,"{""candidate_id"": ""cmpcand_e4842b96e8609547"", ""compound_id"": ""0fe826d7-a8df-5d2e-87e6-a67cc7dc0653"", ""member_count"": 1, ""member_ids_preview"": [""cmpcandm_4004290ec5ed9f0b""], ""missing_member_count"": 1, ""raw_plant_ids_preview"": [""420""], ""source_compound_keys_preview"": [""d964c83f743b0c268cc25bebf89d614c81890d74a95b8a10a9ca526b6ee0d40a""]}"
cmprev_98f9efe01bd6d46a,cmpcand_e4da5f0abad8d8f6,68cb9121-f639-580c-b890-972c6703e10f,inchi::OXGUCUVFOIWWQJ-HQBVPOQASA-N,ready,conflict,82,,f5ac43fb6173edb13ee22cce46f07bed995dd0790a0d885fbd0c0ca8ac46ce24,82;341,ChEMBL,2026-05-24T15:06:51.717958+00:00,2026-05-24T15:06:51.717958+00:00,unmapped_plant_reference,member_map_missing_canonical_plant_id,"{""candidate_id"": ""cmpcand_e4da5f0abad8d8f6"", ""compound_id"": ""68cb9121-f639-580c-b890-972c6703e10f"", ""member_count"": 2, ""member_ids_preview"": [""cmpcandm_01c75f970826afa3"", ""cmpcandm_7163ab3a946ae123""], ""missing_member_count"": 2, ""raw_plant_ids_preview"": [""82"", ""341""], ""source_compound_keys_preview"": [""f5ac43fb6173edb13ee22cce46f07bed995dd0790a0d885fbd0c0ca8ac46ce24"", ""274907b057d674e5656bc7e29415408599db4b3db008f971defb3c18ac8c2f61""]}"
cmprev_16a18c84d06accf0,cmpcand_e504b8cacb253d26,53d44c49-5d23-55fc-bf95-b343ffb4ede8,inchi::UZKQTCBAMSWPJD-FARCUNLSSA-N,ready,conflict,522,,fec8de7c3c8c0476b48ac2501b61c2297bc7d26b5c25cb86ef428d8cf5a83cfc,522,ChEMBL,2026-05-24T15:04:13.175932+00:00,2026-05-24T15:04:13.175932+00:00,unmapped_plant_reference,member_map_missing_canonical_plant_id,"{""candidate_id"": ""cmpcand_e504b8cacb253d26"", ""compound_id"": ""53d44c49-5d23-55fc-bf95-b343ffb4ede8"", ""member_count"": 1, ""member_ids_preview"": [""cmpcandm_bcd08c7691d45b17""], ""missing_member_count"": 1, ""raw_plant_ids_preview"": [""522""], ""source_compound_keys_preview"": [""fec8de7c3c8c0476b48ac2501b61c2297bc7d26b5c25cb86ef428d8cf5a83cfc""]}"
cmprev_cf74a7ab00ecf88d,cmpcand_e517eaf1e5e0766b,a2bcc743-2d0b-573a-bb1a-370dcb3852f6,inchi::PBLXNPSLWYWTKM-ABFAVRDBSA-N,ready,conflict,429,,b34be79ac72e09a1aba1152e4114a0eda927f99a227b8ae02ec120d60480e77c,429,PubChem,2026-05-24T15:04:09.632633+00:00,2026-05-24T15:04:09.632633+00:00,unmapped_plant_reference,member_map_missing_canonical_plant_id,"{""candidate_id"": ""cmpcand_e517eaf1e5e0766b"", ""compound_id"": ""a2bcc743-2d0b-573a-bb1a-370dcb3852f6"", ""member_count"": 1, ""member_ids_preview"": [""cmpcandm_e40cb4c05943df35""], ""missing_member_count"": 1, ""raw_plant_ids_preview"": [""429""], ""source_compound_keys_preview"": [""b34be79ac72e09a1aba1152e4114a0eda927f99a227b8ae02ec120d60480e77c""]}"
cmprev_06c621008a7b52a5,cmpcand_e5314c9f9da4f92c,77c490fb-c628-5da3-bdbb-65924c54c412,inchi::WSQWAMGRHJQANC-UHFFFAOYSA-N,ready,conflict,132,,277661b0a948c39d38b2b6291ca7c2d2ebd57ea38e9b5e5fa73bd8491f375109,132,ChEMBL,2026-05-24T15:04:02.506826+00:00,2026-05-24T15:04:02.506826+00:00,unmapped_plant_reference,member_map_missing_canonical_plant_id,"{""candidate_id"": ""cmpcand_e5314c9f9da4f92c"", ""compound_id"": ""77c490fb-c628-5da3-bdbb-65924c54c412"", ""member_count"": 1, ""member_ids_preview"": [""cmpcandm_57d2aa02b62f0baa""], ""missing_member_count"": 1, ""raw_plant_ids_preview"": [""132""], ""source_compound_keys_preview"": [""277661b0a948c39d38b2b6291ca7c2d2ebd57ea38e9b5e5fa73bd8491f375109""]}"
cmprev_f5686e9c0862023b,cmpcand_e539f702bf644f60,5fe026de-350d-583a-8d2f-2788b1832635,inchi::RSIWXFIBHXYNFM-NSHDSACASA-N,ready,conflict,398,,7445b2b61e035b21f4f1e199aee2cb4d26f880d10ca797d3e729dbdfcdb7e45b,398,ChEMBL,2026-05-24T15:04:43.824638+00:00,2026-05-24T15:04:43.824638+00:00,unmapped_plant_reference,member_map_missing_canonical_plant_id,"{""candidate_id"": ""cmpcand_e539f702bf644f60"", ""compound_id"": ""5fe026de-350d-583a-8d2f-2788b1832635"", ""member_count"": 1, ""member_ids_preview"": [""cmpcandm_c925becb71586951""], ""missing_member_count"": 1, ""raw_plant_ids_preview"": [""398""], ""source_compound_keys_preview"": [""7445b2b61e035b21f4f1e199aee2cb4d26f880d10ca797d3e729dbdfcdb7e45b""]}"
cmprev_6e3cf51385cb45e0,cmpcand_e54fafa46121adf5,691de16b-03c8-52c4-a1e5-b7949a331e72,inchi::MRIAQLRQZPPODS-UHFFFAOYSA-N,ready,conflict,130,,96fb2c9698e5bc62029edc3a9f32c681ab32c69e922697234c1869a305872c94,130,ChEMBL,2026-05-24T15:06:28.251446+00:00,2026-05-24T15:06:28.251446+00:00,unmapped_plant_reference,member_map_missing_canonical_plant_id,"{""candidate_id"": ""cmpcand_e54fafa46121adf5"", ""compound_id"": ""691de16b-03c8-52c4-a1e5-b7949a331e72"", ""member_count"": 1, ""member_ids_preview"": [""cmpcandm_17645cec1f663c4d""], ""missing_member_count"": 1, ""raw_plant_ids_preview"": [""130""], ""source_compound_keys_preview"": [""96fb2c9698e5bc62029edc3a9f32c681ab32c69e922697234c1869a305872c94""]}"
cmprev_2a3006ef24f3f56f,cmpcand_e5a6a186a3664914,1f4057cb-5866-5828-95b0-08e180fa22f6,inchi::VHVMXWZXFBOANQ-UHFFFAOYSA-N,ready,conflict,502,,ff7d6a4527adff6b66c9eb1ec4a173ba2001032f2bad3614a304ca3828f80fb2,502,ChEMBL,2026-05-24T15:07:33.739865+00:00,2026-05-24T15:07:33.739865+00:00,unmapped_plant_reference,member_map_missing_canonical_plant_id,"{""candidate_id"": ""cmpcand_e5a6a186a3664914"", ""compound_id"": ""1f4057cb-5866-5828-95b0-08e180fa22f6"", ""member_count"": 1, ""member_ids_preview"": [""cmpcandm_7133a48987dfb2f7""], ""missing_member_count"": 1, ""raw_plant_ids_preview"": [""502""], ""source_compound_keys_preview"": [""ff7d6a4527adff6b66c9eb1ec4a173ba2001032f2bad3614a304ca3828f80fb2""]}"
cmprev_2eaf2135501e48a4,cmpcand_e5c7fc12597e6356,52f16713-d172-5789-8fe0-b06198496214,inchi::NSEWTSAADLNHNH-LSBOWGMISA-N,ready,conflict,381,,70205dd24b0637bb15841191a77cf9f216eda47ef37c880cf0cad0d6576edc44,381,ChEMBL,2026-05-24T15:06:12.966599+00:00,2026-05-24T15:06:12.966599+00:00,unmapped_plant_reference,member_map_missing_canonical_plant_id,"{""candidate_id"": ""cmpcand_e5c7fc12597e6356"", ""compound_id"": ""52f16713-d172-5789-8fe0-b06198496214"", ""member_count"": 1, ""member_ids_preview"": [""cmpcandm_1ce17d75e8cce853""], ""missing_member_count"": 1, ""raw_plant_ids_preview"": [""381""], ""source_compound_keys_preview"": [""70205dd24b0637bb15841191a77cf9f216eda47ef37c880cf0cad0d6576edc44""]}"
cmprev_8186acbb2a9e72b2,cmpcand_e5d5a0998009ba0e,5c8563c3-b197-558a-ac70-467254c7c08a,inchi::WWSNSDWQADMAJB-BUYITTQCSA-N,ready,conflict,175,,8251c1a338a61262bcf3ae04755bd31574530c864567b417ffc51e803da551b4,175,PubChem,2026-05-24T15:07:00.509019+00:00,2026-05-24T15:07:00.509019+00:00,unmapped_plant_reference,member_map_missing_canonical_plant_id,"{""candidate_id"": ""cmpcand_e5d5a0998009ba0e"", ""compound_id"": ""5c8563c3-b197-558a-ac70-467254c7c08a"", ""member_count"": 1, ""member_ids_preview"": [""cmpcandm_17085127fbd53440""], ""missing_member_count"": 1, ""raw_plant_ids_preview"": [""175""], ""source_compound_keys_preview"": [""8251c1a338a61262bcf3ae04755bd31574530c864567b417ffc51e803da551b4""]}"
cmprev_dc66435e54029e39,cmpcand_e63e802132084d58,e9af50d3-84f7-5a8b-92aa-2db09316ee9f,inchi::AXHZIEAQVMBUKO-FNORWQNLSA-N,ready,conflict,52,,90b983738161a136bdd987dd606c1b0a9e94ea406d5a77cb45ebcb769072a711,52,PubChem,2026-05-24T15:03:51.768046+00:00,2026-05-24T15:03:51.768046+00:00,unmapped_plant_reference,member_map_missing_canonical_plant_id,"{""candidate_id"": ""cmpcand_e63e802132084d58"", ""compound_id"": ""e9af50d3-84f7-5a8b-92aa-2db09316ee9f"", ""member_count"": 1, ""member_ids_preview"": [""cmpcandm_4c8191e71b580dee""], ""missing_member_count"": 1, ""raw_plant_ids_preview"": [""52""], ""source_compound_keys_preview"": [""90b983738161a136bdd987dd606c1b0a9e94ea406d5a77cb45ebcb769072a711""]}"
cmprev_b7ab11788f0a9c4e,cmpcand_e8731ade7158885c,968074db-e489-557d-b943-9d84b9e0c402,inchi::UEENYRGPBCHSLB-UHFFFAOYSA-N,ready,conflict,52,,19faf2a25433441078cc2c8298365a5adadade147b302017972c65a9b918768a,52,ChEMBL,2026-05-24T15:09:15.745944+00:00,2026-05-24T15:09:15.745944+00:00,unmapped_plant_reference,member_map_missing_canonical_plant_id,"{""candidate_id"": ""cmpcand_e8731ade7158885c"", ""compound_id"": ""968074db-e489-557d-b943-9d84b9e0c402"", ""member_count"": 1, ""member_ids_preview"": [""cmpcandm_16e58b8e9689c7fb""], ""missing_member_count"": 1, ""raw_plant_ids_preview"": [""52""], ""source_compound_keys_preview"": [""19faf2a25433441078cc2c8298365a5adadade147b302017972c65a9b918768a""]}"
cmprev_cddc433c11e11606,cmpcand_e8dcb33636a9f8db,dc7311b5-115b-5b4e-8f94-b3d7eb2fd902,inchi::TVHZPQAYPSOHQT-AEOFTGFYSA-N,ready,conflict,120,,d36d22581e5aabc365469be8ed848e04a5166153258d3a8e9753b4b2b6377154,120;122,ChEMBL,2026-05-24T15:07:37.301637+00:00,2026-05-24T15:07:37.301637+00:00,unmapped_plant_reference,member_map_missing_canonical_plant_id,"{""candidate_id"": ""cmpcand_e8dcb33636a9f8db"", ""compound_id"": ""dc7311b5-115b-5b4e-8f94-b3d7eb2fd902"", ""member_count"": 2, ""member_ids_preview"": [""cmpcandm_202c316c0bc915db"", ""cmpcandm_e619a00f1cbe557c""], ""missing_member_count"": 2, ""raw_plant_ids_preview"": [""120"", ""122""], ""source_compound_keys_preview"": [""d36d22581e5aabc365469be8ed848e04a5166153258d3a8e9753b4b2b6377154"", ""8c0044d810ba42c36b50c349ba12042c5444a97d6e355ed688b1b794e4d9c3ed""]}"
cmprev_74197ae6a135bd46,cmpcand_e93bfe4cc1c3ccfe,cfabbf9f-04e5-5ddc-aab1-d8725529f51e,inchi::PWZMNBAVCHYMBK-FMMUPTMQSA-N,ready,conflict,313,,cb84c157f03804e51ec972fa4bb197d624de85688ccc3e37f9779dc3a5384ab6,313,PubChem,2026-05-24T15:08:01.177540+00:00,2026-05-24T15:08:01.177540+00:00,unmapped_plant_reference,member_map_missing_canonical_plant_id,"{""candidate_id"": ""cmpcand_e93bfe4cc1c3ccfe"", ""compound_id"": ""cfabbf9f-04e5-5ddc-aab1-d8725529f51e"", ""member_count"": 1, ""member_ids_preview"": [""cmpcandm_d44a3bb6bea7fac9""], ""missing_member_count"": 1, ""raw_plant_ids_preview"": [""313""], ""source_compound_keys_preview"": [""cb84c157f03804e51ec972fa4bb197d624de85688ccc3e37f9779dc3a5384ab6""]}"
cmprev_33855abaccddef09,cmpcand_e9e3ec1f67c70fbe,3f2b7f5a-cfc3-5e34-80c3-64422a4213ab,inchi::HMAKYIOVUKVWAW-UGJTWAQDSA-N,ready,conflict,392,,1e7cf8d8ca6f7cdc7958c5a58d5010e36184590eef0f0c0462c857c039775416,392,ChEMBL,2026-05-24T15:03:36.269814+00:00,2026-05-24T15:03:36.269814+00:00,unmapped_plant_reference,member_map_missing_canonical_plant_id,"{""candidate_id"": ""cmpcand_e9e3ec1f67c70fbe"", ""compound_id"": ""3f2b7f5a-cfc3-5e34-80c3-64422a4213ab"", ""member_count"": 1, ""member_ids_preview"": [""cmpcandm_da474b3e83be485f""], ""missing_member_count"": 1, ""raw_plant_ids_preview"": [""392""], ""source_compound_keys_preview"": [""1e7cf8d8ca6f7cdc7958c5a58d5010e36184590eef0f0c0462c857c039775416""]}"
cmprev_1c54de75721a4d3e,cmpcand_e9f0980ab944483d,16e5c243-41c7-582e-bb12-db593ed0d106,inchi::HUMNYLRZRPPJDN-UHFFFAOYSA-N,ready,conflict,139,,00696ad1e69e1177fbc7b9c917034e68eadb25b8b1614085b0dc6e0d82e01627,139,ChEMBL,2026-05-24T15:02:03.497993+00:00,2026-05-24T15:02:03.497993+00:00,unmapped_plant_reference,member_map_missing_canonical_plant_id,"{""candidate_id"": ""cmpcand_e9f0980ab944483d"", ""compound_id"": ""16e5c243-41c7-582e-bb12-db593ed0d106"", ""member_count"": 1, ""member_ids_preview"": [""cmpcandm_e8c064e7f5835ddc""], ""missing_member_count"": 1, ""raw_plant_ids_preview"": [""139""], ""source_compound_keys_preview"": [""00696ad1e69e1177fbc7b9c917034e68eadb25b8b1614085b0dc6e0d82e01627""]}"
cmprev_ee1a2580ebd9b29a,cmpcand_ea1908c4956ae601,ead2df4a-079d-56cd-8ab8-98cbf949b731,inchi::ADZHXBNWNZIHIX-XYGAWYNKSA-N,ready,conflict,319,,e8bcbcd5c17d014716afb4426fade56fcf1d29bca73341a40a69c8145a8677dc,319,ChEMBL,2026-05-24T15:04:34.409004+00:00,2026-05-24T15:04:34.409004+00:00,unmapped_plant_reference,member_map_missing_canonical_plant_id,"{""candidate_id"": ""cmpcand_ea1908c4956ae601"", ""compound_id"": ""ead2df4a-079d-56cd-8ab8-98cbf949b731"", ""member_count"": 1, ""member_ids_preview"": [""cmpcandm_03d777c83afa1667""], ""missing_member_count"": 1, ""raw_plant_ids_preview"": [""319""], ""source_compound_keys_preview"": [""e8bcbcd5c17d014716afb4426fade56fcf1d29bca73341a40a69c8145a8677dc""]}"
cmprev_ed0ef0872a78d265,cmpcand_ea3d3c12dfc61930,2e23a6dc-e52e-534d-a828-2689b42178da,inchi::SEDSWSMQSLWPEX-UHFFFAOYSA-N,ready,conflict,83,,72e2693515d4fbaaa97642acb9deab3bbbe4cf543b1db57d8107dc99d1cbc711,83,ChEMBL,2026-05-24T15:05:03.723948+00:00,2026-05-24T15:05:03.723948+00:00,unmapped_plant_reference,member_map_missing_canonical_plant_id,"{""candidate_id"": ""cmpcand_ea3d3c12dfc61930"", ""compound_id"": ""2e23a6dc-e52e-534d-a828-2689b42178da"", ""member_count"": 1, ""member_ids_preview"": [""cmpcandm_ecfe545c9aea0df0""], ""missing_member_count"": 1, ""raw_plant_ids_preview"": [""83""], ""source_compound_keys_preview"": [""72e2693515d4fbaaa97642acb9deab3bbbe4cf543b1db57d8107dc99d1cbc711""]}"
cmprev_3decda517506fc95,cmpcand_eb412f312b305d81,87cd9221-7879-55d8-b532-80ee408161c3,inchi::PQHNJDATPYXLIX-JKCNAQEDSA-N,ready,conflict,429,,39d4eea8a63f4b2dc673222570ea3ff3c8f7a406bb80752c29d5137a350cf830,429,PubChem,2026-05-24T15:04:47.363752+00:00,2026-05-24T15:04:47.363752+00:00,unmapped_plant_reference,member_map_missing_canonical_plant_id,"{""candidate_id"": ""cmpcand_eb412f312b305d81"", ""compound_id"": ""87cd9221-7879-55d8-b532-80ee408161c3"", ""member_count"": 1, ""member_ids_preview"": [""cmpcandm_72281a24faa9107f""], ""missing_member_count"": 1, ""raw_plant_ids_preview"": [""429""], ""source_compound_keys_preview"": [""39d4eea8a63f4b2dc673222570ea3ff3c8f7a406bb80752c29d5137a350cf830""]}"
cmprev_66e5d09ac8a4899d,cmpcand_ebc76babdf5968d6,9d31869b-6791-5fbf-8487-46416f54a9ae,inchi::YQUVCSBJEUQKSH-UHFFFAOYSA-N,ready,conflict,120,,1139f50c003430298dde5b125cd5dcc54522c7ab586d1dc75c3944b79d8c1618,120,ChEMBL,2026-05-24T15:09:20.410752+00:00,2026-05-24T15:09:20.410752+00:00,unmapped_plant_reference,member_map_missing_canonical_plant_id,"{""candidate_id"": ""cmpcand_ebc76babdf5968d6"", ""compound_id"": ""9d31869b-6791-5fbf-8487-46416f54a9ae"", ""member_count"": 1, ""member_ids_preview"": [""cmpcandm_36622b6df66b58a5""], ""missing_member_count"": 1, ""raw_plant_ids_preview"": [""120""], ""source_compound_keys_preview"": [""1139f50c003430298dde5b125cd5dcc54522c7ab586d1dc75c3944b79d8c1618""]}"
cmprev_448c073328111caf,cmpcand_ebc94cd343cd747f,b547e184-6e76-5e4f-b088-511215bdc583,inchi::PFTAWBLQPZVEMU-UKRRQHHQSA-N,ready,conflict,120,,bcf0dc5ae89dbf806bb6e61b093e2015d775d8195e924c10592a3f3df2ec0e37,120;341,ChEMBL,2026-05-24T15:06:35.004585+00:00,2026-05-24T15:06:35.004585+00:00,unmapped_plant_reference,member_map_missing_canonical_plant_id,"{""candidate_id"": ""cmpcand_ebc94cd343cd747f"", ""compound_id"": ""b547e184-6e76-5e4f-b088-511215bdc583"", ""member_count"": 2, ""member_ids_preview"": [""cmpcandm_e52acc7c471d6a6b"", ""cmpcandm_af880f3e0a78e199""], ""missing_member_count"": 2, ""raw_plant_ids_preview"": [""120"", ""341""], ""source_compound_keys_preview"": [""bcf0dc5ae89dbf806bb6e61b093e2015d775d8195e924c10592a3f3df2ec0e37"", ""ab2da99d32b89bd3b20db461fff1705e15f2afe2c26c4f3da13012da44cb150c""]}"
cmprev_a1f04b48fd664bd8,cmpcand_ec7b62e1095a68ae,4d46ddb3-44a6-5eb3-9f3e-c3679128ed58,inchi::SGZIVQRVNCEYKD-AFYACFJHSA-N,ready,conflict,83,,95f3dc160bcc8438be864b3961ed5d7e492d01393c06654f9d76547bee23257a,83,ChEMBL,2026-05-24T15:08:39.898081+00:00,2026-05-24T15:08:39.898081+00:00,unmapped_plant_reference,member_map_missing_canonical_plant_id,"{""candidate_id"": ""cmpcand_ec7b62e1095a68ae"", ""compound_id"": ""4d46ddb3-44a6-5eb3-9f3e-c3679128ed58"", ""member_count"": 3, ""member_ids_preview"": [""cmpcandm_b2a59ecf78bf1768"", ""cmpcandm_f618a2cf9f1d0d2a"", ""cmpcandm_77e410c0ae87524f""], ""missing_member_count"": 3, ""raw_plant_ids_preview"": [""83""], ""source_compound_keys_preview"": [""95f3dc160bcc8438be864b3961ed5d7e492d01393c06654f9d76547bee23257a"", ""2a542da0fc2f992ea17eb6b9889c81e756d5728c2fd3d48c66f5fed931cf34f0"", ""bffb2347e3bcef03c6a2de9bb21c163bf7f878c9ad2289d130ca12f85d37800c""]}"
cmprev_b766ce7f3eb4051a,cmpcand_ec7f04ebf5a8e744,4f32fb8b-ff2f-5a39-866c-e48af70945a9,inchi::QAYOIGPJKWWLOT-WXRFRXGMSA-N,ready,conflict,83,,14e2a2d3b239e5e78b89be942cbff674b9cd05b4c1c5d0097c20055bc891c58d,83,ChEMBL,2026-05-24T15:08:40.132976+00:00,2026-05-24T15:08:40.132976+00:00,unmapped_plant_reference,member_map_missing_canonical_plant_id,"{""candidate_id"": ""cmpcand_ec7f04ebf5a8e744"", ""compound_id"": ""4f32fb8b-ff2f-5a39-866c-e48af70945a9"", ""member_count"": 1, ""member_ids_preview"": [""cmpcandm_d7f8734b36f859a6""], ""missing_member_count"": 1, ""raw_plant_ids_preview"": [""83""], ""source_compound_keys_preview"": [""14e2a2d3b239e5e78b89be942cbff674b9cd05b4c1c5d0097c20055bc891c58d""]}"
cmprev_0d71be0524ab323e,cmpcand_ed2f72b06fd63485,21c0a00d-c7fe-5462-a5e8-aac82db1c6e0,inchi::MSYUAPLTGWCVMJ-VAWYXSNFSA-N,ready,conflict,381,,76b714c1d5d23b4c353d8ed994c2b450025475ccbd2e604095cbd4166b02443c,381,PubChem,2026-05-24T15:05:50.555953+00:00,2026-05-24T15:05:50.555953+00:00,unmapped_plant_reference,member_map_missing_canonical_plant_id,"{""candidate_id"": ""cmpcand_ed2f72b06fd63485"", ""compound_id"": ""21c0a00d-c7fe-5462-a5e8-aac82db1c6e0"", ""member_count"": 1, ""member_ids_preview"": [""cmpcandm_19ac6ba474cd220c""], ""missing_member_count"": 1, ""raw_plant_ids_preview"": [""381""], ""source_compound_keys_preview"": [""76b714c1d5d23b4c353d8ed994c2b450025475ccbd2e604095cbd4166b02443c""]}"
cmprev_fb0bfc6a39dbf4e0,cmpcand_ed54a782a926ec48,7c920c38-8f55-5f41-8d67-c5230812a6a7,inchi::GGCUJPCCTQNTJF-FRCNGJHJSA-N,ready,conflict,398,,a415fb04667cfda6276cefd408099c4110ef16557398bc6b292b4ef99f53f4a7,398,ChEMBL,2026-05-24T15:07:28.096250+00:00,2026-05-24T15:07:28.096250+00:00,unmapped_plant_reference,member_map_missing_canonical_plant_id,"{""candidate_id"": ""cmpcand_ed54a782a926ec48"", ""compound_id"": ""7c920c38-8f55-5f41-8d67-c5230812a6a7"", ""member_count"": 1, ""member_ids_preview"": [""cmpcandm_4acabe0e083aae3c""], ""missing_member_count"": 1, ""raw_plant_ids_preview"": [""398""], ""source_compound_keys_preview"": [""a415fb04667cfda6276cefd408099c4110ef16557398bc6b292b4ef99f53f4a7""]}"
cmprev_086bb5ac771d5e43,cmpcand_ed5d8e28fcecfb48,2986904a-dc9c-54d5-a4ff-9d4b2cfb8522,inchi::YTYRPIHQJLEEEG-DTRRUJLXSA-N,ready,conflict,392,,bd4199fd1bbaad192c65814a21153baa21e4c4e2d292fb46c2f0b00fcf9b575d,392,ChEMBL,2026-05-24T15:03:53.096482+00:00,2026-05-24T15:03:53.096482+00:00,unmapped_plant_reference,member_map_missing_canonical_plant_id,"{""candidate_id"": ""cmpcand_ed5d8e28fcecfb48"", ""compound_id"": ""2986904a-dc9c-54d5-a4ff-9d4b2cfb8522"", ""member_count"": 1, ""member_ids_preview"": [""cmpcandm_1ea4e13aa406a40e""], ""missing_member_count"": 1, ""raw_plant_ids_preview"": [""392""], ""source_compound_keys_preview"": [""bd4199fd1bbaad192c65814a21153baa21e4c4e2d292fb46c2f0b00fcf9b575d""]}"
cmprev_6a506b39b4d50e62,cmpcand_eda88f9e0a2ec109,58eb410c-5896-5805-9d6f-c02fca973092,inchi::SYPRQIWERSQQNL-KQYNXXCUSA-O,ready,matched,139,,352f1ea904a36cb735580218ffcef50f201f4ff38b09afe9771cf7cbb2c471dc,139,PubChem,2026-05-24T15:05:36.536372+00:00,2026-05-24T15:05:36.536372+00:00,unmapped_plant_reference,member_map_missing_canonical_plant_id,"{""candidate_id"": ""cmpcand_eda88f9e0a2ec109"", ""compound_id"": ""58eb410c-5896-5805-9d6f-c02fca973092"", ""member_count"": 1, ""member_ids_preview"": [""cmpcandm_0e5f19e29f793493""], ""missing_member_count"": 1, ""raw_plant_ids_preview"": [""139""], ""source_compound_keys_preview"": [""352f1ea904a36cb735580218ffcef50f201f4ff38b09afe9771cf7cbb2c471dc""]}"
cmprev_4d70d1dee3a09a49,cmpcand_edcaede01271dd5f,69b72733-9a97-5b6b-aa32-a97d158cda4e,inchi::YCIMNLLNPGFGHC-UHFFFAOYSA-N,ready,conflict,313,,769ac5a97ce470368a8de53ec7b57bfd74c96a02f5a5af22d1fdaf1bdec2ef3c,313,ChEMBL,2026-05-24T15:03:10.796113+00:00,2026-05-24T15:03:10.796113+00:00,unmapped_plant_reference,member_map_missing_canonical_plant_id,"{""candidate_id"": ""cmpcand_edcaede01271dd5f"", ""compound_id"": ""69b72733-9a97-5b6b-aa32-a97d158cda4e"", ""member_count"": 1, ""member_ids_preview"": [""cmpcandm_91d33536fd595f4d""], ""missing_member_count"": 1, ""raw_plant_ids_preview"": [""313""], ""source_compound_keys_preview"": [""769ac5a97ce470368a8de53ec7b57bfd74c96a02f5a5af22d1fdaf1bdec2ef3c""]}"
cmprev_171baf2fd45c8bc6,cmpcand_ee2c0cd1e8bb6d9e,11ab40b4-b001-53c4-990f-7d6861600516,inchi::PKZJLOCLABXVMC-UHFFFAOYSA-N,ready,conflict,122,,aa69d86f38be7a6c0499f968b5cb6c982ba3e0e0cf034d9279f3917d6087ffe9,122,ChEMBL,2026-05-24T15:03:36.411461+00:00,2026-05-24T15:03:36.411461+00:00,unmapped_plant_reference,member_map_missing_canonical_plant_id,"{""candidate_id"": ""cmpcand_ee2c0cd1e8bb6d9e"", ""compound_id"": ""11ab40b4-b001-53c4-990f-7d6861600516"", ""member_count"": 1, ""member_ids_preview"": [""cmpcandm_d275d6f6d77081e2""], ""missing_member_count"": 1, ""raw_plant_ids_preview"": [""122""], ""source_compound_keys_preview"": [""aa69d86f38be7a6c0499f968b5cb6c982ba3e0e0cf034d9279f3917d6087ffe9""]}"
cmprev_a4cce08cfec9db37,cmpcand_ee301c53b46be692,ebdd3c9c-d69c-539f-8fde-b2f03f3c79a3,inchi::SYFDWXWLRGHYAJ-UHFFFAOYSA-N,ready,conflict,52,,1e9986013fcbcffe54a456ad7638ce65949469db450073fca74f0add53678b64,52,ChEMBL,2026-05-24T15:04:38.880482+00:00,2026-05-24T15:04:38.880987+00:00,unmapped_plant_reference,member_map_missing_canonical_plant_id,"{""candidate_id"": ""cmpcand_ee301c53b46be692"", ""compound_id"": ""ebdd3c9c-d69c-539f-8fde-b2f03f3c79a3"", ""member_count"": 1, ""member_ids_preview"": [""cmpcandm_c39aec024fe44e37""], ""missing_member_count"": 1, ""raw_plant_ids_preview"": [""52""], ""source_compound_keys_preview"": [""1e9986013fcbcffe54a456ad7638ce65949469db450073fca74f0add53678b64""]}"
cmprev_39facb4e8a735fbd,cmpcand_ee70b79bf59531ee,7fa9cc70-c907-544e-8a2b-409aeca3493d,inchi::DKKJNZYHGRUXBS-BQYQJAHWSA-N,ready,conflict,398,,b21b6924ea85d15aa9d0f1fbbc3f5b9b2bcdcd5d9b645c2c8746d61e35a3961a,398;76,PubChem,2026-05-24T15:04:01.642387+00:00,2026-05-24T15:04:01.642387+00:00,unmapped_plant_reference,member_map_missing_canonical_plant_id,"{""candidate_id"": ""cmpcand_ee70b79bf59531ee"", ""compound_id"": ""7fa9cc70-c907-544e-8a2b-409aeca3493d"", ""member_count"": 3, ""member_ids_preview"": [""cmpcandm_e07310bc3a349ed0"", ""cmpcandm_2eb90c058c69ad65"", ""cmpcandm_d97f124450f895cd""], ""missing_member_count"": 3, ""raw_plant_ids_preview"": [""398"", ""76""], ""source_compound_keys_preview"": [""b21b6924ea85d15aa9d0f1fbbc3f5b9b2bcdcd5d9b645c2c8746d61e35a3961a"", ""b5e2fc2c0a417556cb9b194f429d9bc57f7bf69b63164bdee7cae38f300891ca"", ""74a6ba1d0d72d515ee2d3929e5fdc7d9a5f553c83f9b43de08b90c95829160db""]}"
cmprev_21a1e5daf2f692a5,cmpcand_eef49acefa63f84b,2e5237fd-7703-546b-b513-9a1ef3c738fa,inchi::MNMNTZYOZZLKSV-UHFFFAOYSA-N,ready,conflict,290,,7c5dec345814553b7aa85ac24cb5bd0d7184512b84cf302ab5fde5d00a7b4899,290,ChEMBL,2026-05-24T15:06:17.933095+00:00,2026-05-24T15:06:17.933095+00:00,unmapped_plant_reference,member_map_missing_canonical_plant_id,"{""candidate_id"": ""cmpcand_eef49acefa63f84b"", ""compound_id"": ""2e5237fd-7703-546b-b513-9a1ef3c738fa"", ""member_count"": 1, ""member_ids_preview"": [""cmpcandm_9feade984ea942bd""], ""missing_member_count"": 1, ""raw_plant_ids_preview"": [""290""], ""source_compound_keys_preview"": [""7c5dec345814553b7aa85ac24cb5bd0d7184512b84cf302ab5fde5d00a7b4899""]}"
cmprev_8f835025c6587ecc,cmpcand_ef62764e182ecdc3,b8c405ed-5d2a-525b-861e-688562d42465,inchi::UBFAEXSSMSJTQV-UHFFFAOYSA-N,ready,conflict,392,,4a92f40a0089512610c33898745e47ec21f27b72f31cc6fd580ab49092a948e4,392,PubChem,2026-05-24T15:03:55.243286+00:00,2026-05-24T15:03:55.243286+00:00,unmapped_plant_reference,member_map_missing_canonical_plant_id,"{""candidate_id"": ""cmpcand_ef62764e182ecdc3"", ""compound_id"": ""b8c405ed-5d2a-525b-861e-688562d42465"", ""member_count"": 1, ""member_ids_preview"": [""cmpcandm_0c06df1cd3ed1f59""], ""missing_member_count"": 1, ""raw_plant_ids_preview"": [""392""], ""source_compound_keys_preview"": [""4a92f40a0089512610c33898745e47ec21f27b72f31cc6fd580ab49092a948e4""]}"
cmprev_a43c891c24ac8a48,cmpcand_ef748a7858001433,8d237c1f-1fdb-5c9d-9d31-37510941f2e3,inchi::DHOMMAYDBREASS-HGSUQPQSSA-N,ready,conflict,531,,057f7e381f18849c1f62b2ecdba65be72ad1d9da0dabba1d70bca72be2e908ab,531,ChEMBL,2026-05-24T15:04:53.330644+00:00,2026-05-24T15:04:53.330644+00:00,unmapped_plant_reference,member_map_missing_canonical_plant_id,"{""candidate_id"": ""cmpcand_ef748a7858001433"", ""compound_id"": ""8d237c1f-1fdb-5c9d-9d31-37510941f2e3"", ""member_count"": 1, ""member_ids_preview"": [""cmpcandm_9d19f42916b05e87""], ""missing_member_count"": 1, ""raw_plant_ids_preview"": [""531""], ""source_compound_keys_preview"": [""057f7e381f18849c1f62b2ecdba65be72ad1d9da0dabba1d70bca72be2e908ab""]}"
cmprev_727f2b9d1268565d,cmpcand_ef9eec9702ffb6b4,8423dd00-21aa-5023-99ff-366cfec84ee0,inchi::XWDHVYPMZCGHNM-SBNMIOBJSA-N,ready,conflict,120,,3c644b1d7cfacb1f747ad25298678034a5a798ed534a44d679f0b08adf790fbb,120,PubChem,2026-05-24T15:02:15.100550+00:00,2026-05-24T15:02:15.100550+00:00,unmapped_plant_reference,member_map_missing_canonical_plant_id,"{""candidate_id"": ""cmpcand_ef9eec9702ffb6b4"", ""compound_id"": ""8423dd00-21aa-5023-99ff-366cfec84ee0"", ""member_count"": 1, ""member_ids_preview"": [""cmpcandm_6cf7127fc2e06e0d""], ""missing_member_count"": 1, ""raw_plant_ids_preview"": [""120""], ""source_compound_keys_preview"": [""3c644b1d7cfacb1f747ad25298678034a5a798ed534a44d679f0b08adf790fbb""]}"
cmprev_adc24184578952c9,cmpcand_f1249fa44b604708,2add9397-96fa-53d9-97da-59023582eab5,inchi::PFTAWBLQPZVEMU-HIFRSBDPSA-N,ready,conflict,502,,063b6291b1b6460ff98acdef97b068bd9fcbb18afabff1aee610c43ae2ad2af8,502,ChEMBL,2026-05-24T15:04:35.008802+00:00,2026-05-24T15:04:35.008802+00:00,unmapped_plant_reference,member_map_missing_canonical_plant_id,"{""candidate_id"": ""cmpcand_f1249fa44b604708"", ""compound_id"": ""2add9397-96fa-53d9-97da-59023582eab5"", ""member_count"": 1, ""member_ids_preview"": [""cmpcandm_0821f8eee431df54""], ""missing_member_count"": 1, ""raw_plant_ids_preview"": [""502""], ""source_compound_keys_preview"": [""063b6291b1b6460ff98acdef97b068bd9fcbb18afabff1aee610c43ae2ad2af8""]}"
cmprev_78416bbfabb01d4a,cmpcand_f1ea894e9bf5386a,311cfca9-f5b1-5ea7-a2ff-686503f7eee2,inchi::LCVACABZTLIWCE-CRAFIKPXSA-N,ready,conflict,490,,816e271666bc8afbe27d3d080b8a7398d7aa557f039cf8813f9fe8779a0333aa,490,ChEMBL,2026-05-24T15:04:55.229308+00:00,2026-05-24T15:04:55.229308+00:00,unmapped_plant_reference,member_map_missing_canonical_plant_id,"{""candidate_id"": ""cmpcand_f1ea894e9bf5386a"", ""compound_id"": ""311cfca9-f5b1-5ea7-a2ff-686503f7eee2"", ""member_count"": 1, ""member_ids_preview"": [""cmpcandm_2e30d549cb93d8cd""], ""missing_member_count"": 1, ""raw_plant_ids_preview"": [""490""], ""source_compound_keys_preview"": [""816e271666bc8afbe27d3d080b8a7398d7aa557f039cf8813f9fe8779a0333aa""]}"
cmprev_ee9f590ce95c9e61,cmpcand_f1f1d33d2a713802,695b2c5c-2cc4-58d9-809c-94339964fc39,inchi::SAXBNTXROWQAKX-CPJSRVTESA-N,ready,conflict,76,,6633972d24ad5a92b406be04e04f0efb8f55b5706676cfeb38d35480922571cc,76,ChEMBL,2026-05-24T15:09:13.530714+00:00,2026-05-24T15:09:13.530714+00:00,unmapped_plant_reference,member_map_missing_canonical_plant_id,"{""candidate_id"": ""cmpcand_f1f1d33d2a713802"", ""compound_id"": ""695b2c5c-2cc4-58d9-809c-94339964fc39"", ""member_count"": 1, ""member_ids_preview"": [""cmpcandm_702f818c901d51fb""], ""missing_member_count"": 1, ""raw_plant_ids_preview"": [""76""], ""source_compound_keys_preview"": [""6633972d24ad5a92b406be04e04f0efb8f55b5706676cfeb38d35480922571cc""]}"
cmprev_c06291da590054c9,cmpcand_f233831a2a51219a,0dc993e1-baeb-5606-adf0-52bee6b13000,inchi::KZXGNZRFSPVMEW-UHFFFAOYSA-N,ready,conflict,175,,b5e2cbbe01a7ff0094d1fee036ce7f92802d0c4266d6c00a83825b0a6064d1a5,175,PubChem,2026-05-24T15:05:15.902649+00:00,2026-05-24T15:05:15.902649+00:00,unmapped_plant_reference,member_map_missing_canonical_plant_id,"{""candidate_id"": ""cmpcand_f233831a2a51219a"", ""compound_id"": ""0dc993e1-baeb-5606-adf0-52bee6b13000"", ""member_count"": 1, ""member_ids_preview"": [""cmpcandm_f036f8d8e5f972dd""], ""missing_member_count"": 1, ""raw_plant_ids_preview"": [""175""], ""source_compound_keys_preview"": [""b5e2cbbe01a7ff0094d1fee036ce7f92802d0c4266d6c00a83825b0a6064d1a5""]}"
cmprev_716e29882d947556,cmpcand_f25e54e400f5389f,99dca281-ba51-5aff-9aa1-e3c21a831132,inchi::BTZOVXWKSBJWMK-XGGXVBFMSA-N,ready,conflict,83,,18bf626586de4e59aa38170167e0a957675ec1580b4d0d13adeab70d3f71a043,83,ChEMBL,2026-05-24T15:07:55.107225+00:00,2026-05-24T15:07:55.107225+00:00,unmapped_plant_reference,member_map_missing_canonical_plant_id,"{""candidate_id"": ""cmpcand_f25e54e400f5389f"", ""compound_id"": ""99dca281-ba51-5aff-9aa1-e3c21a831132"", ""member_count"": 1, ""member_ids_preview"": [""cmpcandm_3a6bbe016f1d5b75""], ""missing_member_count"": 1, ""raw_plant_ids_preview"": [""83""], ""source_compound_keys_preview"": [""18bf626586de4e59aa38170167e0a957675ec1580b4d0d13adeab70d3f71a043""]}"
cmprev_2cf50d320f95f1f5,cmpcand_f287e5f916466ae1,35c495b2-59a9-53f7-b347-b33b0485ceb7,inchi::WGQKYBSKWIADBV-UHFFFAOYSA-N,ready,conflict,341,,0c3803b904124ed1f6f1f82039afa8e18f8f8ac3d383f441092cd1062ef5b3f3,341,ChEMBL,2026-05-24T15:02:03.093076+00:00,2026-05-24T15:02:03.093076+00:00,unmapped_plant_reference,member_map_missing_canonical_plant_id,"{""candidate_id"": ""cmpcand_f287e5f916466ae1"", ""compound_id"": ""35c495b2-59a9-53f7-b347-b33b0485ceb7"", ""member_count"": 1, ""member_ids_preview"": [""cmpcandm_a703512a558a9b10""], ""missing_member_count"": 1, ""raw_plant_ids_preview"": [""341""], ""source_compound_keys_preview"": [""0c3803b904124ed1f6f1f82039afa8e18f8f8ac3d383f441092cd1062ef5b3f3""]}"
cmprev_6dd755c55ce42708,cmpcand_f299197bb72cebd3,b4e43cb9-f22b-523e-96ee-f23fff72bfec,inchi::BYSRPHRKESMCPO-UHFFFAOYSA-N,ready,conflict,122,,fe9e7d8e5a38737869a0b7af07f89e26902f6f3a2e8bdd250b95cbe746e7639e,122,PubChem,2026-05-24T15:03:58.768943+00:00,2026-05-24T15:03:58.768943+00:00,unmapped_plant_reference,member_map_missing_canonical_plant_id,"{""candidate_id"": ""cmpcand_f299197bb72cebd3"", ""compound_id"": ""b4e43cb9-f22b-523e-96ee-f23fff72bfec"", ""member_count"": 2, ""member_ids_preview"": [""cmpcandm_6fb1f000effc9828"", ""cmpcandm_0fb37ff8e0c5bb2a""], ""missing_member_count"": 2, ""raw_plant_ids_preview"": [""122""], ""source_compound_keys_preview"": [""fe9e7d8e5a38737869a0b7af07f89e26902f6f3a2e8bdd250b95cbe746e7639e"", ""4a5559f386737d1970cc9e1e473fcde26ddc4f60a4cf7cecc9b4c950c1ee598e""]}"
cmprev_b824a3c4b4cba654,cmpcand_f2a6c646921410c8,5b2069ad-9322-5dd1-b767-809129e0442e,inchi::CFHHSFXQHGMVIW-CBKINDMNSA-N,ready,conflict,322,,0a53a4a1dbf89855730dcb360f67704dc0545ef8c85d12654868ee21ce31c8c7,322,ChEMBL,2026-05-24T15:04:47.361205+00:00,2026-05-24T15:04:47.361205+00:00,unmapped_plant_reference,member_map_missing_canonical_plant_id,"{""candidate_id"": ""cmpcand_f2a6c646921410c8"", ""compound_id"": ""5b2069ad-9322-5dd1-b767-809129e0442e"", ""member_count"": 1, ""member_ids_preview"": [""cmpcandm_29ed33b6245487e3""], ""missing_member_count"": 1, ""raw_plant_ids_preview"": [""322""], ""source_compound_keys_preview"": [""0a53a4a1dbf89855730dcb360f67704dc0545ef8c85d12654868ee21ce31c8c7""]}"
cmprev_c1569346b75fe701,cmpcand_f2e029f998061cf6,f24017b9-21b6-5997-a770-5231bfbf3568,inchi::NTYJJOPFIAHURM-UHFFFAOYSA-N,ready,conflict,347,,1fb5efb580a62b71a10636952ac23c09dd68dd2dca481667a4f2fb25d88decff,347,ChEMBL,2026-05-24T15:06:47.885811+00:00,2026-05-24T15:06:47.885811+00:00,unmapped_plant_reference,member_map_missing_canonical_plant_id,"{""candidate_id"": ""cmpcand_f2e029f998061cf6"", ""compound_id"": ""f24017b9-21b6-5997-a770-5231bfbf3568"", ""member_count"": 1, ""member_ids_preview"": [""cmpcandm_0ad4b4e54eaee70a""], ""missing_member_count"": 1, ""raw_plant_ids_preview"": [""347""], ""source_compound_keys_preview"": [""1fb5efb580a62b71a10636952ac23c09dd68dd2dca481667a4f2fb25d88decff""]}"
cmprev_f56c2f1cd4b4c31e,cmpcand_f323180090bb5a50,84bba573-72d9-5f8b-8576-8619edbb32fe,inchi::UEXGXCDLLOHGAS-UHFFFAOYSA-N,ready,conflict,120,,b275fb07341b1014b8b761e5d5162bd81db3335f5547d755cb032d43b2251ab0,120,PubChem,2026-05-24T15:07:57.695416+00:00,2026-05-24T15:07:57.695927+00:00,unmapped_plant_reference,member_map_missing_canonical_plant_id,"{""candidate_id"": ""cmpcand_f323180090bb5a50"", ""compound_id"": ""84bba573-72d9-5f8b-8576-8619edbb32fe"", ""member_count"": 1, ""member_ids_preview"": [""cmpcandm_5e39dc97e713b220""], ""missing_member_count"": 1, ""raw_plant_ids_preview"": [""120""], ""source_compound_keys_preview"": [""b275fb07341b1014b8b761e5d5162bd81db3335f5547d755cb032d43b2251ab0""]}"
cmprev_afdda65e7149e6e3,cmpcand_f350be7099decba0,195d6ead-8def-5f81-b37c-752e5c64ae00,inchi::GSBNFGRTUCCBTK-DAFODLJHSA-N,ready,conflict,295,,d921f4ea9775d40568c87e6bf6387cfd0a9afca3a7a64101ee55033ddc7977a5,295,ChEMBL,2026-05-24T15:06:32.117953+00:00,2026-05-24T15:06:32.117953+00:00,unmapped_plant_reference,member_map_missing_canonical_plant_id,"{""candidate_id"": ""cmpcand_f350be7099decba0"", ""compound_id"": ""195d6ead-8def-5f81-b37c-752e5c64ae00"", ""member_count"": 1, ""member_ids_preview"": [""cmpcandm_be6a12a3fd57e02c""], ""missing_member_count"": 1, ""raw_plant_ids_preview"": [""295""], ""source_compound_keys_preview"": [""d921f4ea9775d40568c87e6bf6387cfd0a9afca3a7a64101ee55033ddc7977a5""]}"
cmprev_529ca248c1f26989,cmpcand_f3aa4edfe3bcd199,4b0c6f60-426f-5f65-a85b-e1f25bf6780b,inchi::LIBXIJWGDDLJBP-UHFFFAOYSA-N,ready,conflict,175,,f378a14748dd58af53abd8d022ede78fa7529dcf7419e80255788e2e7152f0cf,175,PubChem,2026-05-24T15:08:05.179223+00:00,2026-05-24T15:08:05.179223+00:00,unmapped_plant_reference,member_map_missing_canonical_plant_id,"{""candidate_id"": ""cmpcand_f3aa4edfe3bcd199"", ""compound_id"": ""4b0c6f60-426f-5f65-a85b-e1f25bf6780b"", ""member_count"": 1, ""member_ids_preview"": [""cmpcandm_7cb509691229c600""], ""missing_member_count"": 1, ""raw_plant_ids_preview"": [""175""], ""source_compound_keys_preview"": [""f378a14748dd58af53abd8d022ede78fa7529dcf7419e80255788e2e7152f0cf""]}"
cmprev_ec82143c827e03f3,cmpcand_f3d533d17f2eddfc,57599b0e-a1d4-5591-b720-2b2232a6022e,inchi::JSBXKZFDEDBAQA-WUFIRYPCSA-N,ready,conflict,502,,474ee7e60a8e5b4fc40eecf00ce03a68d920d9c13e4ab2635ccaf74a55c3f593,502,ChEMBL,2026-05-24T15:08:45.342875+00:00,2026-05-24T15:08:45.342875+00:00,unmapped_plant_reference,member_map_missing_canonical_plant_id,"{""candidate_id"": ""cmpcand_f3d533d17f2eddfc"", ""compound_id"": ""57599b0e-a1d4-5591-b720-2b2232a6022e"", ""member_count"": 1, ""member_ids_preview"": [""cmpcandm_6ef49cc853c89c6c""], ""missing_member_count"": 1, ""raw_plant_ids_preview"": [""502""], ""source_compound_keys_preview"": [""474ee7e60a8e5b4fc40eecf00ce03a68d920d9c13e4ab2635ccaf74a55c3f593""]}"
cmprev_5369abf11493b97b,cmpcand_f3ea13414318e52c,725ab365-8478-5db8-8738-adf1d6606b0b,inchi::CTYONHPQOUXTOS-OSXDSGIUSA-N,ready,conflict,347,,1f715b2ab035743791e4c7d629f1303935f798aeef24f2af9f2be90801e9c51b,347,ChEMBL,2026-05-24T15:05:36.644364+00:00,2026-05-24T15:05:36.644364+00:00,unmapped_plant_reference,member_map_missing_canonical_plant_id,"{""candidate_id"": ""cmpcand_f3ea13414318e52c"", ""compound_id"": ""725ab365-8478-5db8-8738-adf1d6606b0b"", ""member_count"": 2, ""member_ids_preview"": [""cmpcandm_592d7abb82684a56"", ""cmpcandm_6cb7ad401bce3a41""], ""missing_member_count"": 2, ""raw_plant_ids_preview"": [""347""], ""source_compound_keys_preview"": [""1f715b2ab035743791e4c7d629f1303935f798aeef24f2af9f2be90801e9c51b"", ""ea0ca4e97a7225944a18288363ee5d4e02f0a13aa1fdde40f6b2e717b737d4d6""]}"
cmprev_51992e2721899f1d,cmpcand_f46affeef9ada37c,1222c1d6-1fec-568b-a8f2-7d0787313df5,inchi::AYDKOFQQBHRXEW-AAUPIIFFSA-N,ready,conflict,502,,9d52777cfcaa27025152c476bef74d099da4dbff6a5863eb1133769b5b58bfd9,502,ChEMBL,2026-05-24T15:03:40.920492+00:00,2026-05-24T15:03:40.920492+00:00,unmapped_plant_reference,member_map_missing_canonical_plant_id,"{""candidate_id"": ""cmpcand_f46affeef9ada37c"", ""compound_id"": ""1222c1d6-1fec-568b-a8f2-7d0787313df5"", ""member_count"": 2, ""member_ids_preview"": [""cmpcandm_0f52df948f0e0d7b"", ""cmpcandm_3038461915fbc787""], ""missing_member_count"": 2, ""raw_plant_ids_preview"": [""502""], ""source_compound_keys_preview"": [""9d52777cfcaa27025152c476bef74d099da4dbff6a5863eb1133769b5b58bfd9"", ""2d5efa66f414ac693ef58ac21dfd1110a01bcdf16c9450056c6be2da4ac61f1e""]}"
cmprev_49fcfdb431f4f176,cmpcand_f46d2f4de7b680fe,46d3fb41-7ce7-52a2-bbd2-3953bfbbe3e9,inchi::LKDRXBCSQODPBY-VRPWFDPXSA-N,ready,conflict,155,,67f636e77983de124c211f5c431e2432084165b27093435d33504b450d32c26c,155,ChEMBL,2026-05-24T15:07:16.346273+00:00,2026-05-24T15:07:16.346273+00:00,unmapped_plant_reference,member_map_missing_canonical_plant_id,"{""candidate_id"": ""cmpcand_f46d2f4de7b680fe"", ""compound_id"": ""46d3fb41-7ce7-52a2-bbd2-3953bfbbe3e9"", ""member_count"": 1, ""member_ids_preview"": [""cmpcandm_bb6debc68625fd77""], ""missing_member_count"": 1, ""raw_plant_ids_preview"": [""155""], ""source_compound_keys_preview"": [""67f636e77983de124c211f5c431e2432084165b27093435d33504b450d32c26c""]}"
cmprev_9480e60d6ac90338,cmpcand_f4a5fe0b7b5110d2,02bf6e16-6aad-517c-b5a2-74da53eb937a,inchi::FADFGCOCHHNRHF-VAWYXSNFSA-N,ready,conflict,531,,7b3569accbc17c1b2a56a427c7bde3a0c97f7a5b6a385d6e174514a2fd807b4b,531,ChEMBL,2026-05-24T15:06:01.086844+00:00,2026-05-24T15:06:01.086844+00:00,unmapped_plant_reference,member_map_missing_canonical_plant_id,"{""candidate_id"": ""cmpcand_f4a5fe0b7b5110d2"", ""compound_id"": ""02bf6e16-6aad-517c-b5a2-74da53eb937a"", ""member_count"": 1, ""member_ids_preview"": [""cmpcandm_256b37feed1f8769""], ""missing_member_count"": 1, ""raw_plant_ids_preview"": [""531""], ""source_compound_keys_preview"": [""7b3569accbc17c1b2a56a427c7bde3a0c97f7a5b6a385d6e174514a2fd807b4b""]}"
cmprev_7ac542e5d8465225,cmpcand_f4d9c5cd7ecced3c,f38d22f3-1b5c-598c-9083-b5d06cbd07c5,inchi::POIARNZEYGURDG-FNORWQNLSA-N,ready,conflict,139,,fbe566001c01e345f3ae72ab1dfca3f292d9bac81f330adc623cbef1c1850d7a,139,ChEMBL,2026-05-24T15:05:11.012140+00:00,2026-05-24T15:05:11.012140+00:00,unmapped_plant_reference,member_map_missing_canonical_plant_id,"{""candidate_id"": ""cmpcand_f4d9c5cd7ecced3c"", ""compound_id"": ""f38d22f3-1b5c-598c-9083-b5d06cbd07c5"", ""member_count"": 1, ""member_ids_preview"": [""cmpcandm_3389b5c97c6dc230""], ""missing_member_count"": 1, ""raw_plant_ids_preview"": [""139""], ""source_compound_keys_preview"": [""fbe566001c01e345f3ae72ab1dfca3f292d9bac81f330adc623cbef1c1850d7a""]}"
cmprev_7c4439ea42578b2c,cmpcand_f4e17b610a34a2cb,c36b92b9-aeef-55ae-8656-2900190bb2aa,inchi::HEBKCHPVOIAQTA-NGQZWQHPSA-N,ready,conflict,155,,7eb892010ae4a4129cd4191550008df7e4870f2058f82fcd11c7649aaa998f2a,155,ChEMBL,2026-05-24T15:06:34.506390+00:00,2026-05-24T15:06:34.506390+00:00,unmapped_plant_reference,member_map_missing_canonical_plant_id,"{""candidate_id"": ""cmpcand_f4e17b610a34a2cb"", ""compound_id"": ""c36b92b9-aeef-55ae-8656-2900190bb2aa"", ""member_count"": 1, ""member_ids_preview"": [""cmpcandm_6df1d1e1c0a1f971""], ""missing_member_count"": 1, ""raw_plant_ids_preview"": [""155""], ""source_compound_keys_preview"": [""7eb892010ae4a4129cd4191550008df7e4870f2058f82fcd11c7649aaa998f2a""]}"
cmprev_b7fb9ab7a7bd703e,cmpcand_f50a4d963b39eb18,40499505-2850-539a-8056-a34d98f995b3,inchi::VZCYOOQTPOCHFL-OWOJBTEDSA-N,ready,conflict,155,,bfd324b0015a7ac3adff10ae26aec374624e183b18d27f70679f108c573a0845,155,ChEMBL,2026-05-24T15:02:38.611468+00:00,2026-05-24T15:02:38.611468+00:00,unmapped_plant_reference,member_map_missing_canonical_plant_id,"{""candidate_id"": ""cmpcand_f50a4d963b39eb18"", ""compound_id"": ""40499505-2850-539a-8056-a34d98f995b3"", ""member_count"": 1, ""member_ids_preview"": [""cmpcandm_43340b636d073fb6""], ""missing_member_count"": 1, ""raw_plant_ids_preview"": [""155""], ""source_compound_keys_preview"": [""bfd324b0015a7ac3adff10ae26aec374624e183b18d27f70679f108c573a0845""]}"
cmprev_b2386e38a296f50a,cmpcand_f523e6392a083fd0,cd03ac65-a86f-569d-b616-88bad9ad5eac,inchi::GYSUJHLNYPKMAS-IQWLUSMVSA-N,ready,conflict,76,,268c323824e1f86f9bcc2c5d09a4c7f97fb0d3a6bf888930f4ede78c11ab6d3f,76,ChEMBL,2026-05-24T15:09:13.549427+00:00,2026-05-24T15:09:13.549427+00:00,unmapped_plant_reference,member_map_missing_canonical_plant_id,"{""candidate_id"": ""cmpcand_f523e6392a083fd0"", ""compound_id"": ""cd03ac65-a86f-569d-b616-88bad9ad5eac"", ""member_count"": 2, ""member_ids_preview"": [""cmpcandm_419594b54cb0113a"", ""cmpcandm_d192998e3363cbfa""], ""missing_member_count"": 2, ""raw_plant_ids_preview"": [""76""], ""source_compound_keys_preview"": [""268c323824e1f86f9bcc2c5d09a4c7f97fb0d3a6bf888930f4ede78c11ab6d3f"", ""8b20e4bab966d90b8515b55c522418b9602526433851c1d7119aea6d6c6aaf20""]}"
cmprev_cf881613138634c2,cmpcand_f563a9ac85f152bb,a07478ff-b20d-54bd-8b7b-82c6f87bbaf7,inchi::YUULFXAQUWEYNP-GXAWFILRSA-N,ready,conflict,502,,d8c92c8ede274925fdd31ea9b5a9b7dc19912a95c7b597082e26816dbc9d6bb8,502,ChEMBL,2026-05-24T15:08:55.954553+00:00,2026-05-24T15:08:55.954553+00:00,unmapped_plant_reference,member_map_missing_canonical_plant_id,"{""candidate_id"": ""cmpcand_f563a9ac85f152bb"", ""compound_id"": ""a07478ff-b20d-54bd-8b7b-82c6f87bbaf7"", ""member_count"": 1, ""member_ids_preview"": [""cmpcandm_bcf0aa45d26b7f08""], ""missing_member_count"": 1, ""raw_plant_ids_preview"": [""502""], ""source_compound_keys_preview"": [""d8c92c8ede274925fdd31ea9b5a9b7dc19912a95c7b597082e26816dbc9d6bb8""]}"
cmprev_1829db0b37115dfd,cmpcand_f596fdc86a1b232a,ccf5aed4-f7e4-55d2-8680-3f2ab9731aa1,inchi::QQLVNWDQIUZGJM-NSHDSACASA-N,ready,conflict,398,,82ff0d8f36350b4603ac8e6648f9ba0154f414fba2ae0c0ac0cdc31d1bd2e104,398,PubChem,2026-05-24T15:06:04.669657+00:00,2026-05-24T15:06:04.669657+00:00,unmapped_plant_reference,member_map_missing_canonical_plant_id,"{""candidate_id"": ""cmpcand_f596fdc86a1b232a"", ""compound_id"": ""ccf5aed4-f7e4-55d2-8680-3f2ab9731aa1"", ""member_count"": 1, ""member_ids_preview"": [""cmpcandm_32feda3d2bcbcf08""], ""missing_member_count"": 1, ""raw_plant_ids_preview"": [""398""], ""source_compound_keys_preview"": [""82ff0d8f36350b4603ac8e6648f9ba0154f414fba2ae0c0ac0cdc31d1bd2e104""]}"
cmprev_a642c0d383b15a22,cmpcand_f5e1f2de2af0ea32,fc488058-0f47-5124-b698-705c98e71bdc,inchi::HVYWMOMLDIMFJA-DPAQBDIFSA-N,ready,conflict,341,,45a6225a71f816fd09424761b842a1aea3c2c4f66149e3b3966c9274ad827a71,341,ChEMBL,2026-05-24T15:07:17.792139+00:00,2026-05-24T15:07:17.792139+00:00,unmapped_plant_reference,member_map_missing_canonical_plant_id,"{""candidate_id"": ""cmpcand_f5e1f2de2af0ea32"", ""compound_id"": ""fc488058-0f47-5124-b698-705c98e71bdc"", ""member_count"": 1, ""member_ids_preview"": [""cmpcandm_3b66bf6537def1e4""], ""missing_member_count"": 1, ""raw_plant_ids_preview"": [""341""], ""source_compound_keys_preview"": [""45a6225a71f816fd09424761b842a1aea3c2c4f66149e3b3966c9274ad827a71""]}"
cmprev_5295b8c1595b0d2f,cmpcand_f61cc8c545a1b53b,29cc661a-b913-5856-80f1-5c7ce93b068e,inchi::BMHPRIPRPDSKRK-MNRXQERYSA-N,ready,conflict,286,,a3568aaf2665d8c19bdcf1929abf47ba1c39070ca63531ae8e23a029d61a17cf,286,ChEMBL,2026-05-24T15:08:05.075871+00:00,2026-05-24T15:08:05.075871+00:00,unmapped_plant_reference,member_map_missing_canonical_plant_id,"{""candidate_id"": ""cmpcand_f61cc8c545a1b53b"", ""compound_id"": ""29cc661a-b913-5856-80f1-5c7ce93b068e"", ""member_count"": 1, ""member_ids_preview"": [""cmpcandm_29d8ff47b1ae4513""], ""missing_member_count"": 1, ""raw_plant_ids_preview"": [""286""], ""source_compound_keys_preview"": [""a3568aaf2665d8c19bdcf1929abf47ba1c39070ca63531ae8e23a029d61a17cf""]}"
cmprev_13eebf7e4b4dfa5b,cmpcand_f63adcb200d1bc0d,eacd83e6-494b-5be2-8579-6f3d10089749,inchi::YDDGKXBLOXEEMN-IABMMNSOSA-N,ready,conflict,190,,3e109be5e14e689b5baba45ecd1f05f85cc7fe94980de254ca921f41f23752a3,190,ChEMBL,2026-05-24T15:08:03.297079+00:00,2026-05-24T15:08:03.297079+00:00,unmapped_plant_reference,member_map_missing_canonical_plant_id,"{""candidate_id"": ""cmpcand_f63adcb200d1bc0d"", ""compound_id"": ""eacd83e6-494b-5be2-8579-6f3d10089749"", ""member_count"": 1, ""member_ids_preview"": [""cmpcandm_a0b1ad74d767663e""], ""missing_member_count"": 1, ""raw_plant_ids_preview"": [""190""], ""source_compound_keys_preview"": [""3e109be5e14e689b5baba45ecd1f05f85cc7fe94980de254ca921f41f23752a3""]}"
cmprev_f32cb56898796a4d,cmpcand_f66d4171b7bc5b00,c60ab79a-3f44-56dc-b53c-ed93efe2c0c0,inchi::KGRLLHALCHHSOF-XCYGIPCCSA-N,ready,conflict,83,,dd4704ad6d116f4aeb55e3025c37dec9c54bb50a9ead8b476cc74b94a2087709,83,ChEMBL,2026-05-24T15:08:44.789169+00:00,2026-05-24T15:08:44.789169+00:00,unmapped_plant_reference,member_map_missing_canonical_plant_id,"{""candidate_id"": ""cmpcand_f66d4171b7bc5b00"", ""compound_id"": ""c60ab79a-3f44-56dc-b53c-ed93efe2c0c0"", ""member_count"": 1, ""member_ids_preview"": [""cmpcandm_c8146f82edf8a9e2""], ""missing_member_count"": 1, ""raw_plant_ids_preview"": [""83""], ""source_compound_keys_preview"": [""dd4704ad6d116f4aeb55e3025c37dec9c54bb50a9ead8b476cc74b94a2087709""]}"
cmprev_5b93f502681a2f5c,cmpcand_f67500189b393f33,48e00bcd-dcf7-520c-afb7-440ee081f4b6,inchi::XFZJEEAOWLFHDH-NFJBMHMQSA-N,ready,conflict,381,,9b1126e2eefb75a2a92786eca816e58343f47d1ae6033ab409ca2c7b4b171f6c,381;120,ChEMBL,2026-05-24T15:05:32.810520+00:00,2026-05-24T15:05:32.810520+00:00,unmapped_plant_reference,member_map_missing_canonical_plant_id,"{""candidate_id"": ""cmpcand_f67500189b393f33"", ""compound_id"": ""48e00bcd-dcf7-520c-afb7-440ee081f4b6"", ""member_count"": 2, ""member_ids_preview"": [""cmpcandm_2d5f021cde91e97a"", ""cmpcandm_f5a4a99fd319b862""], ""missing_member_count"": 2, ""raw_plant_ids_preview"": [""381"", ""120""], ""source_compound_keys_preview"": [""9b1126e2eefb75a2a92786eca816e58343f47d1ae6033ab409ca2c7b4b171f6c"", ""594cf9c0b8fc9b9b048fe94d50b2a21df552566916508320cb688f7b5248019c""]}"
cmprev_4538967489cf9e22,cmpcand_f6e932bcd91018f1,eb934225-ae10-5d44-ae4e-95538144797c,inchi::OQEIIMAVZDNEPC-UHFFFAOYSA-N,ready,conflict,83,,62e628c7d46e57a5e335488ada014897e680704f58bbb234656a5dbeba5c5594,83,ChEMBL,2026-05-24T15:08:54.234924+00:00,2026-05-24T15:08:54.234924+00:00,unmapped_plant_reference,member_map_missing_canonical_plant_id,"{""candidate_id"": ""cmpcand_f6e932bcd91018f1"", ""compound_id"": ""eb934225-ae10-5d44-ae4e-95538144797c"", ""member_count"": 3, ""member_ids_preview"": [""cmpcandm_df2752bffb3bef66"", ""cmpcandm_3ffdaf386fc6af2a"", ""cmpcandm_59b7c5f2cf5fe2dc""], ""missing_member_count"": 3, ""raw_plant_ids_preview"": [""83""], ""source_compound_keys_preview"": [""62e628c7d46e57a5e335488ada014897e680704f58bbb234656a5dbeba5c5594"", ""63e5fa0c1ad5b9a19e78013a84da7841e39e9035de9ea5c513d7069f42966fe7"", ""83a0d19a95f90a3dfb20f56a74e54466feddb4a0e3ec80a7c842e95c9c39c847""]}"
cmprev_18dae05c5c38cf47,cmpcand_f79ec0141e7f9c5c,4de76a90-40b1-5ad7-b730-bbd636693293,inchi::KRKNYBCHXYNGOX-UHFFFAOYSA-N,ready,conflict,155,,6f553546833813d3e874e6cfb8b599b1a095a0435fdad8293f24f58d7de35f0a,155,ChEMBL,2026-05-24T15:08:23.688543+00:00,2026-05-24T15:08:23.688543+00:00,unmapped_plant_reference,member_map_missing_canonical_plant_id,"{""candidate_id"": ""cmpcand_f79ec0141e7f9c5c"", ""compound_id"": ""4de76a90-40b1-5ad7-b730-bbd636693293"", ""member_count"": 1, ""member_ids_preview"": [""cmpcandm_f3ec028b43bb2e8f""], ""missing_member_count"": 1, ""raw_plant_ids_preview"": [""155""], ""source_compound_keys_preview"": [""6f553546833813d3e874e6cfb8b599b1a095a0435fdad8293f24f58d7de35f0a""]}"
cmprev_90ea17b1f87f0f6f,cmpcand_f7ab0477c2cfbcb4,70fbac56-c32c-584a-98e7-9bedd9704ca4,inchi::VTPPCNLZUDSZGM-UHFFFAOYSA-N,ready,conflict,175,,397e94f981c37805830faff296798fbb95f3c7b5aa490d827ff92979f6fe2ed1,175,PubChem,2026-05-24T15:05:15.754959+00:00,2026-05-24T15:05:15.754959+00:00,unmapped_plant_reference,member_map_missing_canonical_plant_id,"{""candidate_id"": ""cmpcand_f7ab0477c2cfbcb4"", ""compound_id"": ""70fbac56-c32c-584a-98e7-9bedd9704ca4"", ""member_count"": 1, ""member_ids_preview"": [""cmpcandm_1799199c63968b34""], ""missing_member_count"": 1, ""raw_plant_ids_preview"": [""175""], ""source_compound_keys_preview"": [""397e94f981c37805830faff296798fbb95f3c7b5aa490d827ff92979f6fe2ed1""]}"
cmprev_14e9957e17c7dee9,cmpcand_f7be3ff8a30e8f84,9d310a85-0ce0-5fc4-ab31-7fd9cf0f767e,inchi::JNDNZIPLLDTLQK-DILZHRMZSA-N,ready,matched,369,,21f7b9975b6360ba55d36cdeed14a15f94cfd4380745699c0d87fbe67c1be532,369,PubChem,2026-05-24T15:03:14.150490+00:00,2026-05-24T15:03:14.150490+00:00,unmapped_plant_reference,member_map_missing_canonical_plant_id,"{""candidate_id"": ""cmpcand_f7be3ff8a30e8f84"", ""compound_id"": ""9d310a85-0ce0-5fc4-ab31-7fd9cf0f767e"", ""member_count"": 1, ""member_ids_preview"": [""cmpcandm_de73ed8725a6d1a4""], ""missing_member_count"": 1, ""raw_plant_ids_preview"": [""369""], ""source_compound_keys_preview"": [""21f7b9975b6360ba55d36cdeed14a15f94cfd4380745699c0d87fbe67c1be532""]}"
cmprev_760342274d6368f5,cmpcand_f7cf8dd4edf1f6b2,2a8a61c0-80ca-5569-9dcc-d8b6f1c7129b,inchi::JFDHTDLZWVKRQT-KGRJDOQESA-N,ready,conflict,120,,88b427b984def7ea277b29b3673fcd913598696d7342d2df70f48340b93a866b,120,PubChem,2026-05-24T15:07:48.431756+00:00,2026-05-24T15:07:48.431756+00:00,unmapped_plant_reference,member_map_missing_canonical_plant_id,"{""candidate_id"": ""cmpcand_f7cf8dd4edf1f6b2"", ""compound_id"": ""2a8a61c0-80ca-5569-9dcc-d8b6f1c7129b"", ""member_count"": 1, ""member_ids_preview"": [""cmpcandm_1989189af2c87816""], ""missing_member_count"": 1, ""raw_plant_ids_preview"": [""120""], ""source_compound_keys_preview"": [""88b427b984def7ea277b29b3673fcd913598696d7342d2df70f48340b93a866b""]}"
cmprev_219e856e428a9857,cmpcand_f8300d7054b5bef4,ec063698-888a-504b-97e5-81edf16ee628,inchi::GOSWTRUMMSCNCW-HNNGNKQASA-N,ready,conflict,522,,eecee21851ffe71f0de274dee81a5c49b073ee10f7c09942a1d257750d80d071,522,PubChem,2026-05-24T15:07:28.766162+00:00,2026-05-24T15:07:28.766162+00:00,unmapped_plant_reference,member_map_missing_canonical_plant_id,"{""candidate_id"": ""cmpcand_f8300d7054b5bef4"", ""compound_id"": ""ec063698-888a-504b-97e5-81edf16ee628"", ""member_count"": 1, ""member_ids_preview"": [""cmpcandm_2895337d90410e0c""], ""missing_member_count"": 1, ""raw_plant_ids_preview"": [""522""], ""source_compound_keys_preview"": [""eecee21851ffe71f0de274dee81a5c49b073ee10f7c09942a1d257750d80d071""]}"
cmprev_d890b930d87a85ee,cmpcand_f8647da9714893b1,0e83fcd2-d3e3-5f4f-b5ed-8a72bad9a79e,inchi::KRHHFPJGGBLAAH-MYBCZMNMSA-N,ready,conflict,392,,c55ca3a2bb2ad8fcb17c6a9674ecb7173f92d7d04acab0e6cdce67504b3bff31,392,PubChem,2026-05-24T15:03:53.137896+00:00,2026-05-24T15:03:53.137896+00:00,unmapped_plant_reference,member_map_missing_canonical_plant_id,"{""candidate_id"": ""cmpcand_f8647da9714893b1"", ""compound_id"": ""0e83fcd2-d3e3-5f4f-b5ed-8a72bad9a79e"", ""member_count"": 1, ""member_ids_preview"": [""cmpcandm_6ac6f36e3add8a0b""], ""missing_member_count"": 1, ""raw_plant_ids_preview"": [""392""], ""source_compound_keys_preview"": [""c55ca3a2bb2ad8fcb17c6a9674ecb7173f92d7d04acab0e6cdce67504b3bff31""]}"
cmprev_38b26923fc60d3b9,cmpcand_f881b2a2b6c7d82b,0398c1d5-3fab-5632-9aa7-c75108a64c44,inchi::XLRBYZGRJYOZSC-UHFFFAOYSA-N,ready,conflict,175,,d1df8f6147789a5fb84d206abb70234c19e1b851426f78060647b4130db18d74,175,PubChem,2026-05-24T15:02:27.361275+00:00,2026-05-24T15:02:27.361275+00:00,unmapped_plant_reference,member_map_missing_canonical_plant_id,"{""candidate_id"": ""cmpcand_f881b2a2b6c7d82b"", ""compound_id"": ""0398c1d5-3fab-5632-9aa7-c75108a64c44"", ""member_count"": 1, ""member_ids_preview"": [""cmpcandm_6edbb71ac8deb051""], ""missing_member_count"": 1, ""raw_plant_ids_preview"": [""175""], ""source_compound_keys_preview"": [""d1df8f6147789a5fb84d206abb70234c19e1b851426f78060647b4130db18d74""]}"
cmprev_6410baa8b6cb7aed,cmpcand_f95326460f469551,5cacba52-81bf-57b3-8075-143e9e652fe0,inchi::DIDVBISMWJGFOF-UHFFFAOYSA-N,ready,conflict,130,,cf2f9d6ea92058240f8c371f03069933ff99551cf6e7c242c60ca1c7008e5a6d,130,ChEMBL,2026-05-24T15:08:30.685846+00:00,2026-05-24T15:08:30.685846+00:00,unmapped_plant_reference,member_map_missing_canonical_plant_id,"{""candidate_id"": ""cmpcand_f95326460f469551"", ""compound_id"": ""5cacba52-81bf-57b3-8075-143e9e652fe0"", ""member_count"": 1, ""member_ids_preview"": [""cmpcandm_e5da9ff6936bf789""], ""missing_member_count"": 1, ""raw_plant_ids_preview"": [""130""], ""source_compound_keys_preview"": [""cf2f9d6ea92058240f8c371f03069933ff99551cf6e7c242c60ca1c7008e5a6d""]}"
cmprev_8f474ddb1dd1990b,cmpcand_f9d6f6c1e302642d,7237194e-2d7e-5f34-9eb1-c159682dd8ba,inchi::PDLGLIDWBYGRQN-DISCLURWSA-N,ready,conflict,347,,d362b7a83f5dca073be5fdf7e105e3cccf61a10fa548c87a8a85003de60a2922,347,PubChem,2026-05-24T15:04:51.890688+00:00,2026-05-24T15:04:51.890688+00:00,unmapped_plant_reference,member_map_missing_canonical_plant_id,"{""candidate_id"": ""cmpcand_f9d6f6c1e302642d"", ""compound_id"": ""7237194e-2d7e-5f34-9eb1-c159682dd8ba"", ""member_count"": 1, ""member_ids_preview"": [""cmpcandm_edf03b0827d9118c""], ""missing_member_count"": 1, ""raw_plant_ids_preview"": [""347""], ""source_compound_keys_preview"": [""d362b7a83f5dca073be5fdf7e105e3cccf61a10fa548c87a8a85003de60a2922""]}"
cmprev_5321d455c73de251,cmpcand_f9e11ad6d1cf00b8,01b5bf3e-abd9-5bbd-a4b6-8ecee21a6894,inchi::XTZWWMZDVUKEDJ-SPEJKDPOSA-N,ready,conflict,213,,18d55b5a74ea84fe4f7e19f2aa10a587e7a0c6cc8f6b0ad9736bbbfb7bf24df7,213,ChEMBL,2026-05-24T15:08:56.351885+00:00,2026-05-24T15:08:56.351885+00:00,unmapped_plant_reference,member_map_missing_canonical_plant_id,"{""candidate_id"": ""cmpcand_f9e11ad6d1cf00b8"", ""compound_id"": ""01b5bf3e-abd9-5bbd-a4b6-8ecee21a6894"", ""member_count"": 1, ""member_ids_preview"": [""cmpcandm_661e7c00360bc204""], ""missing_member_count"": 1, ""raw_plant_ids_preview"": [""213""], ""source_compound_keys_preview"": [""18d55b5a74ea84fe4f7e19f2aa10a587e7a0c6cc8f6b0ad9736bbbfb7bf24df7""]}"
cmprev_ecfe359d742abc97,cmpcand_f9e11e4a734a98de,166a7148-a166-5591-8411-d1cf534c6ce8,inchi::GRTOGORTSDXSFK-XJTZBENFSA-N,ready,conflict,429,,d37be606762b3182ff6b4474bb4e8842c4b938e3d6f8771f8031e864843696ba,429;522,PubChem,2026-05-24T15:06:31.213030+00:00,2026-05-24T15:06:31.213030+00:00,unmapped_plant_reference,member_map_missing_canonical_plant_id,"{""candidate_id"": ""cmpcand_f9e11e4a734a98de"", ""compound_id"": ""166a7148-a166-5591-8411-d1cf534c6ce8"", ""member_count"": 2, ""member_ids_preview"": [""cmpcandm_868d648268fafad8"", ""cmpcandm_cd053f9acf2fc931""], ""missing_member_count"": 2, ""raw_plant_ids_preview"": [""429"", ""522""], ""source_compound_keys_preview"": [""d37be606762b3182ff6b4474bb4e8842c4b938e3d6f8771f8031e864843696ba"", ""354893efbefd4bb6ffa69451c66b64bac4797fbfe4a03fe7653407c0ff251cee""]}"
cmprev_860156d04f722b70,cmpcand_f9eddeea7babca8d,06d8dcc8-6bff-57ec-bd56-e1d02c6ad189,inchi::RAFHQTNQEZECFL-UHFFFAOYSA-N,ready,conflict,139,,e4891ced8c459810b15eeb750a8adf1811096d267058bba519472624f5a31417,139,PubChem,2026-05-24T15:03:42.494819+00:00,2026-05-24T15:03:42.494819+00:00,unmapped_plant_reference,member_map_missing_canonical_plant_id,"{""candidate_id"": ""cmpcand_f9eddeea7babca8d"", ""compound_id"": ""06d8dcc8-6bff-57ec-bd56-e1d02c6ad189"", ""member_count"": 1, ""member_ids_preview"": [""cmpcandm_caba6d0ed0437580""], ""missing_member_count"": 1, ""raw_plant_ids_preview"": [""139""], ""source_compound_keys_preview"": [""e4891ced8c459810b15eeb750a8adf1811096d267058bba519472624f5a31417""]}"
cmprev_0f923982c1f8c901,cmpcand_f9f26c1f47b59a07,51d684c9-523e-5784-95ab-b2a3604277b7,inchi::ROHFNLRQFUQHCH-YFKPBYRVSA-N,ready,conflict,155,,8798843d6ccd52f3699273ef08550e7ece47baf8c95289f3198b77bba725e1e3,155,ChEMBL,2026-05-24T15:07:35.051592+00:00,2026-05-24T15:07:35.051592+00:00,unmapped_plant_reference,member_map_missing_canonical_plant_id,"{""candidate_id"": ""cmpcand_f9f26c1f47b59a07"", ""compound_id"": ""51d684c9-523e-5784-95ab-b2a3604277b7"", ""member_count"": 1, ""member_ids_preview"": [""cmpcandm_bea7d0800c691078""], ""missing_member_count"": 1, ""raw_plant_ids_preview"": [""155""], ""source_compound_keys_preview"": [""8798843d6ccd52f3699273ef08550e7ece47baf8c95289f3198b77bba725e1e3""]}"
cmprev_8ddee33afc5db9fa,cmpcand_fa396aa6284c064d,073a7e4c-ea06-5e49-9552-e15bfa152d57,inchi::CJBDUOMQLFKVQC-UHFFFAOYSA-N,ready,conflict,120,,83ca13bab1c790df55a1c8f6f9ef70dbeb11c4ba8d54d9881679e1fd829e4659,120,PubChem,2026-05-24T15:09:24.722488+00:00,2026-05-24T15:09:24.722488+00:00,unmapped_plant_reference,member_map_missing_canonical_plant_id,"{""candidate_id"": ""cmpcand_fa396aa6284c064d"", ""compound_id"": ""073a7e4c-ea06-5e49-9552-e15bfa152d57"", ""member_count"": 1, ""member_ids_preview"": [""cmpcandm_b8913cfec77a5387""], ""missing_member_count"": 1, ""raw_plant_ids_preview"": [""120""], ""source_compound_keys_preview"": [""83ca13bab1c790df55a1c8f6f9ef70dbeb11c4ba8d54d9881679e1fd829e4659""]}"
cmprev_0f43f76d87b546f0,cmpcand_fa7db7607a8fb89a,6c2f776e-7ac9-5595-bcdd-19d188d06acf,inchi::WTXMHYXTGODDJX-PUIBNRJISA-N,ready,conflict,175,,59fb979cb1182ca72ca5cbd8b33b70446c2a7d2f66a35565e8ffb568c35b5831,175,PubChem,2026-05-24T15:07:57.911463+00:00,2026-05-24T15:07:57.911463+00:00,unmapped_plant_reference,member_map_missing_canonical_plant_id,"{""candidate_id"": ""cmpcand_fa7db7607a8fb89a"", ""compound_id"": ""6c2f776e-7ac9-5595-bcdd-19d188d06acf"", ""member_count"": 1, ""member_ids_preview"": [""cmpcandm_8d065dd94ede295a""], ""missing_member_count"": 1, ""raw_plant_ids_preview"": [""175""], ""source_compound_keys_preview"": [""59fb979cb1182ca72ca5cbd8b33b70446c2a7d2f66a35565e8ffb568c35b5831""]}"
cmprev_15dcb0dbc4caf400,cmpcand_fa97f6685b9a698d,a5828852-0a8f-586a-bec7-5549d1d10d52,inchi::ZMDXTRSTKHTSCE-UHFFFAOYSA-N,ready,conflict,107,,db920ae5f81329ed87f56a43579d79dd29660c96c5a611efe3c632cd52406009,107,ChEMBL,2026-05-24T15:08:02.910522+00:00,2026-05-24T15:08:02.910522+00:00,unmapped_plant_reference,member_map_missing_canonical_plant_id,"{""candidate_id"": ""cmpcand_fa97f6685b9a698d"", ""compound_id"": ""a5828852-0a8f-586a-bec7-5549d1d10d52"", ""member_count"": 1, ""member_ids_preview"": [""cmpcandm_f1d5d26af1135b95""], ""missing_member_count"": 1, ""raw_plant_ids_preview"": [""107""], ""source_compound_keys_preview"": [""db920ae5f81329ed87f56a43579d79dd29660c96c5a611efe3c632cd52406009""]}"
cmprev_f50efa370856ac31,cmpcand_fb180379fe514c62,6c6a50b0-9dff-5c63-9335-73e1d1c6fd60,inchi::QGJZLNKBHJESQX-FZFNOLFKSA-N,ready,conflict,322,,f395b881c5e65e2df1694901840592d2454bf905ad2f610d13917fcd51bd6c6c,322,ChEMBL,2026-05-24T15:06:25.242346+00:00,2026-05-24T15:06:25.242346+00:00,unmapped_plant_reference,member_map_missing_canonical_plant_id,"{""candidate_id"": ""cmpcand_fb180379fe514c62"", ""compound_id"": ""6c6a50b0-9dff-5c63-9335-73e1d1c6fd60"", ""member_count"": 1, ""member_ids_preview"": [""cmpcandm_4447cc24f9ea8620""], ""missing_member_count"": 1, ""raw_plant_ids_preview"": [""322""], ""source_compound_keys_preview"": [""f395b881c5e65e2df1694901840592d2454bf905ad2f610d13917fcd51bd6c6c""]}"
cmprev_a4a42ddc75b3e41b,cmpcand_fb238d052d4ec912,92e967a1-8c96-57ec-8772-1d5f504dcde5,inchi::MUWYBCVOKHQYED-UHFFFAOYSA-N,ready,conflict,107,,a69ae6e5c1915292a772bb93fe131357b84aa577a89b23bd0775a0893e678f84,107,PubChem,2026-05-24T15:05:10.001993+00:00,2026-05-24T15:05:10.001993+00:00,unmapped_plant_reference,member_map_missing_canonical_plant_id,"{""candidate_id"": ""cmpcand_fb238d052d4ec912"", ""compound_id"": ""92e967a1-8c96-57ec-8772-1d5f504dcde5"", ""member_count"": 1, ""member_ids_preview"": [""cmpcandm_5e3d6f6bf0df219c""], ""missing_member_count"": 1, ""raw_plant_ids_preview"": [""107""], ""source_compound_keys_preview"": [""a69ae6e5c1915292a772bb93fe131357b84aa577a89b23bd0775a0893e678f84""]}"
cmprev_84e21edeba66b17c,cmpcand_fb67f649cf62892e,07fe97f3-6a03-569b-a0da-085e4a32c556,inchi::UNPCWLNLKVPHPE-XAOZSVRPSA-N,ready,conflict,392,,c4fe77dbca5b0d50508f9bfa2cb78fbe9b1a627c64d51d38135d0b98c71355bb,392,ChEMBL,2026-05-24T15:05:13.219743+00:00,2026-05-24T15:05:13.219743+00:00,unmapped_plant_reference,member_map_missing_canonical_plant_id,"{""candidate_id"": ""cmpcand_fb67f649cf62892e"", ""compound_id"": ""07fe97f3-6a03-569b-a0da-085e4a32c556"", ""member_count"": 1, ""member_ids_preview"": [""cmpcandm_f274b025cfaebba8""], ""missing_member_count"": 1, ""raw_plant_ids_preview"": [""392""], ""source_compound_keys_preview"": [""c4fe77dbca5b0d50508f9bfa2cb78fbe9b1a627c64d51d38135d0b98c71355bb""]}"
cmprev_a3b80eab0214501e,cmpcand_fba8f9f81439b4a3,ff0fc80e-8f20-5b84-9ef2-c318222d0d50,inchi::ZOIAMMQYAZSWRX-CNJBRALLSA-N,ready,conflict,341,,0049c2edfb4163a415dd595db675b69f993f3b795ec6ef50556a4dbef65dc9f5,341,ChEMBL,2026-05-24T15:03:55.213786+00:00,2026-05-24T15:03:55.213786+00:00,unmapped_plant_reference,member_map_missing_canonical_plant_id,"{""candidate_id"": ""cmpcand_fba8f9f81439b4a3"", ""compound_id"": ""ff0fc80e-8f20-5b84-9ef2-c318222d0d50"", ""member_count"": 1, ""member_ids_preview"": [""cmpcandm_9559b9df4fcf7960""], ""missing_member_count"": 1, ""raw_plant_ids_preview"": [""341""], ""source_compound_keys_preview"": [""0049c2edfb4163a415dd595db675b69f993f3b795ec6ef50556a4dbef65dc9f5""]}"
cmprev_4d7b107d04cbd17b,cmpcand_fbf0c0ddbb44a7ba,b7c6a1f2-d164-5630-8719-6e25d8764f41,inchi::JQAPXGJZJGADHN-SYIQFVMMSA-N,ready,conflict,130,,0f3b0e2e4120408f627f29c469ba8e5beff4860e29f509490d74f82368a88b84,130,PubChem,2026-05-24T15:08:44.698584+00:00,2026-05-24T15:08:44.698584+00:00,unmapped_plant_reference,member_map_missing_canonical_plant_id,"{""candidate_id"": ""cmpcand_fbf0c0ddbb44a7ba"", ""compound_id"": ""b7c6a1f2-d164-5630-8719-6e25d8764f41"", ""member_count"": 1, ""member_ids_preview"": [""cmpcandm_eeb7c4ad0fffaf63""], ""missing_member_count"": 1, ""raw_plant_ids_preview"": [""130""], ""source_compound_keys_preview"": [""0f3b0e2e4120408f627f29c469ba8e5beff4860e29f509490d74f82368a88b84""]}"
cmprev_50ab23bc4fe4efa0,cmpcand_fc39e66661aa782c,bd918a2d-590a-5629-8f8a-d714fe34cc90,inchi::MJNNONLDVCCGCA-ZQHAHMAHSA-N,ready,conflict,286,,ebea3ec1576c130777a3a3470e62bc4daf31be7c0a3ad92b6c7275e55db4786c,286,ChEMBL,2026-05-24T15:05:34.486722+00:00,2026-05-24T15:05:34.486722+00:00,unmapped_plant_reference,member_map_missing_canonical_plant_id,"{""candidate_id"": ""cmpcand_fc39e66661aa782c"", ""compound_id"": ""bd918a2d-590a-5629-8f8a-d714fe34cc90"", ""member_count"": 1, ""member_ids_preview"": [""cmpcandm_07839305c3303d76""], ""missing_member_count"": 1, ""raw_plant_ids_preview"": [""286""], ""source_compound_keys_preview"": [""ebea3ec1576c130777a3a3470e62bc4daf31be7c0a3ad92b6c7275e55db4786c""]}"
cmprev_144dc498a31e41f8,cmpcand_fc4b5c7e10b26ddd,2c1fa6bf-e980-5d1c-9351-4052114fe3e0,inchi::QSGQMXJNFWYWMM-QOYUQHOESA-N,ready,conflict,341,,8fc2db166d7c4d8071fceabe501814c3f52feacc1e573e7eda296d8beb98d416,341,ChEMBL,2026-05-24T15:04:07.912355+00:00,2026-05-24T15:04:07.912355+00:00,unmapped_plant_reference,member_map_missing_canonical_plant_id,"{""candidate_id"": ""cmpcand_fc4b5c7e10b26ddd"", ""compound_id"": ""2c1fa6bf-e980-5d1c-9351-4052114fe3e0"", ""member_count"": 1, ""member_ids_preview"": [""cmpcandm_605d49855717ed9d""], ""missing_member_count"": 1, ""raw_plant_ids_preview"": [""341""], ""source_compound_keys_preview"": [""8fc2db166d7c4d8071fceabe501814c3f52feacc1e573e7eda296d8beb98d416""]}"
cmprev_db7cdee71fef1784,cmpcand_fc575cfcc742ea0a,4fa6bd36-78ea-58a5-b9b4-05f1f5d89917,inchi::OVSQVDMCBVZWGM-QSOFNFLRSA-N,ready,conflict,341,,53b3c646ee614634d01dc8afbb260502ecce42e725919ca26fe0083a3776d2fd,341,ChEMBL,2026-05-24T15:06:30.797905+00:00,2026-05-24T15:06:30.797905+00:00,unmapped_plant_reference,member_map_missing_canonical_plant_id,"{""candidate_id"": ""cmpcand_fc575cfcc742ea0a"", ""compound_id"": ""4fa6bd36-78ea-58a5-b9b4-05f1f5d89917"", ""member_count"": 1, ""member_ids_preview"": [""cmpcandm_1390da7c67e92511""], ""missing_member_count"": 1, ""raw_plant_ids_preview"": [""341""], ""source_compound_keys_preview"": [""53b3c646ee614634d01dc8afbb260502ecce42e725919ca26fe0083a3776d2fd""]}"
cmprev_18cf2dc0ddfb3b19,cmpcand_fc5cb9e5b0341959,1269fa5c-f41e-5d79-8082-ae239e5bf330,inchi::QBFJCZWBSLFTEE-UWBHIVAPSA-N,ready,conflict,107,,1a80b45c1d2bbb893d58ff730df463cf5bac4f6eda319bd69be306221d5d14a1,107,ChEMBL,2026-05-24T15:09:15.884387+00:00,2026-05-24T15:09:15.884387+00:00,unmapped_plant_reference,member_map_missing_canonical_plant_id,"{""candidate_id"": ""cmpcand_fc5cb9e5b0341959"", ""compound_id"": ""1269fa5c-f41e-5d79-8082-ae239e5bf330"", ""member_count"": 1, ""member_ids_preview"": [""cmpcandm_a975dc76d0d3e744""], ""missing_member_count"": 1, ""raw_plant_ids_preview"": [""107""], ""source_compound_keys_preview"": [""1a80b45c1d2bbb893d58ff730df463cf5bac4f6eda319bd69be306221d5d14a1""]}"
cmprev_f7f84589bb0ec616,cmpcand_fd00b574a70942ab,3f2e66b7-ec21-5e62-a663-36d07e4f4046,inchi::DLXIJJURUIXRFK-UHFFFAOYSA-N,ready,conflict,175,,e2ee476ac62482ced7f3ceab7babe1d2d1af6b3817c32a755eec8bd7acbce103,175,ChEMBL,2026-05-24T15:06:03.458991+00:00,2026-05-24T15:06:03.458991+00:00,unmapped_plant_reference,member_map_missing_canonical_plant_id,"{""candidate_id"": ""cmpcand_fd00b574a70942ab"", ""compound_id"": ""3f2e66b7-ec21-5e62-a663-36d07e4f4046"", ""member_count"": 1, ""member_ids_preview"": [""cmpcandm_dbf0227bbbcfc50f""], ""missing_member_count"": 1, ""raw_plant_ids_preview"": [""175""], ""source_compound_keys_preview"": [""e2ee476ac62482ced7f3ceab7babe1d2d1af6b3817c32a755eec8bd7acbce103""]}"
cmprev_11acaa425255e7bc,cmpcand_fd6dca71f9a8180d,0edfe9ce-1939-5f00-b588-72a52d8e01ef,inchi::WGPMCTNBJPAHNW-QZYKCYMZSA-N,ready,matched,120,,5e1b460c5a278f3990fc35aa60d032530705e2f9b2f5a867e218d7ed486bc4de,120,ChEMBL,2026-05-24T15:02:34.343522+00:00,2026-05-24T15:02:34.343522+00:00,unmapped_plant_reference,member_map_missing_canonical_plant_id,"{""candidate_id"": ""cmpcand_fd6dca71f9a8180d"", ""compound_id"": ""0edfe9ce-1939-5f00-b588-72a52d8e01ef"", ""member_count"": 1, ""member_ids_preview"": [""cmpcandm_811d2306db566892""], ""missing_member_count"": 1, ""raw_plant_ids_preview"": [""120""], ""source_compound_keys_preview"": [""5e1b460c5a278f3990fc35aa60d032530705e2f9b2f5a867e218d7ed486bc4de""]}"
cmprev_9be0461d7404e3e1,cmpcand_fd9696b5052f666b,97d2e171-fea4-5a3e-8b64-cc865b15dd90,inchi::AYPOOQWQTQIRFW-ZRCGQRJVSA-N,ready,conflict,76,,3eb6b1e601682c741e83806a4973a8bcce113d0a47d556eb4c990569a16cc711,76,ChEMBL,2026-05-24T15:06:20.716195+00:00,2026-05-24T15:06:20.716195+00:00,unmapped_plant_reference,member_map_missing_canonical_plant_id,"{""candidate_id"": ""cmpcand_fd9696b5052f666b"", ""compound_id"": ""97d2e171-fea4-5a3e-8b64-cc865b15dd90"", ""member_count"": 1, ""member_ids_preview"": [""cmpcandm_22c784c6f4ef1269""], ""missing_member_count"": 1, ""raw_plant_ids_preview"": [""76""], ""source_compound_keys_preview"": [""3eb6b1e601682c741e83806a4973a8bcce113d0a47d556eb4c990569a16cc711""]}"
cmprev_f6953ababdf16f1f,cmpcand_fdba2c7977d1d60b,1cda74ca-0779-53ff-bf26-b10d7ea63967,inchi::ZMDJQZBKCANBDV-GZEDFXFRSA-N,ready,conflict,83,,befeba09ec49a82f2403ea3452fbb76e7546458631ac590299863fc5708f83a6,83,ChEMBL,2026-05-24T15:09:23.804132+00:00,2026-05-24T15:09:23.804132+00:00,unmapped_plant_reference,member_map_missing_canonical_plant_id,"{""candidate_id"": ""cmpcand_fdba2c7977d1d60b"", ""compound_id"": ""1cda74ca-0779-53ff-bf26-b10d7ea63967"", ""member_count"": 1, ""member_ids_preview"": [""cmpcandm_12f303c0a3158027""], ""missing_member_count"": 1, ""raw_plant_ids_preview"": [""83""], ""source_compound_keys_preview"": [""befeba09ec49a82f2403ea3452fbb76e7546458631ac590299863fc5708f83a6""]}"
cmprev_8cf7fef624afd508,cmpcand_fdd5165fff7c4fb1,0c30159e-16ba-58b2-8c6d-6d4b328811f3,inchi::UDMBCSSLTHHNCD-KQYNXXCUSA-N,ready,conflict,139,,dcff84ccc28ace0a271bee49fcdd72b7260f7f2e4547d7489247b09e50eb4967,139,ChEMBL,2026-05-24T15:07:32.612215+00:00,2026-05-24T15:07:32.612215+00:00,unmapped_plant_reference,member_map_missing_canonical_plant_id,"{""candidate_id"": ""cmpcand_fdd5165fff7c4fb1"", ""compound_id"": ""0c30159e-16ba-58b2-8c6d-6d4b328811f3"", ""member_count"": 1, ""member_ids_preview"": [""cmpcandm_9bafd3237b875236""], ""missing_member_count"": 1, ""raw_plant_ids_preview"": [""139""], ""source_compound_keys_preview"": [""dcff84ccc28ace0a271bee49fcdd72b7260f7f2e4547d7489247b09e50eb4967""]}"
cmprev_befd6d87723a7c92,cmpcand_fde749a556a77a4e,5f2993b1-969b-5ea4-ac97-64858c82e229,inchi::WPVMLODCRMLWMB-HXUWFJFHSA-N,ready,conflict,52,,6424fa3477de89b39703157537777f4a0fe8d1c4b810f28f482a293ad821a20c,52;175,ChEMBL,2026-05-24T15:09:08.184287+00:00,2026-05-24T15:09:08.184287+00:00,unmapped_plant_reference,member_map_missing_canonical_plant_id,"{""candidate_id"": ""cmpcand_fde749a556a77a4e"", ""compound_id"": ""5f2993b1-969b-5ea4-ac97-64858c82e229"", ""member_count"": 2, ""member_ids_preview"": [""cmpcandm_ce8e550a4fe6b7db"", ""cmpcandm_4de28df07bada9ac""], ""missing_member_count"": 2, ""raw_plant_ids_preview"": [""52"", ""175""], ""source_compound_keys_preview"": [""6424fa3477de89b39703157537777f4a0fe8d1c4b810f28f482a293ad821a20c"", ""08d45e279e85dbff17ec420a9983b80fc79d41c563c617dcc52a633dd6978ef4""]}"
cmprev_1f3753961e77b904,cmpcand_fe079e65fc79d606,fc973991-52d8-5e61-ba0a-ab02941bbe06,inchi::XNBNKNDZXYQHBL-AMPBYXCMSA-N,ready,conflict,82,,e32a86217fb3392c32e451e4af7302a3f6a0fab281fb1ed7a1bb7e03dd801e56,82,PubChem,2026-05-24T15:03:40.140393+00:00,2026-05-24T15:03:40.140393+00:00,unmapped_plant_reference,member_map_missing_canonical_plant_id,"{""candidate_id"": ""cmpcand_fe079e65fc79d606"", ""compound_id"": ""fc973991-52d8-5e61-ba0a-ab02941bbe06"", ""member_count"": 1, ""member_ids_preview"": [""cmpcandm_3a4d3eb62c73fcf7""], ""missing_member_count"": 1, ""raw_plant_ids_preview"": [""82""], ""source_compound_keys_preview"": [""e32a86217fb3392c32e451e4af7302a3f6a0fab281fb1ed7a1bb7e03dd801e56""]}"
cmprev_a8fe4f2d3c6c4e87,cmpcand_fe1709fa1d26e6a4,723d2093-3e99-5c04-85cf-b0c663bbb046,inchi::FVWJYYTZTCVBKE-PGROKZIJSA-N,ready,conflict,322,,065e99c2f59ff312f88d8c2f5ac5da3358b9dc7cf711625810f7a4f9754900ff,322,ChEMBL,2026-05-24T15:05:12.461872+00:00,2026-05-24T15:05:12.461872+00:00,unmapped_plant_reference,member_map_missing_canonical_plant_id,"{""candidate_id"": ""cmpcand_fe1709fa1d26e6a4"", ""compound_id"": ""723d2093-3e99-5c04-85cf-b0c663bbb046"", ""member_count"": 1, ""member_ids_preview"": [""cmpcandm_988cd220e6ef0137""], ""missing_member_count"": 1, ""raw_plant_ids_preview"": [""322""], ""source_compound_keys_preview"": [""065e99c2f59ff312f88d8c2f5ac5da3358b9dc7cf711625810f7a4f9754900ff""]}"
cmprev_37a71687bdb9a2a4,cmpcand_fe6e16dca8b5d2a9,5576ce04-b07f-57ca-a2c8-b036f242cd55,inchi::NUNBRHVOPFWRRG-RCEFDBTISA-N,ready,ambiguous,186,,22e7c955e78e9015764dcc492153739240fb348785d8cd8100407868e0f96641,186,ChEMBL,2026-05-24T15:02:30.058530+00:00,2026-05-24T15:02:30.058530+00:00,unmapped_plant_reference,member_map_missing_canonical_plant_id,"{""candidate_id"": ""cmpcand_fe6e16dca8b5d2a9"", ""compound_id"": ""5576ce04-b07f-57ca-a2c8-b036f242cd55"", ""member_count"": 1, ""member_ids_preview"": [""cmpcandm_bca8d47d33b861c2""], ""missing_member_count"": 1, ""raw_plant_ids_preview"": [""186""], ""source_compound_keys_preview"": [""22e7c955e78e9015764dcc492153739240fb348785d8cd8100407868e0f96641""]}"
cmprev_c4ffbcf1c2cc6e45,cmpcand_fec468653d279cd6,bd304208-dbef-5042-8499-89b26b680934,inchi::KZSNJWFQEVHDMF-BYPYZUCNSA-N,ready,conflict,155,,bbf16a044ff84721e33fb76478bec005ff1dc83af5a8b3b73633ced6ecb99a31,155,ChEMBL,2026-05-24T15:08:06.790701+00:00,2026-05-24T15:08:06.790701+00:00,unmapped_plant_reference,member_map_missing_canonical_plant_id,"{""candidate_id"": ""cmpcand_fec468653d279cd6"", ""compound_id"": ""bd304208-dbef-5042-8499-89b26b680934"", ""member_count"": 1, ""member_ids_preview"": [""cmpcandm_b85fbaea1d76c053""], ""missing_member_count"": 1, ""raw_plant_ids_preview"": [""155""], ""source_compound_keys_preview"": [""bbf16a044ff84721e33fb76478bec005ff1dc83af5a8b3b73633ced6ecb99a31""]}"
cmprev_d686f4301a703855,cmpcand_fed6a361c4d661ea,c505f528-efc1-5b1f-9e0f-758a131073b3,inchi::OXQKEKGBFMQTML-UHFFFAOYSA-N,ready,conflict,381,,269f0f3551727ac6a92a6de5a58f5e5430d297d6405a4342ba2aee7b77e24c71,381,ChEMBL,2026-05-24T15:06:54.205613+00:00,2026-05-24T15:06:54.205613+00:00,unmapped_plant_reference,member_map_missing_canonical_plant_id,"{""candidate_id"": ""cmpcand_fed6a361c4d661ea"", ""compound_id"": ""c505f528-efc1-5b1f-9e0f-758a131073b3"", ""member_count"": 1, ""member_ids_preview"": [""cmpcandm_7fe8da7381fc1add""], ""missing_member_count"": 1, ""raw_plant_ids_preview"": [""381""], ""source_compound_keys_preview"": [""269f0f3551727ac6a92a6de5a58f5e5430d297d6405a4342ba2aee7b77e24c71""]}"
cmprev_ef15723389f9a1ad,cmpcand_fed7d383fba8e5f9,7b8c2f98-8296-56fe-a6fe-a8352f249b39,inchi::KZNIFHPLKGYRTM-UHFFFAOYSA-N,ready,conflict,341,,baafc9cd202b002567d15ffa6971d87ce5e4185731e8471f28301ccc2517ac2c,341,ChEMBL,2026-05-24T15:06:51.131898+00:00,2026-05-24T15:06:51.131898+00:00,unmapped_plant_reference,member_map_missing_canonical_plant_id,"{""candidate_id"": ""cmpcand_fed7d383fba8e5f9"", ""compound_id"": ""7b8c2f98-8296-56fe-a6fe-a8352f249b39"", ""member_count"": 1, ""member_ids_preview"": [""cmpcandm_a0772c9612071196""], ""missing_member_count"": 1, ""raw_plant_ids_preview"": [""341""], ""source_compound_keys_preview"": [""baafc9cd202b002567d15ffa6971d87ce5e4185731e8471f28301ccc2517ac2c""]}"
cmprev_2c9d4a73308f1ccc,cmpcand_ff09ce180b5f1729,039e1c2f-b03c-56b1-ab49-7462f6305fe2,inchi::NIVCJAYDAMQSJO-PAMAHNMISA-N,ready,conflict,107,,d4b032a0e378edc3db36a5dd487bdf628e04d1a4530d43b64b1bc9412b810192,107,PubChem,2026-05-24T15:03:04.717458+00:00,2026-05-24T15:03:04.717458+00:00,unmapped_plant_reference,member_map_missing_canonical_plant_id,"{""candidate_id"": ""cmpcand_ff09ce180b5f1729"", ""compound_id"": ""039e1c2f-b03c-56b1-ab49-7462f6305fe2"", ""member_count"": 1, ""member_ids_preview"": [""cmpcandm_8d0a57b804b92903""], ""missing_member_count"": 1, ""raw_plant_ids_preview"": [""107""], ""source_compound_keys_preview"": [""d4b032a0e378edc3db36a5dd487bdf628e04d1a4530d43b64b1bc9412b810192""]}"
cmprev_79a21ab35e1fc8c9,cmpcand_ff599f7acf636feb,a5a6be5f-13c5-5ac8-bffd-1cb2b9f42190,inchi::FGCUSSRGQNHZRW-UMVBOHGHSA-N,ready,conflict,462,,217026e5eed984960a10df51e324e78edf46f18771be11e025bd47f8a4636d00,462,PubChem,2026-05-24T15:07:05.160794+00:00,2026-05-24T15:07:05.160794+00:00,unmapped_plant_reference,member_map_missing_canonical_plant_id,"{""candidate_id"": ""cmpcand_ff599f7acf636feb"", ""compound_id"": ""a5a6be5f-13c5-5ac8-bffd-1cb2b9f42190"", ""member_count"": 1, ""member_ids_preview"": [""cmpcandm_ad25bea823ba5bea""], ""missing_member_count"": 1, ""raw_plant_ids_preview"": [""462""], ""source_compound_keys_preview"": [""217026e5eed984960a10df51e324e78edf46f18771be11e025bd47f8a4636d00""]}"
cmprev_e9f4a4e49b428a9e,cmpcand_ff7fa8f4b2a510ec,00dd6c17-84dd-515b-8467-efad6b411a00,inchi::DXOYQVHGIODESM-KROJNAHFSA-N,ready,conflict,132,,1a7ed421022123503d54198ecef7c7eca71d484f10b012cc08f59927569a3519,132,ChEMBL,2026-05-24T15:07:54.538882+00:00,2026-05-24T15:07:54.538882+00:00,unmapped_plant_reference,member_map_missing_canonical_plant_id,"{""candidate_id"": ""cmpcand_ff7fa8f4b2a510ec"", ""compound_id"": ""00dd6c17-84dd-515b-8467-efad6b411a00"", ""member_count"": 3, ""member_ids_preview"": [""cmpcandm_e56f1512862061f7"", ""cmpcandm_759f09e5557f655d"", ""cmpcandm_35f4282a695fa457""], ""missing_member_count"": 3, ""raw_plant_ids_preview"": [""132""], ""source_compound_keys_preview"": [""1a7ed421022123503d54198ecef7c7eca71d484f10b012cc08f59927569a3519"", ""53d19246584ea451440e50875863d1aed70300a5ff962d813e520f4b18b0b1ae"", ""858a8067811fbba3c0e212de3a9d95d31b413e2d513d6dc8206dfb1cb35016bf""]}"
