input_name,raw_plant_id,canonical_lookup_key,source_row_count,query_status,http_status,error_message,matched_name,accepted_name,authorship,rank,taxonomic_status,match_type,confidence,gbif_usage_key,gbif_accepted_usage_key,gbif_species_key,gbif_genus_key,gbif_family_key,gbif_kingdom_key,family_name,cache_key,cache_path
Abelmoschus manihot,1,abelmoschus manihot,1,ok,200,,Abelmoschus manihot (L.) Medik.,Abelmoschus manihot (L.) Medik.,(L.) Medik.,SPECIES,ACCEPTED,EXACT,100,3152706,3152706,3152706,3152705,6685,6,Malvaceae,2390483292b20751213cc99d7789e6a7604654619fcb54b27f6543d055a0304f,C:\code\web\herbaflow\etl\plants\03_match_gbif\out\cache\2390483292b20751213cc99d7789e6a7604654619fcb54b27f6543d055a0304f.json
Abelmoschus moschatus,2,abelmoschus moschatus,1,ok,200,,Abelmoschus moschatus (L.) Medik.,Abelmoschus moschatus (L.) Medik.,(L.) Medik.,SPECIES,ACCEPTED,EXACT,100,8312665,8312665,8312665,3152705,6685,6,Malvaceae,93df74ea50ab4e7c70dd05a5c82085a6838602454d210bedd3541d9ffe39f132,C:\code\web\herbaflow\etl\plants\03_match_gbif\out\cache\93df74ea50ab4e7c70dd05a5c82085a6838602454d210bedd3541d9ffe39f132.json
Abrus fruticulosus,3,abrus fruticulosus,1,ok,200,,Abrus fruticulosus Wall. ex Wight & Arn.,Abrus fruticulosus Wall. ex Wight & Arn.,Wall. ex Wight & Arn.,SPECIES,ACCEPTED,EXACT,99,5348700,5348700,5348700,2943776,5386,6,Fabaceae,e3d048f9602ea067cb6fdf05d39789df52ce0c6e835ab21d086ea90da86f289b,C:\code\web\herbaflow\etl\plants\03_match_gbif\out\cache\e3d048f9602ea067cb6fdf05d39789df52ce0c6e835ab21d086ea90da86f289b.json
Abrus precatorius,4,abrus precatorius,1,ok,200,,Abrus precatorius L.,Abrus precatorius L.,L.,SPECIES,ACCEPTED,EXACT,99,5348711,5348711,5348711,2943776,5386,6,Fabaceae,3ce8cb459f74841cff720011f459b8456f5073d9928ba7c750133fde627d0748,C:\code\web\herbaflow\etl\plants\03_match_gbif\out\cache\3ce8cb459f74841cff720011f459b8456f5073d9928ba7c750133fde627d0748.json
Abutilon indicum,5,abutilon indicum,1,ok,200,,Abutilon indicum (L.) Sweet,Abutilon indicum (L.) Sweet,(L.) Sweet,SPECIES,ACCEPTED,EXACT,99,3152634,3152634,3152634,3152599,6685,6,Malvaceae,fe83502c108480974fea22baa14d856d2cb64acd65069d726c5e3ede666cd75e,C:\code\web\herbaflow\etl\plants\03_match_gbif\out\cache\fe83502c108480974fea22baa14d856d2cb64acd65069d726c5e3ede666cd75e.json
Acalypha hispida,6,acalypha hispida,1,ok,200,,Acalypha hispida Burm.f.,Acalypha hispida Burm.f.,Burm.f.,SPECIES,ACCEPTED,EXACT,99,3056375,3056375,3056375,3055964,4691,6,Euphorbiaceae,ae2c6ee385d3adb163a2aac4d217b37717be2e415ae9100dc5d6b6622e3ae8ad,C:\code\web\herbaflow\etl\plants\03_match_gbif\out\cache\ae2c6ee385d3adb163a2aac4d217b37717be2e415ae9100dc5d6b6622e3ae8ad.json
Acalypha indica,7,acalypha indica,1,ok,200,,Acalypha indica L.,Acalypha indica L.,L.,SPECIES,ACCEPTED,EXACT,99,3056259,3056259,3056259,3055964,4691,6,Euphorbiaceae,046004ccfc2364bc3cf3a9283b3c9b1e80f1707c618a5c332f668004571957ad,C:\code\web\herbaflow\etl\plants\03_match_gbif\out\cache\046004ccfc2364bc3cf3a9283b3c9b1e80f1707c618a5c332f668004571957ad.json
Acanthus ilicifolius,8,acanthus ilicifolius,1,ok,200,,Acanthus ilicifolius L.,Acanthus ilicifolius L.,L.,SPECIES,ACCEPTED,EXACT,99,6359819,6359819,6359819,3173198,2393,6,Acanthaceae,a846ab255ef0e7243be47c6752d05e2fdd979b2ff06e58cdf24c96a532591a90,C:\code\web\herbaflow\etl\plants\03_match_gbif\out\cache\a846ab255ef0e7243be47c6752d05e2fdd979b2ff06e58cdf24c96a532591a90.json
Achyranthes aspera,9,achyranthes aspera,1,ok,200,,Achyranthes aspera L.,Achyranthes aspera L.,L.,SPECIES,ACCEPTED,EXACT,99,3085168,3085168,3085168,3085166,3064,6,Amaranthaceae,4fe1bc71cccd3c9d2d20588c84c5c81f6d08526743b41ad947d7b08f11b7c613,C:\code\web\herbaflow\etl\plants\03_match_gbif\out\cache\4fe1bc71cccd3c9d2d20588c84c5c81f6d08526743b41ad947d7b08f11b7c613.json
Acorus calamus,10,acorus calamus,1,ok,200,,Acorus calamus L.,Acorus calamus L.,L.,SPECIES,ACCEPTED,EXACT,100,2873769,2873769,2873769,2730063,3719,6,Acoraceae,0b596f9ff9b476b57d8ca6c7f6ca4f19ec15cd2c4cb0c8b9dc7b504d48c27c7c,C:\code\web\herbaflow\etl\plants\03_match_gbif\out\cache\0b596f9ff9b476b57d8ca6c7f6ca4f19ec15cd2c4cb0c8b9dc7b504d48c27c7c.json
Aegle marmelos,11,aegle marmelos,1,ok,200,,Aegle marmelos (L.) Corrêa,Aegle marmelos (L.) Corrêa,(L.) Corrêa,SPECIES,ACCEPTED,EXACT,99,5421195,5421195,5421195,8397331,2396,6,Rutaceae,afc98edd443f78c2f8ff5d143cc8c04dfe22b433267c1278c6a78060bb86dc62,C:\code\web\herbaflow\etl\plants\03_match_gbif\out\cache\afc98edd443f78c2f8ff5d143cc8c04dfe22b433267c1278c6a78060bb86dc62.json
Aerva lanata,12,aerva lanata,1,ok,200,,Aerva lanata (L.) Juss. ex Schult.,Ouret lanata (L.) Kuntze,(L.) Juss. ex Schult.,SPECIES,SYNONYM,EXACT,99,3085014,10974033,10974033,7323304,3064,6,Amaranthaceae,b8c2f960b7bd7cad2a80093f4dba85b8208dba38ffb3ec9e76175c6b542985d7,C:\code\web\herbaflow\etl\plants\03_match_gbif\out\cache\b8c2f960b7bd7cad2a80093f4dba85b8208dba38ffb3ec9e76175c6b542985d7.json
Agathis dammara,13,agathis dammara,1,ok,200,,Agathis dammara (Lamb.) Rich. & A.Rich.,Agathis dammara (Lamb.) Rich. & A.Rich.,(Lamb.) Rich. & A.Rich.,SPECIES,ACCEPTED,EXACT,99,5284442,5284442,5284442,2685008,3924,6,Araucariaceae,3b2a9740475fa484556765bf9fa756a5c0f9e41d1368795aa939c73d94a57f20,C:\code\web\herbaflow\etl\plants\03_match_gbif\out\cache\3b2a9740475fa484556765bf9fa756a5c0f9e41d1368795aa939c73d94a57f20.json
Ageratum conyzoides,14,ageratum conyzoides,1,ok,200,,Ageratum conyzoides L.,Ageratum conyzoides L.,L.,SPECIES,ACCEPTED,EXACT,99,5401673,5401673,5401673,3138550,3065,6,Asteraceae,03655d31b4d80a97e7da40b9524ccc448c744df61868d69ff2374baf6b42fbbc,C:\code\web\herbaflow\etl\plants\03_match_gbif\out\cache\03655d31b4d80a97e7da40b9524ccc448c744df61868d69ff2374baf6b42fbbc.json
Ageratum houstonianum,15,ageratum houstonianum,1,ok,200,,Ageratum houstonianum Mill.,Ageratum houstonianum Mill.,Mill.,SPECIES,ACCEPTED,EXACT,100,5401760,5401760,5401760,3138550,3065,6,Asteraceae,47b431be9699b4335ebfa6d0219dde63c39d78be70055db3ec2007d45401e3a4,C:\code\web\herbaflow\etl\plants\03_match_gbif\out\cache\47b431be9699b4335ebfa6d0219dde63c39d78be70055db3ec2007d45401e3a4.json
Aglaia odorata,16,aglaia odorata,1,ok,200,,Aglaia odorata Lour.,Aglaia odorata Lour.,Lour.,SPECIES,ACCEPTED,EXACT,100,5597349,5597349,5597349,3190479,2397,6,Meliaceae,825ffac22f3c78c8fc27f0ddac68bd44db17fb425f6e242173dd65e52e6737b8,C:\code\web\herbaflow\etl\plants\03_match_gbif\out\cache\825ffac22f3c78c8fc27f0ddac68bd44db17fb425f6e242173dd65e52e6737b8.json
Albizia chinensis,17,albizia chinensis,1,ok,200,,Albizia chinensis (Osbeck) Merr.,Albizia chinensis (Osbeck) Merr.,(Osbeck) Merr.,SPECIES,ACCEPTED,EXACT,100,2973197,2973197,2973197,2972897,5386,6,Fabaceae,86e6ea756235c985501564671826101fde64248d6dc11b132a75775ea750edcf,C:\code\web\herbaflow\etl\plants\03_match_gbif\out\cache\86e6ea756235c985501564671826101fde64248d6dc11b132a75775ea750edcf.json
Aleurites moluccana,18,aleurites moluccana,1,ok,200,,Aleurites moluccanus (L.) Willd.,Aleurites moluccanus (L.) Willd.,(L.) Willd.,SPECIES,ACCEPTED,VARIANT,98,4930679,4930679,4930679,3072436,4691,6,Euphorbiaceae,450aaf0e17890348ae7214518f4b97db5419993968f0c2cc1ccaafe9e835a476,C:\code\web\herbaflow\etl\plants\03_match_gbif\out\cache\450aaf0e17890348ae7214518f4b97db5419993968f0c2cc1ccaafe9e835a476.json
Allamanda cathartica,19,allamanda cathartica,1,ok,200,,Allamanda cathartica L.,Allamanda cathartica L.,L.,SPECIES,ACCEPTED,EXACT,99,3169836,3169836,3169836,3169834,6701,6,Apocynaceae,f703dc8ae1c87c744606b1663ac84f51ff97bc12bf5fdc8b2ca33dd3f5264a7d,C:\code\web\herbaflow\etl\plants\03_match_gbif\out\cache\f703dc8ae1c87c744606b1663ac84f51ff97bc12bf5fdc8b2ca33dd3f5264a7d.json
Allium cepa,20,allium cepa,1,ok,200,,Allium cepa L.,Allium cepa L.,L.,SPECIES,ACCEPTED,EXACT,100,2857697,2857697,2857697,9624496,7682,6,Amaryllidaceae,720db5a7ac11f2a9ec1b3a45799efa9c42fc38cb05a679be933511ad730e6c32,C:\code\web\herbaflow\etl\plants\03_match_gbif\out\cache\720db5a7ac11f2a9ec1b3a45799efa9c42fc38cb05a679be933511ad730e6c32.json
Allium chinense,21,allium chinense,1,ok,200,,Allium chinense G.Don,Allium chinense G.Don,G.Don,SPECIES,ACCEPTED,EXACT,99,2856307,2856307,2856307,9624496,7682,6,Amaryllidaceae,a4ae2420202cc3855f2732021d604e303e9c746a85bcfcb80500ad0a22a20730,C:\code\web\herbaflow\etl\plants\03_match_gbif\out\cache\a4ae2420202cc3855f2732021d604e303e9c746a85bcfcb80500ad0a22a20730.json
Allium fistulosum,22,allium fistulosum,1,ok,200,,Allium fistulosum L.,Allium fistulosum L.,L.,SPECIES,ACCEPTED,EXACT,100,2856504,2856504,2856504,9624496,7682,6,Amaryllidaceae,e6c01b612329e854a754ebf5bb4416c1788962d5525455570d4f82e27c7658f3,C:\code\web\herbaflow\etl\plants\03_match_gbif\out\cache\e6c01b612329e854a754ebf5bb4416c1788962d5525455570d4f82e27c7658f3.json
Allium sativum,23,allium sativum,1,ok,200,,Allium sativum L.,Allium sativum L.,L.,SPECIES,ACCEPTED,EXACT,100,2856681,2856681,2856681,9624496,7682,6,Amaryllidaceae,e7effb3f7c0f64fce9833c0011a2dfcdff029409c4515c178004b298cdda9275,C:\code\web\herbaflow\etl\plants\03_match_gbif\out\cache\e7effb3f7c0f64fce9833c0011a2dfcdff029409c4515c178004b298cdda9275.json
Allium tuberosum,24,allium tuberosum,1,ok,200,,Allium tuberosum Rottler ex Spreng.,Allium tuberosum Rottler ex Spreng.,Rottler ex Spreng.,SPECIES,ACCEPTED,EXACT,99,2856297,2856297,2856297,9624496,7682,6,Amaryllidaceae,243b90127d82777b3c5cbac2a33abae8cbd8162824e66d0125ad158a7d6823b6,C:\code\web\herbaflow\etl\plants\03_match_gbif\out\cache\243b90127d82777b3c5cbac2a33abae8cbd8162824e66d0125ad158a7d6823b6.json
Alocasia macrorrhiza,25,alocasia macrorrhiza,1,ok,200,,Alocasia macrorrhiza (L.) Schott,Alocasia macrorrhizos (L.) G.Don,(L.) Schott,SPECIES,SYNONYM,EXACT,99,5708184,5329904,5329904,5329822,6979,6,Araceae,14cc9005c3ce5f63ffea68d454a56ff2eb869120ba60ab0df3f1ad5c3a8eb6de,C:\code\web\herbaflow\etl\plants\03_match_gbif\out\cache\14cc9005c3ce5f63ffea68d454a56ff2eb869120ba60ab0df3f1ad5c3a8eb6de.json
Aloe vera,26,aloe vera,1,ok,200,,Aloe vera (L.) Burm.f.,Aloe vera (L.) Burm.f.,(L.) Burm.f.,SPECIES,ACCEPTED,EXACT,99,2777724,2777724,2777724,2770879,4259209,6,Asphodelaceae,8feeddc1df37d28dbfab30c7d5e2902b80963e2f7b5c3db7bb51f505192de556,C:\code\web\herbaflow\etl\plants\03_match_gbif\out\cache\8feeddc1df37d28dbfab30c7d5e2902b80963e2f7b5c3db7bb51f505192de556.json
Alpinia galanga,27,alpinia galanga,1,ok,200,,Alpinia galanga (L.) Willd.,Alpinia galanga (L.) Willd.,(L.) Willd.,SPECIES,ACCEPTED,EXACT,100,5302225,5302225,5302225,5301253,4687,6,Zingiberaceae,22fa4e3d87e04e4d40285eee6c9c76a8606236595db87f0b8a7d373e1e63df9e,C:\code\web\herbaflow\etl\plants\03_match_gbif\out\cache\22fa4e3d87e04e4d40285eee6c9c76a8606236595db87f0b8a7d373e1e63df9e.json
Alpinia officinarum,28,alpinia officinarum,1,ok,200,,Alpinia officinarum Hance,Alpinia officinarum Hance,Hance,SPECIES,ACCEPTED,EXACT,100,5302199,5302199,5302199,5301253,4687,6,Zingiberaceae,0173e25738c18bc3b3bde6e03cf29bb4b89d9bc0904831cc3076af8a1fed8549,C:\code\web\herbaflow\etl\plants\03_match_gbif\out\cache\0173e25738c18bc3b3bde6e03cf29bb4b89d9bc0904831cc3076af8a1fed8549.json
Alstonia scholaris,29,alstonia scholaris,1,ok,200,,Alstonia scholaris (L.) R.Br.,Alstonia scholaris (L.) R.Br.,(L.) R.Br.,SPECIES,ACCEPTED,EXACT,100,5414410,5414410,5414410,8412045,6701,6,Apocynaceae,5e1bfea293aa201338f7f4bb65f507bf3f009a495231a0978ad535914fdd7256,C:\code\web\herbaflow\etl\plants\03_match_gbif\out\cache\5e1bfea293aa201338f7f4bb65f507bf3f009a495231a0978ad535914fdd7256.json
Alternanthera philoxeroides,30,alternanthera philoxeroides,1,ok,200,,Alternanthera philoxeroides (Mart.) Griseb.,Alternanthera philoxeroides (Mart.) Griseb.,(Mart.) Griseb.,SPECIES,ACCEPTED,EXACT,100,3084923,3084923,3084923,3084921,3064,6,Amaranthaceae,88c61518a8e430a5dd01433e3de00a62c5ff29eb1b252ccad6082555131d59aa,C:\code\web\herbaflow\etl\plants\03_match_gbif\out\cache\88c61518a8e430a5dd01433e3de00a62c5ff29eb1b252ccad6082555131d59aa.json
Alternanthera sessilis,31,alternanthera sessilis,1,ok,200,,Alternanthera sessilis (L.) R.Br. ex DC.,Alternanthera sessilis (L.) R.Br. ex DC.,(L.) R.Br. ex DC.,SPECIES,ACCEPTED,EXACT,99,3084939,3084939,3084939,3084921,3064,6,Amaranthaceae,1f644c6be1343409184cea4c6d2e8df02cf88ab10d6d4ae1fb503d3f58d2819a,C:\code\web\herbaflow\etl\plants\03_match_gbif\out\cache\1f644c6be1343409184cea4c6d2e8df02cf88ab10d6d4ae1fb503d3f58d2819a.json
Amaranthus spinosus,32,amaranthus spinosus,1,ok,200,,Amaranthus spinosus L.,Amaranthus spinosus L.,L.,SPECIES,ACCEPTED,EXACT,100,5384401,5384401,5384401,3085074,3064,6,Amaranthaceae,60e89cfa40e98faab798a6fa9756d3e26215e0e99dc9a4e0270eb94e55415fb2,C:\code\web\herbaflow\etl\plants\03_match_gbif\out\cache\60e89cfa40e98faab798a6fa9756d3e26215e0e99dc9a4e0270eb94e55415fb2.json
Amaranthus tricolor,33,amaranthus tricolor,1,ok,200,,Amaranthus tricolor L.,Amaranthus tricolor L.,L.,SPECIES,ACCEPTED,EXACT,100,5384397,5384397,5384397,3085074,3064,6,Amaranthaceae,79a0d2656cf920332433fdb82e08c1f69c18ea1c9c091724caf96c2e4465426d,C:\code\web\herbaflow\etl\plants\03_match_gbif\out\cache\79a0d2656cf920332433fdb82e08c1f69c18ea1c9c091724caf96c2e4465426d.json
Amomum aculeatum,34,amomum aculeatum,1,ok,200,,Amomum aculeatum Roxb.,Meistera aculeata (Roxb.) Škorničk. & M.F.Newman,Roxb.,SPECIES,SYNONYM,EXACT,100,5301584,11037528,11037528,2758958,4687,6,Zingiberaceae,29a5cccdc9a426d13f3e3dec78c200a912760c49a2c4ea6b396949c9864f7807,C:\code\web\herbaflow\etl\plants\03_match_gbif\out\cache\29a5cccdc9a426d13f3e3dec78c200a912760c49a2c4ea6b396949c9864f7807.json
Anacardium occidentale,35,anacardium occidentale,1,ok,200,,Anacardium occidentale L.,Anacardium occidentale L.,L.,SPECIES,ACCEPTED,EXACT,99,5421368,5421368,5421368,5421367,2398,6,Anacardiaceae,82af74529044879525f7e6618ce0886ed9bf1bf053a77a826acc7025abe4524b,C:\code\web\herbaflow\etl\plants\03_match_gbif\out\cache\82af74529044879525f7e6618ce0886ed9bf1bf053a77a826acc7025abe4524b.json
Ananas comosus,36,ananas comosus,1,ok,200,,Ananas comosus (L.) Merr.,Ananas comosus (L.) Merr.,(L.) Merr.,SPECIES,ACCEPTED,EXACT,99,5288819,5288819,5288819,2699430,3740,6,Bromeliaceae,bfd7cc9252b9cec54eb5fd7a81d57dc50ff11d9e13ce308184806ef09c889267,C:\code\web\herbaflow\etl\plants\03_match_gbif\out\cache\bfd7cc9252b9cec54eb5fd7a81d57dc50ff11d9e13ce308184806ef09c889267.json
Andrographis paniculata,37,andrographis paniculata,1,ok,200,,Andrographis paniculata (Burm.fil.) Nees,Andrographis paniculata (Burm.fil.) Nees,(Burm.fil.) Nees,SPECIES,ACCEPTED,EXACT,99,3173178,3173178,3173178,7740842,2393,6,Acanthaceae,06478a7a812beb61bea2245065521da189ef6bc9b4825b2702c05efc6bf4e0f9,C:\code\web\herbaflow\etl\plants\03_match_gbif\out\cache\06478a7a812beb61bea2245065521da189ef6bc9b4825b2702c05efc6bf4e0f9.json
Angelica keiskei,38,angelica keiskei,1,ok,200,,Angelica keiskei (Miq.) Koidz.,Angelica keiskei (Miq.) Koidz.,(Miq.) Koidz.,SPECIES,ACCEPTED,EXACT,100,6026372,6026372,6026372,3034560,6720,6,Apiaceae,bd4ceec29a228cc0171856d01a0598a261ab8bf575955b175baed5a4bf5bb384,C:\code\web\herbaflow\etl\plants\03_match_gbif\out\cache\bd4ceec29a228cc0171856d01a0598a261ab8bf575955b175baed5a4bf5bb384.json
Annona muricata,39,annona muricata,1,ok,200,,Annona muricata L.,Annona muricata L.,L.,SPECIES,ACCEPTED,EXACT,99,5407273,5407273,5407273,3155252,9291,6,Annonaceae,e2bd6aa8acdc8339da70304d32854b489bbcbce512cd8e92bd226de9e5b10e98,C:\code\web\herbaflow\etl\plants\03_match_gbif\out\cache\e2bd6aa8acdc8339da70304d32854b489bbcbce512cd8e92bd226de9e5b10e98.json
Annona reticulata,40,annona reticulata,1,ok,200,,Annona reticulata L.,Annona reticulata L.,L.,SPECIES,ACCEPTED,EXACT,99,5407123,5407123,5407123,3155252,9291,6,Annonaceae,a66995c671805d772c8f3a939a0c815197df942f0cb5aaac79692791552254a0,C:\code\web\herbaflow\etl\plants\03_match_gbif\out\cache\a66995c671805d772c8f3a939a0c815197df942f0cb5aaac79692791552254a0.json
Annona squamosa,41,annona squamosa,1,ok,200,,Annona squamosa L.,Annona squamosa L.,L.,SPECIES,ACCEPTED,EXACT,99,5407099,5407099,5407099,3155252,9291,6,Annonaceae,e4260ece5d8a371636d34ce665c381843630c6783c8ef53b8e68064d433ae893,C:\code\web\herbaflow\etl\plants\03_match_gbif\out\cache\e4260ece5d8a371636d34ce665c381843630c6783c8ef53b8e68064d433ae893.json
Anredera cordifolia,42,anredera cordifolia,1,ok,200,,Anredera cordifolia (Ten.) Steenis,Anredera cordifolia (Ten.) Steenis,(Ten.) Steenis,SPECIES,ACCEPTED,EXACT,100,3083508,3083508,3083508,3083506,3063,6,Basellaceae,c451a63472c9df6e7ca18a58cfb5f112a284f994a92f830aa911ed1cb0e5b0d4,C:\code\web\herbaflow\etl\plants\03_match_gbif\out\cache\c451a63472c9df6e7ca18a58cfb5f112a284f994a92f830aa911ed1cb0e5b0d4.json
Antiaris toxicaria,43,antiaris toxicaria,1,ok,200,,Antiaris toxicaria (Pers.) Lesch.,Antiaris toxicaria (Pers.) Lesch.,(Pers.) Lesch.,SPECIES,ACCEPTED,EXACT,100,7262663,7262663,7262663,7262656,6640,6,Moraceae,3bc41a816dc02655176d63b67d2a1d2b187dc36316f405d2f5d52e026f4fa536,C:\code\web\herbaflow\etl\plants\03_match_gbif\out\cache\3bc41a816dc02655176d63b67d2a1d2b187dc36316f405d2f5d52e026f4fa536.json
Apium graveolens,44,apium graveolens,1,ok,200,,Apium graveolens L.,Apium graveolens L.,L.,SPECIES,ACCEPTED,EXACT,99,5371879,5371879,5371879,3034812,6720,6,Apiaceae,867feedad2725ff7b530cfd27b7ee12f90ead7d8c4380c191acfc46b1cbd00b7,C:\code\web\herbaflow\etl\plants\03_match_gbif\out\cache\867feedad2725ff7b530cfd27b7ee12f90ead7d8c4380c191acfc46b1cbd00b7.json
Arachis hypogaea,45,arachis hypogaea,1,ok,200,,Arachis hypogaea L.,Arachis hypogaea L.,L.,SPECIES,ACCEPTED,EXACT,100,5353770,5353770,5353770,2956684,5386,6,Fabaceae,2ed0286feb540c67d3334ff6eb101535c1954f1fc3303453bb1157dbfa7794e4,C:\code\web\herbaflow\etl\plants\03_match_gbif\out\cache\2ed0286feb540c67d3334ff6eb101535c1954f1fc3303453bb1157dbfa7794e4.json
Arcangelisia flava,46,arcangelisia flava,1,ok,200,,Arcangelisia flava (L.) Merr.,Arcangelisia flava (L.) Merr.,(L.) Merr.,SPECIES,ACCEPTED,EXACT,100,3830318,3830318,3830318,7268743,2411,6,Menispermaceae,1631e7d2af7b865be01adf224b3d22ff25d5604c7509d06221bd91c96e2d720e,C:\code\web\herbaflow\etl\plants\03_match_gbif\out\cache\1631e7d2af7b865be01adf224b3d22ff25d5604c7509d06221bd91c96e2d720e.json
Areca catechu,47,areca catechu,1,ok,200,,Areca catechu L.,Areca catechu L.,L.,SPECIES,ACCEPTED,EXACT,100,2736531,2736531,2736531,2736518,7681,6,Arecaceae,bd7a596fce570f57bf6f553245fc263f8c3656f64b487b251ded2e111bc6ac31,C:\code\web\herbaflow\etl\plants\03_match_gbif\out\cache\bd7a596fce570f57bf6f553245fc263f8c3656f64b487b251ded2e111bc6ac31.json
Artemisia abrotanum,48,artemisia abrotanum,1,ok,200,,Artemisia abrotanum L.,Artemisia abrotanum L.,L.,SPECIES,ACCEPTED,EXACT,99,8042568,8042568,8042568,3120641,3065,6,Asteraceae,44ea3017fed916787b2b31a0be11c7cc2f23b6a35bb5969f90363f1425c542a5,C:\code\web\herbaflow\etl\plants\03_match_gbif\out\cache\44ea3017fed916787b2b31a0be11c7cc2f23b6a35bb5969f90363f1425c542a5.json
Artemisia cina,49,artemisia cina,1,ok,200,,Artemisia cina O.C.Berg & Schmidt,Artemisia cina O.C.Berg & Schmidt,O.C.Berg & Schmidt,SPECIES,ACCEPTED,EXACT,99,3120942,3120942,3120942,3120641,3065,6,Asteraceae,42a8e62220eff648bd41c31bb2451e5aa343260250b9dffc7211773d0454c926,C:\code\web\herbaflow\etl\plants\03_match_gbif\out\cache\42a8e62220eff648bd41c31bb2451e5aa343260250b9dffc7211773d0454c926.json
Artemisia lactiflora,50,artemisia lactiflora,1,ok,200,,Artemisia lactiflora Wall. ex DC.,Artemisia lactiflora Wall. ex DC.,Wall. ex DC.,SPECIES,ACCEPTED,EXACT,99,3121137,3121137,3121137,3120641,3065,6,Asteraceae,1daa360098b2e5740fb97e58f45c3e930a206049a8bcd1e9dfb0892c2968d915,C:\code\web\herbaflow\etl\plants\03_match_gbif\out\cache\1daa360098b2e5740fb97e58f45c3e930a206049a8bcd1e9dfb0892c2968d915.json
Artemisia vulgaris,51,artemisia vulgaris,1,ok,200,,Artemisia vulgaris L.,Artemisia vulgaris L.,L.,SPECIES,ACCEPTED,EXACT,99,3120946,3120946,3120946,3120641,3065,6,Asteraceae,1d8f89a4be9f6736031e6831817a80d9669254b979328de3c38f9a6073cc562a,C:\code\web\herbaflow\etl\plants\03_match_gbif\out\cache\1d8f89a4be9f6736031e6831817a80d9669254b979328de3c38f9a6073cc562a.json
Artocarpus altilis,52,artocarpus altilis,1,ok,200,,Artocarpus altilis (Parkinson) Fosberg,Artocarpus altilis (Parkinson) Fosberg,(Parkinson) Fosberg,SPECIES,ACCEPTED,EXACT,99,2984573,2984573,2984573,2984563,6640,6,Moraceae,7f37f8d5f4edb7509417ff86d38e8c854c7e4fbba3f6ec091ba3bea971ea6a9d,C:\code\web\herbaflow\etl\plants\03_match_gbif\out\cache\7f37f8d5f4edb7509417ff86d38e8c854c7e4fbba3f6ec091ba3bea971ea6a9d.json
Artocarpus communis,53,artocarpus communis,1,ok,200,,Artocarpus communis J.R.Forst. & G.Forst.,Artocarpus altilis (Parkinson) Fosberg,J.R.Forst. & G.Forst.,SPECIES,SYNONYM,EXACT,100,2984574,2984573,2984573,2984563,6640,6,Moraceae,5a0085b8df34c447bb2b29906728c264a0fb0eb8dd68b861e6b2d3e76a1a0ae2,C:\code\web\herbaflow\etl\plants\03_match_gbif\out\cache\5a0085b8df34c447bb2b29906728c264a0fb0eb8dd68b861e6b2d3e76a1a0ae2.json
Artocarpus heterophyllus,54,artocarpus heterophyllus,1,ok,200,,Artocarpus heterophyllus Lam.,Artocarpus heterophyllus Lam.,Lam.,SPECIES,ACCEPTED,EXACT,100,2984565,2984565,2984565,2984563,6640,6,Moraceae,d72d554719183011e42924a313f15a1225e41a378daacd78b917f93d0c68605f,C:\code\web\herbaflow\etl\plants\03_match_gbif\out\cache\d72d554719183011e42924a313f15a1225e41a378daacd78b917f93d0c68605f.json
Asclepias curassavica,55,asclepias curassavica,1,ok,200,,Asclepias curassavica L.,Asclepias curassavica L.,L.,SPECIES,ACCEPTED,EXACT,99,3170241,3170241,3170241,3170229,6701,6,Apocynaceae,dca3ddb4a5ee3d8461d96446f9f4b022064abd9e2ddac7c62f592e9fb3d0a3f0,C:\code\web\herbaflow\etl\plants\03_match_gbif\out\cache\dca3ddb4a5ee3d8461d96446f9f4b022064abd9e2ddac7c62f592e9fb3d0a3f0.json
Asparagus cochinchinensis,56,asparagus cochinchinensis,1,ok,200,,Asparagus cochinchinensis (Lour.) Merr.,Asparagus cochinchinensis (Lour.) Merr.,(Lour.) Merr.,SPECIES,ACCEPTED,EXACT,100,2768772,2768772,2768772,9527393,7683,6,Asparagaceae,081b3142938c37b1ddf06e270123fc18fcec74e4556e440ea78442751fd2d84a,C:\code\web\herbaflow\etl\plants\03_match_gbif\out\cache\081b3142938c37b1ddf06e270123fc18fcec74e4556e440ea78442751fd2d84a.json
Atropa belladonna,57,atropa belladonna,1,ok,200,,Atropa belladonna L.,Atropa belladonna L.,L.,SPECIES,ACCEPTED,EXACT,100,3802655,3802655,3802655,2928892,7717,6,Solanaceae,f6465ccad6efee91625be1f7b3daed9128c285d805d8455caca476ae15d49093,C:\code\web\herbaflow\etl\plants\03_match_gbif\out\cache\f6465ccad6efee91625be1f7b3daed9128c285d805d8455caca476ae15d49093.json
Aucuba japonica,58,aucuba japonica,1,ok,200,,Aucuba japonica Thunb.,Aucuba japonica Thunb.,Thunb.,SPECIES,ACCEPTED,EXACT,100,3033077,3033077,3033077,9578104,8805,6,Garryaceae,da59840232a92731f4e7047fde0fada36bbf0f4a92321478873f92b2767d6c26,C:\code\web\herbaflow\etl\plants\03_match_gbif\out\cache\da59840232a92731f4e7047fde0fada36bbf0f4a92321478873f92b2767d6c26.json
Averrhoa bilimbi,59,averrhoa bilimbi,1,ok,200,,Averrhoa bilimbi L.,Averrhoa bilimbi L.,L.,SPECIES,ACCEPTED,EXACT,100,2891640,2891640,2891640,9407103,6697,6,Oxalidaceae,7d59774546f8b04b6697c1293063f2960409165c1549b29a843885c0813b5231,C:\code\web\herbaflow\etl\plants\03_match_gbif\out\cache\7d59774546f8b04b6697c1293063f2960409165c1549b29a843885c0813b5231.json
Averrhoa carambola,60,averrhoa carambola,1,ok,200,,Averrhoa carambola L.,Averrhoa carambola L.,L.,SPECIES,ACCEPTED,EXACT,100,2891641,2891641,2891641,9407103,6697,6,Oxalidaceae,6afb4df8c975e81d5a8b1253889804db74513bc182923dee83a9101a69ae60fb,C:\code\web\herbaflow\etl\plants\03_match_gbif\out\cache\6afb4df8c975e81d5a8b1253889804db74513bc182923dee83a9101a69ae60fb.json
Azadirachta indica,61,azadirachta indica,1,ok,200,,Azadirachta indica A.Juss.,Azadirachta indica A.Juss.,A.Juss.,SPECIES,ACCEPTED,EXACT,100,3190474,3190474,3190474,3190473,2397,6,Meliaceae,abffa0fb33f280d3556f765f33f4eae62df98c65d0506ac51f0ad3d525371d50,C:\code\web\herbaflow\etl\plants\03_match_gbif\out\cache\abffa0fb33f280d3556f765f33f4eae62df98c65d0506ac51f0ad3d525371d50.json
Baeckea frutescens,62,baeckea frutescens,1,ok,200,,Baeckea frutescens L.,Baeckea frutescens L.,L.,SPECIES,ACCEPTED,EXACT,100,3187799,3187799,3187799,3187737,5014,6,Myrtaceae,1b43a40c64a0da4093e84bcee29dabb11b5fe4f69c6c99203ab5650f3ec2e22f,C:\code\web\herbaflow\etl\plants\03_match_gbif\out\cache\1b43a40c64a0da4093e84bcee29dabb11b5fe4f69c6c99203ab5650f3ec2e22f.json
Barleria lupulina,63,barleria lupulina,1,ok,200,,Barleria lupulina Lindl.,Barleria lupulina Lindl.,Lindl.,SPECIES,ACCEPTED,EXACT,100,3173126,3173126,3173126,3173125,2393,6,Acanthaceae,139cca4226713ae3d910e497792f96b2926924f16e60578346b8760a85fc2492,C:\code\web\herbaflow\etl\plants\03_match_gbif\out\cache\139cca4226713ae3d910e497792f96b2926924f16e60578346b8760a85fc2492.json
Barleria prionitis,64,barleria prionitis,1,ok,200,,Barleria prionitis L.,Barleria prionitis L.,L.,SPECIES,ACCEPTED,EXACT,100,3173129,3173129,3173129,3173125,2393,6,Acanthaceae,7f16e86ce6b69ae789986652b5583b7c88050fc1b776c14d0eb44e66194c03e6,C:\code\web\herbaflow\etl\plants\03_match_gbif\out\cache\7f16e86ce6b69ae789986652b5583b7c88050fc1b776c14d0eb44e66194c03e6.json
Basella rubra,65,basella rubra,1,ok,200,,Basella rubra L.,Basella alba L.,L.,SPECIES,SYNONYM,EXACT,100,3083505,3083504,3083504,3083503,3063,6,Basellaceae,4f8f96ad7271db0c5fee2defdf00299412b0900eafa27455bbcf3a3986db1b24,C:\code\web\herbaflow\etl\plants\03_match_gbif\out\cache\4f8f96ad7271db0c5fee2defdf00299412b0900eafa27455bbcf3a3986db1b24.json
Bauhinia purpurea,66,bauhinia purpurea,1,ok,200,,Bauhinia purpurea L.,Bauhinia purpurea L.,L.,SPECIES,ACCEPTED,EXACT,99,2953871,2953871,2953871,2952935,5386,6,Fabaceae,050ba973166c7e44ad08fe20f8596f7db1445a983d4a37ec9895ce7bfefce00d,C:\code\web\herbaflow\etl\plants\03_match_gbif\out\cache\050ba973166c7e44ad08fe20f8596f7db1445a983d4a37ec9895ce7bfefce00d.json
Begonia sp.,67,begonia sp,1,ok,200,,Begonia L.,Begonia L.,L.,GENUS,ACCEPTED,HIGHERRANK,96,2874710,2874710,,2874710,6638,6,Begoniaceae,9daa751e1d2a4bb3d1685fbeaf54ef64a7debfc69ea4b02e7679479929879298,C:\code\web\herbaflow\etl\plants\03_match_gbif\out\cache\9daa751e1d2a4bb3d1685fbeaf54ef64a7debfc69ea4b02e7679479929879298.json
Beilschmiedia madang,68,beilschmiedia madang,1,ok,200,,Beilschmiedia madang (Blume) Blume,Beilschmiedia madang (Blume) Blume,(Blume) Blume,SPECIES,ACCEPTED,EXACT,100,4176422,4176422,4176422,3034072,6688,6,Lauraceae,3fe5ce40ed5ab26107b36417bcc92e70d94c0a4847975d4feddfe91a1141a411,C:\code\web\herbaflow\etl\plants\03_match_gbif\out\cache\3fe5ce40ed5ab26107b36417bcc92e70d94c0a4847975d4feddfe91a1141a411.json
Belamcanda chinensis,69,belamcanda chinensis,1,ok,200,,Belamcanda chinensis (L.) DC.,Iris domestica (L.) Goldblatt & Mabb.,(L.) DC.,SPECIES,SYNONYM,EXACT,99,2748796,5298546,5298546,2748017,7698,6,Iridaceae,86302cf9a3f09c138b8956c6e795c1a0a169dfaa137c9222bb2ccfc977a05624,C:\code\web\herbaflow\etl\plants\03_match_gbif\out\cache\86302cf9a3f09c138b8956c6e795c1a0a169dfaa137c9222bb2ccfc977a05624.json
Benincasa hispida,70,benincasa hispida,1,ok,200,,Benincasa hispida (Thunb.) Cogn.,Benincasa hispida (Thunb.) Cogn.,(Thunb.) Cogn.,SPECIES,ACCEPTED,EXACT,100,2874524,2874524,2874524,2874523,6634,6,Cucurbitaceae,3ccf22f3ae59f3210bd2d0daa3ff924748e18fdc06914c6253840a644480789a,C:\code\web\herbaflow\etl\plants\03_match_gbif\out\cache\3ccf22f3ae59f3210bd2d0daa3ff924748e18fdc06914c6253840a644480789a.json
Bidens bipinnata,71,bidens bipinnata,1,ok,200,,Bidens bipinnata L.,Bidens bipinnata L.,L.,SPECIES,ACCEPTED,EXACT,99,5389402,5389402,5389402,3105856,3065,6,Asteraceae,335d33ff569b4e299a844c79ba27c264070776a7f98ddfc8ca6bfa7ef1bc1702,C:\code\web\herbaflow\etl\plants\03_match_gbif\out\cache\335d33ff569b4e299a844c79ba27c264070776a7f98ddfc8ca6bfa7ef1bc1702.json
Bidens pilosa,72,bidens pilosa,1,ok,200,,Bidens pilosa L.,Bidens pilosa L.,L.,SPECIES,ACCEPTED,EXACT,100,5391845,5391845,5391845,3105856,3065,6,Asteraceae,5a01d6738f2bb8d3e361d2fdd273fff271bc20238e6476bb0e9b31eb7ae3d44c,C:\code\web\herbaflow\etl\plants\03_match_gbif\out\cache\5a01d6738f2bb8d3e361d2fdd273fff271bc20238e6476bb0e9b31eb7ae3d44c.json
Bixa orellana,73,bixa orellana,1,ok,200,,Bixa orellana L.,Bixa orellana L.,L.,SPECIES,ACCEPTED,EXACT,100,2874863,2874863,2874863,2874862,6637,6,Bixaceae,fee26c7f6060e7b0c13a9731e054a8892a016bcde7c64452f2beb3cb1d4d5fd1,C:\code\web\herbaflow\etl\plants\03_match_gbif\out\cache\fee26c7f6060e7b0c13a9731e054a8892a016bcde7c64452f2beb3cb1d4d5fd1.json
Blumea balsamifera,74,blumea balsamifera,1,ok,200,,Blumea balsamifera (L.) DC.,Blumea balsamifera (L.) DC.,(L.) DC.,SPECIES,ACCEPTED,EXACT,100,5395786,5395786,5395786,3119250,3065,6,Asteraceae,941753f1bed09f931aa4e757c703a90d26cb3efd366189ba17b2dc9a604dfdf2,C:\code\web\herbaflow\etl\plants\03_match_gbif\out\cache\941753f1bed09f931aa4e757c703a90d26cb3efd366189ba17b2dc9a604dfdf2.json
Blumea lacera,75,blumea lacera,1,ok,200,,Blumea lacera (Burm.fil.) DC.,Blumea lacera (Burm.fil.) DC.,(Burm.fil.) DC.,SPECIES,ACCEPTED,EXACT,99,5395639,5395639,5395639,3119250,3065,6,Asteraceae,f2e954ca42f469cf9c4e52beb53e6da9d585a4d89685af0b110ae4d239c751ff,C:\code\web\herbaflow\etl\plants\03_match_gbif\out\cache\f2e954ca42f469cf9c4e52beb53e6da9d585a4d89685af0b110ae4d239c751ff.json
Boesenbergia pandurata,76,boesenbergia pandurata,1,ok,200,,Boesenbergia pandurata (Roxb.) Schltr.,Boesenbergia rotunda (L.) Mansf.,(Roxb.) Schltr.,SPECIES,SYNONYM,EXACT,100,2758487,2758480,2758480,2758458,4687,6,Zingiberaceae,a3e7868819d7c9c6c4e6f18193772ace31a77d26709c46295b2ce162b00fcabd,C:\code\web\herbaflow\etl\plants\03_match_gbif\out\cache\a3e7868819d7c9c6c4e6f18193772ace31a77d26709c46295b2ce162b00fcabd.json
Boesenbergia rotunda,77,boesenbergia rotunda,1,ok,200,,Boesenbergia rotunda (L.) Mansf.,Boesenbergia rotunda (L.) Mansf.,(L.) Mansf.,SPECIES,ACCEPTED,EXACT,100,2758480,2758480,2758480,2758458,4687,6,Zingiberaceae,d92fb4aae373b999437e722e32b50e35ba9a23645b45fd6fc65071e1a6b6631b,C:\code\web\herbaflow\etl\plants\03_match_gbif\out\cache\d92fb4aae373b999437e722e32b50e35ba9a23645b45fd6fc65071e1a6b6631b.json
Borassus flabellifer,78,borassus flabellifer,1,ok,200,,Borassus flabellifer L.,Borassus flabellifer L.,L.,SPECIES,ACCEPTED,EXACT,100,2733934,2733934,2733934,2733922,7681,6,Arecaceae,da496f4978941a6fa507076363d7f8de23bd437133e44c057a93172aa4964de3,C:\code\web\herbaflow\etl\plants\03_match_gbif\out\cache\da496f4978941a6fa507076363d7f8de23bd437133e44c057a93172aa4964de3.json
Bougainvillea glabra,79,bougainvillea glabra,1,ok,200,,Bougainvillea glabra Choisy,Bougainvillea glabra Choisy,Choisy,SPECIES,ACCEPTED,EXACT,99,5384862,5384862,5384862,3086089,6718,6,Nyctaginaceae,169d56835db607273cf9cdff4f684de91169319a85699a4dd21af5742a490221,C:\code\web\herbaflow\etl\plants\03_match_gbif\out\cache\169d56835db607273cf9cdff4f684de91169319a85699a4dd21af5742a490221.json
Brassica oleracea,80,brassica oleracea,1,ok,200,,Brassica oleracea L.,Brassica oleracea L.,L.,SPECIES,ACCEPTED,EXACT,99,3042845,3042845,3042845,3042506,3112,6,Brassicaceae,e8f24439c07b9e4da533e176831cfcd1a9f732f06db998bc764f215947989361,C:\code\web\herbaflow\etl\plants\03_match_gbif\out\cache\e8f24439c07b9e4da533e176831cfcd1a9f732f06db998bc764f215947989361.json
Brucea javanica,81,brucea javanica,1,ok,200,,Brucea javanica (L.) Merr.,Brucea javanica (L.) Merr.,(L.) Merr.,SPECIES,ACCEPTED,EXACT,100,5555210,5555210,5555210,3233020,2395,6,Simaroubaceae,438d671ff491b423ef621d3c7132060729aa70121586090eae3101159329db9e,C:\code\web\herbaflow\etl\plants\03_match_gbif\out\cache\438d671ff491b423ef621d3c7132060729aa70121586090eae3101159329db9e.json
Bryophyllum pinnatum,82,bryophyllum pinnatum,1,ok,200,,Bryophyllum pinnatum (Lam.) Oken,Kalanchoe pinnata (Lam.) Pers.,(Lam.) Oken,SPECIES,SYNONYM,EXACT,99,5362077,2985930,2985930,2985928,2406,6,Crassulaceae,c1dd4c0b02b0357be477111134ad39fcfb5472d90148396323203c1e168b654e,C:\code\web\herbaflow\etl\plants\03_match_gbif\out\cache\c1dd4c0b02b0357be477111134ad39fcfb5472d90148396323203c1e168b654e.json
Caesalpinia crista,83,caesalpinia crista,1,ok,200,,Fabaceae,Fabaceae,,FAMILY,ACCEPTED,HIGHERRANK,99,5386,5386,,,5386,6,Fabaceae,1049b13e60e7680df2a285a39d0d9d8a4e9f30e4e9f44c8cf6e52157bd093b8d,C:\code\web\herbaflow\etl\plants\03_match_gbif\out\cache\1049b13e60e7680df2a285a39d0d9d8a4e9f30e4e9f44c8cf6e52157bd093b8d.json
Caesalpinia major,84,caesalpinia major,1,ok,200,,Caesalpinia major Brenan,Caesalpinia major Brenan,Brenan,SPECIES,ACCEPTED,EXACT,99,11131378,11131378,11131378,2958443,5386,6,Fabaceae,99a3d730efe8ea0657fefed2858da571b640196f9b1e7168e9769d1d7e2d594c,C:\code\web\herbaflow\etl\plants\03_match_gbif\out\cache\99a3d730efe8ea0657fefed2858da571b640196f9b1e7168e9769d1d7e2d594c.json
Caesalpinia pulcherrima,85,caesalpinia pulcherrima,1,ok,200,,Caesalpinia pulcherrima (L.) Sw.,Caesalpinia pulcherrima (L.) Sw.,(L.) Sw.,SPECIES,ACCEPTED,EXACT,99,2958715,2958715,2958715,2958443,5386,6,Fabaceae,8dd6d152f81d44e6b944fa9509cc23a792ab1498911ebfdb434f05b56c54cbd4,C:\code\web\herbaflow\etl\plants\03_match_gbif\out\cache\8dd6d152f81d44e6b944fa9509cc23a792ab1498911ebfdb434f05b56c54cbd4.json
Caesalpinia sappan,86,caesalpinia sappan,1,ok,200,,Caesalpinia sappan L.,Biancaea sappan (L.) Tod.,L.,SPECIES,SYNONYM,EXACT,100,2958870,2958871,2958871,7302381,5386,6,Fabaceae,4774757fa255569d8612583cb1e76880b6ef8e49c0a7a75454620e381dbae413,C:\code\web\herbaflow\etl\plants\03_match_gbif\out\cache\4774757fa255569d8612583cb1e76880b6ef8e49c0a7a75454620e381dbae413.json
Cajanus cajan,87,cajanus cajan,1,ok,200,,Cajanus cajan (L.) Huth,Cajanus cajan (L.) Huth,(L.) Huth,SPECIES,ACCEPTED,EXACT,99,7587087,7587087,7587087,2960263,5386,6,Fabaceae,2228f2c5479cba1732c89346e666115fc2c27b02c41f8dc26bd743e33713c14f,C:\code\web\herbaflow\etl\plants\03_match_gbif\out\cache\2228f2c5479cba1732c89346e666115fc2c27b02c41f8dc26bd743e33713c14f.json
Callicarpa candicans,88,callicarpa candicans,1,ok,200,,Callicarpa candicans (Burm.f.) Hochr.,Callicarpa candicans (Burm.f.) Hochr.,(Burm.f.) Hochr.,SPECIES,ACCEPTED,EXACT,99,6412107,6412107,6412107,2925549,2497,6,Lamiaceae,f7857906a6246e7174904b052b4772d015698e399f2d3027dc29660e00eaf664,C:\code\web\herbaflow\etl\plants\03_match_gbif\out\cache\f7857906a6246e7174904b052b4772d015698e399f2d3027dc29660e00eaf664.json
Calophyllum inophyllum,89,calophyllum inophyllum,1,ok,200,,Calophyllum inophyllum L.,Calophyllum inophyllum L.,L.,SPECIES,ACCEPTED,EXACT,99,9531830,9531830,9531830,3189443,4907584,6,Calophyllaceae,eb775ead7828dc929a2a09e63bb8ff8cd206c9923304c2d72f4c8812db5b546f,C:\code\web\herbaflow\etl\plants\03_match_gbif\out\cache\eb775ead7828dc929a2a09e63bb8ff8cd206c9923304c2d72f4c8812db5b546f.json
Calotropis gigantea,90,calotropis gigantea,1,ok,200,,Calotropis gigantea (L.) W.T.Aiton,Calotropis gigantea (L.) W.T.Aiton,(L.) W.T.Aiton,SPECIES,ACCEPTED,EXACT,99,3579089,3579089,3579089,3170557,6701,6,Apocynaceae,f33245f0f6a5679d9c6f5e4c8cb3d2afb6accb225568d7f7fef91d0fb254a2a4,C:\code\web\herbaflow\etl\plants\03_match_gbif\out\cache\f33245f0f6a5679d9c6f5e4c8cb3d2afb6accb225568d7f7fef91d0fb254a2a4.json
Camellia sinensis,91,camellia sinensis,1,ok,200,,Camellia sinensis (L.) Kuntze,Camellia sinensis (L.) Kuntze,(L.) Kuntze,SPECIES,ACCEPTED,EXACT,100,3189635,3189635,3189635,3189634,3189597,6,Theaceae,639e668bb2a793f6f1617ba49441bc4d2368a12b71749e8f234420ddf7bc3629,C:\code\web\herbaflow\etl\plants\03_match_gbif\out\cache\639e668bb2a793f6f1617ba49441bc4d2368a12b71749e8f234420ddf7bc3629.json
Cananga odorata,92,cananga odorata,1,ok,200,,Cananga odorata (Lam.) Hook.f. & Thomson,Cananga odorata (Lam.) Hook.f. & Thomson,(Lam.) Hook.f. & Thomson,SPECIES,ACCEPTED,EXACT,100,5407583,5407583,5407583,5407582,9291,6,Annonaceae,248006825c042490234bebfad41549b23e48b72799e6b8f190bdef4c36f133f0,C:\code\web\herbaflow\etl\plants\03_match_gbif\out\cache\248006825c042490234bebfad41549b23e48b72799e6b8f190bdef4c36f133f0.json
Canarium commune,93,canarium commune,1,ok,200,,Canarium L.,Canarium L.,L.,GENUS,ACCEPTED,HIGHERRANK,99,3190431,3190431,,3190431,6659,6,Burseraceae,5a0b8e9e15109210078dc74305ef4d7defd0c6d1fc30d3c10adddc5446d2d1b2,C:\code\web\herbaflow\etl\plants\03_match_gbif\out\cache\5a0b8e9e15109210078dc74305ef4d7defd0c6d1fc30d3c10adddc5446d2d1b2.json
Canna edulis,95,canna edulis,1,ok,200,,Canna edulis Ker Gawl.,Canna indica L.,Ker Gawl.,SPECIES,SYNONYM,EXACT,99,5303275,8034409,8034409,2762470,8497,6,Cannaceae,8fdff74ad956006018a532dbe496be6fd6b9a1b085fb84c777d029fc74d9616b,C:\code\web\herbaflow\etl\plants\03_match_gbif\out\cache\8fdff74ad956006018a532dbe496be6fd6b9a1b085fb84c777d029fc74d9616b.json
Cannabis sativa,94,cannabis sativa,1,ok,200,,Cannabis sativa L.,Cannabis sativa L.,L.,SPECIES,ACCEPTED,EXACT,100,5361880,5361880,5361880,2984538,2384,6,Cannabaceae,09655ead1f2fbdbd6f18410a6055ab635d8f58708944e6cc444b074ee15d1411,C:\code\web\herbaflow\etl\plants\03_match_gbif\out\cache\09655ead1f2fbdbd6f18410a6055ab635d8f58708944e6cc444b074ee15d1411.json
Capsicum annuum,96,capsicum annuum,1,ok,200,,Capsicum annuum L.,Capsicum annuum L.,L.,SPECIES,ACCEPTED,EXACT,100,2932944,2932944,2932944,2932937,7717,6,Solanaceae,35d5162638b18206bfa402c906952d45642ed3bfc989f3617f828cfdfc47e2d1,C:\code\web\herbaflow\etl\plants\03_match_gbif\out\cache\35d5162638b18206bfa402c906952d45642ed3bfc989f3617f828cfdfc47e2d1.json
Capsicum frutescens,97,capsicum frutescens,1,ok,200,,Capsicum frutescens L.,Capsicum frutescens L.,L.,SPECIES,ACCEPTED,EXACT,99,8403992,8403992,8403992,2932937,7717,6,Solanaceae,2ab50f04c2f3e1021fec879b66129418399d11c3b5df4fb56068bc2a356faac8,C:\code\web\herbaflow\etl\plants\03_match_gbif\out\cache\2ab50f04c2f3e1021fec879b66129418399d11c3b5df4fb56068bc2a356faac8.json
Carica papaya,98,carica papaya,1,ok,200,,Carica papaya L.,Carica papaya L.,L.,SPECIES,ACCEPTED,EXACT,100,2874484,2874484,2874484,2874482,6636,6,Caricaceae,3e73791997512cdb25c28dc503f69bfc9055c3613a1caa377d5d152277c0d16a,C:\code\web\herbaflow\etl\plants\03_match_gbif\out\cache\3e73791997512cdb25c28dc503f69bfc9055c3613a1caa377d5d152277c0d16a.json
Carthamus tinctorius,99,carthamus tinctorius,1,ok,200,,Carthamus tinctorius L.,Carthamus tinctorius L.,L.,SPECIES,ACCEPTED,EXACT,100,3138327,3138327,3138327,3138214,3065,6,Asteraceae,5b0f292b66cb7a9ce3530495446bc54eaa4b886989791ef2672aad1cb9697158,C:\code\web\herbaflow\etl\plants\03_match_gbif\out\cache\5b0f292b66cb7a9ce3530495446bc54eaa4b886989791ef2672aad1cb9697158.json
Cassia alata,100,cassia alata,1,ok,200,,Cassia alata L.,Senna alata (L.) Roxb.,L.,SPECIES,SYNONYM,EXACT,100,5353900,2956947,2956947,2956904,5386,6,Fabaceae,a69fa1180f5e8536c3b2e484d3a2671b4cceed6882c22285b71aaef28afc4862,C:\code\web\herbaflow\etl\plants\03_match_gbif\out\cache\a69fa1180f5e8536c3b2e484d3a2671b4cceed6882c22285b71aaef28afc4862.json
Cassia angustifolia,101,cassia angustifolia,1,ok,200,,Cassia angustifolia Vahl,Senna alexandrina var. alexandrina,Vahl,SPECIES,SYNONYM,EXACT,100,5354413,7302622,2958032,2956904,5386,6,Fabaceae,cd3288f9fbf714981fe1d0fb92d4ae0dab38314549b1df458414f58d28ce2f4a,C:\code\web\herbaflow\etl\plants\03_match_gbif\out\cache\cd3288f9fbf714981fe1d0fb92d4ae0dab38314549b1df458414f58d28ce2f4a.json
Cassia fistula,102,cassia fistula,1,ok,200,,Cassia fistula L.,Cassia fistula L.,L.,SPECIES,ACCEPTED,EXACT,99,5357108,5357108,5357108,2963414,5386,6,Fabaceae,779511ca27950151e8c4f45cbc58e29ba4ca6e7296e4d12196bf7deb6716f46c,C:\code\web\herbaflow\etl\plants\03_match_gbif\out\cache\779511ca27950151e8c4f45cbc58e29ba4ca6e7296e4d12196bf7deb6716f46c.json
Cassia javanica,103,cassia javanica,1,ok,200,,Cassia javanica L.,Cassia javanica L.,L.,SPECIES,ACCEPTED,EXACT,99,5357125,5357125,5357125,2963414,5386,6,Fabaceae,ed931c949b8a4ad3ac020691b658eabf912af1faf51e2ae55b4c7ebdbf709d38,C:\code\web\herbaflow\etl\plants\03_match_gbif\out\cache\ed931c949b8a4ad3ac020691b658eabf912af1faf51e2ae55b4c7ebdbf709d38.json
Cassia occidentalis,104,cassia occidentalis,1,ok,200,,Cassia occidentalis L.,Senna occidentalis (L.) Link,L.,SPECIES,SYNONYM,EXACT,99,5354381,2957966,2957966,2956904,5386,6,Fabaceae,042f9e6edfa237d97c3fb5ab9417ead103c0e443fe6bcf4670f567c004b6993e,C:\code\web\herbaflow\etl\plants\03_match_gbif\out\cache\042f9e6edfa237d97c3fb5ab9417ead103c0e443fe6bcf4670f567c004b6993e.json
Cassia senna,105,cassia senna,1,ok,200,,Cassia senna L.,Senna alexandrina Mill.,L.,SPECIES,SYNONYM,EXACT,100,5354411,2958032,2958032,2956904,5386,6,Fabaceae,cb5ef787e16d5176c3fc619b67e2e591188076115ac4071cb18cc9f8de03837e,C:\code\web\herbaflow\etl\plants\03_match_gbif\out\cache\cb5ef787e16d5176c3fc619b67e2e591188076115ac4071cb18cc9f8de03837e.json
Cassia siamea,106,cassia siamea,1,ok,200,,Cassia siamea Lam.,Senna siamea (Lam.) H.S.Irwin & Barneby,Lam.,SPECIES,SYNONYM,EXACT,100,5353880,2956905,2956905,2956904,5386,6,Fabaceae,8f8fe11148783abdeb2fd8eb3a0fe4a5394d1aca25322231990808d8b2edd256,C:\code\web\herbaflow\etl\plants\03_match_gbif\out\cache\8f8fe11148783abdeb2fd8eb3a0fe4a5394d1aca25322231990808d8b2edd256.json
Cassia tora,107,cassia tora,1,ok,200,,Cassia tora L.,Senna tora (L.) Roxb.,L.,SPECIES,SYNONYM,EXACT,100,5354127,2957728,2957728,2956904,5386,6,Fabaceae,f7063c4e373341f10623b59555b8737f01d5d4a2ba307afa99fdca096cdef8fa,C:\code\web\herbaflow\etl\plants\03_match_gbif\out\cache\f7063c4e373341f10623b59555b8737f01d5d4a2ba307afa99fdca096cdef8fa.json
Cassytha filiformis,108,cassytha filiformis,1,ok,200,,Cassytha filiformis L.,Cassytha filiformis L.,L.,SPECIES,ACCEPTED,EXACT,99,3033999,3033999,3033999,3033998,6688,6,Lauraceae,211fbb43f88db278151fe8aed64457ae199cf6a6af4cf639eec9566d3521f65c,C:\code\web\herbaflow\etl\plants\03_match_gbif\out\cache\211fbb43f88db278151fe8aed64457ae199cf6a6af4cf639eec9566d3521f65c.json
Casuarina equisetifolia,109,casuarina equisetifolia,1,ok,200,,Casuarina equisetifolia L.,Casuarina equisetifolia L.,L.,SPECIES,ACCEPTED,EXACT,99,2891930,2891930,2891930,2891925,5352,6,Casuarinaceae,3ef1702c6dbf326ff1a8393d32978bd4dbd95fc77f18f29c1ed4d4cb8373a24b,C:\code\web\herbaflow\etl\plants\03_match_gbif\out\cache\3ef1702c6dbf326ff1a8393d32978bd4dbd95fc77f18f29c1ed4d4cb8373a24b.json
Catharanthus roseus,110,catharanthus roseus,1,ok,200,,Catharanthus roseus (L.) G.Don,Catharanthus roseus (L.) G.Don,(L.) G.Don,SPECIES,ACCEPTED,EXACT,100,3169830,3169830,3169830,3169829,6701,6,Apocynaceae,3101bfc65b9288516489936104d4b25b2604412746c8faa46d28ca80b2f47562,C:\code\web\herbaflow\etl\plants\03_match_gbif\out\cache\3101bfc65b9288516489936104d4b25b2604412746c8faa46d28ca80b2f47562.json
Ceiba pentandra,111,ceiba pentandra,1,ok,200,,Ceiba pentandra (L.) Gaertn.,Ceiba pentandra (L.) Gaertn.,(L.) Gaertn.,SPECIES,ACCEPTED,EXACT,99,5406697,5406697,5406697,3152218,6685,6,Malvaceae,0bcf0875c33e53b532291dd9afccb093078883ba38ed866c1a98b88d2652f2e6,C:\code\web\herbaflow\etl\plants\03_match_gbif\out\cache\0bcf0875c33e53b532291dd9afccb093078883ba38ed866c1a98b88d2652f2e6.json
Celosia argentea,112,celosia argentea,1,ok,200,,Celosia argentea L.,Celosia argentea L.,L.,SPECIES,ACCEPTED,EXACT,100,3085191,3085191,3085191,3085190,3064,6,Amaranthaceae,4f34542edfc624ff0ad767cdb46ec08963a8b0dc757da7a309e991c03ad9aa9d,C:\code\web\herbaflow\etl\plants\03_match_gbif\out\cache\4f34542edfc624ff0ad767cdb46ec08963a8b0dc757da7a309e991c03ad9aa9d.json
Celosia cristata,113,celosia cristata,1,ok,200,,Celosia cristata L.,Celosia argentea f. cristata (L.) Schinz,L.,SPECIES,SYNONYM,EXACT,100,3085196,6429520,3085191,3085190,3064,6,Amaranthaceae,f8664484d67e72fe8e61e8803e11da63b8fb529d9212ed0929f8f8f22fdaffb1,C:\code\web\herbaflow\etl\plants\03_match_gbif\out\cache\f8664484d67e72fe8e61e8803e11da63b8fb529d9212ed0929f8f8f22fdaffb1.json
Centella asiatica,114,centella asiatica,1,ok,200,,Centella asiatica (L.) Urb.,Centella asiatica (L.) Urb.,(L.) Urb.,SPECIES,ACCEPTED,EXACT,100,3034128,3034128,3034128,3034124,6720,6,Apiaceae,8f0e29fd6be1c16c6ba6c12cb03aa6f083f068adaf223f090e78e59d611e3438,C:\code\web\herbaflow\etl\plants\03_match_gbif\out\cache\8f0e29fd6be1c16c6ba6c12cb03aa6f083f068adaf223f090e78e59d611e3438.json
Cephaelis ipecacuanha,115,cephaelis ipecacuanha,1,ok,200,,Cephaelis ipecacuanha (Brot.) A.Rich.,Carapichea ipecacuanha (Brot.) L.Andersson,(Brot.) A.Rich.,SPECIES,SYNONYM,EXACT,99,2921353,2921359,2921359,2898583,8798,6,Rubiaceae,6da65782e0899feb6f91ced9a88a0f7cb9eb344167e1f2fadda7f61697879103,C:\code\web\herbaflow\etl\plants\03_match_gbif\out\cache\6da65782e0899feb6f91ced9a88a0f7cb9eb344167e1f2fadda7f61697879103.json
Cerbera manghas,116,cerbera manghas,1,ok,200,,Cerbera manghas L.,Cerbera manghas L.,L.,SPECIES,ACCEPTED,EXACT,100,7155766,7155766,7155766,3169757,6701,6,Apocynaceae,964edd5d6f0dfba75ff51970feb11e271df21eeb1419440987bf44b186c6ca4a,C:\code\web\herbaflow\etl\plants\03_match_gbif\out\cache\964edd5d6f0dfba75ff51970feb11e271df21eeb1419440987bf44b186c6ca4a.json
Cibotium barometz,117,cibotium barometz,1,ok,200,,Cibotium barometz (L.) J.Sm.,Cibotium barometz (L.) J.Sm.,(L.) J.Sm.,SPECIES,ACCEPTED,EXACT,100,4195539,4195539,4195539,2650328,4262049,6,Cibotiaceae,ac128b2658a366f12fc3d45e7060501a5184b8b64f8234c650dda47ff03d17bc,C:\code\web\herbaflow\etl\plants\03_match_gbif\out\cache\ac128b2658a366f12fc3d45e7060501a5184b8b64f8234c650dda47ff03d17bc.json
Cinnamomum burmannii,118,cinnamomum burmannii,1,ok,200,,Cinnamomum burmanni (Nees & T.Nees) Blume,Cinnamomum burmanni (Nees & T.Nees) Blume,(Nees & T.Nees) Blume,SPECIES,ACCEPTED,VARIANT,98,3033985,3033985,3033985,3033980,6688,6,Lauraceae,f6a90f4cb157d2822948efce9387f16fa9ea5effba41f70efb7d5bf524de9c04,C:\code\web\herbaflow\etl\plants\03_match_gbif\out\cache\f6a90f4cb157d2822948efce9387f16fa9ea5effba41f70efb7d5bf524de9c04.json
Cinnamomum camphora,119,cinnamomum camphora,1,ok,200,,Cinnamomum camphora (L.) J.Presl,Cinnamomum camphora (L.) J.Presl,(L.) J.Presl,SPECIES,ACCEPTED,EXACT,99,3033991,3033991,3033991,3033980,6688,6,Lauraceae,8911c81d268b417ec8b547001e42c6f853ce93e7f9adee8f8bde8b6f7dfc4de4,C:\code\web\herbaflow\etl\plants\03_match_gbif\out\cache\8911c81d268b417ec8b547001e42c6f853ce93e7f9adee8f8bde8b6f7dfc4de4.json
Cinnamomum cassia,120,cinnamomum cassia,1,ok,200,,Lauraceae,Lauraceae,,FAMILY,ACCEPTED,HIGHERRANK,99,6688,6688,,,6688,6,Lauraceae,5c849b4fb640e3beac259ef6a008886712311559fa8ecbf96544af1dc628eb0c,C:\code\web\herbaflow\etl\plants\03_match_gbif\out\cache\5c849b4fb640e3beac259ef6a008886712311559fa8ecbf96544af1dc628eb0c.json
Cinnamomum verum,121,cinnamomum verum,1,ok,200,,Cinnamomum verum J.Presl,Cinnamomum verum J.Presl,J.Presl,SPECIES,ACCEPTED,EXACT,100,3033987,3033987,3033987,3033980,6688,6,Lauraceae,1439329ef2ed6eb8075fa976572b734764acbd0d375ce686c5f47b38ff064820,C:\code\web\herbaflow\etl\plants\03_match_gbif\out\cache\1439329ef2ed6eb8075fa976572b734764acbd0d375ce686c5f47b38ff064820.json
Cinnamomum zeylanicum,122,cinnamomum zeylanicum,1,ok,200,,Cinnamomum zeylanicum Blume,Cinnamomum verum J.Presl,Blume,SPECIES,SYNONYM,EXACT,99,3033988,3033987,3033987,3033980,6688,6,Lauraceae,cec30b3e9f201d6a0b845074f7b92547f1197df105fe936bb14742d03ac2e210,C:\code\web\herbaflow\etl\plants\03_match_gbif\out\cache\cec30b3e9f201d6a0b845074f7b92547f1197df105fe936bb14742d03ac2e210.json
Cissampelos pareira,123,cissampelos pareira,1,ok,200,,Cissampelos pareira L.,Cissampelos pareira L.,L.,SPECIES,ACCEPTED,EXACT,100,3033937,3033937,3033937,3033936,2411,6,Menispermaceae,d3b947ce0b773a099d41637b91ddb82a271424ac9318aef79143327ff24920a7,C:\code\web\herbaflow\etl\plants\03_match_gbif\out\cache\d3b947ce0b773a099d41637b91ddb82a271424ac9318aef79143327ff24920a7.json
Citrullus vulgaris,124,citrullus vulgaris,1,ok,200,,Citrullus vulgaris Schrad.,Citrullus lanatus (Thunb.) Matsum. & Nakai,Schrad.,SPECIES,SYNONYM,EXACT,99,3625068,2874621,2874621,8257011,6634,6,Cucurbitaceae,4c05cf00356fa21ffa4f76493593a74e75722951da87fa0f03fc5be85d83ba9c,C:\code\web\herbaflow\etl\plants\03_match_gbif\out\cache\4c05cf00356fa21ffa4f76493593a74e75722951da87fa0f03fc5be85d83ba9c.json
Citrus aurantifolia,125,citrus aurantifolia,1,ok,200,,Citrus × aurantiifolia (Christm.) Swingle,Citrus × aurantiifolia (Christm.) Swingle,(Christm.) Swingle,SPECIES,ACCEPTED,VARIANT,98,3190164,3190164,3190164,3190155,2396,6,Rutaceae,e36db6004b0f7f414bdb528d270f16b6dd8256709f5bcd93f1b6b4858737289c,C:\code\web\herbaflow\etl\plants\03_match_gbif\out\cache\e36db6004b0f7f414bdb528d270f16b6dd8256709f5bcd93f1b6b4858737289c.json
Citrus aurantium,126,citrus aurantium,1,ok,200,,Citrus × aurantium L.,Citrus × aurantium L.,L.,SPECIES,ACCEPTED,EXACT,99,8077391,8077391,8077391,3190155,2396,6,Rutaceae,2c35b4e2fbd4cbb9906d7fd8966c44dd8498815c6a0439f281f099eeee70b843,C:\code\web\herbaflow\etl\plants\03_match_gbif\out\cache\2c35b4e2fbd4cbb9906d7fd8966c44dd8498815c6a0439f281f099eeee70b843.json
Citrus hystrix,127,citrus hystrix,1,ok,200,,Citrus hystrix DC.,Citrus hystrix DC.,DC.,SPECIES,ACCEPTED,EXACT,100,6433679,6433679,6433679,3190155,2396,6,Rutaceae,3ce6ff43e302eb1c0068819074fffda1c5df288dfc834a8a0a4f5dbd1908a3e5,C:\code\web\herbaflow\etl\plants\03_match_gbif\out\cache\3ce6ff43e302eb1c0068819074fffda1c5df288dfc834a8a0a4f5dbd1908a3e5.json
Citrus maxima,128,citrus maxima,1,ok,200,,Citrus maxima (Burm.) Merr.,Citrus maxima (Burm.) Merr.,(Burm.) Merr.,SPECIES,ACCEPTED,EXACT,99,3190160,3190160,3190160,3190155,2396,6,Rutaceae,306a61ada5947003d01c8f6b46fc6f7552a22f80d3409872e60e3d2a957bfe7f,C:\code\web\herbaflow\etl\plants\03_match_gbif\out\cache\306a61ada5947003d01c8f6b46fc6f7552a22f80d3409872e60e3d2a957bfe7f.json
Citrus medica,129,citrus medica,1,ok,200,,Citrus medica L.,Citrus medica L.,L.,SPECIES,ACCEPTED,EXACT,99,3190157,3190157,3190157,3190155,2396,6,Rutaceae,8c289874ee2dae5519e9cee9bd06795737cd294ab8fcb0a8db93d88db0efff80,C:\code\web\herbaflow\etl\plants\03_match_gbif\out\cache\8c289874ee2dae5519e9cee9bd06795737cd294ab8fcb0a8db93d88db0efff80.json
Citrus nobilis,130,citrus nobilis,1,ok,200,,Citrus L.,Citrus L.,L.,GENUS,ACCEPTED,HIGHERRANK,99,3190155,3190155,,3190155,2396,6,Rutaceae,61bb2384f69dcb18b51aeedfdf2fcbe29da2e8cad4242179aa83ff38dff7320a,C:\code\web\herbaflow\etl\plants\03_match_gbif\out\cache\61bb2384f69dcb18b51aeedfdf2fcbe29da2e8cad4242179aa83ff38dff7320a.json
Clausena excavata,131,clausena excavata,1,ok,200,,Clausena excavata Burm.fil.,Clausena excavata Burm.fil.,Burm.fil.,SPECIES,ACCEPTED,EXACT,100,5834596,5834596,5834596,3190412,2396,6,Rutaceae,22a672a89b6e045cda813c4b07e8fdfb4556c5692abaec6b0af780d278cd7cdb,C:\code\web\herbaflow\etl\plants\03_match_gbif\out\cache\22a672a89b6e045cda813c4b07e8fdfb4556c5692abaec6b0af780d278cd7cdb.json
Cleome spinosa,132,cleome spinosa,1,ok,200,,Tarenaya Raf.,Tarenaya Raf.,Raf.,GENUS,ACCEPTED,HIGHERRANK,99,6370691,6370691,,6370691,3845332,6,Cleomaceae,a76907da3598a440cfbeb07b278650bf577506280de7d08f457985cef47fc4fb,C:\code\web\herbaflow\etl\plants\03_match_gbif\out\cache\a76907da3598a440cfbeb07b278650bf577506280de7d08f457985cef47fc4fb.json
Clerodendron serratum,133,clerodendron serratum,1,ok,200,,Clerodendron,Clerodendrum L.,L.,GENUS,SYNONYM,HIGHERRANK,96,7449216,2925347,,2925347,2497,6,Lamiaceae,95eeacfb68229c5429f0bfab65654229c3b52637f2f119944b9ab0abfa737826,C:\code\web\herbaflow\etl\plants\03_match_gbif\out\cache\95eeacfb68229c5429f0bfab65654229c3b52637f2f119944b9ab0abfa737826.json
Clerodendrum serratum,134,clerodendrum serratum,1,ok,200,,"Clerodendrum serratum Spreng., 1825","Clerodendrum serratum Spreng., 1825","Spreng., 1825",SPECIES,ACCEPTED,EXACT,99,8355397,8355397,8355397,2925347,2497,6,Lamiaceae,2291fbed11327ec298c1ca6717acddcf2b7b7568db31e55fab58ca81fb915641,C:\code\web\herbaflow\etl\plants\03_match_gbif\out\cache\2291fbed11327ec298c1ca6717acddcf2b7b7568db31e55fab58ca81fb915641.json
Clinacanthus nutans,135,clinacanthus nutans,1,ok,200,,Clinacanthus nutans (Burm.fil.) Lindau,Clinacanthus nutans (Burm.fil.) Lindau,(Burm.fil.) Lindau,SPECIES,ACCEPTED,EXACT,100,3774284,3774284,3774284,7263674,2393,6,Acanthaceae,013a4bf5e45785efe042edf8b547d544ba2fec6ab29c89af905186436ca43a88,C:\code\web\herbaflow\etl\plants\03_match_gbif\out\cache\013a4bf5e45785efe042edf8b547d544ba2fec6ab29c89af905186436ca43a88.json
Clitoria ternatea,136,clitoria ternatea,1,ok,200,,Clitoria ternatea L.,Clitoria ternatea L.,L.,SPECIES,ACCEPTED,EXACT,100,2946519,2946519,2946519,2946499,5386,6,Fabaceae,b4e7a99a9c08ac998762ac1500eb8bdec5136f5d558bcd61130e7442ee1e7f72,C:\code\web\herbaflow\etl\plants\03_match_gbif\out\cache\b4e7a99a9c08ac998762ac1500eb8bdec5136f5d558bcd61130e7442ee1e7f72.json
Cocos nucifera,137,cocos nucifera,1,ok,200,,Cocos nucifera L.,Cocos nucifera L.,L.,SPECIES,ACCEPTED,EXACT,100,2735117,2735117,2735117,2735116,7681,6,Arecaceae,b2ac978b65b8dd4bdff7cc4f3294a6725e1bdc6fd32a8fec4148b1fd4da6d6f0,C:\code\web\herbaflow\etl\plants\03_match_gbif\out\cache\b2ac978b65b8dd4bdff7cc4f3294a6725e1bdc6fd32a8fec4148b1fd4da6d6f0.json
Coffea arabica,138,coffea arabica,1,ok,200,,Coffea arabica L.,Coffea arabica L.,L.,SPECIES,ACCEPTED,EXACT,99,2895345,2895345,2895345,2895315,8798,6,Rubiaceae,fa7904e78f15a77d8824fc8bd7551be8fa2c0b4b30b3a4dc4c4c966f1d73360d,C:\code\web\herbaflow\etl\plants\03_match_gbif\out\cache\fa7904e78f15a77d8824fc8bd7551be8fa2c0b4b30b3a4dc4c4c966f1d73360d.json
Coffea canephora,139,coffea canephora,1,ok,200,,Coffea canephora Pierre ex A.Froehner,Coffea canephora Pierre ex A.Froehner,Pierre ex A.Froehner,SPECIES,ACCEPTED,EXACT,99,2895528,2895528,2895528,2895315,8798,6,Rubiaceae,59c3cbce013c77abdda4aeb8c2a50712fa66f575881294da32a3704cc49c854c,C:\code\web\herbaflow\etl\plants\03_match_gbif\out\cache\59c3cbce013c77abdda4aeb8c2a50712fa66f575881294da32a3704cc49c854c.json
Coffea robusta,140,coffea robusta,1,ok,200,,Coffea robusta L.Linden,Coffea canephora Pierre ex A.Froehner,L.Linden,SPECIES,SYNONYM,EXACT,100,2895553,2895528,2895528,2895315,8798,6,Rubiaceae,54d591fc8bb22f4c32cc4828cc3aa90d9a4713d0f91f629b1ae32e4dcaf49806,C:\code\web\herbaflow\etl\plants\03_match_gbif\out\cache\54d591fc8bb22f4c32cc4828cc3aa90d9a4713d0f91f629b1ae32e4dcaf49806.json
Coix lacryma-jobi,141,coix lacryma jobi,1,ok,200,,Coix lacryma-jobi L.,Coix lacryma-jobi L.,L.,SPECIES,ACCEPTED,EXACT,100,2706301,2706301,2706301,2706300,3073,6,Poaceae,008131adbfa00a01d15c6bad8669b60a40ef69cbf55d676268ce84eaf4646c30,C:\code\web\herbaflow\etl\plants\03_match_gbif\out\cache\008131adbfa00a01d15c6bad8669b60a40ef69cbf55d676268ce84eaf4646c30.json
Cola acuminata,142,cola acuminata,1,ok,200,,Cola acuminata (P.Beauv.) Schott & Endl.,Cola acuminata (P.Beauv.) Schott & Endl.,(P.Beauv.) Schott & Endl.,SPECIES,ACCEPTED,EXACT,100,5406685,5406685,5406685,3152143,6685,6,Malvaceae,f9c7cdd3f44f1ce8e8889e6d599e78dcd7a4db3a7bbe9270ec1676b24f9d351e,C:\code\web\herbaflow\etl\plants\03_match_gbif\out\cache\f9c7cdd3f44f1ce8e8889e6d599e78dcd7a4db3a7bbe9270ec1676b24f9d351e.json
Coleus amboinicus,143,coleus amboinicus,1,ok,200,,Coleus amboinicus Lour.,Coleus amboinicus Lour.,Lour.,SPECIES,ACCEPTED,EXACT,100,5341313,5341313,5341313,2927310,2497,6,Lamiaceae,66ef276b4c676146bf5e82ed71ea91b1c991e39d4c818ce94a2ff5df27625258,C:\code\web\herbaflow\etl\plants\03_match_gbif\out\cache\66ef276b4c676146bf5e82ed71ea91b1c991e39d4c818ce94a2ff5df27625258.json
Coleus carnosus,144,coleus carnosus,1,ok,200,,Coleus Lour.,Coleus Lour.,Lour.,GENUS,ACCEPTED,HIGHERRANK,99,2927310,2927310,,2927310,2497,6,Lamiaceae,c11913e2fc5b2a9ea2e4135e4751570ce65fecc4779db4ee9bb7757c96960dcf,C:\code\web\herbaflow\etl\plants\03_match_gbif\out\cache\c11913e2fc5b2a9ea2e4135e4751570ce65fecc4779db4ee9bb7757c96960dcf.json
Colocasia esculenta,145,colocasia esculenta,1,ok,200,,Colocasia esculenta (L.) Schott,Colocasia esculenta (L.) Schott,(L.) Schott,SPECIES,ACCEPTED,EXACT,100,5330776,5330776,5330776,5330758,6979,6,Araceae,b01750596c5b2bf1c3030113c1b5b88374876cff6c75b99f4e45a1409364369c,C:\code\web\herbaflow\etl\plants\03_match_gbif\out\cache\b01750596c5b2bf1c3030113c1b5b88374876cff6c75b99f4e45a1409364369c.json
Coriandrum sativum,146,coriandrum sativum,1,ok,200,,Coriandrum sativum L.,Coriandrum sativum L.,L.,SPECIES,ACCEPTED,EXACT,100,3034871,3034871,3034871,3034870,6720,6,Apiaceae,bfd2591f3164b8f029a81aa9e39ee1118a152719269d228c6c7c6dd2dc4f62c4,C:\code\web\herbaflow\etl\plants\03_match_gbif\out\cache\bfd2591f3164b8f029a81aa9e39ee1118a152719269d228c6c7c6dd2dc4f62c4.json
Costus speciosus,147,costus speciosus,1,ok,200,,Costus speciosus (J.Koenig) Sm.,Hellenia speciosa (J.Koenig) S.R.Dutta,(J.Koenig) Sm.,SPECIES,SYNONYM,EXACT,100,2756724,7584507,7584507,8189889,4492,6,Costaceae,2e82afd940a2d7de8f2c80b532fb6d2d913d214c0de5a214b18e8006f2797361,C:\code\web\herbaflow\etl\plants\03_match_gbif\out\cache\2e82afd940a2d7de8f2c80b532fb6d2d913d214c0de5a214b18e8006f2797361.json
Crinum asiaticum,148,crinum asiaticum,1,ok,200,,Crinum asiaticum L.,Crinum asiaticum L.,L.,SPECIES,ACCEPTED,EXACT,99,2853796,2853796,2853796,2773870,7682,6,Amaryllidaceae,9416661e7ee6b10ba06951d7d0ba9f2f6fd62aa27bb6bac84f48f3a4ffcd78fe,C:\code\web\herbaflow\etl\plants\03_match_gbif\out\cache\9416661e7ee6b10ba06951d7d0ba9f2f6fd62aa27bb6bac84f48f3a4ffcd78fe.json
Crocus sativus,149,crocus sativus,1,ok,200,,Crocus sativus L.,Crocus sativus L.,L.,SPECIES,ACCEPTED,EXACT,99,2747430,2747430,2747430,2747303,7698,6,Iridaceae,e4016627eea9f4a987585bc07b5315ee348b7d016b39dbd6ac26543da05a61e3,C:\code\web\herbaflow\etl\plants\03_match_gbif\out\cache\e4016627eea9f4a987585bc07b5315ee348b7d016b39dbd6ac26543da05a61e3.json
Croton tiglium,150,croton tiglium,1,ok,200,,Croton tiglium L.,Croton tiglium L.,L.,SPECIES,ACCEPTED,EXACT,100,3057656,3057656,3057656,3057454,4691,6,Euphorbiaceae,09c87118afb33a2b18489cb05f80e782624ff41eb1528b79526b9f605ac692bf,C:\code\web\herbaflow\etl\plants\03_match_gbif\out\cache\09c87118afb33a2b18489cb05f80e782624ff41eb1528b79526b9f605ac692bf.json
Cucumis sativus,151,cucumis sativus,1,ok,200,,Cucumis sativus L.,Cucumis sativus L.,L.,SPECIES,ACCEPTED,EXACT,100,2874569,2874569,2874569,2874568,6634,6,Cucurbitaceae,8ead8d4a5e8e9f7ae63f481cfc2a4af46fabae1914cf636d1b5a5e326312a9f5,C:\code\web\herbaflow\etl\plants\03_match_gbif\out\cache\8ead8d4a5e8e9f7ae63f481cfc2a4af46fabae1914cf636d1b5a5e326312a9f5.json
Cucurbita moschata,152,cucurbita moschata,1,ok,200,,Cucurbita moschata (Duchesne) Duchesne ex Poir.,Cucurbita moschata (Duchesne) Duchesne ex Poir.,(Duchesne) Duchesne ex Poir.,SPECIES,ACCEPTED,EXACT,99,7393329,7393329,7393329,2874506,6634,6,Cucurbitaceae,f1f2c2583f5da2ba9233d069123feb0b52f8b5080aed9fee0bdda799e9526408,C:\code\web\herbaflow\etl\plants\03_match_gbif\out\cache\f1f2c2583f5da2ba9233d069123feb0b52f8b5080aed9fee0bdda799e9526408.json
Cuminum cyminum,153,cuminum cyminum,1,ok,200,,Cuminum cyminum L.,Cuminum cyminum L.,L.,SPECIES,ACCEPTED,EXACT,99,3034775,3034775,3034775,3034774,6720,6,Apiaceae,cebb407d4d266bc519bfbde5d6b46f9e2ddfc3307c9a20e0e8c1c97e80febddb,C:\code\web\herbaflow\etl\plants\03_match_gbif\out\cache\cebb407d4d266bc519bfbde5d6b46f9e2ddfc3307c9a20e0e8c1c97e80febddb.json
Curcuma aeruginosa,154,curcuma aeruginosa,1,ok,200,,Curcuma aeruginosa Roxb.,Curcuma aeruginosa Roxb.,Roxb.,SPECIES,ACCEPTED,EXACT,100,2757635,2757635,2757635,2757518,4687,6,Zingiberaceae,59352b692d8b782f315a27f6f26d4ff144d97b364b8762f4aee422e597cadb38,C:\code\web\herbaflow\etl\plants\03_match_gbif\out\cache\59352b692d8b782f315a27f6f26d4ff144d97b364b8762f4aee422e597cadb38.json
Curcuma domestica,155,curcuma domestica,1,ok,200,,Curcuma domestica Valeton,Curcuma longa L.,Valeton,SPECIES,SYNONYM,EXACT,99,2757628,2757624,2757624,2757518,4687,6,Zingiberaceae,1f542eec83be9910637d7493df6a00c354bc764a77c5615bde1f9b1017f2e9c8,C:\code\web\herbaflow\etl\plants\03_match_gbif\out\cache\1f542eec83be9910637d7493df6a00c354bc764a77c5615bde1f9b1017f2e9c8.json
Curcuma heyneana,156,curcuma heyneana,1,ok,200,,Curcuma heyneana Valeton & Zijp,Curcuma heyneana Valeton & Zijp,Valeton & Zijp,SPECIES,ACCEPTED,EXACT,100,2757572,2757572,2757572,2757518,4687,6,Zingiberaceae,88047e603f09b2f347b938fd0551cd2359747ef120d0b856ccc4c526406b681c,C:\code\web\herbaflow\etl\plants\03_match_gbif\out\cache\88047e603f09b2f347b938fd0551cd2359747ef120d0b856ccc4c526406b681c.json
Curcuma longa,157,curcuma longa,1,ok,200,,Curcuma longa L.,Curcuma longa L.,L.,SPECIES,ACCEPTED,EXACT,100,2757624,2757624,2757624,2757518,4687,6,Zingiberaceae,a09aad43227c71ebbd01bec8881c059daf1cb72a6dc878e2226b59ee8568f37d,C:\code\web\herbaflow\etl\plants\03_match_gbif\out\cache\a09aad43227c71ebbd01bec8881c059daf1cb72a6dc878e2226b59ee8568f37d.json
Curcuma mangga,158,curcuma mangga,1,ok,200,,Curcuma mangga Valeton & Zijp,Curcuma mangga Valeton & Zijp,Valeton & Zijp,SPECIES,ACCEPTED,EXACT,100,2757639,2757639,2757639,2757518,4687,6,Zingiberaceae,5071f3103a54abf10a6143de2b436d448f3a2525dd607327eb28af68aab3ca01,C:\code\web\herbaflow\etl\plants\03_match_gbif\out\cache\5071f3103a54abf10a6143de2b436d448f3a2525dd607327eb28af68aab3ca01.json
Curcuma soloensis,159,curcuma soloensis,1,ok,200,,Curcuma soloensis Valeton,Curcuma longa L.,Valeton,SPECIES,SYNONYM,EXACT,100,2757626,2757624,2757624,2757518,4687,6,Zingiberaceae,025bb02bc0eb7b36970f98992d1e76c8df563f180b2a9e881b6b2f4f01566874,C:\code\web\herbaflow\etl\plants\03_match_gbif\out\cache\025bb02bc0eb7b36970f98992d1e76c8df563f180b2a9e881b6b2f4f01566874.json
Curcuma xanthorrhiza,160,curcuma xanthorrhiza,1,ok,200,,Curcuma xanthorrhiza D.Dietr.,Curcuma xanthorrhiza D.Dietr.,D.Dietr.,SPECIES,ACCEPTED,EXACT,100,3990387,3990387,3990387,2757518,4687,6,Zingiberaceae,809b2bfc52f140695acb683f064ed45f44deb4da7b6a7cae431eb71b30c4a501,C:\code\web\herbaflow\etl\plants\03_match_gbif\out\cache\809b2bfc52f140695acb683f064ed45f44deb4da7b6a7cae431eb71b30c4a501.json
Curcuma zanthorrhiza,161,curcuma zanthorrhiza,1,ok,200,,Curcuma zanthorrhiza Roxb.,Curcuma zanthorrhiza Roxb.,Roxb.,SPECIES,ACCEPTED,EXACT,100,2757547,2757547,2757547,2757518,4687,6,Zingiberaceae,d11e69cac34d27dee24a1bafe069f20f31c665171df38f55f79dd6d89813c5b5,C:\code\web\herbaflow\etl\plants\03_match_gbif\out\cache\d11e69cac34d27dee24a1bafe069f20f31c665171df38f55f79dd6d89813c5b5.json
Curcuma zedoaria,162,curcuma zedoaria,1,ok,200,,Curcuma zedoaria (Christm.) Roscoe,Curcuma zedoaria (Christm.) Roscoe,(Christm.) Roscoe,SPECIES,ACCEPTED,EXACT,99,2757545,2757545,2757545,2757518,4687,6,Zingiberaceae,ece039d622fffec78840a37001784dfdbc484e8a444f36f2cd54730f485be60d,C:\code\web\herbaflow\etl\plants\03_match_gbif\out\cache\ece039d622fffec78840a37001784dfdbc484e8a444f36f2cd54730f485be60d.json
Cycas revoluta,163,cycas revoluta,1,ok,200,,Cycas revoluta Thunb.,Cycas revoluta Thunb.,Thunb.,SPECIES,ACCEPTED,EXACT,99,2683217,2683217,2683217,2683206,6168,6,Cycadaceae,8c5ed1f6766e6ed5a26cfe831d825585d77a7e156564fec8641caeddd9192982,C:\code\web\herbaflow\etl\plants\03_match_gbif\out\cache\8c5ed1f6766e6ed5a26cfe831d825585d77a7e156564fec8641caeddd9192982.json
Cyclea barbata,164,cyclea barbata,1,ok,200,,Cyclea barbata Miers,Cyclea barbata Miers,Miers,SPECIES,ACCEPTED,EXACT,100,3830078,3830078,3830078,7268667,2411,6,Menispermaceae,80544b8a56a97e381ea23d36ebbd84296c8848b3913ec80d8a2b7c5c24e7bc35,C:\code\web\herbaflow\etl\plants\03_match_gbif\out\cache\80544b8a56a97e381ea23d36ebbd84296c8848b3913ec80d8a2b7c5c24e7bc35.json
Cymbopogon citratus,165,cymbopogon citratus,1,ok,200,,Cymbopogon citratus (DC.) Stapf,Cymbopogon citratus (DC.) Stapf,(DC.) Stapf,SPECIES,ACCEPTED,EXACT,100,2705275,2705275,2705275,2705264,3073,6,Poaceae,1957df74bdea4089aed7c39d44e25013f5207086ffd7924965c0ea526801bc96,C:\code\web\herbaflow\etl\plants\03_match_gbif\out\cache\1957df74bdea4089aed7c39d44e25013f5207086ffd7924965c0ea526801bc96.json
Cymbopogon nardus,166,cymbopogon nardus,1,ok,200,,Cymbopogon nardus (L.) Rendle,Cymbopogon nardus (L.) Rendle,(L.) Rendle,SPECIES,ACCEPTED,EXACT,100,2705267,2705267,2705267,2705264,3073,6,Poaceae,5adbafd1681956230ab8197e26d6b43f0bdc7d505a562ce1e56598266314b30e,C:\code\web\herbaflow\etl\plants\03_match_gbif\out\cache\5adbafd1681956230ab8197e26d6b43f0bdc7d505a562ce1e56598266314b30e.json
Cyperus iria,167,cyperus iria,1,ok,200,,Cyperus iria L.,Cyperus iria L.,L.,SPECIES,ACCEPTED,EXACT,100,2715729,2715729,2715729,2713455,7708,6,Cyperaceae,a33fa936e76aff895279ead6413199ba29483732eedbbb2171addab1e26d8b13,C:\code\web\herbaflow\etl\plants\03_match_gbif\out\cache\a33fa936e76aff895279ead6413199ba29483732eedbbb2171addab1e26d8b13.json
Cyperus rotundus,168,cyperus rotundus,1,ok,200,,Cyperus rotundus L.,Cyperus rotundus L.,L.,SPECIES,ACCEPTED,EXACT,99,2714818,2714818,2714818,2713455,7708,6,Cyperaceae,a7dd0ef7d34703b3f3a766d5c0c118498cdcb590a1dbddb3cb1043f98de80758,C:\code\web\herbaflow\etl\plants\03_match_gbif\out\cache\a7dd0ef7d34703b3f3a766d5c0c118498cdcb590a1dbddb3cb1043f98de80758.json
Datura metel,169,datura metel,1,ok,200,,Datura metel L.,Datura metel L.,L.,SPECIES,ACCEPTED,EXACT,99,2928747,2928747,2928747,2928734,7717,6,Solanaceae,70e2cef732bd0fdeb2f32fdb730f7dca705e61d151980a9af923e6f2aece3385,C:\code\web\herbaflow\etl\plants\03_match_gbif\out\cache\70e2cef732bd0fdeb2f32fdb730f7dca705e61d151980a9af923e6f2aece3385.json
Datura stramonium,170,datura stramonium,1,ok,200,,Datura stramonium L.,Datura stramonium L.,L.,SPECIES,ACCEPTED,EXACT,99,2928751,2928751,2928751,2928734,7717,6,Solanaceae,18ccd5354c0a0a7c8ee8f26f56d0f45197b49e9894a14624b2d516081ed117c9,C:\code\web\herbaflow\etl\plants\03_match_gbif\out\cache\18ccd5354c0a0a7c8ee8f26f56d0f45197b49e9894a14624b2d516081ed117c9.json
Datura tatula,171,datura tatula,1,ok,200,,Datura tatula L.,Datura stramonium var. tatula (L.) Torr.,L.,SPECIES,SYNONYM,EXACT,100,2928754,2928753,2928751,2928734,7717,6,Solanaceae,09fbf0dcebe404252ff4651faf836e27855aff0219862292fefbfb63646e1b41,C:\code\web\herbaflow\etl\plants\03_match_gbif\out\cache\09fbf0dcebe404252ff4651faf836e27855aff0219862292fefbfb63646e1b41.json
Daucus carota,172,daucus carota,1,ok,200,,Daucus carota L.,Daucus carota L.,L.,SPECIES,ACCEPTED,EXACT,99,3034742,3034742,3034742,3034740,6720,6,Apiaceae,a3d55ebb32fda1c4f1eca80b561b34e52fc9de71e9851011b1e0194d41d13fa3,C:\code\web\herbaflow\etl\plants\03_match_gbif\out\cache\a3d55ebb32fda1c4f1eca80b561b34e52fc9de71e9851011b1e0194d41d13fa3.json
Derris elliptica,173,derris elliptica,1,ok,200,,Derris elliptica (Wall.) Benth.,Derris elliptica (Wall.) Benth.,(Wall.) Benth.,SPECIES,ACCEPTED,EXACT,99,5350305,5350305,5350305,2947465,5386,6,Fabaceae,d61a2b940072c8d6dfba9c852c49841a6d008eeac7d5f1f4f7b8f690b150931a,C:\code\web\herbaflow\etl\plants\03_match_gbif\out\cache\d61a2b940072c8d6dfba9c852c49841a6d008eeac7d5f1f4f7b8f690b150931a.json
Derris robusta,174,derris robusta,1,ok,200,,Derris robusta (Roxb. ex DC.) Benth.,Brachypterum robustum (Roxb. ex DC.) Dalzell & A.Gibson,(Roxb. ex DC.) Benth.,SPECIES,SYNONYM,EXACT,100,5350230,2947483,2947483,2952879,5386,6,Fabaceae,37a5ad300c20923d44d70487acd492003c0908a7432ba91e8d594b1d1c2139ba,C:\code\web\herbaflow\etl\plants\03_match_gbif\out\cache\37a5ad300c20923d44d70487acd492003c0908a7432ba91e8d594b1d1c2139ba.json
Derris scandens,175,derris scandens,1,ok,200,,Fabaceae,Fabaceae,,FAMILY,ACCEPTED,HIGHERRANK,99,5386,5386,,,5386,6,Fabaceae,e03c99294e3ebeec4089fcfbd8e931a962b61132420b4b3800e20091fc9135fc,C:\code\web\herbaflow\etl\plants\03_match_gbif\out\cache\e03c99294e3ebeec4089fcfbd8e931a962b61132420b4b3800e20091fc9135fc.json
Derris trifoliata,176,derris trifoliata,1,ok,200,,Derris trifoliata Lour.,Derris trifoliata Lour.,Lour.,SPECIES,ACCEPTED,EXACT,100,5350336,5350336,5350336,2947465,5386,6,Fabaceae,1043e601d833f75fadee1df4f9f0f7608a6731a86823560bf56b96757d4ea218,C:\code\web\herbaflow\etl\plants\03_match_gbif\out\cache\1043e601d833f75fadee1df4f9f0f7608a6731a86823560bf56b96757d4ea218.json
Desmodium gangeticum,177,desmodium gangeticum,1,ok,200,,"Desmodium gangeticum Puri, 1951","Desmodium gangeticum Puri, 1951","Puri, 1951",SPECIES,ACCEPTED,EXACT,99,11440699,11440699,11440699,2967050,5386,6,Fabaceae,c9a677be58ede33f078e1ed712913bef0090ddfdafe21a2cfea8d31a584f752d,C:\code\web\herbaflow\etl\plants\03_match_gbif\out\cache\c9a677be58ede33f078e1ed712913bef0090ddfdafe21a2cfea8d31a584f752d.json
Desmodium pulchellum,178,desmodium pulchellum,1,ok,200,,Fabaceae,Fabaceae,,FAMILY,ACCEPTED,HIGHERRANK,99,5386,5386,,,5386,6,Fabaceae,d6f2a2607cda23b2a29abfd7975e028fc391babfbf138e01b517f1f52a06e994,C:\code\web\herbaflow\etl\plants\03_match_gbif\out\cache\d6f2a2607cda23b2a29abfd7975e028fc391babfbf138e01b517f1f52a06e994.json
Desmodium styracifolium,179,desmodium styracifolium,1,ok,200,,Desmodium styracifolium (Osbeck) Merr.,Grona styracifolia (Osbeck) H.Ohashi & K.Ohashi,(Osbeck) Merr.,SPECIES,SYNONYM,EXACT,99,2967806,10722283,10722283,9615544,5386,6,Fabaceae,40a318a83fa350566364a60c902b34f3ca25e3a7cb401577d0d931fc1607db82,C:\code\web\herbaflow\etl\plants\03_match_gbif\out\cache\40a318a83fa350566364a60c902b34f3ca25e3a7cb401577d0d931fc1607db82.json
Desmodium triflorum,180,desmodium triflorum,1,ok,200,,Grona Lour.,Grona Lour.,Lour.,GENUS,ACCEPTED,HIGHERRANK,99,9615544,9615544,,9615544,5386,6,Fabaceae,0f569ce7cab1fab750f496d572e6bd952ba9801518589de4c733e47c9dc3aecc,C:\code\web\herbaflow\etl\plants\03_match_gbif\out\cache\0f569ce7cab1fab750f496d572e6bd952ba9801518589de4c733e47c9dc3aecc.json
Digitalis purpurea,181,digitalis purpurea,1,ok,200,,Digitalis purpurea L.,Digitalis purpurea L.,L.,SPECIES,ACCEPTED,EXACT,100,5414995,5414995,5414995,3172032,2420,6,Plantaginaceae,8631770b610e3d8945b54664425ecf3c783ff4e465f572544547bc7cfac50149,C:\code\web\herbaflow\etl\plants\03_match_gbif\out\cache\8631770b610e3d8945b54664425ecf3c783ff4e465f572544547bc7cfac50149.json
Dioscorea hispida,182,dioscorea hispida,1,ok,200,,Dioscorea hispida Dennst.,Dioscorea hispida Dennst.,Dennst.,SPECIES,ACCEPTED,EXACT,100,2755784,2755784,2755784,2754367,7694,6,Dioscoreaceae,d7d90391e74551da82e604bcf9bb87a9b966c111a7041caba2f1644f39f9a1ea,C:\code\web\herbaflow\etl\plants\03_match_gbif\out\cache\d7d90391e74551da82e604bcf9bb87a9b966c111a7041caba2f1644f39f9a1ea.json
Drymaria cordata,183,drymaria cordata,1,ok,200,,Drymaria cordata (L.) Willd. ex Schult.,Drymaria cordata (L.) Willd. ex Schult.,(L.) Willd. ex Schult.,SPECIES,ACCEPTED,EXACT,99,5384509,5384509,5384509,3085329,2518,6,Caryophyllaceae,43634b60fabac353cb77525b760dd0f22cc9f6e04c27a33cb7f0dba3e2489886,C:\code\web\herbaflow\etl\plants\03_match_gbif\out\cache\43634b60fabac353cb77525b760dd0f22cc9f6e04c27a33cb7f0dba3e2489886.json
Dryobalanops aromatica,184,dryobalanops aromatica,1,ok,200,,Dryobalanops aromatica C.F.Gaertn.,Dryobalanops aromatica C.F.Gaertn.,C.F.Gaertn.,SPECIES,ACCEPTED,EXACT,100,3189690,3189690,3189690,3189689,6645,6,Dipterocarpaceae,22bff26b13ec7b12c4781982310a990e65dc88ec2fef42b06fbc790cfd9a9d24,C:\code\web\herbaflow\etl\plants\03_match_gbif\out\cache\22bff26b13ec7b12c4781982310a990e65dc88ec2fef42b06fbc790cfd9a9d24.json
Duranta erecta,185,duranta erecta,1,ok,200,,Duranta erecta L.,Duranta erecta L.,L.,SPECIES,ACCEPTED,EXACT,100,2925655,2925655,2925655,2925654,6689,6,Verbenaceae,02ba84287898cb671511f8787f32fdf38c1374787415937bda0705972c93b9d6,C:\code\web\herbaflow\etl\plants\03_match_gbif\out\cache\02ba84287898cb671511f8787f32fdf38c1374787415937bda0705972c93b9d6.json
Duranta repens,186,duranta repens,1,ok,200,,Duranta repens L.,Duranta erecta L.,L.,SPECIES,SYNONYM,EXACT,100,2925656,2925655,2925655,2925654,6689,6,Verbenaceae,f9227617f5f28fc69e75283bf01e3bb20974c66bf5208bcce6ca78b9ddfef9d7,C:\code\web\herbaflow\etl\plants\03_match_gbif\out\cache\f9227617f5f28fc69e75283bf01e3bb20974c66bf5208bcce6ca78b9ddfef9d7.json
Durio zibethinus,187,durio zibethinus,1,ok,200,,Durio zibethinus Murray,Durio zibethinus Murray,Murray,SPECIES,ACCEPTED,EXACT,99,3152230,3152230,3152230,3152229,6685,6,Malvaceae,7a1b99a19b850de3286776e17291719937b6ba0cc6aeee9b274d27a7e815da84,C:\code\web\herbaflow\etl\plants\03_match_gbif\out\cache\7a1b99a19b850de3286776e17291719937b6ba0cc6aeee9b274d27a7e815da84.json
Dysoxylum acutangulum,188,dysoxylum acutangulum,1,ok,200,,Dysoxylum acutangulum Miq.,Dysoxylum acutangulum Miq.,Miq.,SPECIES,ACCEPTED,EXACT,100,7271367,7271367,7271367,3190481,2397,6,Meliaceae,eccd9b182f6f4e41fbe1ea7ba57ddf919baf69eceb57d1b72b89a00f2b5f715c,C:\code\web\herbaflow\etl\plants\03_match_gbif\out\cache\eccd9b182f6f4e41fbe1ea7ba57ddf919baf69eceb57d1b72b89a00f2b5f715c.json
Echinacea purpurea,189,echinacea purpurea,1,ok,200,,Echinacea purpurea (L.) Moench,Echinacea purpurea (L.) Moench,(L.) Moench,SPECIES,ACCEPTED,EXACT,100,3150935,3150935,3150935,3150914,3065,6,Asteraceae,1d3257e3cab6bb68b17946ee8e1904a9064936ed246ef45a83b4bec1a956c569,C:\code\web\herbaflow\etl\plants\03_match_gbif\out\cache\1d3257e3cab6bb68b17946ee8e1904a9064936ed246ef45a83b4bec1a956c569.json
Echinacea spp.,190,echinacea spp,1,ok,200,,Echinacea Moench,Echinacea Moench,Moench,GENUS,ACCEPTED,HIGHERRANK,96,3150914,3150914,,3150914,3065,6,Asteraceae,c4467e1513aad51aa02b8a7d3d9200107f9975296c448dbdb824ebe5fa550bcd,C:\code\web\herbaflow\etl\plants\03_match_gbif\out\cache\c4467e1513aad51aa02b8a7d3d9200107f9975296c448dbdb824ebe5fa550bcd.json
Eclipta alba,191,eclipta alba,1,ok,200,,Eclipta alba (L.) Hassk.,Eclipta alba (L.) Hassk.,(L.) Hassk.,SPECIES,ACCEPTED,EXACT,99,5384955,5384955,5384955,3086569,3065,6,Asteraceae,5ebaaba04766ea2461ac6941719b7d2c3c83435cc5c160dd0ee2146c04036156,C:\code\web\herbaflow\etl\plants\03_match_gbif\out\cache\5ebaaba04766ea2461ac6941719b7d2c3c83435cc5c160dd0ee2146c04036156.json
Eclipta prostrata,192,eclipta prostrata,1,ok,200,,Eclipta prostrata (L.) L.,Eclipta prostrata (L.) L.,(L.) L.,SPECIES,ACCEPTED,EXACT,99,5384950,5384950,5384950,3086569,3065,6,Asteraceae,9603a35ea7304238e70d7506a4f90ae3894e174fa6c3c01a1f6e939f37cb159f,C:\code\web\herbaflow\etl\plants\03_match_gbif\out\cache\9603a35ea7304238e70d7506a4f90ae3894e174fa6c3c01a1f6e939f37cb159f.json
Eichhornia crassipes,193,eichhornia crassipes,1,ok,200,,Eichhornia crassipes (Mart.) Solms,Pontederia crassipes Mart.,(Mart.) Solms,SPECIES,SYNONYM,EXACT,100,2765940,2765942,2765942,2740415,3731,6,Pontederiaceae,cdf9e0ee88d5890f33f3d43a29f7a28cb422ac482d54faf550cf8d54b7127da9,C:\code\web\herbaflow\etl\plants\03_match_gbif\out\cache\cdf9e0ee88d5890f33f3d43a29f7a28cb422ac482d54faf550cf8d54b7127da9.json
Elaeocarpus ganitrus,194,elaeocarpus ganitrus,1,ok,200,,Elaeocarpus L.,Elaeocarpus L.,L.,GENUS,ACCEPTED,HIGHERRANK,99,3152094,3152094,,3152094,2435,6,Elaeocarpaceae,35d30404a0286c59f390504b5505613c9ba93cf66c517675c06ccba6f7b3ba86,C:\code\web\herbaflow\etl\plants\03_match_gbif\out\cache\35d30404a0286c59f390504b5505613c9ba93cf66c517675c06ccba6f7b3ba86.json
Elaeocarpus grandiflorus,195,elaeocarpus grandiflorus,1,ok,200,,Elaeocarpus grandiflorus Sm.,Elaeocarpus grandiflorus Sm.,Sm.,SPECIES,ACCEPTED,EXACT,99,8368501,8368501,8368501,3152094,2435,6,Elaeocarpaceae,fea86cfae94393bb209e23cbf3fa2dd2cc8c7639d1cbafe69014f66e04a18a58,C:\code\web\herbaflow\etl\plants\03_match_gbif\out\cache\fea86cfae94393bb209e23cbf3fa2dd2cc8c7639d1cbafe69014f66e04a18a58.json
Elateriospermum tapos,196,elateriospermum tapos,1,ok,200,,Elateriospermum tapos Blume,Elateriospermum tapos Blume,Blume,SPECIES,ACCEPTED,EXACT,100,3071462,3071462,3071462,3071461,4691,6,Euphorbiaceae,2488f3e9006138ab48a366ae9de4fd5da4e304f7533f19e4d1206edb2af6ef01,C:\code\web\herbaflow\etl\plants\03_match_gbif\out\cache\2488f3e9006138ab48a366ae9de4fd5da4e304f7533f19e4d1206edb2af6ef01.json
Elephantopus scaber,197,elephantopus scaber,1,ok,200,,Elephantopus scaber L.,Elephantopus scaber L.,L.,SPECIES,ACCEPTED,EXACT,100,5395925,5395925,5395925,3119618,3065,6,Asteraceae,fcd41c063cdeafc9662fd371fa5c1d57deae89ad07dcc439e8d03454c0df188a,C:\code\web\herbaflow\etl\plants\03_match_gbif\out\cache\fcd41c063cdeafc9662fd371fa5c1d57deae89ad07dcc439e8d03454c0df188a.json
Elettaria cardamomum,198,elettaria cardamomum,1,ok,200,,Elettaria cardamomum (L.) Maton,Elettaria cardamomum (L.) Maton,(L.) Maton,SPECIES,ACCEPTED,EXACT,100,2759871,2759871,2759871,2759853,4687,6,Zingiberaceae,ec055a5387361b4dfb8d7ec2cba5e412c9d6c32fc2c2c6feca239c17ba9f05f1,C:\code\web\herbaflow\etl\plants\03_match_gbif\out\cache\ec055a5387361b4dfb8d7ec2cba5e412c9d6c32fc2c2c6feca239c17ba9f05f1.json
Eleutherine americana,199,eleutherine americana,1,ok,200,,Eleutherine americana (Aubl.) Merr. ex K.Heyne,Eleutherine bulbosa (Mill.) Urb.,(Aubl.) Merr. ex K.Heyne,SPECIES,SYNONYM,EXACT,99,2749558,2749556,2749556,2749552,7698,6,Iridaceae,bc026b01606c3fa38f44631abcdca5ade144d2dbd023cd5b066c1259359a4ed5,C:\code\web\herbaflow\etl\plants\03_match_gbif\out\cache\bc026b01606c3fa38f44631abcdca5ade144d2dbd023cd5b066c1259359a4ed5.json
Embelia ribes,200,embelia ribes,1,ok,200,,Embelia ribes Burm.fil.,Embelia ribes Burm.fil.,Burm.fil.,SPECIES,ACCEPTED,EXACT,100,7330952,7330952,7330952,2984886,6674,6,Primulaceae,e9068b20f1b155bf671b2acbc356dec7baa93dc3be00a280775eb126affcfb69,C:\code\web\herbaflow\etl\plants\03_match_gbif\out\cache\e9068b20f1b155bf671b2acbc356dec7baa93dc3be00a280775eb126affcfb69.json
Emilia sonchifolia,201,emilia sonchifolia,1,ok,200,,Emilia sonchifolia (L.) DC. ex Wight,Emilia sonchifolia (L.) DC. ex Wight,(L.) DC. ex Wight,SPECIES,ACCEPTED,EXACT,99,7376217,7376217,7376217,3137995,3065,6,Asteraceae,88a02601884062ff173abbf9e28cee77121c4ec7eccf5def8b9009a984c04d37,C:\code\web\herbaflow\etl\plants\03_match_gbif\out\cache\88a02601884062ff173abbf9e28cee77121c4ec7eccf5def8b9009a984c04d37.json
Entada scandens,202,entada scandens,1,ok,200,,Entada scandens (L.) Benth.,Entada phaseoloides (L.) Merr.,(L.) Benth.,SPECIES,SYNONYM,EXACT,100,8436855,2976244,2976244,2976182,5386,6,Fabaceae,e25e856af7fbed471bae6f50de706139bec05a60be68fe84755cfcc978884458,C:\code\web\herbaflow\etl\plants\03_match_gbif\out\cache\e25e856af7fbed471bae6f50de706139bec05a60be68fe84755cfcc978884458.json
Equisetum debile,203,equisetum debile,1,ok,200,,"Equisetum debile Roxb. ex Wall., 1829","Equisetum debile Roxb. ex Wall., 1829","Roxb. ex Wall., 1829",SPECIES,ACCEPTED,EXACT,99,10769463,10769463,10769463,2687913,3105,6,Equisetaceae,68d5908af29b2c92084dd5025084d36f0ce5b85669f6c9149d26dd9af4e5de01,C:\code\web\herbaflow\etl\plants\03_match_gbif\out\cache\68d5908af29b2c92084dd5025084d36f0ce5b85669f6c9149d26dd9af4e5de01.json
Erigeron sumatrensis,204,erigeron sumatrensis,1,ok,200,,Erigeron sumatrensis Retz.,Erigeron sumatrensis Retz.,Retz.,SPECIES,ACCEPTED,EXACT,100,3146683,3146683,3146683,3146588,3065,6,Asteraceae,ddbf32a08b41a0088eb4220067877f49928909ab4e75726a0394e2a938810c80,C:\code\web\herbaflow\etl\plants\03_match_gbif\out\cache\ddbf32a08b41a0088eb4220067877f49928909ab4e75726a0394e2a938810c80.json
Ervatamia divaricata,205,ervatamia divaricata,1,ok,200,,Ervatamia divaricata (L.) Burkill,Tabernaemontana divaricata (L.) R.Br. ex Roem. & Schult.,(L.) Burkill,SPECIES,SYNONYM,EXACT,100,7317152,3169625,3169625,3169624,6701,6,Apocynaceae,afe56178f271d1888964cfd04c7af87dffded527b3a120b8eed4b00a6fa4d70a,C:\code\web\herbaflow\etl\plants\03_match_gbif\out\cache\afe56178f271d1888964cfd04c7af87dffded527b3a120b8eed4b00a6fa4d70a.json
Eryngium foetidum,206,eryngium foetidum,1,ok,200,,Eryngium foetidum L.,Eryngium foetidum L.,L.,SPECIES,ACCEPTED,EXACT,99,3034425,3034425,3034425,3034387,6720,6,Apiaceae,bb1a9636aa16c2f9505ccb26d56b9e4853b6aad66e3e3953be30ae61076bbbec,C:\code\web\herbaflow\etl\plants\03_match_gbif\out\cache\bb1a9636aa16c2f9505ccb26d56b9e4853b6aad66e3e3953be30ae61076bbbec.json
Erythrina lithosperma,207,erythrina lithosperma,1,ok,200,,Erythrina lithosperma Blume ex Miq.,Erythrina subumbrans (Hassk.) Merr.,Blume ex Miq.,SPECIES,SYNONYM,EXACT,99,5349591,5349636,5349636,2945830,5386,6,Fabaceae,9fb969888aa0827ec8db1eee106cfd655f5c1a2759e048e36bfac2421c64e43f,C:\code\web\herbaflow\etl\plants\03_match_gbif\out\cache\9fb969888aa0827ec8db1eee106cfd655f5c1a2759e048e36bfac2421c64e43f.json
Erythrina subumbrans,208,erythrina subumbrans,1,ok,200,,Erythrina subumbrans (Hassk.) Merr.,Erythrina subumbrans (Hassk.) Merr.,(Hassk.) Merr.,SPECIES,ACCEPTED,EXACT,100,5349636,5349636,5349636,2945830,5386,6,Fabaceae,0408e584e363f0687351c79986f93b977c3f8e0dc8e414ccd5291a33c2a3b4da,C:\code\web\herbaflow\etl\plants\03_match_gbif\out\cache\0408e584e363f0687351c79986f93b977c3f8e0dc8e414ccd5291a33c2a3b4da.json
Erythrina variegata,209,erythrina variegata,1,ok,200,,Erythrina variegata L.,Erythrina variegata L.,L.,SPECIES,ACCEPTED,EXACT,100,5349581,5349581,5349581,2945830,5386,6,Fabaceae,f388a38acd118487b5a7c2825cc46edbee2cc5289e03b7e1f48ae887f47e7466,C:\code\web\herbaflow\etl\plants\03_match_gbif\out\cache\f388a38acd118487b5a7c2825cc46edbee2cc5289e03b7e1f48ae887f47e7466.json
Eucalyptus globulus,210,eucalyptus globulus,1,ok,200,,Eucalyptus globulus Labill.,Eucalyptus globulus Labill.,Labill.,SPECIES,ACCEPTED,EXACT,100,3176787,3176787,3176787,7493935,5014,6,Myrtaceae,f036f15473539abddc1c126ddf7ae613f2d07cf85121691c5bdcc04f65d73081,C:\code\web\herbaflow\etl\plants\03_match_gbif\out\cache\f036f15473539abddc1c126ddf7ae613f2d07cf85121691c5bdcc04f65d73081.json
Euchresta horsfieldii,211,euchresta horsfieldii,1,ok,200,,Euchresta horsfieldii (Lesch.) Benn.,Euchresta horsfieldii (Lesch.) Benn.,(Lesch.) Benn.,SPECIES,ACCEPTED,EXACT,100,2951871,2951871,2951871,2951865,5386,6,Fabaceae,67c3a1c38dc42400e2d40797220f6daa154b285ff713aae7e4d85c3c000a2d36,C:\code\web\herbaflow\etl\plants\03_match_gbif\out\cache\67c3a1c38dc42400e2d40797220f6daa154b285ff713aae7e4d85c3c000a2d36.json
Eugenia aromatica,212,eugenia aromatica,1,ok,200,,"Eugenia aromatica Kuntze, 1891","Eugenia aromatica Kuntze, 1891","Kuntze, 1891",SPECIES,ACCEPTED,EXACT,99,8052532,8052532,8052532,3177662,5014,6,Myrtaceae,a9a68d12eac09cd8fa42a4086c41b172fbea067dbf7eb2095d3549576439b646,C:\code\web\herbaflow\etl\plants\03_match_gbif\out\cache\a9a68d12eac09cd8fa42a4086c41b172fbea067dbf7eb2095d3549576439b646.json
Eugenia caryophyllata,213,eugenia caryophyllata,1,ok,200,,Eugenia caryophyllata Thunb.,Syzygium aromaticum (L.) Merr. & L.M.Perry,Thunb.,SPECIES,SYNONYM,EXACT,100,5418972,3183002,3183002,3029010,5014,6,Myrtaceae,304236d0cb81a8b432d15986d45bbfb9006702cee1c62e5b6f3fc8e5c7f627a4,C:\code\web\herbaflow\etl\plants\03_match_gbif\out\cache\304236d0cb81a8b432d15986d45bbfb9006702cee1c62e5b6f3fc8e5c7f627a4.json
Eupatorium riparium,214,eupatorium riparium,1,ok,200,,Eupatorium riparium Sch.Bip. ex Schnittsp.,Eupatorium riparium Sch.Bip. ex Schnittsp.,Sch.Bip. ex Schnittsp.,SPECIES,ACCEPTED,EXACT,99,7694888,7694888,7694888,3142374,3065,6,Asteraceae,5e66abae6b951825d74c879d733f609c6b234fc6cb034b0e5f22c10ce5f19aab,C:\code\web\herbaflow\etl\plants\03_match_gbif\out\cache\5e66abae6b951825d74c879d733f609c6b234fc6cb034b0e5f22c10ce5f19aab.json
Eupatorium triplinerve,215,eupatorium triplinerve,1,ok,200,,Eupatorium triplinerve Vahl,Ayapana triplinervis (Vahl) R.M.King & H.Rob.,Vahl,SPECIES,SYNONYM,EXACT,99,5402967,3142644,3142644,3126519,3065,6,Asteraceae,2e120082a54c49ff29bf4c4045bc074af60e0cfee1f5cc11fc427d809abd8604,C:\code\web\herbaflow\etl\plants\03_match_gbif\out\cache\2e120082a54c49ff29bf4c4045bc074af60e0cfee1f5cc11fc427d809abd8604.json
Euphorbia antiquorum,216,euphorbia antiquorum,1,ok,200,,Euphorbia antiquorum L.,Euphorbia antiquorum L.,L.,SPECIES,ACCEPTED,EXACT,99,3069535,3069535,3069535,11397237,4691,6,Euphorbiaceae,24419e43ae5b8997d1fd81debd0cec3163acbb268196bc85ba7c3732aa01f810,C:\code\web\herbaflow\etl\plants\03_match_gbif\out\cache\24419e43ae5b8997d1fd81debd0cec3163acbb268196bc85ba7c3732aa01f810.json
Euphorbia heterophylla,217,euphorbia heterophylla,1,ok,200,,Euphorbia heterophylla L.,Euphorbia heterophylla L.,L.,SPECIES,ACCEPTED,EXACT,99,3064495,3064495,3064495,11397237,4691,6,Euphorbiaceae,74c199c9a86f46d030eeb30104567bd774655f6585f1d11ebf13567866ecb965,C:\code\web\herbaflow\etl\plants\03_match_gbif\out\cache\74c199c9a86f46d030eeb30104567bd774655f6585f1d11ebf13567866ecb965.json
Euphorbia hirta,218,euphorbia hirta,1,ok,200,,Euphorbia hirta L.,Euphorbia hirta L.,L.,SPECIES,ACCEPTED,EXACT,100,3068937,3068937,3068937,11397237,4691,6,Euphorbiaceae,10d8eb12d7417a28e035aff8a48c57be24f05df7711e7b1950df3553cdf7f020,C:\code\web\herbaflow\etl\plants\03_match_gbif\out\cache\10d8eb12d7417a28e035aff8a48c57be24f05df7711e7b1950df3553cdf7f020.json
Euphorbia milii,219,euphorbia milii,1,ok,200,,Euphorbia milii Des Moul.,Euphorbia milii Des Moul.,Des Moul.,SPECIES,ACCEPTED,EXACT,99,3067157,3067157,3067157,11397237,4691,6,Euphorbiaceae,7a21939c485c065161fe1a6e0d4c8ebb0517cc6f2f1b606459f30d987f9f5845,C:\code\web\herbaflow\etl\plants\03_match_gbif\out\cache\7a21939c485c065161fe1a6e0d4c8ebb0517cc6f2f1b606459f30d987f9f5845.json
Euphorbia neriifolia,220,euphorbia neriifolia,1,ok,200,,Euphorbia neriifolia L.,Euphorbia neriifolia L.,L.,SPECIES,ACCEPTED,EXACT,99,3064865,3064865,3064865,11397237,4691,6,Euphorbiaceae,8def46d163492f4d50755c3fc7fa86c542c0342740c0792b7932e74880d22626,C:\code\web\herbaflow\etl\plants\03_match_gbif\out\cache\8def46d163492f4d50755c3fc7fa86c542c0342740c0792b7932e74880d22626.json
Euphorbia prostrata,221,euphorbia prostrata,1,ok,200,,Euphorbia prostrata Aiton,Euphorbia prostrata Aiton,Aiton,SPECIES,ACCEPTED,EXACT,99,3067891,3067891,3067891,11397237,4691,6,Euphorbiaceae,ed0ba8d8fb40d561e32709473e7295fa29c0b546d6336722da345e0a1357d787,C:\code\web\herbaflow\etl\plants\03_match_gbif\out\cache\ed0ba8d8fb40d561e32709473e7295fa29c0b546d6336722da345e0a1357d787.json
Euphorbia pulcherrima,222,euphorbia pulcherrima,1,ok,200,,Euphorbia pulcherrima Willd. ex Klotzsch,Euphorbia pulcherrima Willd. ex Klotzsch,Willd. ex Klotzsch,SPECIES,ACCEPTED,EXACT,99,3066465,3066465,3066465,11397237,4691,6,Euphorbiaceae,11c286faf75899c8db68f1b4a0ccdfe443dd35859edbc4304a18428269944a62,C:\code\web\herbaflow\etl\plants\03_match_gbif\out\cache\11c286faf75899c8db68f1b4a0ccdfe443dd35859edbc4304a18428269944a62.json
Euphorbia tirucalli,223,euphorbia tirucalli,1,ok,200,,Euphorbia tirucalli L.,Euphorbia tirucalli L.,L.,SPECIES,ACCEPTED,EXACT,99,3069353,3069353,3069353,11397237,4691,6,Euphorbiaceae,039a3e865aca5e9d62a3e69f93231256bed312045eb587a97de8b2a89edd2f0c,C:\code\web\herbaflow\etl\plants\03_match_gbif\out\cache\039a3e865aca5e9d62a3e69f93231256bed312045eb587a97de8b2a89edd2f0c.json
Eurycoma longifolia,224,eurycoma longifolia,1,ok,200,,Eurycoma longifolia Jack,Eurycoma longifolia Jack,Jack,SPECIES,ACCEPTED,EXACT,100,3709190,3709190,3709190,7329629,2395,6,Simaroubaceae,5d14d684a6995713afb0e2cbed4d4bd14731152604f70c4699598da4f851c5b0,C:\code\web\herbaflow\etl\plants\03_match_gbif\out\cache\5d14d684a6995713afb0e2cbed4d4bd14731152604f70c4699598da4f851c5b0.json
Excoecaria agallocha,225,excoecaria agallocha,1,ok,200,,Excoecaria agallocha L.,Excoecaria agallocha L.,L.,SPECIES,ACCEPTED,EXACT,100,3071702,3071702,3071702,3054277,4691,6,Euphorbiaceae,4cdb25366e441efb70457aeff6745ab34802fa2c5102397d8757f3b40a4c2a88,C:\code\web\herbaflow\etl\plants\03_match_gbif\out\cache\4cdb25366e441efb70457aeff6745ab34802fa2c5102397d8757f3b40a4c2a88.json
Excoecaria cochinchinensis,226,excoecaria cochinchinensis,1,ok,200,,Excoecaria cochinchinensis Lour.,Excoecaria cochinchinensis Lour.,Lour.,SPECIES,ACCEPTED,EXACT,99,3071716,3071716,3071716,3054277,4691,6,Euphorbiaceae,336d77fd9932c0d6d8b4162393b63e8059d3a8f943d1c9a8324927fe39111588,C:\code\web\herbaflow\etl\plants\03_match_gbif\out\cache\336d77fd9932c0d6d8b4162393b63e8059d3a8f943d1c9a8324927fe39111588.json
Fagara rhetza,227,fagara rhetza,1,ok,200,,Fagara rhetsa Roxb.,Zanthoxylum rhetsa (Roxb.) DC.,Roxb.,SPECIES,SYNONYM,VARIANT,95,5594688,3834800,3834800,3190076,2396,6,Rutaceae,e357ab149a0ad821329b8206318f2354a9a9c4f3d26f1d4e3d755ebf2d7210e2,C:\code\web\herbaflow\etl\plants\03_match_gbif\out\cache\e357ab149a0ad821329b8206318f2354a9a9c4f3d26f1d4e3d755ebf2d7210e2.json
Ficus carica,228,ficus carica,1,ok,200,,Ficus carica L.,Ficus carica L.,L.,SPECIES,ACCEPTED,EXACT,100,5361909,5361909,5361909,2984588,6640,6,Moraceae,95f5233a6e0c38fc5449d9e57b2445428930479bca786172ff21b32f0ee71fe4,C:\code\web\herbaflow\etl\plants\03_match_gbif\out\cache\95f5233a6e0c38fc5449d9e57b2445428930479bca786172ff21b32f0ee71fe4.json
Ficus microcarpa,229,ficus microcarpa,1,ok,200,,Ficus microcarpa L.fil.,Ficus microcarpa L.fil.,L.fil.,SPECIES,ACCEPTED,EXACT,99,7467639,7467639,7467639,2984588,6640,6,Moraceae,f32c0b176c251978a1776c1d0c9d328b72551e0c25cb7e3c6dccd40e37ea031b,C:\code\web\herbaflow\etl\plants\03_match_gbif\out\cache\f32c0b176c251978a1776c1d0c9d328b72551e0c25cb7e3c6dccd40e37ea031b.json
Ficus pumila,230,ficus pumila,1,ok,200,,Ficus pumila L.,Ficus pumila L.,L.,SPECIES,ACCEPTED,EXACT,99,5361930,5361930,5361930,2984588,6640,6,Moraceae,d30b8f4313b00e2837b867b09f9c59fb397ee4f1d85e42de483a96526c0f4de3,C:\code\web\herbaflow\etl\plants\03_match_gbif\out\cache\d30b8f4313b00e2837b867b09f9c59fb397ee4f1d85e42de483a96526c0f4de3.json
Ficus septica,231,ficus septica,1,ok,200,,Ficus septica Burm.fil.,Ficus septica Burm.fil.,Burm.fil.,SPECIES,ACCEPTED,EXACT,99,7852448,7852448,7852448,2984588,6640,6,Moraceae,3ce08b4461793111113417b2ead0d835844d4b3cef7e93935b7d1eed2335d1f2,C:\code\web\herbaflow\etl\plants\03_match_gbif\out\cache\3ce08b4461793111113417b2ead0d835844d4b3cef7e93935b7d1eed2335d1f2.json
Ficus variegata,232,ficus variegata,1,ok,200,,Ficus variegata Blume,Ficus variegata Blume,Blume,SPECIES,ACCEPTED,EXACT,100,3234563,3234563,3234563,2984588,6640,6,Moraceae,75df77049e3de39b8913f79a321a528d445beef5cd28e1836b670536b2516726,C:\code\web\herbaflow\etl\plants\03_match_gbif\out\cache\75df77049e3de39b8913f79a321a528d445beef5cd28e1836b670536b2516726.json
Foeniculum vulgare,233,foeniculum vulgare,1,ok,200,,Foeniculum vulgare Mill.,Foeniculum vulgare Mill.,Mill.,SPECIES,ACCEPTED,EXACT,99,3034922,3034922,3034922,10704390,6720,6,Apiaceae,b1e9a056463eebe5125883b4b4fc13db95f434197d08e7469bbf62c32cc9a9e8,C:\code\web\herbaflow\etl\plants\03_match_gbif\out\cache\b1e9a056463eebe5125883b4b4fc13db95f434197d08e7469bbf62c32cc9a9e8.json
Ganoderma lucidum,234,ganoderma lucidum,1,ok,200,,Ganoderma lucidum (Curtis) P.Karst.,Ganoderma lucidum (Curtis) P.Karst.,(Curtis) P.Karst.,SPECIES,ACCEPTED,EXACT,96,2549730,2549730,2549730,2519220,3286,5,Polyporaceae,f1a231255aa6b34a4ab7dc568726c1e881be0f0ec3a57930ca964e8280a63894,C:\code\web\herbaflow\etl\plants\03_match_gbif\out\cache\f1a231255aa6b34a4ab7dc568726c1e881be0f0ec3a57930ca964e8280a63894.json
Garcinia dulcis,235,garcinia dulcis,1,ok,200,,Garcinia dulcis (Roxb.) Kurz,Garcinia dulcis (Roxb.) Kurz,(Roxb.) Kurz,SPECIES,ACCEPTED,EXACT,99,3189565,3189565,3189565,3189556,6646,6,Clusiaceae,02a7763786d3ce9d34595e1d2324891089d40831da40ab0441e1d382d0dc5611,C:\code\web\herbaflow\etl\plants\03_match_gbif\out\cache\02a7763786d3ce9d34595e1d2324891089d40831da40ab0441e1d382d0dc5611.json
Garcinia mangostana,236,garcinia mangostana,1,ok,200,,Garcinia mangostana L.,Garcinia mangostana L.,L.,SPECIES,ACCEPTED,EXACT,100,3189571,3189571,3189571,3189556,6646,6,Clusiaceae,94a3c90bd5eeba1333820185decf2a17b5b029d807c0e941906c6159e9353962,C:\code\web\herbaflow\etl\plants\03_match_gbif\out\cache\94a3c90bd5eeba1333820185decf2a17b5b029d807c0e941906c6159e9353962.json
Gardenia jasminoides,237,gardenia jasminoides,1,ok,200,,Gardenia jasminoides J.Ellis,Gardenia jasminoides J.Ellis,J.Ellis,SPECIES,ACCEPTED,EXACT,99,5335125,5335125,5335125,2894320,8798,6,Rubiaceae,ed6b1b5aa27e6b34ddea64d425dc2415bbd343622aac2ad5640676e993226f9c,C:\code\web\herbaflow\etl\plants\03_match_gbif\out\cache\ed6b1b5aa27e6b34ddea64d425dc2415bbd343622aac2ad5640676e993226f9c.json
Gaultheria procumbens,238,gaultheria procumbens,1,ok,200,,Gaultheria procumbens L.,Gaultheria procumbens L.,L.,SPECIES,ACCEPTED,EXACT,100,2882753,2882753,2882753,2882751,2505,6,Ericaceae,fb2d13d03eceb751a81674d52a7e23f21f0a1846af5f32b11165ca782c8a4223,C:\code\web\herbaflow\etl\plants\03_match_gbif\out\cache\fb2d13d03eceb751a81674d52a7e23f21f0a1846af5f32b11165ca782c8a4223.json
Ginkgo biloba,239,ginkgo biloba,1,ok,200,,Ginkgo biloba L.,Ginkgo biloba L.,L.,SPECIES,ACCEPTED,EXACT,100,2687885,2687885,2687885,2687884,3070,6,Ginkgoaceae,6965593fdb5b508f76824471f4403c37cdc4d0a54919781ebc74fcba97d10a2d,C:\code\web\herbaflow\etl\plants\03_match_gbif\out\cache\6965593fdb5b508f76824471f4403c37cdc4d0a54919781ebc74fcba97d10a2d.json
Glochidion rubrum,240,glochidion rubrum,1,ok,200,,Glochidion rubrum Blume,Glochidion rubrum Blume,Blume,SPECIES,ACCEPTED,EXACT,100,3080882,3080882,3080882,3080069,8807,6,Phyllanthaceae,5a2a12d74c9abf5e87e801fbd7142e6c16804cd55fd86ffe91aecee75e5b94e1,C:\code\web\herbaflow\etl\plants\03_match_gbif\out\cache\5a2a12d74c9abf5e87e801fbd7142e6c16804cd55fd86ffe91aecee75e5b94e1.json
Gloriosa superba,241,gloriosa superba,1,ok,200,,Gloriosa superba L.,Gloriosa superba L.,L.,SPECIES,ACCEPTED,EXACT,100,2740024,2740024,2740024,2740022,7697,6,Colchicaceae,2994eb0103b31fde2eceeae2282b398a6aa380fb1aeca8aca7d7359e3994a173,C:\code\web\herbaflow\etl\plants\03_match_gbif\out\cache\2994eb0103b31fde2eceeae2282b398a6aa380fb1aeca8aca7d7359e3994a173.json
Glycine max,242,glycine max,1,ok,200,,Glycine max (L.) Merr.,Glycine max (L.) Merr.,(L.) Merr.,SPECIES,ACCEPTED,EXACT,100,5359660,5359660,5359660,7968287,5386,6,Fabaceae,bab26f16b7362426ab39d11d1d625af608e8a2c60d44e87f34b072e8c1f5351e,C:\code\web\herbaflow\etl\plants\03_match_gbif\out\cache\bab26f16b7362426ab39d11d1d625af608e8a2c60d44e87f34b072e8c1f5351e.json
Glycine soja,243,glycine soja,1,ok,200,,Glycine soja Siebold & Zucc.,Glycine max subsp. soja (Siebold & Zucc.) H.Ohashi,Siebold & Zucc.,SPECIES,SYNONYM,EXACT,99,5359668,5359662,5359660,7968287,5386,6,Fabaceae,c509bed4ab6cdd4c4724f1feb6e492f194d5b7cd0922354e5a54089e4f293251,C:\code\web\herbaflow\etl\plants\03_match_gbif\out\cache\c509bed4ab6cdd4c4724f1feb6e492f194d5b7cd0922354e5a54089e4f293251.json
Glycyrrhiza glabra,244,glycyrrhiza glabra,1,ok,200,,Glycyrrhiza glabra L.,Glycyrrhiza glabra L.,L.,SPECIES,ACCEPTED,EXACT,99,2965732,2965732,2965732,2965731,5386,6,Fabaceae,686c0df21b7ef5cf5d0b1fee57614efe20c9e00866300370a7b2adbc9d7f3b93,C:\code\web\herbaflow\etl\plants\03_match_gbif\out\cache\686c0df21b7ef5cf5d0b1fee57614efe20c9e00866300370a7b2adbc9d7f3b93.json
Gnetum gnemon,245,gnetum gnemon,1,ok,200,,Gnetum gnemon L.,Gnetum gnemon L.,L.,SPECIES,ACCEPTED,EXACT,100,2653133,2653133,2653133,2653091,6755,6,Gnetaceae,12687e15f0f9b0640b3703f32b9a08aefef03124129a1fcede17ff96b7f1a231,C:\code\web\herbaflow\etl\plants\03_match_gbif\out\cache\12687e15f0f9b0640b3703f32b9a08aefef03124129a1fcede17ff96b7f1a231.json
Gomphrena globosa,246,gomphrena globosa,1,ok,200,,Gomphrena globosa L.,Gomphrena globosa L.,L.,SPECIES,ACCEPTED,EXACT,100,3084908,3084908,3084908,3084899,3064,6,Amaranthaceae,93366a7044ed408866082ede4532fd48eacc07e1370de2c86ac1bf0b45e6f7bd,C:\code\web\herbaflow\etl\plants\03_match_gbif\out\cache\93366a7044ed408866082ede4532fd48eacc07e1370de2c86ac1bf0b45e6f7bd.json
Goniothalamus macrophyllus,247,goniothalamus macrophyllus,1,ok,200,,Goniothalamus macrophyllus (Blume) Hook.f. & Thomson,Goniothalamus macrophyllus (Blume) Hook.f. & Thomson,(Blume) Hook.f. & Thomson,SPECIES,ACCEPTED,EXACT,99,3154616,3154616,3154616,3154482,9291,6,Annonaceae,31062157ceb36acf54710d66b7d5fb64672d7fad85cd917444b2a19f28fdd530,C:\code\web\herbaflow\etl\plants\03_match_gbif\out\cache\31062157ceb36acf54710d66b7d5fb64672d7fad85cd917444b2a19f28fdd530.json
Gossypium herbaceum,248,gossypium herbaceum,1,ok,200,,Gossypium herbaceum L.,Gossypium herbaceum L.,L.,SPECIES,ACCEPTED,EXACT,100,3152658,3152658,3152658,3152652,6685,6,Malvaceae,e8b3fe11eaa1f8f07d45d1bd1f43592a025063f42b21f93666d0b0f0d1337cf7,C:\code\web\herbaflow\etl\plants\03_match_gbif\out\cache\e8b3fe11eaa1f8f07d45d1bd1f43592a025063f42b21f93666d0b0f0d1337cf7.json
Guazuma ulmifolia,249,guazuma ulmifolia,1,ok,200,,Guazuma ulmifolia Lam.,Guazuma ulmifolia Lam.,Lam.,SPECIES,ACCEPTED,EXACT,99,3152195,3152195,3152195,3152194,6685,6,Malvaceae,b9e67970e0ae173c2d0940069a8f6b151b534f11d7fce092486b07b6933fe333,C:\code\web\herbaflow\etl\plants\03_match_gbif\out\cache\b9e67970e0ae173c2d0940069a8f6b151b534f11d7fce092486b07b6933fe333.json
Gynandropsis gynandra,250,gynandropsis gynandra,1,ok,200,,Gynandropsis gynandra (L.) Briq.,Gynandropsis gynandra (L.) Briq.,(L.) Briq.,SPECIES,ACCEPTED,EXACT,99,3054227,3054227,3054227,6370688,3845332,6,Cleomaceae,868d1b7c5f2e91d28a63f936cb6707cdae08dbd36f4e64b34defb5390860cf4c,C:\code\web\herbaflow\etl\plants\03_match_gbif\out\cache\868d1b7c5f2e91d28a63f936cb6707cdae08dbd36f4e64b34defb5390860cf4c.json
Gynura segetum,251,gynura segetum,1,ok,200,,Gynura segetum (Lour.) Merr.,Gynura japonica (Thunb.) Juel,(Lour.) Merr.,SPECIES,SYNONYM,EXACT,100,3139809,3139807,3139807,3139806,3065,6,Asteraceae,eed2d6de98c11b69a8f626869b295921e7136ada0cd1579e99ef38943cf0cebb,C:\code\web\herbaflow\etl\plants\03_match_gbif\out\cache\eed2d6de98c11b69a8f626869b295921e7136ada0cd1579e99ef38943cf0cebb.json
Hedychium coronarium,252,hedychium coronarium,1,ok,200,,Hedychium coronarium J.Koenig,Hedychium coronarium J.Koenig,J.Koenig,SPECIES,ACCEPTED,EXACT,100,7883492,7883492,7883492,2758595,4687,6,Zingiberaceae,be4f4e7a5b07b93886e2bde143a736abd317ac4b1886156492ea2627160ffa16,C:\code\web\herbaflow\etl\plants\03_match_gbif\out\cache\be4f4e7a5b07b93886e2bde143a736abd317ac4b1886156492ea2627160ffa16.json
Hedyotis corymbosa,253,hedyotis corymbosa,1,ok,200,,Rubiaceae,Rubiaceae,,FAMILY,ACCEPTED,HIGHERRANK,99,8798,8798,,,8798,6,Rubiaceae,8734d716994959cb8f3ea5074e9017333de75073ebfdc0bacecb49c6272d73f2,C:\code\web\herbaflow\etl\plants\03_match_gbif\out\cache\8734d716994959cb8f3ea5074e9017333de75073ebfdc0bacecb49c6272d73f2.json
Helianthus annuus,254,helianthus annuus,1,ok,200,,Helianthus annuus L.,Helianthus annuus L.,L.,SPECIES,ACCEPTED,EXACT,100,9206251,9206251,9206251,3119134,3065,6,Asteraceae,7802f37277e99c39be8e884189d4e6f170be4307270b1ac653a1bbf8c5995fb5,C:\code\web\herbaflow\etl\plants\03_match_gbif\out\cache\7802f37277e99c39be8e884189d4e6f170be4307270b1ac653a1bbf8c5995fb5.json
Helicteres isora,255,helicteres isora,1,ok,200,,Helicteres isora L.,Helicteres isora L.,L.,SPECIES,ACCEPTED,EXACT,99,5546922,5546922,5546922,3152154,6685,6,Malvaceae,3cf60367c0d99f19301f4f4a8f79256f7f7c343bd66054c0f264d07bd1b91389,C:\code\web\herbaflow\etl\plants\03_match_gbif\out\cache\3cf60367c0d99f19301f4f4a8f79256f7f7c343bd66054c0f264d07bd1b91389.json
Heliotropium indicum,256,heliotropium indicum,1,ok,200,,Heliotropium indicum L.,Heliotropium indicum L.,L.,SPECIES,ACCEPTED,EXACT,100,2925788,2925788,2925788,2925766,4930387,6,Heliotropiaceae,52eb6a2d39fdedffd19e084b9c7757891661462d599aae6f33c81b263fccbedc,C:\code\web\herbaflow\etl\plants\03_match_gbif\out\cache\52eb6a2d39fdedffd19e084b9c7757891661462d599aae6f33c81b263fccbedc.json
Hevea brasiliensis,257,hevea brasiliensis,1,ok,200,,Hevea brasiliensis (Willd. ex A.Juss.) Müll.Arg.,Hevea brasiliensis (Willd. ex A.Juss.) Müll.Arg.,(Willd. ex A.Juss.) Müll.Arg.,SPECIES,ACCEPTED,EXACT,100,3071171,3071171,3071171,3071157,4691,6,Euphorbiaceae,ac7360a778df9343c1a0b5bd95baf9227342774db0b45bd1e0b174ec5ee094b8,C:\code\web\herbaflow\etl\plants\03_match_gbif\out\cache\ac7360a778df9343c1a0b5bd95baf9227342774db0b45bd1e0b174ec5ee094b8.json
Hibiscus abelmoschus,258,hibiscus abelmoschus,1,ok,200,,Hibiscus abelmoschus L.,Abelmoschus moschatus subsp. moschatus,L.,SPECIES,SYNONYM,EXACT,100,3152710,10045372,8312665,3152705,6685,6,Malvaceae,22f80f51375e40782c2ee11dfeabeaddfc1a00a10bd1e8d48bd8e3fec0c91667,C:\code\web\herbaflow\etl\plants\03_match_gbif\out\cache\22f80f51375e40782c2ee11dfeabeaddfc1a00a10bd1e8d48bd8e3fec0c91667.json
Hibiscus mutabilis,259,hibiscus mutabilis,1,ok,200,,Hibiscus mutabilis L.,Hibiscus mutabilis L.,L.,SPECIES,ACCEPTED,EXACT,100,3152555,3152555,3152555,3152542,6685,6,Malvaceae,cd5fbfc52bcdc361863287ba79f28cc07f7754a3e22b0d460083760517f1b34d,C:\code\web\herbaflow\etl\plants\03_match_gbif\out\cache\cd5fbfc52bcdc361863287ba79f28cc07f7754a3e22b0d460083760517f1b34d.json
Hibiscus rosa-sinensis,260,hibiscus rosa sinensis,1,ok,200,,Hibiscus rosa-sinensis L.,Hibiscus rosa-sinensis L.,L.,SPECIES,ACCEPTED,EXACT,100,3152559,3152559,3152559,3152542,6685,6,Malvaceae,9e91c11148907a4c97350cc0a1e530ccc066e99a2f4b1bd2f251f970499761e5,C:\code\web\herbaflow\etl\plants\03_match_gbif\out\cache\9e91c11148907a4c97350cc0a1e530ccc066e99a2f4b1bd2f251f970499761e5.json
Hibiscus sabdariffa,261,hibiscus sabdariffa,1,ok,200,,Hibiscus sabdariffa L.,Hibiscus sabdariffa L.,L.,SPECIES,ACCEPTED,EXACT,99,3152582,3152582,3152582,3152542,6685,6,Malvaceae,20b8c58dc5544cfca22baddee3610a7b6ce85eaba25182e653308b54619bd98b,C:\code\web\herbaflow\etl\plants\03_match_gbif\out\cache\20b8c58dc5544cfca22baddee3610a7b6ce85eaba25182e653308b54619bd98b.json
Hibiscus tiliaceus,262,hibiscus tiliaceus,1,ok,200,,Hibiscus tiliaceus L.,Talipariti tiliaceum (L.) Fryxell,L.,SPECIES,SYNONYM,EXACT,99,3152584,7115794,7115794,7115793,6685,6,Malvaceae,b3d25f0030ba1cd554be088b9cebec9761d127a4cc92196ebab636e48c167cef,C:\code\web\herbaflow\etl\plants\03_match_gbif\out\cache\b3d25f0030ba1cd554be088b9cebec9761d127a4cc92196ebab636e48c167cef.json
Homalomena occulta,263,homalomena occulta,1,ok,200,,Homalomena occulta (Lour.) Schott,Homalomena occulta (Lour.) Schott,(Lour.) Schott,SPECIES,ACCEPTED,EXACT,100,2868708,2868708,2868708,2868531,6979,6,Araceae,46039857859f4388de11ff4f794ad05f42222b80dec8615687d3dff801a6cf1f,C:\code\web\herbaflow\etl\plants\03_match_gbif\out\cache\46039857859f4388de11ff4f794ad05f42222b80dec8615687d3dff801a6cf1f.json
Hura crepitans,264,hura crepitans,1,ok,200,,Hura crepitans L.,Hura crepitans L.,L.,SPECIES,ACCEPTED,EXACT,100,5380015,5380015,5380015,3071143,4691,6,Euphorbiaceae,fe38f558cbdbd61d633b07575d7db2da049e1c4837a96d8f1fb124e728998922,C:\code\web\herbaflow\etl\plants\03_match_gbif\out\cache\fe38f558cbdbd61d633b07575d7db2da049e1c4837a96d8f1fb124e728998922.json
Hydrangea macrophylla,265,hydrangea macrophylla,1,ok,200,,Hydrangea macrophylla (Thunb.) Ser.,Hydrangea macrophylla (Thunb.) Ser.,(Thunb.) Ser.,SPECIES,ACCEPTED,EXACT,100,2985994,2985994,2985994,2985983,6667,6,Hydrangeaceae,c207cb25587bc0d86d05ed74a8cccf67e0d2ae97cdf048065175c0b7fdd7cb7e,C:\code\web\herbaflow\etl\plants\03_match_gbif\out\cache\c207cb25587bc0d86d05ed74a8cccf67e0d2ae97cdf048065175c0b7fdd7cb7e.json
Hydrocotyle sibthorpioides,266,hydrocotyle sibthorpioides,1,ok,200,,Hydrocotyle sibthorpioides Lam.,Hydrocotyle sibthorpioides Lam.,Lam.,SPECIES,ACCEPTED,EXACT,99,8418338,8418338,8418338,3034601,8800,6,Araliaceae,913c17c4c908e5acce1dcfad528e6cfc2506ce0adaf56c9c14af0f4cc1c92ca8,C:\code\web\herbaflow\etl\plants\03_match_gbif\out\cache\913c17c4c908e5acce1dcfad528e6cfc2506ce0adaf56c9c14af0f4cc1c92ca8.json
Hylocereus undatus,267,hylocereus undatus,1,ok,200,,Hylocereus undatus (Haw.) Britton & Rose,Selenicereus undatus (Haw.) D.R.Hunt,(Haw.) Britton & Rose,SPECIES,SYNONYM,EXACT,100,3084394,10334868,10334868,3084461,2519,6,Cactaceae,f3e0806680643d1c1a996a206e1530d43fe9580bfe1cf046c18e2620298aa9be,C:\code\web\herbaflow\etl\plants\03_match_gbif\out\cache\f3e0806680643d1c1a996a206e1530d43fe9580bfe1cf046c18e2620298aa9be.json
Hyptis brevipes,268,hyptis brevipes,1,ok,200,,Hyptis brevipes Poit.,Hyptis brevipes Poit.,Poit.,SPECIES,ACCEPTED,EXACT,99,7306536,7306536,7306536,2926807,2497,6,Lamiaceae,06e2383d20a46194f9f3d2e5447bdd478048ecb9379566face6af2b5be261eca,C:\code\web\herbaflow\etl\plants\03_match_gbif\out\cache\06e2383d20a46194f9f3d2e5447bdd478048ecb9379566face6af2b5be261eca.json
Hyptis pectinata,269,hyptis pectinata,1,ok,200,,Hyptis pectinata (L.) Poit.,Mesosphaerum pectinatum (L.) Kuntze,(L.) Poit.,SPECIES,SYNONYM,EXACT,100,2926820,3889976,3889976,7307350,2497,6,Lamiaceae,283f0fac794390aa678833168667bc553d7dfb1ac2a2485be4eaa3baf1991c1a,C:\code\web\herbaflow\etl\plants\03_match_gbif\out\cache\283f0fac794390aa678833168667bc553d7dfb1ac2a2485be4eaa3baf1991c1a.json
Hyptis suaveolens,270,hyptis suaveolens,1,ok,200,,Hyptis suaveolens (L.) Poit.,Mesosphaerum suaveolens (L.) Kuntze,(L.) Poit.,SPECIES,SYNONYM,EXACT,100,2926823,3889017,3889017,7307350,2497,6,Lamiaceae,3bbf1b4e005fc48ab8b66f5300fed1b862c26de8caa931e619f7ef1a476c97be,C:\code\web\herbaflow\etl\plants\03_match_gbif\out\cache\3bbf1b4e005fc48ab8b66f5300fed1b862c26de8caa931e619f7ef1a476c97be.json
Impatiens balsamina,271,impatiens balsamina,1,ok,200,,Impatiens balsamina L.,Impatiens balsamina L.,L.,SPECIES,ACCEPTED,EXACT,100,2891773,2891773,2891773,2891766,6699,6,Balsaminaceae,1676e78af23c346cf970e71f6f9820ab66c62692032d9a0cccac36f5dfe9e53e,C:\code\web\herbaflow\etl\plants\03_match_gbif\out\cache\1676e78af23c346cf970e71f6f9820ab66c62692032d9a0cccac36f5dfe9e53e.json
Imperata cylindrica,272,imperata cylindrica,1,ok,200,,Imperata cylindrica (L.) Raeusch.,Imperata cylindrica (L.) Raeusch.,(L.) Raeusch.,SPECIES,ACCEPTED,EXACT,99,8424006,8424006,8424006,7627509,3073,6,Poaceae,6bad21143a57c02670fe80b205fb94f4034f3c7613a92a27901eb7ab190c3ffc,C:\code\web\herbaflow\etl\plants\03_match_gbif\out\cache\6bad21143a57c02670fe80b205fb94f4034f3c7613a92a27901eb7ab190c3ffc.json
Indigofera tinctoria,273,indigofera tinctoria,1,ok,200,,Indigofera tinctoria L.,Indigofera tinctoria L.,L.,SPECIES,ACCEPTED,EXACT,99,2972043,2972043,2972043,2971355,5386,6,Fabaceae,222910273725c25a942f71ae87d754718118e1a60db1b9e146ebf5288f49e22c,C:\code\web\herbaflow\etl\plants\03_match_gbif\out\cache\222910273725c25a942f71ae87d754718118e1a60db1b9e146ebf5288f49e22c.json
Intsia bijuga,274,intsia bijuga,1,ok,200,,Intsia bijuga (Colebr.) Kuntze,Intsia bijuga (Colebr.) Kuntze,(Colebr.) Kuntze,SPECIES,ACCEPTED,EXACT,99,2963211,2963211,2963211,2963210,5386,6,Fabaceae,ec7d7e7d9e810c2e3123abae29f794ae7f17e5e24b80aa6b2241801927340266,C:\code\web\herbaflow\etl\plants\03_match_gbif\out\cache\ec7d7e7d9e810c2e3123abae29f794ae7f17e5e24b80aa6b2241801927340266.json
Ipomoea aquatica,275,ipomoea aquatica,1,ok,200,,Ipomoea aquatica Forssk.,Ipomoea aquatica Forssk.,Forssk.,SPECIES,ACCEPTED,EXACT,100,2928525,2928525,2928525,2928509,2389,6,Convolvulaceae,03e1862122fcbc1694f4a9b53479e6c7f6398756d8323f6e833aa323d68f63c6,C:\code\web\herbaflow\etl\plants\03_match_gbif\out\cache\03e1862122fcbc1694f4a9b53479e6c7f6398756d8323f6e833aa323d68f63c6.json
Ipomoea batatas,276,ipomoea batatas,1,ok,200,,Ipomoea batatas (L.) Lam.,Ipomoea batatas (L.) Lam.,(L.) Lam.,SPECIES,ACCEPTED,EXACT,99,2928551,2928551,2928551,2928509,2389,6,Convolvulaceae,dbfce8ee58ce73afc082f7d5a65a9966d32649ef29986783221d07f50ebf8832,C:\code\web\herbaflow\etl\plants\03_match_gbif\out\cache\dbfce8ee58ce73afc082f7d5a65a9966d32649ef29986783221d07f50ebf8832.json
Ipomoea cairica,277,ipomoea cairica,1,ok,200,,Ipomoea cairica (L.) Sweet,Ipomoea cairica (L.) Sweet,(L.) Sweet,SPECIES,ACCEPTED,EXACT,100,2928531,2928531,2928531,2928509,2389,6,Convolvulaceae,c0e6813b9d7b760f39653b18904d59bb8f81112413f952454bde449d6101d34a,C:\code\web\herbaflow\etl\plants\03_match_gbif\out\cache\c0e6813b9d7b760f39653b18904d59bb8f81112413f952454bde449d6101d34a.json
Ipomoea pes-caprae,278,ipomoea pes caprae,1,ok,200,,Ipomoea pes-caprae (L.) R.Br.,Ipomoea pes-caprae (L.) R.Br.,(L.) R.Br.,SPECIES,ACCEPTED,EXACT,99,7999386,7999386,7999386,2928509,2389,6,Convolvulaceae,4a5a2d54cfb1dcd93b4c42cbe55ef96545651348f331434ba141b3510850479e,C:\code\web\herbaflow\etl\plants\03_match_gbif\out\cache\4a5a2d54cfb1dcd93b4c42cbe55ef96545651348f331434ba141b3510850479e.json
Ipomoea reptans,279,ipomoea reptans,1,ok,200,,Convolvulaceae,Convolvulaceae,,FAMILY,ACCEPTED,HIGHERRANK,99,2389,2389,,,2389,6,Convolvulaceae,ff29754ab623201a7b4ca76182517d4c8ca38592b205a6d259e8bb138baf7260,C:\code\web\herbaflow\etl\plants\03_match_gbif\out\cache\ff29754ab623201a7b4ca76182517d4c8ca38592b205a6d259e8bb138baf7260.json
Ipomoea sp.,280,ipomoea sp,1,ok,200,,Ipomoea L.,Ipomoea L.,L.,GENUS,ACCEPTED,HIGHERRANK,95,2928509,2928509,,2928509,2389,6,Convolvulaceae,a9b5132d1ffeaf211374b0e2b82a652693279e20481c1b0c43e39bf2c6c5bf72,C:\code\web\herbaflow\etl\plants\03_match_gbif\out\cache\a9b5132d1ffeaf211374b0e2b82a652693279e20481c1b0c43e39bf2c6c5bf72.json
Isotoma longiflora,281,isotoma longiflora,1,ok,200,,Isotoma longiflora (L.) C.Presl,Hippobroma longiflora (L.) G.Don,(L.) C.Presl,SPECIES,SYNONYM,EXACT,99,5414194,3168943,3168943,3168942,8801,6,Campanulaceae,be40d0915d14b8df7db6946b4008f5c59ff81996952d074bf6e06ab8b0f7da0d,C:\code\web\herbaflow\etl\plants\03_match_gbif\out\cache\be40d0915d14b8df7db6946b4008f5c59ff81996952d074bf6e06ab8b0f7da0d.json
Ixora chinensis,282,ixora chinensis,1,ok,200,,Ixora chinensis Lam.,Ixora chinensis Lam.,Lam.,SPECIES,ACCEPTED,EXACT,100,2905600,2905600,2905600,2905224,8798,6,Rubiaceae,a17963127932b96678bcc1a28bbb741609e19a9aa4be381495a2543dc9d8d409,C:\code\web\herbaflow\etl\plants\03_match_gbif\out\cache\a17963127932b96678bcc1a28bbb741609e19a9aa4be381495a2543dc9d8d409.json
Jasminum officinale,283,jasminum officinale,1,ok,200,,Jasminum officinale L.,Jasminum officinale L.,L.,SPECIES,ACCEPTED,EXACT,100,3172261,3172261,3172261,3172260,6652,6,Oleaceae,57855df1e283ec8ee47284aee8d50738d94cb9cd07ea01f585c3b6ee322d5043,C:\code\web\herbaflow\etl\plants\03_match_gbif\out\cache\57855df1e283ec8ee47284aee8d50738d94cb9cd07ea01f585c3b6ee322d5043.json
Jasminum sambac,284,jasminum sambac,1,ok,200,,Jasminum sambac (L.) Aiton,Jasminum sambac (L.) Aiton,(L.) Aiton,SPECIES,ACCEPTED,EXACT,99,7587215,7587215,7587215,3172260,6652,6,Oleaceae,ff366e71dc7e46715a32958fd41766f015f801dddd990bbafa1a34b5864e923d,C:\code\web\herbaflow\etl\plants\03_match_gbif\out\cache\ff366e71dc7e46715a32958fd41766f015f801dddd990bbafa1a34b5864e923d.json
Jatropha curcas,285,jatropha curcas,1,ok,200,,Jatropha curcas L.,Jatropha curcas L.,L.,SPECIES,ACCEPTED,EXACT,99,3072953,3072953,3072953,3072692,4691,6,Euphorbiaceae,5af3815de653d00a091a255c2ad48fbe2e65482b7f7d870e8b202b307f491b23,C:\code\web\herbaflow\etl\plants\03_match_gbif\out\cache\5af3815de653d00a091a255c2ad48fbe2e65482b7f7d870e8b202b307f491b23.json
Jatropha gossypifolia,286,jatropha gossypifolia,1,ok,200,,Jatropha gossypiifolia L.,Jatropha gossypiifolia L.,L.,SPECIES,ACCEPTED,VARIANT,98,3072900,3072900,3072900,3072692,4691,6,Euphorbiaceae,d05f2099c7dc6657689f550e3e784e418fb154b6ee6abd55f2da333f3dbfc149,C:\code\web\herbaflow\etl\plants\03_match_gbif\out\cache\d05f2099c7dc6657689f550e3e784e418fb154b6ee6abd55f2da333f3dbfc149.json
Jatropha gossypiifolia,287,jatropha gossypiifolia,1,ok,200,,Jatropha gossypiifolia L.,Jatropha gossypiifolia L.,L.,SPECIES,ACCEPTED,EXACT,100,3072900,3072900,3072900,3072692,4691,6,Euphorbiaceae,15d6a4e274d8f8592b13bf50a3c6d7c441b0579f30791060c8b7a88f4ef5f8a8,C:\code\web\herbaflow\etl\plants\03_match_gbif\out\cache\15d6a4e274d8f8592b13bf50a3c6d7c441b0579f30791060c8b7a88f4ef5f8a8.json
Jatropha multifida,288,jatropha multifida,1,ok,200,,Jatropha multifida L.,Jatropha multifida L.,L.,SPECIES,ACCEPTED,EXACT,100,3072985,3072985,3072985,3072692,4691,6,Euphorbiaceae,1fa22ad98eaf0514dd4ba9ac69755d5ff6a1b9fbd8402d929c5db7cc6862cec0,C:\code\web\herbaflow\etl\plants\03_match_gbif\out\cache\1fa22ad98eaf0514dd4ba9ac69755d5ff6a1b9fbd8402d929c5db7cc6862cec0.json
Jatropha podagrica,289,jatropha podagrica,1,ok,200,,Jatropha podagrica Hook.,Jatropha podagrica Hook.,Hook.,SPECIES,ACCEPTED,EXACT,100,3073016,3073016,3073016,3072692,4691,6,Euphorbiaceae,d766e8e98c82023945be8eae626a39fc05dfb69860e66312ba62f4df5c68d22a,C:\code\web\herbaflow\etl\plants\03_match_gbif\out\cache\d766e8e98c82023945be8eae626a39fc05dfb69860e66312ba62f4df5c68d22a.json
Juniperus sp.,290,juniperus sp,1,ok,200,,Juniperus L.,Juniperus L.,L.,GENUS,ACCEPTED,HIGHERRANK,96,2684359,2684359,,2684359,8144,6,Cupressaceae,ec893af48df8059361089c12ac5b7585dc8bd0c4ae6989797350e459e97760d9,C:\code\web\herbaflow\etl\plants\03_match_gbif\out\cache\ec893af48df8059361089c12ac5b7585dc8bd0c4ae6989797350e459e97760d9.json
Kaempferia galanga,291,kaempferia galanga,1,ok,200,,Kaempferia galanga L.,Kaempferia galanga L.,L.,SPECIES,ACCEPTED,EXACT,100,5301451,5301451,5301451,2756998,4687,6,Zingiberaceae,0b817581638b34f5e9e7b4629917989f11de79367a4a63f932dd133bc1bd9f2f,C:\code\web\herbaflow\etl\plants\03_match_gbif\out\cache\0b817581638b34f5e9e7b4629917989f11de79367a4a63f932dd133bc1bd9f2f.json
Kaempferia rotunda,292,kaempferia rotunda,1,ok,200,,Kaempferia rotunda L.,Kaempferia rotunda L.,L.,SPECIES,ACCEPTED,EXACT,99,5301445,5301445,5301445,2756998,4687,6,Zingiberaceae,62dea060d3ce44dd9b057b1515640898a99de58a9647d9220f54d2ffcfc21f95,C:\code\web\herbaflow\etl\plants\03_match_gbif\out\cache\62dea060d3ce44dd9b057b1515640898a99de58a9647d9220f54d2ffcfc21f95.json
Kalanchoe daigremontiana,293,kalanchoe daigremontiana,1,ok,200,,Kalanchoe daigremontiana Raym.-Hamet & H.Perrier,Kalanchoe daigremontiana Raym.-Hamet & H.Perrier,Raym.-Hamet & H.Perrier,SPECIES,ACCEPTED,EXACT,100,2985936,2985936,2985936,2985928,2406,6,Crassulaceae,7aec00a3c13e66585c56a452d46d49323863ef2af03a2b04e30a9c974ec242fe,C:\code\web\herbaflow\etl\plants\03_match_gbif\out\cache\7aec00a3c13e66585c56a452d46d49323863ef2af03a2b04e30a9c974ec242fe.json
Kalanchoe pinnata,294,kalanchoe pinnata,1,ok,200,,Kalanchoe pinnata (Lam.) Pers.,Kalanchoe pinnata (Lam.) Pers.,(Lam.) Pers.,SPECIES,ACCEPTED,EXACT,100,2985930,2985930,2985930,2985928,2406,6,Crassulaceae,9cc541af9f71a1827e1bbee3201958c728dd66ff943fd6bbb753fe37426487c2,C:\code\web\herbaflow\etl\plants\03_match_gbif\out\cache\9cc541af9f71a1827e1bbee3201958c728dd66ff943fd6bbb753fe37426487c2.json
Kyllinga brevifolia,295,kyllinga brevifolia,1,ok,200,,Cyperaceae,Cyperaceae,,FAMILY,ACCEPTED,HIGHERRANK,99,7708,7708,,,7708,6,Cyperaceae,033eec2c1406acebd7ba75061118a0864e9132bac0efa6dc805c8ba3da5ea374,C:\code\web\herbaflow\etl\plants\03_match_gbif\out\cache\033eec2c1406acebd7ba75061118a0864e9132bac0efa6dc805c8ba3da5ea374.json
Lactuca indica,296,lactuca indica,1,ok,200,,Lactuca indica L.,Lactuca indica L.,L.,SPECIES,ACCEPTED,EXACT,100,3140510,3140510,3140510,3140231,3065,6,Asteraceae,b8f032b56fb28d444870426db69cc4a5725426aea083a9f26d84945f3ab484bc,C:\code\web\herbaflow\etl\plants\03_match_gbif\out\cache\b8f032b56fb28d444870426db69cc4a5725426aea083a9f26d84945f3ab484bc.json
Lagerstroemia indica,297,lagerstroemia indica,1,ok,200,,Lagerstroemia indica L.,Lagerstroemia indica L.,L.,SPECIES,ACCEPTED,EXACT,100,3188725,3188725,3188725,3188723,6684,6,Lythraceae,9d695ba27200f8c144c6ef1c48cd85df77bdd52465045f697ec3fe5e90393f12,C:\code\web\herbaflow\etl\plants\03_match_gbif\out\cache\9d695ba27200f8c144c6ef1c48cd85df77bdd52465045f697ec3fe5e90393f12.json
Lagerstroemia speciosa,298,lagerstroemia speciosa,1,ok,200,,Lagerstroemia speciosa (L.) Pers.,Lagerstroemia speciosa (L.) Pers.,(L.) Pers.,SPECIES,ACCEPTED,EXACT,99,3188724,3188724,3188724,3188723,6684,6,Lythraceae,81c90cbbba73e17162f2bb32be806ca48b2942ecc6e7484ac86f36427b877d00,C:\code\web\herbaflow\etl\plants\03_match_gbif\out\cache\81c90cbbba73e17162f2bb32be806ca48b2942ecc6e7484ac86f36427b877d00.json
Lansium domesticum,299,lansium domesticum,1,ok,200,,Lansium domesticum Corrêa,Lansium domesticum Corrêa,Corrêa,SPECIES,ACCEPTED,EXACT,99,3190478,3190478,3190478,3190477,2397,6,Meliaceae,e8c929d10f0a0b37f0a43c6038c9122ad87c719cd6c48fe82c97e842590b42c0,C:\code\web\herbaflow\etl\plants\03_match_gbif\out\cache\e8c929d10f0a0b37f0a43c6038c9122ad87c719cd6c48fe82c97e842590b42c0.json
Lantana camara,300,lantana camara,1,ok,200,,Lantana camara L.,Lantana camara L.,L.,SPECIES,ACCEPTED,EXACT,100,2925303,2925303,2925303,2925302,6689,6,Verbenaceae,4eb55a2ff08074580872ed16b900bf1e9a5b72f5f2f8f650e9dbdce9ed93f330,C:\code\web\herbaflow\etl\plants\03_match_gbif\out\cache\4eb55a2ff08074580872ed16b900bf1e9a5b72f5f2f8f650e9dbdce9ed93f330.json
Lantana trifolia,301,lantana trifolia,1,ok,200,,Lantana trifolia L.,Lantana trifolia L.,L.,SPECIES,ACCEPTED,EXACT,99,2925321,2925321,2925321,2925302,6689,6,Verbenaceae,5d3eb1c82c6c1fa65dfd68d31494ccb935ee20790707c26c4fa2b5cf0fa2348a,C:\code\web\herbaflow\etl\plants\03_match_gbif\out\cache\5d3eb1c82c6c1fa65dfd68d31494ccb935ee20790707c26c4fa2b5cf0fa2348a.json
Laurentia longiflora,302,laurentia longiflora,1,ok,200,,Campanulaceae,Campanulaceae,,FAMILY,ACCEPTED,HIGHERRANK,99,8801,8801,,,8801,6,Campanulaceae,4a9a385cd4e9da1dea00bca503c41fc45572a37ddbb13a062ea9dbf93b55332e,C:\code\web\herbaflow\etl\plants\03_match_gbif\out\cache\4a9a385cd4e9da1dea00bca503c41fc45572a37ddbb13a062ea9dbf93b55332e.json
Lawsonia inermis,303,lawsonia inermis,1,ok,200,,Lawsonia inermis L.,Lawsonia inermis L.,L.,SPECIES,ACCEPTED,EXACT,100,5420912,5420912,5420912,3188701,6684,6,Lythraceae,9c6ef342edeb7064dc7e2825deb9ad0727798b651b43c2470a2950470338be34,C:\code\web\herbaflow\etl\plants\03_match_gbif\out\cache\9c6ef342edeb7064dc7e2825deb9ad0727798b651b43c2470a2950470338be34.json
Leonurus heterophyllus,304,leonurus heterophyllus,1,ok,200,,Leonurus heterophyllus Sweet,Leonurus japonicus Houtt.,Sweet,SPECIES,SYNONYM,EXACT,100,5607368,6410563,6410563,7492548,2497,6,Lamiaceae,09443c60e635b96e56df20442acfb4350767feb5b295d17373d80f53f60a6773,C:\code\web\herbaflow\etl\plants\03_match_gbif\out\cache\09443c60e635b96e56df20442acfb4350767feb5b295d17373d80f53f60a6773.json
Leonurus sibiricus,305,leonurus sibiricus,1,ok,200,,Leonurus sibiricus L.,Leonurus sibiricus L.,L.,SPECIES,ACCEPTED,EXACT,99,5341392,5341392,5341392,7492548,2497,6,Lamiaceae,d0c136a1d35293aa1062b7bea56d705b675335b86318e212820333d0ab5ff93d,C:\code\web\herbaflow\etl\plants\03_match_gbif\out\cache\d0c136a1d35293aa1062b7bea56d705b675335b86318e212820333d0ab5ff93d.json
Lepidium sativum,306,lepidium sativum,1,ok,200,,Lepidium sativum L.,Lepidium sativum L.,L.,SPECIES,ACCEPTED,EXACT,99,5376565,5376565,5376565,3051713,3112,6,Brassicaceae,60555556c3e56d2a12e9068e1c562e1d626ca833ba560a54a6d2ffc8531e8216,C:\code\web\herbaflow\etl\plants\03_match_gbif\out\cache\60555556c3e56d2a12e9068e1c562e1d626ca833ba560a54a6d2ffc8531e8216.json
Leptospermum flavescens,307,leptospermum flavescens,1,ok,200,,Leptospermum flavescens J.E.Sm.,Leptospermum polygalifolium subsp. polygalifolium,J.E.Sm.,SPECIES,SYNONYM,EXACT,100,3181797,7223950,3181788,3181696,5014,6,Myrtaceae,0c89becfd7d42d275cb16efa69c5fe6d6bee6c16a87ead41dcfec846d84121ac,C:\code\web\herbaflow\etl\plants\03_match_gbif\out\cache\0c89becfd7d42d275cb16efa69c5fe6d6bee6c16a87ead41dcfec846d84121ac.json
Leucaena glauca,308,leucaena glauca,1,ok,200,,Leucaena glauca (L.) Benth.,Acaciella glauca (L.) L.Rico,(L.) Benth.,SPECIES,SYNONYM,EXACT,100,2970419,3794870,3794870,6627713,5386,6,Fabaceae,b8c6a9ba6b9d6fa6ea4acd64cc8411e2d9410f8bada5d07dc20270b728808ae9,C:\code\web\herbaflow\etl\plants\03_match_gbif\out\cache\b8c6a9ba6b9d6fa6ea4acd64cc8411e2d9410f8bada5d07dc20270b728808ae9.json
Leucaena leucocephala,309,leucaena leucocephala,1,ok,200,,Leucaena leucocephala (Lam.) de Wit,Leucaena leucocephala (Lam.) de Wit,(Lam.) de Wit,SPECIES,ACCEPTED,EXACT,99,2970418,2970418,2970418,2970337,5386,6,Fabaceae,ba3fa6aae68ecf8469d72e37d033040928ce9dca6465c0f91f5f33890f03a455,C:\code\web\herbaflow\etl\plants\03_match_gbif\out\cache\ba3fa6aae68ecf8469d72e37d033040928ce9dca6465c0f91f5f33890f03a455.json
Litsea cubeba,310,litsea cubeba,1,ok,200,,Litsea cubeba (Lour.) Pers.,Litsea cubeba (Lour.) Pers.,(Lour.) Pers.,SPECIES,ACCEPTED,EXACT,99,3033977,3033977,3033977,3033976,6688,6,Lauraceae,9dabc819e5fc4fa06ec90a7b857f46dd445d97d65a952d47371dd3402666c140,C:\code\web\herbaflow\etl\plants\03_match_gbif\out\cache\9dabc819e5fc4fa06ec90a7b857f46dd445d97d65a952d47371dd3402666c140.json
Litsea glutinosa,311,litsea glutinosa,1,ok,200,,Litsea glutinosa (Lour.) C.B.Rob.,Litsea glutinosa (Lour.) C.B.Rob.,(Lour.) C.B.Rob.,SPECIES,ACCEPTED,EXACT,100,7304140,7304140,7304140,3033976,6688,6,Lauraceae,63924fc52e36e698c46bfb1f06b301327f440ec32f52b9f4771a1f374ea20a5b,C:\code\web\herbaflow\etl\plants\03_match_gbif\out\cache\63924fc52e36e698c46bfb1f06b301327f440ec32f52b9f4771a1f374ea20a5b.json
Ludwigia octovalvis,312,ludwigia octovalvis,1,ok,200,,Ludwigia octovalvis (Jacq.) P.H.Raven,Ludwigia octovalvis (Jacq.) P.H.Raven,(Jacq.) P.H.Raven,SPECIES,ACCEPTED,EXACT,100,5420987,5420987,5420987,3189286,2430,6,Onagraceae,227b08e3539e572f3ba534fc9664585ccb73dbef40198acaec2bc41bc12c72d7,C:\code\web\herbaflow\etl\plants\03_match_gbif\out\cache\227b08e3539e572f3ba534fc9664585ccb73dbef40198acaec2bc41bc12c72d7.json
Luffa cylindrica,313,luffa cylindrica,1,ok,200,,Cucurbitaceae,Cucurbitaceae,,FAMILY,ACCEPTED,HIGHERRANK,98,6634,6634,,,6634,6,Cucurbitaceae,ff9c18bac765e10f9bd654b2b8b1d22a8a39f21fc09970b854390898f37a9a47,C:\code\web\herbaflow\etl\plants\03_match_gbif\out\cache\ff9c18bac765e10f9bd654b2b8b1d22a8a39f21fc09970b854390898f37a9a47.json
Luvunga sarmentosa,314,luvunga sarmentosa,1,ok,200,,Luvunga sarmentosa (Blume) Kurz,Luvunga sarmentosa (Blume) Kurz,(Blume) Kurz,SPECIES,ACCEPTED,EXACT,100,3834748,3834748,3834748,8176821,2396,6,Rutaceae,a89dd02d3c6da3347def67f9e345f63d2874ea50c68491d41489ef8e570846cf,C:\code\web\herbaflow\etl\plants\03_match_gbif\out\cache\a89dd02d3c6da3347def67f9e345f63d2874ea50c68491d41489ef8e570846cf.json
Madhuca indica,315,madhuca indica,1,ok,200,,Madhuca indica J.F.Gmel.,Madhuca longifolia var. latifolia (Roxb.) A.Chev.,J.F.Gmel.,SPECIES,SYNONYM,EXACT,100,2883353,2883352,2883346,2883218,8802,6,Sapotaceae,26077cb4ef6113c745ebc24c213637713bca01c1b80e6c6f25db0ee0a6b46830,C:\code\web\herbaflow\etl\plants\03_match_gbif\out\cache\26077cb4ef6113c745ebc24c213637713bca01c1b80e6c6f25db0ee0a6b46830.json
Mallotus philippensis,316,mallotus philippensis,1,ok,200,,Mallotus philippensis (Lam.) Müll.Arg.,Mallotus philippensis (Lam.) Müll.Arg.,(Lam.) Müll.Arg.,SPECIES,ACCEPTED,EXACT,99,5378605,5378605,5378605,3062330,4691,6,Euphorbiaceae,c66b745e9bfda2808198c8992ed59953f14b63cfa2bc25ab41f7d8255935616b,C:\code\web\herbaflow\etl\plants\03_match_gbif\out\cache\c66b745e9bfda2808198c8992ed59953f14b63cfa2bc25ab41f7d8255935616b.json
Malus sylvestris,317,malus sylvestris,1,ok,200,,Malus sylvestris Mill.,Malus sylvestris Mill.,Mill.,SPECIES,ACCEPTED,EXACT,99,3001509,3001509,3001509,3001068,5015,6,Rosaceae,4fb10af4435e1e0961e5464df0885ca0743f5285f1a6f66128653e50129fb950,C:\code\web\herbaflow\etl\plants\03_match_gbif\out\cache\4fb10af4435e1e0961e5464df0885ca0743f5285f1a6f66128653e50129fb950.json
Manihot esculenta,318,manihot esculenta,1,ok,200,,Manihot esculenta Crantz,Manihot esculenta Crantz,Crantz,SPECIES,ACCEPTED,EXACT,100,3060998,3060998,3060998,3060685,4691,6,Euphorbiaceae,0f5e163a88714b94453a09ef7b7f63c00b3443bbce045ffb2d497683462d40fe,C:\code\web\herbaflow\etl\plants\03_match_gbif\out\cache\0f5e163a88714b94453a09ef7b7f63c00b3443bbce045ffb2d497683462d40fe.json
Manihot utilissima,319,manihot utilissima,1,ok,200,,Manihot utilissima Pohl,Manihot esculenta Crantz,Pohl,SPECIES,SYNONYM,EXACT,100,3061039,3060998,3060998,3060685,4691,6,Euphorbiaceae,0908a44042478663d0c16f4d5c26ffcf15579b3620ddb96abbf8fe08798b30a2,C:\code\web\herbaflow\etl\plants\03_match_gbif\out\cache\0908a44042478663d0c16f4d5c26ffcf15579b3620ddb96abbf8fe08798b30a2.json
Manilkara zapota,320,manilkara zapota,1,ok,200,,Manilkara zapota (L.) P.Royen,Manilkara zapota (L.) P.Royen,(L.) P.Royen,SPECIES,ACCEPTED,EXACT,100,2885158,2885158,2885158,2885024,8802,6,Sapotaceae,f04c3251a3ae1f379785451f24d5d867aa837caf5efe31dbc781201999651b87,C:\code\web\herbaflow\etl\plants\03_match_gbif\out\cache\f04c3251a3ae1f379785451f24d5d867aa837caf5efe31dbc781201999651b87.json
Melaleuca leucadendra,321,melaleuca leucadendra,1,ok,200,,Melaleuca leucadendra (L.) L.,Melaleuca leucadendra (L.) L.,(L.) L.,SPECIES,ACCEPTED,EXACT,100,5415976,5415976,5415976,3175449,5014,6,Myrtaceae,e378bb5d8aad1a5ef90fdb548577c2ca09e1a554a0e06fb1db2365935a929e61,C:\code\web\herbaflow\etl\plants\03_match_gbif\out\cache\e378bb5d8aad1a5ef90fdb548577c2ca09e1a554a0e06fb1db2365935a929e61.json
Melaleuca leucadendron,322,melaleuca leucadendron,1,ok,200,,Melaleuca L.,Melaleuca L.,L.,GENUS,ACCEPTED,HIGHERRANK,96,3175449,3175449,,3175449,5014,6,Myrtaceae,baae8e94e0bfcf626fd48943f3cdb310db01b9cc9fd610848a868a43a4210a0e,C:\code\web\herbaflow\etl\plants\03_match_gbif\out\cache\baae8e94e0bfcf626fd48943f3cdb310db01b9cc9fd610848a868a43a4210a0e.json
Melastoma malabathricum,323,melastoma malabathricum,1,ok,200,,Melastoma malabathricum L.,Melastoma malabathricum L.,L.,SPECIES,ACCEPTED,EXACT,100,3188511,3188511,3188511,3188510,6683,6,Melastomataceae,66bf1ec900e89b963e6da2752b45bb45a763dacee6d431314dc3a3b9c0fd67f8,C:\code\web\herbaflow\etl\plants\03_match_gbif\out\cache\66bf1ec900e89b963e6da2752b45bb45a763dacee6d431314dc3a3b9c0fd67f8.json
Melia azedarach,324,melia azedarach,1,ok,200,,Melia azedarach L.,Melia azedarach L.,L.,SPECIES,ACCEPTED,EXACT,99,5914287,5914287,5914287,3190496,2397,6,Meliaceae,9dabc147e52c877ba6fe837dfaae6a2e4d21650e0181d6787d50a5979f5dbb91,C:\code\web\herbaflow\etl\plants\03_match_gbif\out\cache\9dabc147e52c877ba6fe837dfaae6a2e4d21650e0181d6787d50a5979f5dbb91.json
Melochia corchorifolia,325,melochia corchorifolia,1,ok,200,,Melochia corchorifolia L.,Melochia corchorifolia L.,L.,SPECIES,ACCEPTED,EXACT,99,3152125,3152125,3152125,3152114,6685,6,Malvaceae,68521b2539699e7d64c05afdb177790ce4f871625e34c9750f444fa5c56f8478,C:\code\web\herbaflow\etl\plants\03_match_gbif\out\cache\68521b2539699e7d64c05afdb177790ce4f871625e34c9750f444fa5c56f8478.json
Mentha arvensis,326,mentha arvensis,1,ok,200,,Mentha arvensis L.,Mentha arvensis L.,L.,SPECIES,ACCEPTED,EXACT,100,2927192,2927192,2927192,2927173,2497,6,Lamiaceae,2a1bf16a35db475a3db17e48fd6d1eb376f07ddc0d59f6fbc2752371af747793,C:\code\web\herbaflow\etl\plants\03_match_gbif\out\cache\2a1bf16a35db475a3db17e48fd6d1eb376f07ddc0d59f6fbc2752371af747793.json
Mentha piperita,327,mentha piperita,1,ok,200,,Mentha × piperita L.,Mentha × piperita L.,L.,SPECIES,ACCEPTED,EXACT,100,8707933,8707933,8707933,2927173,2497,6,Lamiaceae,94d38660a8049057a7227278ecf9db99a4b2b39327ebbee697a90a30fa750511,C:\code\web\herbaflow\etl\plants\03_match_gbif\out\cache\94d38660a8049057a7227278ecf9db99a4b2b39327ebbee697a90a30fa750511.json
Mesua ferrea,328,mesua ferrea,1,ok,200,,Mesua ferrea L.,Mesua ferrea L.,L.,SPECIES,ACCEPTED,EXACT,100,7330039,7330039,7330039,7329993,4907584,6,Calophyllaceae,abec2adfcbd600c4f72e07b4bac165aaa75c3c6590e03d29f491721e210b6f16,C:\code\web\herbaflow\etl\plants\03_match_gbif\out\cache\abec2adfcbd600c4f72e07b4bac165aaa75c3c6590e03d29f491721e210b6f16.json
Metroxylon sagu,329,metroxylon sagu,1,ok,200,,Metroxylon sagu Rottb.,Metroxylon sagu Rottb.,Rottb.,SPECIES,ACCEPTED,EXACT,100,2733781,2733781,2733781,2733775,7681,6,Arecaceae,727afd2166eb58c4bf304636a2c482b058ddfa9a73560822ca8693d644833260,C:\code\web\herbaflow\etl\plants\03_match_gbif\out\cache\727afd2166eb58c4bf304636a2c482b058ddfa9a73560822ca8693d644833260.json
Michelia alba,330,michelia alba,1,ok,200,,Michelia × alba DC.,Magnolia × alba (DC.) Figlar,DC.,SPECIES,SYNONYM,EXACT,100,5635329,3987892,3987892,2888195,4690,6,Magnoliaceae,af407d5778e24be9cf409b2a6cfe1ee0a58752dfbd812917b689861d972b3f5f,C:\code\web\herbaflow\etl\plants\03_match_gbif\out\cache\af407d5778e24be9cf409b2a6cfe1ee0a58752dfbd812917b689861d972b3f5f.json
Michelia champaca,331,michelia champaca,1,ok,200,,Michelia champaca L.,Magnolia champaca (L.) Baill. ex Pierre,L.,SPECIES,SYNONYM,EXACT,100,5939079,3153099,3153099,2888195,4690,6,Magnoliaceae,c0bafff797d05e217d770b4d79b83b0a53b0001dad296c6326e5e45e4c86fc13,C:\code\web\herbaflow\etl\plants\03_match_gbif\out\cache\c0bafff797d05e217d770b4d79b83b0a53b0001dad296c6326e5e45e4c86fc13.json
Mikania micrantha,332,mikania micrantha,1,ok,200,,Mikania micrantha Kunth,Mikania micrantha Kunth,Kunth,SPECIES,ACCEPTED,EXACT,99,5398421,5398421,5398421,7722389,3065,6,Asteraceae,38a75810437747f6aa30a6d646d998079acaab6175e0679f2119bab7a5784bb3,C:\code\web\herbaflow\etl\plants\03_match_gbif\out\cache\38a75810437747f6aa30a6d646d998079acaab6175e0679f2119bab7a5784bb3.json
Millingtonia hortensis,333,millingtonia hortensis,1,ok,200,,Millingtonia hortensis L.fil.,Millingtonia hortensis L.fil.,L.fil.,SPECIES,ACCEPTED,EXACT,100,7629955,7629955,7629955,8217499,6655,6,Bignoniaceae,26396a02a04a366ef896464b9fd87f5095e01f659a07d7faded55c0dd2debd61,C:\code\web\herbaflow\etl\plants\03_match_gbif\out\cache\26396a02a04a366ef896464b9fd87f5095e01f659a07d7faded55c0dd2debd61.json
Mimosa pudica,334,mimosa pudica,1,ok,200,,Mimosa pudica L.,Mimosa pudica L.,L.,SPECIES,ACCEPTED,EXACT,99,2969284,2969284,2969284,2969235,5386,6,Fabaceae,85f2d8b1821b2b57fc59e61ae425a48358791601f6e825864b950e43882ce2c1,C:\code\web\herbaflow\etl\plants\03_match_gbif\out\cache\85f2d8b1821b2b57fc59e61ae425a48358791601f6e825864b950e43882ce2c1.json
Mimusops elengi,335,mimusops elengi,1,ok,200,,Mimusops elengi L.,Mimusops elengi L.,L.,SPECIES,ACCEPTED,EXACT,99,2883768,2883768,2883768,2883690,8802,6,Sapotaceae,007d184d81413fc598b0cd00fb19ca86b2acdaa19447d7421d9fd2d6fc37da5b,C:\code\web\herbaflow\etl\plants\03_match_gbif\out\cache\007d184d81413fc598b0cd00fb19ca86b2acdaa19447d7421d9fd2d6fc37da5b.json
Mirabilis jalapa,336,mirabilis jalapa,1,ok,200,,Mirabilis jalapa L.,Mirabilis jalapa L.,L.,SPECIES,ACCEPTED,EXACT,100,3086240,3086240,3086240,3086140,6718,6,Nyctaginaceae,6cb795889c32c38fb7e01b11d2e1fb0b2ac392977481fb300d859f67b728fb15,C:\code\web\herbaflow\etl\plants\03_match_gbif\out\cache\6cb795889c32c38fb7e01b11d2e1fb0b2ac392977481fb300d859f67b728fb15.json
Mollugo pentaphylla,337,mollugo pentaphylla,1,ok,200,,Mollugo pentaphylla L.,Trigastrotheca pentaphylla (L.) Thulin,L.,SPECIES,SYNONYM,EXACT,100,3084608,9381433,9381433,3231669,2517,6,Molluginaceae,c68230b9290bd87be792e67e18eacce3d4fb7c2970a8dc025deb8b978f4298c2,C:\code\web\herbaflow\etl\plants\03_match_gbif\out\cache\c68230b9290bd87be792e67e18eacce3d4fb7c2970a8dc025deb8b978f4298c2.json
Momordica charantia,338,momordica charantia,1,ok,200,,Momordica charantia L.,Momordica charantia L.,L.,SPECIES,ACCEPTED,EXACT,99,2874581,2874581,2874581,2874578,6634,6,Cucurbitaceae,4a506cf3ae820c446a7840702a728b4ae63675dc8117214b5541ab3fabe6b32d,C:\code\web\herbaflow\etl\plants\03_match_gbif\out\cache\4a506cf3ae820c446a7840702a728b4ae63675dc8117214b5541ab3fabe6b32d.json
Momordica cochinchinensis,339,momordica cochinchinensis,1,ok,200,,Momordica cochinchinensis (Lour.) Spreng.,Momordica cochinchinensis (Lour.) Spreng.,(Lour.) Spreng.,SPECIES,ACCEPTED,EXACT,99,2874580,2874580,2874580,2874578,6634,6,Cucurbitaceae,ea6972691f2943b81d92a2e689584cd38f9aa10abc8ea1f85664ddeefd8134ab,C:\code\web\herbaflow\etl\plants\03_match_gbif\out\cache\ea6972691f2943b81d92a2e689584cd38f9aa10abc8ea1f85664ddeefd8134ab.json
Morinda citrifolia,340,morinda citrifolia,1,ok,200,,Morinda citrifolia L.,Morinda citrifolia L.,L.,SPECIES,ACCEPTED,EXACT,100,5339879,5339879,5339879,2915429,8798,6,Rubiaceae,0d2921dead08cac0b5b138072d71c42940bfbe8087cb228311b15d9ac3eb503d,C:\code\web\herbaflow\etl\plants\03_match_gbif\out\cache\0d2921dead08cac0b5b138072d71c42940bfbe8087cb228311b15d9ac3eb503d.json
Moringa oleifera,341,moringa oleifera,1,ok,200,,Moringa oleifera Lam.,Moringa oleifera Lam.,Lam.,SPECIES,ACCEPTED,EXACT,99,3054181,3054181,3054181,3054180,6753,6,Moringaceae,e85c11a5f140354cd725fd7162f278c6f32d20c8f2293841161c6882764de959,C:\code\web\herbaflow\etl\plants\03_match_gbif\out\cache\e85c11a5f140354cd725fd7162f278c6f32d20c8f2293841161c6882764de959.json
Moringa pterygosperma,342,moringa pterygosperma,1,ok,200,,Moringa pterygosperma Gaertn.,Moringa oleifera Lam.,Gaertn.,SPECIES,SYNONYM,EXACT,100,3054182,3054181,3054181,3054180,6753,6,Moringaceae,158dcf33197d0fbfcc5848f5facaed81e9597211aefc726b76195502a5a55729,C:\code\web\herbaflow\etl\plants\03_match_gbif\out\cache\158dcf33197d0fbfcc5848f5facaed81e9597211aefc726b76195502a5a55729.json
Morus alba,343,morus alba,1,ok,200,,Morus alba L.,Morus alba L.,L.,SPECIES,ACCEPTED,EXACT,99,5361889,5361889,5361889,2984545,6640,6,Moraceae,95969d10b32ed9cc248aa583bf12080e69be22cca5dccffbe45d7cc8243f2b62,C:\code\web\herbaflow\etl\plants\03_match_gbif\out\cache\95969d10b32ed9cc248aa583bf12080e69be22cca5dccffbe45d7cc8243f2b62.json
Morus australis,344,morus australis,1,ok,200,,Morus australis Poir.,Broussonetia papyrifera (L.) L'Hér. ex Vent.,Poir.,SPECIES,SYNONYM,EXACT,100,7262450,5361944,5361944,2984643,6640,6,Moraceae,d5988bef1e5c493f075876e2861855623ca0816b8aef3d75f318c5a88f27f91d,C:\code\web\herbaflow\etl\plants\03_match_gbif\out\cache\d5988bef1e5c493f075876e2861855623ca0816b8aef3d75f318c5a88f27f91d.json
Murraya paniculata,345,murraya paniculata,1,ok,200,,Murraya paniculata (L.) Jacq.,Murraya paniculata (L.) Jacq.,(L.) Jacq.,SPECIES,ACCEPTED,EXACT,99,8190743,8190743,8190743,3190383,2396,6,Rutaceae,64b5fb4830926467cb726773be456d825a84da06083961813ff5720f639a7a8c,C:\code\web\herbaflow\etl\plants\03_match_gbif\out\cache\64b5fb4830926467cb726773be456d825a84da06083961813ff5720f639a7a8c.json
Musa paradisiaca,346,musa paradisiaca,1,ok,200,,Musa × paradisiaca L.,Musa × paradisiaca L.,L.,SPECIES,ACCEPTED,EXACT,100,2762752,2762752,2762752,2760990,4686,6,Musaceae,b2d982ebe74b3acf8a668a347ed7a8c78bde2bbc2b8c84535c7204ef89fff36f,C:\code\web\herbaflow\etl\plants\03_match_gbif\out\cache\b2d982ebe74b3acf8a668a347ed7a8c78bde2bbc2b8c84535c7204ef89fff36f.json
Musa sapientum,347,musa sapientum,1,ok,200,,Musa × sapientum L.,Musa × paradisiaca L.,L.,SPECIES,SYNONYM,EXACT,100,2762753,2762752,2762752,2760990,4686,6,Musaceae,2cccc328c45c65a82806fab350c173430d3218eebfbde848d8ff2f00172aa49a,C:\code\web\herbaflow\etl\plants\03_match_gbif\out\cache\2cccc328c45c65a82806fab350c173430d3218eebfbde848d8ff2f00172aa49a.json
Mussaenda pubescens,348,mussaenda pubescens,1,ok,200,,Mussaenda pubescens Dryand.,Mussaenda pubescens Dryand.,Dryand.,SPECIES,ACCEPTED,EXACT,99,2892558,2892558,2892558,2892394,8798,6,Rubiaceae,02b484bb5ec5856dec87a85bbbba05c11b3058c4a57876d841502a06d02ab37a,C:\code\web\herbaflow\etl\plants\03_match_gbif\out\cache\02b484bb5ec5856dec87a85bbbba05c11b3058c4a57876d841502a06d02ab37a.json
Myristica fragrans,349,myristica fragrans,1,ok,200,,Myristica fragrans Houtt.,Myristica fragrans Houtt.,Houtt.,SPECIES,ACCEPTED,EXACT,99,5406817,5406817,5406817,3152840,2439,6,Myristicaceae,dc49ed7aac222212a6262692615472461012083961f212670d6c60d66da872a0,C:\code\web\herbaflow\etl\plants\03_match_gbif\out\cache\dc49ed7aac222212a6262692615472461012083961f212670d6c60d66da872a0.json
Nelumbo nucifera,350,nelumbo nucifera,1,ok,200,,Nelumbo nucifera Gaertn.,Nelumbo nucifera Gaertn.,Gaertn.,SPECIES,ACCEPTED,EXACT,100,2882449,2882449,2882449,2882448,2424,6,Nelumbonaceae,fdaf52fa75d621d6ea80ac9d5615f7f27c8372248ff1ec8186ff162bb3b7ed9f,C:\code\web\herbaflow\etl\plants\03_match_gbif\out\cache\fdaf52fa75d621d6ea80ac9d5615f7f27c8372248ff1ec8186ff162bb3b7ed9f.json
Nephelium lappaceum,351,nephelium lappaceum,1,ok,200,,Nephelium lappaceum L.,Nephelium lappaceum L.,L.,SPECIES,ACCEPTED,EXACT,99,5421126,5421126,5421126,3189978,6657,6,Sapindaceae,b452bdd4c92d101de3cf2850c74d3eee5cc38afe3989ad8f508b57bce29637b5,C:\code\web\herbaflow\etl\plants\03_match_gbif\out\cache\b452bdd4c92d101de3cf2850c74d3eee5cc38afe3989ad8f508b57bce29637b5.json
Nerium oleander,352,nerium oleander,1,ok,200,,Nerium oleander L.,Nerium oleander L.,L.,SPECIES,ACCEPTED,EXACT,100,3169756,3169756,3169756,3169755,6701,6,Apocynaceae,a8952c01cee9abfd8fb71b8d98603f974e7039c81ce6ab6cc2b3789d51dcb125,C:\code\web\herbaflow\etl\plants\03_match_gbif\out\cache\a8952c01cee9abfd8fb71b8d98603f974e7039c81ce6ab6cc2b3789d51dcb125.json
Nicotiana tabacum,353,nicotiana tabacum,1,ok,200,,Nicotiana tabacum L.,Nicotiana tabacum L.,L.,SPECIES,ACCEPTED,EXACT,100,2928774,2928774,2928774,2928756,7717,6,Solanaceae,309aa134d7fab6157235be33cc86e43ee2f564397521bf88167e80989dc3cabb,C:\code\web\herbaflow\etl\plants\03_match_gbif\out\cache\309aa134d7fab6157235be33cc86e43ee2f564397521bf88167e80989dc3cabb.json
Nigella sativa,354,nigella sativa,1,ok,200,,Nigella sativa L.,Nigella sativa L.,L.,SPECIES,ACCEPTED,EXACT,100,5371700,5371700,5371700,3033657,2410,6,Ranunculaceae,120b195c829f24b5cdb5cc26000fa8b21c6a65e30d8c727b48eeaa6ee6e0cf49,C:\code\web\herbaflow\etl\plants\03_match_gbif\out\cache\120b195c829f24b5cdb5cc26000fa8b21c6a65e30d8c727b48eeaa6ee6e0cf49.json
Nyctanthes arbor-tristis,355,nyctanthes arbor tristis,1,ok,200,,Nyctanthes arbor-tristis L.,Nyctanthes arbor-tristis L.,L.,SPECIES,ACCEPTED,EXACT,100,3683008,3683008,3683008,7325974,6652,6,Oleaceae,739737e13095a0bcf33a55a340d62cac3d35788cbb96b80241e0071215d561fd,C:\code\web\herbaflow\etl\plants\03_match_gbif\out\cache\739737e13095a0bcf33a55a340d62cac3d35788cbb96b80241e0071215d561fd.json
Nymphaea lotus,356,nymphaea lotus,1,ok,200,,Nymphaea lotus L.,Nymphaea lotus L.,L.,SPECIES,ACCEPTED,EXACT,99,2882429,2882429,2882429,2882411,2423,6,Nymphaeaceae,4e1909411a38354baa5c47dbbddeb8964f2ce866efca42204a9e5be2767d1bd6,C:\code\web\herbaflow\etl\plants\03_match_gbif\out\cache\4e1909411a38354baa5c47dbbddeb8964f2ce866efca42204a9e5be2767d1bd6.json
Ocimum basilicum,357,ocimum basilicum,1,ok,200,,Ocimum basilicum L.,Ocimum basilicum L.,L.,SPECIES,ACCEPTED,EXACT,100,2927096,2927096,2927096,2874693,2497,6,Lamiaceae,8bab2a89d07930be32a0ca424cb6af9276214f9a068ca02fb63e1292dec2e33c,C:\code\web\herbaflow\etl\plants\03_match_gbif\out\cache\8bab2a89d07930be32a0ca424cb6af9276214f9a068ca02fb63e1292dec2e33c.json
Ocimum sanctum,358,ocimum sanctum,1,ok,200,,Ocimum sanctum L.,Ocimum tenuiflorum L.,L.,SPECIES,SYNONYM,EXACT,100,2927101,2927100,2927100,2874693,2497,6,Lamiaceae,09fe227a461e1904cd41df3b1d2c4ad30cd1884e7398463b3621f1d418c1808c,C:\code\web\herbaflow\etl\plants\03_match_gbif\out\cache\09fe227a461e1904cd41df3b1d2c4ad30cd1884e7398463b3621f1d418c1808c.json
Oldenlandia corymbosa,359,oldenlandia corymbosa,1,ok,200,,Oldenlandia corymbosa L.,Oldenlandia corymbosa L.,L.,SPECIES,ACCEPTED,EXACT,99,2911970,2911970,2911970,2915706,8798,6,Rubiaceae,623f5e6aef327e6a9b16d559d8df9e8a6f89a26b36b293a59d4e92d523ddd782,C:\code\web\herbaflow\etl\plants\03_match_gbif\out\cache\623f5e6aef327e6a9b16d559d8df9e8a6f89a26b36b293a59d4e92d523ddd782.json
Ophiopogon japonicus,360,ophiopogon japonicus,1,ok,200,,Ophiopogon japonicus (Thunb.) Ker Gawl.,Ophiopogon japonicus (Thunb.) Ker Gawl.,(Thunb.) Ker Gawl.,SPECIES,ACCEPTED,EXACT,99,2774158,2774158,2774158,9560529,7683,6,Asparagaceae,4399c961eb028732212f3ece54bf3504efbaee0ffb29cc9fbe931b5860fe6eee,C:\code\web\herbaflow\etl\plants\03_match_gbif\out\cache\4399c961eb028732212f3ece54bf3504efbaee0ffb29cc9fbe931b5860fe6eee.json
Oroxylum indicum,361,oroxylum indicum,1,ok,200,,Oroxylum indicum (L.) Kurz,Oroxylum indicum (L.) Kurz,(L.) Kurz,SPECIES,ACCEPTED,EXACT,99,7414934,7414934,7414934,7298257,6655,6,Bignoniaceae,8395cc2586951c3dc549bf09663e5c64748d510934271cfefaa14ba0aed9d6dc,C:\code\web\herbaflow\etl\plants\03_match_gbif\out\cache\8395cc2586951c3dc549bf09663e5c64748d510934271cfefaa14ba0aed9d6dc.json
Orthosiphon aristatus,362,orthosiphon aristatus,1,ok,200,,Orthosiphon aristatus (Blume) Miq.,Orthosiphon aristatus (Blume) Miq.,(Blume) Miq.,SPECIES,ACCEPTED,EXACT,100,7308026,7308026,7308026,6410205,2497,6,Lamiaceae,22ba9d47f7052f414edf21da843fc716a3c3ec5bb4a9579c93092a706db2c1ff,C:\code\web\herbaflow\etl\plants\03_match_gbif\out\cache\22ba9d47f7052f414edf21da843fc716a3c3ec5bb4a9579c93092a706db2c1ff.json
Orthosiphon spicatus,363,orthosiphon spicatus,1,ok,200,,Lamiaceae,Lamiaceae,,FAMILY,ACCEPTED,HIGHERRANK,99,2497,2497,,,2497,6,Lamiaceae,5a15912acac1dd39061c708a6764af564b920f46003170782d1c1d6671fe3a8d,C:\code\web\herbaflow\etl\plants\03_match_gbif\out\cache\5a15912acac1dd39061c708a6764af564b920f46003170782d1c1d6671fe3a8d.json
Orthosiphon stamineus,364,orthosiphon stamineus,1,ok,200,,Orthosiphon stamineus Benth.,Orthosiphon aristatus var. aristatus,Benth.,SPECIES,SYNONYM,EXACT,100,3891871,7308027,7308026,6410205,2497,6,Lamiaceae,5077cf1647fae679aabc46fc10714f9daf1bb79b276708092288326fbd0ef2c1,C:\code\web\herbaflow\etl\plants\03_match_gbif\out\cache\5077cf1647fae679aabc46fc10714f9daf1bb79b276708092288326fbd0ef2c1.json
Oryza sativa,365,oryza sativa,1,ok,200,,Oryza sativa L.,Oryza sativa L.,L.,SPECIES,ACCEPTED,EXACT,99,2703459,2703459,2703459,2703455,3073,6,Poaceae,22b174d565016042d9c7989e679f9f3141eb75dd5722e02f91461b6b28f7fcbd,C:\code\web\herbaflow\etl\plants\03_match_gbif\out\cache\22b174d565016042d9c7989e679f9f3141eb75dd5722e02f91461b6b28f7fcbd.json
Oxalis corniculata,366,oxalis corniculata,1,ok,200,,Oxalis corniculata L.,Oxalis corniculata L.,L.,SPECIES,ACCEPTED,EXACT,100,8427624,8427624,8427624,2891642,6697,6,Oxalidaceae,559258111e4184ddbb505f623d47bc76ec8cbeaad210b0795e4ca9374f0debd0,C:\code\web\herbaflow\etl\plants\03_match_gbif\out\cache\559258111e4184ddbb505f623d47bc76ec8cbeaad210b0795e4ca9374f0debd0.json
Pachyrrhizus erosus,367,pachyrrhizus erosus,1,ok,200,,Pachyrrhizus erosus (L.) Urb.,Pachyrhizus erosus (L.) Urb.,(L.) Urb.,SPECIES,SYNONYM,EXACT,100,3963605,2974683,2974683,2974664,5386,6,Fabaceae,1e605fea9f2194193e4079ece0a5aaba1fbf1ccb27fb117876093c693bbd9c45,C:\code\web\herbaflow\etl\plants\03_match_gbif\out\cache\1e605fea9f2194193e4079ece0a5aaba1fbf1ccb27fb117876093c693bbd9c45.json
Paederia foetida,368,paederia foetida,1,ok,200,,Paederia foetida L.,Paederia foetida L.,L.,SPECIES,ACCEPTED,EXACT,99,2909527,2909527,2909527,2909469,8798,6,Rubiaceae,02a8b110a41d4e3ecbb06660505d745adf9beb9d84c154fa7d02fffc97a46ca7,C:\code\web\herbaflow\etl\plants\03_match_gbif\out\cache\02a8b110a41d4e3ecbb06660505d745adf9beb9d84c154fa7d02fffc97a46ca7.json
Paederia scandens,369,paederia scandens,1,ok,200,,Paederia scandens (Lour.) Merr.,Paederia foetida L.,(Lour.) Merr.,SPECIES,SYNONYM,EXACT,100,2909530,2909527,2909527,2909469,8798,6,Rubiaceae,b6a997c47ca4e906d03cb5331bbff6131f1abb4e24d973688ab0fbb6fa25dc18,C:\code\web\herbaflow\etl\plants\03_match_gbif\out\cache\b6a997c47ca4e906d03cb5331bbff6131f1abb4e24d973688ab0fbb6fa25dc18.json
Pandanus amaryllifolius,370,pandanus amaryllifolius,1,ok,200,,Pandanus amaryllifolius Roxb. ex Lindl.,Pandanus amaryllifolius Roxb. ex Lindl.,Roxb. ex Lindl.,SPECIES,ACCEPTED,EXACT,99,9296315,9296315,9296315,8404076,3737,6,Pandanaceae,4818ae68e892e2de8c1a7a7860ae7b1dd8aef6f4ad0a9006f14e979034477e3b,C:\code\web\herbaflow\etl\plants\03_match_gbif\out\cache\4818ae68e892e2de8c1a7a7860ae7b1dd8aef6f4ad0a9006f14e979034477e3b.json
Pandanus conoideus,371,pandanus conoideus,1,ok,200,,Pandanus conoideus Lam.,Pandanus conoideus Lam.,Lam.,SPECIES,ACCEPTED,EXACT,99,5328074,5328074,5328074,8404076,3737,6,Pandanaceae,9ca772b60ad8a38d559da6ded06f520cbfec77ff102c18df5ad4474f74a0abef,C:\code\web\herbaflow\etl\plants\03_match_gbif\out\cache\9ca772b60ad8a38d559da6ded06f520cbfec77ff102c18df5ad4474f74a0abef.json
Pangium edule,372,pangium edule,1,ok,200,,Pangium edule Reinw.,Pangium edule Reinw.,Reinw.,SPECIES,ACCEPTED,EXACT,100,9796769,9796769,9796769,7110797,3231308,6,Achariaceae,aa0ad4d99643625f932f6b3d14680f18d39921dc652d1a8888bca989fb84d4df,C:\code\web\herbaflow\etl\plants\03_match_gbif\out\cache\aa0ad4d99643625f932f6b3d14680f18d39921dc652d1a8888bca989fb84d4df.json
Papaver somniferum,373,papaver somniferum,1,ok,200,,Papaver somniferum L.,Papaver somniferum L.,L.,SPECIES,ACCEPTED,EXACT,100,2888439,2888439,2888439,2888431,2422,6,Papaveraceae,74449c67773717696f35e345037dc9698eda743034e725d1ee92d97959aa6883,C:\code\web\herbaflow\etl\plants\03_match_gbif\out\cache\74449c67773717696f35e345037dc9698eda743034e725d1ee92d97959aa6883.json
Parameria laevigata,374,parameria laevigata,1,ok,200,,Parameria laevigata (Juss.) Moldenke,Urceola laevigata (Juss.) D.J.Middleton & Livsh.,(Juss.) Moldenke,SPECIES,SYNONYM,EXACT,100,5536603,9827170,9827170,3229511,6701,6,Apocynaceae,28f1528629ebab0b32946fab25aa683a5714c7fd07af19a2e69eba007adf5346,C:\code\web\herbaflow\etl\plants\03_match_gbif\out\cache\28f1528629ebab0b32946fab25aa683a5714c7fd07af19a2e69eba007adf5346.json
Parkia speciosa,375,parkia speciosa,1,ok,200,,Parkia speciosa Hassk.,Parkia speciosa Hassk.,Hassk.,SPECIES,ACCEPTED,EXACT,100,5348811,5348811,5348811,2943936,5386,6,Fabaceae,6a79e00d24d7f124e98cfa9ce2219c2a5b4c561d69109b6c05835c11b03ce5c0,C:\code\web\herbaflow\etl\plants\03_match_gbif\out\cache\6a79e00d24d7f124e98cfa9ce2219c2a5b4c561d69109b6c05835c11b03ce5c0.json
Passiflora foetida,376,passiflora foetida,1,ok,200,,Passiflora foetida L.,Passiflora foetida L.,L.,SPECIES,ACCEPTED,EXACT,99,2874211,2874211,2874211,2874172,2378,6,Passifloraceae,82a517d8f522f9aef53192c4e50924e3409482d2bed1b4c342ce0d9e2e7946d8,C:\code\web\herbaflow\etl\plants\03_match_gbif\out\cache\82a517d8f522f9aef53192c4e50924e3409482d2bed1b4c342ce0d9e2e7946d8.json
Pedilanthus tithymaloides,377,pedilanthus tithymaloides,1,ok,200,,Pedilanthus tithymaloides (L.) Poit.,Euphorbia tithymaloides L.,(L.) Poit.,SPECIES,SYNONYM,EXACT,100,3069185,3069168,3069168,11397237,4691,6,Euphorbiaceae,37b9d80f4019f8f2b537a94f680562b41b64b0ed0024256a05c1a436a7854b9e,C:\code\web\herbaflow\etl\plants\03_match_gbif\out\cache\37b9d80f4019f8f2b537a94f680562b41b64b0ed0024256a05c1a436a7854b9e.json
Peltophorum pterocarpum,378,peltophorum pterocarpum,1,ok,200,,Peltophorum pterocarpum (DC.) Backer ex K.Heyne,Peltophorum pterocarpum (DC.) Backer ex K.Heyne,(DC.) Backer ex K.Heyne,SPECIES,ACCEPTED,EXACT,99,2952775,2952775,2952775,2952763,5386,6,Fabaceae,81ba866cb7b4b521a44ecafa2aa963b9cb4a390751554f646731533c0356719e,C:\code\web\herbaflow\etl\plants\03_match_gbif\out\cache\81ba866cb7b4b521a44ecafa2aa963b9cb4a390751554f646731533c0356719e.json
Peperomia pellucida,379,peperomia pellucida,1,ok,200,,Peperomia pellucida (L.) Kunth,Peperomia pellucida (L.) Kunth,(L.) Kunth,SPECIES,ACCEPTED,EXACT,100,3086412,3086412,3086412,3086367,6678,6,Piperaceae,e32ff26f83446ccc4380f8bc0e7869f01ffb6e3a5e2e1c755835a7a3a4dfc39d,C:\code\web\herbaflow\etl\plants\03_match_gbif\out\cache\e32ff26f83446ccc4380f8bc0e7869f01ffb6e3a5e2e1c755835a7a3a4dfc39d.json
Persea americana,380,persea americana,1,ok,200,,Persea americana Mill.,Persea americana Mill.,Mill.,SPECIES,ACCEPTED,EXACT,99,3034046,3034046,3034046,3034041,6688,6,Lauraceae,f8d6070c393d73f3e65348f5efd1471557530862b28d7aa0bb701391320f115b,C:\code\web\herbaflow\etl\plants\03_match_gbif\out\cache\f8d6070c393d73f3e65348f5efd1471557530862b28d7aa0bb701391320f115b.json
Persea gratissima,381,persea gratissima,1,ok,200,,Persea gratissima C.F.Gaertn.,Persea americana Mill.,C.F.Gaertn.,SPECIES,SYNONYM,EXACT,99,6407390,3034046,3034046,3034041,6688,6,Lauraceae,26ee4473a77bb84b4fe5507a727d1120ac867c8383b2e51ae29a49edc0ca6581,C:\code\web\herbaflow\etl\plants\03_match_gbif\out\cache\26ee4473a77bb84b4fe5507a727d1120ac867c8383b2e51ae29a49edc0ca6581.json
Phaleria macrocarpa,382,phaleria macrocarpa,1,ok,200,,Phaleria macrocarpa (Scheff.) Boerl.,Phaleria macrocarpa (Scheff.) Boerl.,(Scheff.) Boerl.,SPECIES,ACCEPTED,EXACT,100,5524327,5524327,5524327,3233887,2428,6,Thymelaeaceae,f522188dcd6ab7822e4d451f5e06739f67da6477893afedf26916b3df553c25f,C:\code\web\herbaflow\etl\plants\03_match_gbif\out\cache\f522188dcd6ab7822e4d451f5e06739f67da6477893afedf26916b3df553c25f.json
Phaseolus mungo,383,phaseolus mungo,1,ok,200,,Phaseolus mungo Wall.,Phaseolus mungo Wall.,Wall.,SPECIES,ACCEPTED,EXACT,99,8305376,8305376,8305376,2947798,5386,6,Fabaceae,8bfcab0a6ead693b9fb97c0a651618a229f32dc0092119a51eeb39040ecccc91,C:\code\web\herbaflow\etl\plants\03_match_gbif\out\cache\8bfcab0a6ead693b9fb97c0a651618a229f32dc0092119a51eeb39040ecccc91.json
Phaseolus radiatus,384,phaseolus radiatus,1,ok,200,,Vigna Savi,Vigna Savi,Savi,GENUS,ACCEPTED,HIGHERRANK,99,2982372,2982372,,2982372,5386,6,Fabaceae,8f9f70ba7102b629e7370d6506674b34a3c5d29b71fffa33cb37162dc92d7da4,C:\code\web\herbaflow\etl\plants\03_match_gbif\out\cache\8f9f70ba7102b629e7370d6506674b34a3c5d29b71fffa33cb37162dc92d7da4.json
Phaseolus vulgaris,385,phaseolus vulgaris,1,ok,200,,Phaseolus vulgaris L.,Phaseolus vulgaris L.,L.,SPECIES,ACCEPTED,EXACT,99,5350452,5350452,5350452,2947798,5386,6,Fabaceae,14c2a3547f257258aa3cdc629706fe8b4c2b5ef7db8476da12947be76a45985c,C:\code\web\herbaflow\etl\plants\03_match_gbif\out\cache\14c2a3547f257258aa3cdc629706fe8b4c2b5ef7db8476da12947be76a45985c.json
Phyllanthus acidus,386,phyllanthus acidus,1,ok,200,,Phyllanthus acidus (L.) Skeels,Phyllanthus acidus (L.) Skeels,(L.) Skeels,SPECIES,ACCEPTED,EXACT,100,5381567,5381567,5381567,3061139,8807,6,Phyllanthaceae,4fdcc9c45d9230f7a5eef0f97c6ce604f7dd057376815ef7e3e49ed382b129c9,C:\code\web\herbaflow\etl\plants\03_match_gbif\out\cache\4fdcc9c45d9230f7a5eef0f97c6ce604f7dd057376815ef7e3e49ed382b129c9.json
Phyllanthus amarus,387,phyllanthus amarus,1,ok,200,,Phyllanthus amarus Schumach. & Thonn.,Phyllanthus amarus Schumach. & Thonn.,Schumach. & Thonn.,SPECIES,ACCEPTED,EXACT,100,5382589,5382589,5382589,3061139,8807,6,Phyllanthaceae,ea7bb95c5fb38bab8717d13023061ea1ed9bd06b8604511b2f4c41fd052484ce,C:\code\web\herbaflow\etl\plants\03_match_gbif\out\cache\ea7bb95c5fb38bab8717d13023061ea1ed9bd06b8604511b2f4c41fd052484ce.json
Phyllanthus emblica,388,phyllanthus emblica,1,ok,200,,Phyllanthus emblica L.,Phyllanthus emblica L.,L.,SPECIES,ACCEPTED,EXACT,100,5381660,5381660,5381660,3061139,8807,6,Phyllanthaceae,835b6f28ed17af3ed5a812e9ad847844acf3591e46c364dd45b65aeebd24c4eb,C:\code\web\herbaflow\etl\plants\03_match_gbif\out\cache\835b6f28ed17af3ed5a812e9ad847844acf3591e46c364dd45b65aeebd24c4eb.json
Phyllanthus niruri,389,phyllanthus niruri,1,ok,200,,Phyllanthus niruri L.,Phyllanthus niruri L.,L.,SPECIES,ACCEPTED,EXACT,99,5381945,5381945,5381945,3061139,8807,6,Phyllanthaceae,049e1a23918abe7a748e6710d7cb6203b6a07c618e6ad837a0de3715feadbb9c,C:\code\web\herbaflow\etl\plants\03_match_gbif\out\cache\049e1a23918abe7a748e6710d7cb6203b6a07c618e6ad837a0de3715feadbb9c.json
Phyllanthus reticulatus,390,phyllanthus reticulatus,1,ok,200,,Phyllanthus reticulatus Poir.,Phyllanthus reticulatus Poir.,Poir.,SPECIES,ACCEPTED,EXACT,99,5382478,5382478,5382478,3061139,8807,6,Phyllanthaceae,fdbfe4728a2b36d2d7a9367a4fd64704e872f8ab3373d2814ac4dc9ed54195f2,C:\code\web\herbaflow\etl\plants\03_match_gbif\out\cache\fdbfe4728a2b36d2d7a9367a4fd64704e872f8ab3373d2814ac4dc9ed54195f2.json
Phyllanthus urinaria,391,phyllanthus urinaria,1,ok,200,,Phyllanthus urinaria L.,Phyllanthus urinaria L.,L.,SPECIES,ACCEPTED,EXACT,99,5382780,5382780,5382780,3061139,8807,6,Phyllanthaceae,24eb10218b54c149157e8610562d0d4ae18951eb8f640efa071df21b86e65be0,C:\code\web\herbaflow\etl\plants\03_match_gbif\out\cache\24eb10218b54c149157e8610562d0d4ae18951eb8f640efa071df21b86e65be0.json
Physalis angulata,392,physalis angulata,1,ok,200,,Physalis angulata L.,Physalis angulata L.,L.,SPECIES,ACCEPTED,EXACT,99,5341792,5341792,5341792,2928907,7717,6,Solanaceae,fd61dbdbf57e64898db5517cdd25752fa893c32697179678399b71f621015d94,C:\code\web\herbaflow\etl\plants\03_match_gbif\out\cache\fd61dbdbf57e64898db5517cdd25752fa893c32697179678399b71f621015d94.json
Physalis minima,393,physalis minima,1,ok,200,,Physalis minima L.,Physalis angulata L.,L.,SPECIES,SYNONYM,EXACT,100,5341772,5341792,5341792,2928907,7717,6,Solanaceae,0bd3fbd95835f0657802d70f7e2f0124e30f654b0ef2d36f2e915377d0e9bb98,C:\code\web\herbaflow\etl\plants\03_match_gbif\out\cache\0bd3fbd95835f0657802d70f7e2f0124e30f654b0ef2d36f2e915377d0e9bb98.json
Physalis peruviana,394,physalis peruviana,1,ok,200,,Physalis peruviana L.,Physalis peruviana L.,L.,SPECIES,ACCEPTED,EXACT,99,5341784,5341784,5341784,2928907,7717,6,Solanaceae,94a9e625265761d1ca96f017859cf03ccf1eb06866595b9309159ec1abc017c8,C:\code\web\herbaflow\etl\plants\03_match_gbif\out\cache\94a9e625265761d1ca96f017859cf03ccf1eb06866595b9309159ec1abc017c8.json
Pimpinella anisum,395,pimpinella anisum,1,ok,200,,Pimpinella anisum L.,Pimpinella anisum L.,L.,SPECIES,ACCEPTED,EXACT,99,8080300,8080300,8080300,3034784,6720,6,Apiaceae,9cc763cd7893e9f185fcad16edee89d4526d778a73d62ded14c4e60ba0b242a4,C:\code\web\herbaflow\etl\plants\03_match_gbif\out\cache\9cc763cd7893e9f185fcad16edee89d4526d778a73d62ded14c4e60ba0b242a4.json
Piper betle,396,piper betle,1,ok,200,,Piper betle L.,Piper betle L.,L.,SPECIES,ACCEPTED,EXACT,100,4187904,4187904,4187904,3075433,6678,6,Piperaceae,98cbb27099113611c58a54c74dcd371ce1c72d5ccd7ddf7839972551ef28f13e,C:\code\web\herbaflow\etl\plants\03_match_gbif\out\cache\98cbb27099113611c58a54c74dcd371ce1c72d5ccd7ddf7839972551ef28f13e.json
Piper cubeba,397,piper cubeba,1,ok,200,,Piper cubeba L.fil.,Piper cubeba L.fil.,L.fil.,SPECIES,ACCEPTED,EXACT,99,7606629,7606629,7606629,3075433,6678,6,Piperaceae,c45f12250ef4c76124925440b6efcbaffd395594cc2ea434f4e2cd0da26969ff,C:\code\web\herbaflow\etl\plants\03_match_gbif\out\cache\c45f12250ef4c76124925440b6efcbaffd395594cc2ea434f4e2cd0da26969ff.json
Piper methysticum,398,piper methysticum,1,ok,200,,Piperaceae,Piperaceae,,FAMILY,ACCEPTED,HIGHERRANK,99,6678,6678,,,6678,6,Piperaceae,c3d410f78e51b1d92a1f7fb05c5dbfd2d16dbed60f026ac5d74970a869feb177,C:\code\web\herbaflow\etl\plants\03_match_gbif\out\cache\c3d410f78e51b1d92a1f7fb05c5dbfd2d16dbed60f026ac5d74970a869feb177.json
Piper nigrum,399,piper nigrum,1,ok,200,,Piper nigrum L.,Piper nigrum L.,L.,SPECIES,ACCEPTED,EXACT,99,3086357,3086357,3086357,3075433,6678,6,Piperaceae,a85ca4efe2aad7fad86d70a7fadece689676bafce94a15490d2ac82c6d2b298f,C:\code\web\herbaflow\etl\plants\03_match_gbif\out\cache\a85ca4efe2aad7fad86d70a7fadece689676bafce94a15490d2ac82c6d2b298f.json
Piper retrofractum,400,piper retrofractum,1,ok,200,,Piper retrofractum Vahl,Piper retrofractum Vahl,Vahl,SPECIES,ACCEPTED,EXACT,100,3086342,3086342,3086342,3075433,6678,6,Piperaceae,ebe967f175961826b1beac814fa0626ac61c26786a0765d2bb136d816470dc87,C:\code\web\herbaflow\etl\plants\03_match_gbif\out\cache\ebe967f175961826b1beac814fa0626ac61c26786a0765d2bb136d816470dc87.json
Plantago major,401,plantago major,1,ok,200,,Plantago major L.,Plantago major L.,L.,SPECIES,ACCEPTED,EXACT,99,3189767,3189767,3189767,3189695,2420,6,Plantaginaceae,1ebf523677c6c8347402a0fbf34a7013bd7df2a5059a43bd31732ca761af21e4,C:\code\web\herbaflow\etl\plants\03_match_gbif\out\cache\1ebf523677c6c8347402a0fbf34a7013bd7df2a5059a43bd31732ca761af21e4.json
Platycladus orientalis,402,platycladus orientalis,1,ok,200,,Platycladus orientalis (L.) Franco,Platycladus orientalis (L.) Franco,(L.) Franco,SPECIES,ACCEPTED,EXACT,100,2684855,2684855,2684855,2684854,8144,6,Cupressaceae,bd3f655380dc94111e307dd649496a6b106783bb2c54089d620bb9803b4f3f3a,C:\code\web\herbaflow\etl\plants\03_match_gbif\out\cache\bd3f655380dc94111e307dd649496a6b106783bb2c54089d620bb9803b4f3f3a.json
Platycodon grandiflorum,403,platycodon grandiflorum,1,ok,200,,Platycodon grandiflorus (Jacq.) A.DC.,Platycodon grandiflorus (Jacq.) A.DC.,(Jacq.) A.DC.,SPECIES,ACCEPTED,VARIANT,95,3164340,3164340,3164340,3164339,8801,6,Campanulaceae,96be5e7292520095016b3873b06bac4516bd43981b5de0d32820517b474c90e8,C:\code\web\herbaflow\etl\plants\03_match_gbif\out\cache\96be5e7292520095016b3873b06bac4516bd43981b5de0d32820517b474c90e8.json
Pluchea indica,404,pluchea indica,1,ok,200,,Pluchea indica (L.) Less.,Pluchea indica (L.) Less.,(L.) Less.,SPECIES,ACCEPTED,EXACT,100,3132728,3132728,3132728,3132596,3065,6,Asteraceae,d2968f259958da032a44a3c593f3e61f56c53ac749f110c4c468bf06a73fc025,C:\code\web\herbaflow\etl\plants\03_match_gbif\out\cache\d2968f259958da032a44a3c593f3e61f56c53ac749f110c4c468bf06a73fc025.json
Plumbago indica,405,plumbago indica,1,ok,200,,Plumbago indica L.,Plumbago indica L.,L.,SPECIES,ACCEPTED,EXACT,100,3082286,3082286,3082286,3082281,2419,6,Plumbaginaceae,d6abbc18cc7eea6e3327c0e75731ce85a0fff09c92187ed038acfe625410aa9a,C:\code\web\herbaflow\etl\plants\03_match_gbif\out\cache\d6abbc18cc7eea6e3327c0e75731ce85a0fff09c92187ed038acfe625410aa9a.json
Plumbago zeylanica,406,plumbago zeylanica,1,ok,200,,Plumbago zeylanica L.,Plumbago zeylanica L.,L.,SPECIES,ACCEPTED,EXACT,100,3082282,3082282,3082282,3082281,2419,6,Plumbaginaceae,ed4c990311e69ccab451860d61ce8286f702c7c39b3b601113868d4d238eac1a,C:\code\web\herbaflow\etl\plants\03_match_gbif\out\cache\ed4c990311e69ccab451860d61ce8286f702c7c39b3b601113868d4d238eac1a.json
Plumeria acutifolia,407,plumeria acutifolia,1,ok,200,,Plumeria acutifolia Poir.,Plumeria rubra L.,Poir.,SPECIES,SYNONYM,EXACT,100,3169676,3169674,3169674,3169672,6701,6,Apocynaceae,14d218dcf71bf5188cb59f638a117516a2d80b53bb0db5939b95733ee0bfb43d,C:\code\web\herbaflow\etl\plants\03_match_gbif\out\cache\14d218dcf71bf5188cb59f638a117516a2d80b53bb0db5939b95733ee0bfb43d.json
Plumeria rubra,408,plumeria rubra,1,ok,200,,Plumeria rubra L.,Plumeria rubra L.,L.,SPECIES,ACCEPTED,EXACT,100,3169674,3169674,3169674,3169672,6701,6,Apocynaceae,ee905f1df205573e5d48e26a33b05f493877fc5eaad43fa54fee50bb9b4ff691,C:\code\web\herbaflow\etl\plants\03_match_gbif\out\cache\ee905f1df205573e5d48e26a33b05f493877fc5eaad43fa54fee50bb9b4ff691.json
Pogostemon cablin,409,pogostemon cablin,1,ok,200,,Pogostemon cablin (Blanco) Benth.,Pogostemon cablin (Blanco) Benth.,(Blanco) Benth.,SPECIES,ACCEPTED,EXACT,100,2926672,2926672,2926672,2926671,2497,6,Lamiaceae,21739d40fa3fb3751ad53f45738855277de8f8ee3979a8089bc16cd483418232,C:\code\web\herbaflow\etl\plants\03_match_gbif\out\cache\21739d40fa3fb3751ad53f45738855277de8f8ee3979a8089bc16cd483418232.json
Pongamia pinnata,410,pongamia pinnata,1,ok,200,,Pongamia pinnata (L.) Pierre,Pongamia pinnata (L.) Pierre,(L.) Pierre,SPECIES,ACCEPTED,EXACT,99,2965911,2965911,2965911,7953486,5386,6,Fabaceae,7f264370cf45553519350ca0bd5434815b6793720319b84d2cf4053144366743,C:\code\web\herbaflow\etl\plants\03_match_gbif\out\cache\7f264370cf45553519350ca0bd5434815b6793720319b84d2cf4053144366743.json
Portulaca grandiflora,411,portulaca grandiflora,1,ok,200,,Portulaca grandiflora Hook.,Portulaca grandiflora Hook.,Hook.,SPECIES,ACCEPTED,EXACT,100,3084700,3084700,3084700,3084696,6717,6,Portulacaceae,a69d29485bdd47822414dc3ce5846f53c2205ad6505cbce190bc044cef42ba9e,C:\code\web\herbaflow\etl\plants\03_match_gbif\out\cache\a69d29485bdd47822414dc3ce5846f53c2205ad6505cbce190bc044cef42ba9e.json
Portulaca oleracea,412,portulaca oleracea,1,ok,200,,Portulaca oleracea L.,Portulaca oleracea L.,L.,SPECIES,ACCEPTED,EXACT,100,3084719,3084719,3084719,3084696,6717,6,Portulacaceae,dd104af063540c0345d6a03b98d41228e84172e86a798c10d2cf7f0702aaad92,C:\code\web\herbaflow\etl\plants\03_match_gbif\out\cache\dd104af063540c0345d6a03b98d41228e84172e86a798c10d2cf7f0702aaad92.json
Premna corymbosa,413,premna corymbosa,1,ok,200,,Premna corymbosa Rottler,Premna corymbosa Rottler,Rottler,SPECIES,ACCEPTED,EXACT,99,7713954,7713954,7713954,2925344,2497,6,Lamiaceae,7004c61bbe3dadce215112ce8acd5bbc35aa7958c3c3cc9f74bef2cda7ba248a,C:\code\web\herbaflow\etl\plants\03_match_gbif\out\cache\7004c61bbe3dadce215112ce8acd5bbc35aa7958c3c3cc9f74bef2cda7ba248a.json
Psidium guajava,414,psidium guajava,1,ok,200,,Psidium guajava L.,Psidium guajava L.,L.,SPECIES,ACCEPTED,EXACT,100,5420380,5420380,5420380,3187232,5014,6,Myrtaceae,2b6f8d370d78f26dc54b22f9c248b11877d88d088b2605cee1f599491d5e42c3,C:\code\web\herbaflow\etl\plants\03_match_gbif\out\cache\2b6f8d370d78f26dc54b22f9c248b11877d88d088b2605cee1f599491d5e42c3.json
Psophocarpus tetragonolobus,415,psophocarpus tetragonolobus,1,ok,200,,Psophocarpus tetragonolobus (L.) DC.,Psophocarpus tetragonolobus (L.) DC.,(L.) DC.,SPECIES,ACCEPTED,EXACT,100,2944683,2944683,2944683,2944679,5386,6,Fabaceae,9939cf68519acb2430df9f17f1336155c636961c708a56412ff2939f7a5a5a80,C:\code\web\herbaflow\etl\plants\03_match_gbif\out\cache\9939cf68519acb2430df9f17f1336155c636961c708a56412ff2939f7a5a5a80.json
Pterocarpus indicus,416,pterocarpus indicus,1,ok,200,,Pterocarpus indicus Willd.,Pterocarpus indicus Willd.,Willd.,SPECIES,ACCEPTED,EXACT,99,5349242,5349242,5349242,5349236,5386,6,Fabaceae,cb75264783a086ac5e56f54fa5ff1567f9ae32adba0617ba439378346f33adab,C:\code\web\herbaflow\etl\plants\03_match_gbif\out\cache\cb75264783a086ac5e56f54fa5ff1567f9ae32adba0617ba439378346f33adab.json
Pueraria montana,417,pueraria montana,1,ok,200,,Pueraria montana (Lour.) Merr.,Pueraria montana (Lour.) Merr.,(Lour.) Merr.,SPECIES,ACCEPTED,EXACT,100,2977636,2977636,2977636,2977604,5386,6,Fabaceae,04339af039042d068a5b47c908421edd7c7508455bf5e4abb3522c271798978a,C:\code\web\herbaflow\etl\plants\03_match_gbif\out\cache\04339af039042d068a5b47c908421edd7c7508455bf5e4abb3522c271798978a.json
Punica granatum,418,punica granatum,1,ok,200,,Punica granatum L.,Punica granatum L.,L.,SPECIES,ACCEPTED,EXACT,100,5420901,5420901,5420901,3188663,6684,6,Lythraceae,1381ccb3f88d658d9d6d9d6b018fde93ed561987011cf7d7e57fe82ae77cbf8a,C:\code\web\herbaflow\etl\plants\03_match_gbif\out\cache\1381ccb3f88d658d9d6d9d6b018fde93ed561987011cf7d7e57fe82ae77cbf8a.json
Pycnoporus sanguineus,419,pycnoporus sanguineus,1,ok,200,,Pycnoporus sanguineus (L.) Murrill,Fabisporus sanguineus (L.) Zmitr.,(L.) Murrill,SPECIES,SYNONYM,EXACT,96,5246472,2546050,2546050,2545921,3286,5,Polyporaceae,7fb7d36dde41770fcc3a782f3d070b26e2689ac3e9ececbc59396470b1869b8e,C:\code\web\herbaflow\etl\plants\03_match_gbif\out\cache\7fb7d36dde41770fcc3a782f3d070b26e2689ac3e9ececbc59396470b1869b8e.json
Pyrus malus,420,pyrus malus,1,ok,200,,Malus Mill.,Malus Mill.,Mill.,GENUS,ACCEPTED,HIGHERRANK,99,3001068,3001068,,3001068,5015,6,Rosaceae,0fccff34cff7d34c7c8c30ff4e0db6c31d05c057dca2350a15cb337c40e9b630,C:\code\web\herbaflow\etl\plants\03_match_gbif\out\cache\0fccff34cff7d34c7c8c30ff4e0db6c31d05c057dca2350a15cb337c40e9b630.json
Quamoclit pennata,421,quamoclit pennata,1,ok,200,,Quamoclit pennata Bojer,Ipomoea quamoclit L.,Bojer,SPECIES,SYNONYM,EXACT,99,5549024,2928562,2928562,2928509,2389,6,Convolvulaceae,8510b938c827236b24328c12581c8229f33f8fe8a5f1c499bd041cb67779c2ea,C:\code\web\herbaflow\etl\plants\03_match_gbif\out\cache\8510b938c827236b24328c12581c8229f33f8fe8a5f1c499bd041cb67779c2ea.json
Quassia amara,422,quassia amara,1,ok,200,,Quassia amara L.,Quassia amara L.,L.,SPECIES,ACCEPTED,EXACT,100,3190647,3190647,3190647,3190646,2395,6,Simaroubaceae,bc6c4b8ac58ac5046c007da19ff03090f67d4539ab970d91d5bc852f3288b7c0,C:\code\web\herbaflow\etl\plants\03_match_gbif\out\cache\bc6c4b8ac58ac5046c007da19ff03090f67d4539ab970d91d5bc852f3288b7c0.json
Quisqualis indica,423,quisqualis indica,1,ok,200,,Combretum Loefl.,Combretum Loefl.,Loefl.,GENUS,ACCEPTED,HIGHERRANK,99,2986357,2986357,,2986357,2431,6,Combretaceae,94a97f505cd3c9fc18a72d54a5ea23f67cfa1acceceeee96b65c6ae982871824,C:\code\web\herbaflow\etl\plants\03_match_gbif\out\cache\94a97f505cd3c9fc18a72d54a5ea23f67cfa1acceceeee96b65c6ae982871824.json
Raphanus sativus,424,raphanus sativus,1,ok,200,,Raphanus sativus L.,Raphanus sativus L.,L.,SPECIES,ACCEPTED,EXACT,100,7678610,7678610,7678610,3040962,3112,6,Brassicaceae,83e4aafd5381e4c8f857b60cbbf4de1c3bfdbfb99a6386bc2beca8209324500c,C:\code\web\herbaflow\etl\plants\03_match_gbif\out\cache\83e4aafd5381e4c8f857b60cbbf4de1c3bfdbfb99a6386bc2beca8209324500c.json
Rauvolfia reflexa,425,rauvolfia reflexa,1,ok,200,,Rauvolfia reflexa Koord. & Valeton,Rauvolfia reflexa Koord. & Valeton,Koord. & Valeton,SPECIES,ACCEPTED,EXACT,99,3616839,3616839,3616839,3169769,6701,6,Apocynaceae,a32d9a15fbae687a1e74e8f63297b7fa89ef47af5a27e1a3049fc80ec34b7674,C:\code\web\herbaflow\etl\plants\03_match_gbif\out\cache\a32d9a15fbae687a1e74e8f63297b7fa89ef47af5a27e1a3049fc80ec34b7674.json
Rauvolfia serpentina,426,rauvolfia serpentina,1,ok,200,,Rauvolfia serpentina (L.) Benth. ex Kurz,Rauvolfia serpentina (L.) Benth. ex Kurz,(L.) Benth. ex Kurz,SPECIES,ACCEPTED,EXACT,99,3169787,3169787,3169787,3169769,6701,6,Apocynaceae,6e894271a03e9794589cc398973322a17f8cc5e373b8b967f6ce2c306ca8caeb,C:\code\web\herbaflow\etl\plants\03_match_gbif\out\cache\6e894271a03e9794589cc398973322a17f8cc5e373b8b967f6ce2c306ca8caeb.json
Rauvolfia sumatrana,427,rauvolfia sumatrana,1,ok,200,,Rauvolfia sumatrana Jack,Rauvolfia sumatrana Jack,Jack,SPECIES,ACCEPTED,EXACT,100,3616339,3616339,3616339,3169769,6701,6,Apocynaceae,2ad6ca469598132fb607b917e668898ae0777310c161711f9ce32110120ac248,C:\code\web\herbaflow\etl\plants\03_match_gbif\out\cache\2ad6ca469598132fb607b917e668898ae0777310c161711f9ce32110120ac248.json
Rauvolfia verticillata,428,rauvolfia verticillata,1,ok,200,,Rauvolfia verticillata (Lour.) Baill.,Rauvolfia verticillata (Lour.) Baill.,(Lour.) Baill.,SPECIES,ACCEPTED,EXACT,99,3616228,3616228,3616228,3169769,6701,6,Apocynaceae,96ab1165d58ce534f506f1cd7630749dad5acec1537ce46c4fdc078f04c6462a,C:\code\web\herbaflow\etl\plants\03_match_gbif\out\cache\96ab1165d58ce534f506f1cd7630749dad5acec1537ce46c4fdc078f04c6462a.json
Rauwolfia serpentina,429,rauwolfia serpentina,1,ok,200,,Rauvolfia serpentina (L.) Benth. ex Kurz,Rauvolfia serpentina (L.) Benth. ex Kurz,(L.) Benth. ex Kurz,SPECIES,ACCEPTED,VARIANT,88,3169787,3169787,3169787,3169769,6701,6,Apocynaceae,4817b0e741f59f0c6f3e414f7d8f8da6b09b5e0a341d821a8ba7e7ac8b02237f,C:\code\web\herbaflow\etl\plants\03_match_gbif\out\cache\4817b0e741f59f0c6f3e414f7d8f8da6b09b5e0a341d821a8ba7e7ac8b02237f.json
Rheum palmatum,430,rheum palmatum,1,ok,200,,Rheum palmatum L.,Rheum palmatum L.,L.,SPECIES,ACCEPTED,EXACT,100,2888864,2888864,2888864,2888863,2416,6,Polygonaceae,a123b66e2debcbf48868597239324384bb19dbf38ff35e2cbffd564d52fa352b,C:\code\web\herbaflow\etl\plants\03_match_gbif\out\cache\a123b66e2debcbf48868597239324384bb19dbf38ff35e2cbffd564d52fa352b.json
Rhinacanthus nasutus,431,rhinacanthus nasutus,1,ok,200,,Rhinacanthus nasutus (L.) Kuntze,Rhinacanthus nasutus (L.) Kuntze,(L.) Kuntze,SPECIES,ACCEPTED,EXACT,99,7263230,7263230,7263230,3233825,2393,6,Acanthaceae,d6cd6b9681e797756bbf1c657bdcd036f69b3abbe27fc417092c6d373e6245a4,C:\code\web\herbaflow\etl\plants\03_match_gbif\out\cache\d6cd6b9681e797756bbf1c657bdcd036f69b3abbe27fc417092c6d373e6245a4.json
Rhodomyrtus tomentosa,432,rhodomyrtus tomentosa,1,ok,200,,Rhodomyrtus tomentosa (Aiton) Hassk.,Rhodomyrtus tomentosa (Aiton) Hassk.,(Aiton) Hassk.,SPECIES,ACCEPTED,EXACT,99,3179997,3179997,3179997,3179966,5014,6,Myrtaceae,1f7005aed0238048d0aebfef0d57a7ec36c8e91dac6ed9dd5eddb853de707f1f,C:\code\web\herbaflow\etl\plants\03_match_gbif\out\cache\1f7005aed0238048d0aebfef0d57a7ec36c8e91dac6ed9dd5eddb853de707f1f.json
Ricinus communis,433,ricinus communis,1,ok,200,,Ricinus communis L.,Ricinus communis L.,L.,SPECIES,ACCEPTED,EXACT,100,5380041,5380041,5380041,9188216,4691,6,Euphorbiaceae,28e4dede5e68b1c51edf9b255d268eaeabddc475da4bc863e45d3fb1a8b464ca,C:\code\web\herbaflow\etl\plants\03_match_gbif\out\cache\28e4dede5e68b1c51edf9b255d268eaeabddc475da4bc863e45d3fb1a8b464ca.json
Rivina humilis,434,rivina humilis,1,ok,200,,Rivina humilis L.,Rivina humilis L.,L.,SPECIES,ACCEPTED,EXACT,100,3084027,3084027,3084027,3084026,2516,6,Phytolaccaceae,7b52e90d955120021e44fcc65c405dce52acf50e9b4de8023b49f80eeb905f94,C:\code\web\herbaflow\etl\plants\03_match_gbif\out\cache\7b52e90d955120021e44fcc65c405dce52acf50e9b4de8023b49f80eeb905f94.json
Rollinia mucosa,435,rollinia mucosa,1,ok,200,,Rollinia mucosa (Jacq.) Baill.,Annona mucosa Jacq.,(Jacq.) Baill.,SPECIES,SYNONYM,EXACT,100,3158590,5407571,5407571,3155252,9291,6,Annonaceae,5051e52b605288b49002a7fe38c67162bccf47046bc0dc126f8d4e453541aca1,C:\code\web\herbaflow\etl\plants\03_match_gbif\out\cache\5051e52b605288b49002a7fe38c67162bccf47046bc0dc126f8d4e453541aca1.json
Rosa chinensis,436,rosa chinensis,1,ok,200,,Rosa chinensis Jacq.,Rosa chinensis Jacq.,Jacq.,SPECIES,ACCEPTED,EXACT,99,3005039,3005039,3005039,8395064,5015,6,Rosaceae,93e70b8122983d920f7d0d77975161c6cb1db8841cd9954036ba54e5548bd543,C:\code\web\herbaflow\etl\plants\03_match_gbif\out\cache\93e70b8122983d920f7d0d77975161c6cb1db8841cd9954036ba54e5548bd543.json
Rosa damascena,437,rosa damascena,1,ok,200,,Rosa × damascena Mill.,Rosa × damascena Mill.,Mill.,SPECIES,ACCEPTED,EXACT,99,7390572,7390572,7390572,8395064,5015,6,Rosaceae,9b94798d49c75d8e7bcfd7d14f31233f75a4934f85c211494fcb37b3595d3a06,C:\code\web\herbaflow\etl\plants\03_match_gbif\out\cache\9b94798d49c75d8e7bcfd7d14f31233f75a4934f85c211494fcb37b3595d3a06.json
Ruellia tuberosa,438,ruellia tuberosa,1,ok,200,,Ruellia tuberosa L.,Ruellia tuberosa L.,L.,SPECIES,ACCEPTED,EXACT,100,5415418,5415418,5415418,3171840,2393,6,Acanthaceae,245c95a709b056a1cf8b5117be6046b5ee99dc287c6d826f045641164c5b1ec4,C:\code\web\herbaflow\etl\plants\03_match_gbif\out\cache\245c95a709b056a1cf8b5117be6046b5ee99dc287c6d826f045641164c5b1ec4.json
Rumex nepalensis,439,rumex nepalensis,1,ok,200,,Rumex nepalensis Spreng.,Rumex nepalensis Spreng.,Spreng.,SPECIES,ACCEPTED,EXACT,99,7291884,7291884,7291884,2888942,2416,6,Polygonaceae,790da81b0873b71ab0a9e6566542301828ebe662a6b3a234254efe0f26e8bc67,C:\code\web\herbaflow\etl\plants\03_match_gbif\out\cache\790da81b0873b71ab0a9e6566542301828ebe662a6b3a234254efe0f26e8bc67.json
Ruta angustifolia,440,ruta angustifolia,1,ok,200,,Ruta angustifolia Pers.,Ruta angustifolia Pers.,Pers.,SPECIES,ACCEPTED,EXACT,100,3832875,3832875,3832875,3190380,2396,6,Rutaceae,8130270c92ba98010617b47e12b65cf9d0b4b536ca1a005e3dab2f26910557eb,C:\code\web\herbaflow\etl\plants\03_match_gbif\out\cache\8130270c92ba98010617b47e12b65cf9d0b4b536ca1a005e3dab2f26910557eb.json
Saccharum officinarum,441,saccharum officinarum,1,ok,200,,Saccharum officinarum L.,Saccharum officinarum L.,L.,SPECIES,ACCEPTED,EXACT,100,2703912,2703912,2703912,2703910,3073,6,Poaceae,0f5497bbf36989695b1f705ae8d652d6ec5e140438f9d1ec24883da014451bf2,C:\code\web\herbaflow\etl\plants\03_match_gbif\out\cache\0f5497bbf36989695b1f705ae8d652d6ec5e140438f9d1ec24883da014451bf2.json
Salvia splendens,442,salvia splendens,1,ok,200,,Salvia splendens Sellow ex Nees,Salvia splendens Sellow ex Nees,Sellow ex Nees,SPECIES,ACCEPTED,EXACT,99,8249932,8249932,8249932,2926981,2497,6,Lamiaceae,a5de089b43eec3145d365c5610573a9afd03cefbc37177e49cf72a00e58be958,C:\code\web\herbaflow\etl\plants\03_match_gbif\out\cache\a5de089b43eec3145d365c5610573a9afd03cefbc37177e49cf72a00e58be958.json
Sandoricum koetjape,443,sandoricum koetjape,1,ok,200,,Sandoricum koetjape (Burm.fil.) Merr.,Sandoricum koetjape (Burm.fil.) Merr.,(Burm.fil.) Merr.,SPECIES,ACCEPTED,EXACT,100,3850843,3850843,3850843,7107971,2397,6,Meliaceae,847169cc6fc403f146c095cc8a5abca0044fb70969bef9ff6ccb206bb2243789,C:\code\web\herbaflow\etl\plants\03_match_gbif\out\cache\847169cc6fc403f146c095cc8a5abca0044fb70969bef9ff6ccb206bb2243789.json
Santalum album,444,santalum album,1,ok,200,,Santalum album L.,Santalum album L.,L.,SPECIES,ACCEPTED,EXACT,100,2889785,2889785,2889785,2889778,6661,6,Santalaceae,1460ad76285913374358130307cd62d87189422be7f84df39744ff77253a402e,C:\code\web\herbaflow\etl\plants\03_match_gbif\out\cache\1460ad76285913374358130307cd62d87189422be7f84df39744ff77253a402e.json
Sapindus rarak,445,sapindus rarak,1,ok,200,,Sapindus rarak DC.,Sapindus rarak DC.,DC.,SPECIES,ACCEPTED,EXACT,100,7264721,7264721,7264721,3189983,6657,6,Sapindaceae,e23d6d9bd5e436018d6aea4d78445fad81cc8263a46afab0a75380c0d1b04e5f,C:\code\web\herbaflow\etl\plants\03_match_gbif\out\cache\e23d6d9bd5e436018d6aea4d78445fad81cc8263a46afab0a75380c0d1b04e5f.json
Sauropus androgynus,446,sauropus androgynus,1,ok,200,,Sauropus androgynus (L.) Merr.,Breynia androgyna (L.) Chakrab. & N.P.Balakr.,(L.) Merr.,SPECIES,SYNONYM,EXACT,100,6109767,9197670,9197670,3079696,8807,6,Phyllanthaceae,8e281042d47b10fc5c3a5753cf9b235c801af1e0f723b1bc927b21612c0475db,C:\code\web\herbaflow\etl\plants\03_match_gbif\out\cache\8e281042d47b10fc5c3a5753cf9b235c801af1e0f723b1bc927b21612c0475db.json
Scaevola frutescens,447,scaevola frutescens,1,ok,200,,Scaevola frutescens K.Krause,Scaevola taccada (Gaertn.) Roxb.,K.Krause,SPECIES,SYNONYM,EXACT,100,7099691,6358362,6358362,3158673,3113,6,Goodeniaceae,86b33bd995e2f39a421bd18580d6d4ada7739f1f291a5f219f97ecde32619156,C:\code\web\herbaflow\etl\plants\03_match_gbif\out\cache\86b33bd995e2f39a421bd18580d6d4ada7739f1f291a5f219f97ecde32619156.json
Scurrula fusca,448,scurrula fusca,1,ok,200,,Scurrula fusca (Blume) G.Don,Scurrula fusca (Blume) G.Don,(Blume) G.Don,SPECIES,ACCEPTED,EXACT,100,4001481,4001481,4001481,7287875,6663,6,Loranthaceae,27c211b7547ad1275db1b448fa6d5ffafef94962579a53d6b290814a892802b2,C:\code\web\herbaflow\etl\plants\03_match_gbif\out\cache\27c211b7547ad1275db1b448fa6d5ffafef94962579a53d6b290814a892802b2.json
Scutellaria discolor,449,scutellaria discolor,1,ok,200,,Scutellaria discolor Wall. ex Benth.,Scutellaria discolor Wall. ex Benth.,Wall. ex Benth.,SPECIES,ACCEPTED,EXACT,99,7996273,7996273,7996273,2926730,2497,6,Lamiaceae,00d2382d22c817d19822addb2864fca6dd89688a3de8ebeb316a24b88d18a6f1,C:\code\web\herbaflow\etl\plants\03_match_gbif\out\cache\00d2382d22c817d19822addb2864fca6dd89688a3de8ebeb316a24b88d18a6f1.json
Scutellaria indica,450,scutellaria indica,1,ok,200,,Scutellaria indica L.,Scutellaria indica L.,L.,SPECIES,ACCEPTED,EXACT,99,7308714,7308714,7308714,2926730,2497,6,Lamiaceae,03bd8296f2404ca4bc91d49fb2e527a7993c6e00f7dfd04b4f9897c35b552478,C:\code\web\herbaflow\etl\plants\03_match_gbif\out\cache\03bd8296f2404ca4bc91d49fb2e527a7993c6e00f7dfd04b4f9897c35b552478.json
Sechium edule,451,sechium edule,1,ok,200,,Sechium edule (Jacq.) Sw.,Sechium edule (Jacq.) Sw.,(Jacq.) Sw.,SPECIES,ACCEPTED,EXACT,100,2874612,2874612,2874612,2874611,6634,6,Cucurbitaceae,185a0d7907e5b949cf6fe57c94d8d4c74f3166e434264b57c85788ec33593e87,C:\code\web\herbaflow\etl\plants\03_match_gbif\out\cache\185a0d7907e5b949cf6fe57c94d8d4c74f3166e434264b57c85788ec33593e87.json
Selaginella doederleinii,452,selaginella doederleinii,1,ok,200,,Selaginella doederleinii Hieron.,Selaginella doederleinii Hieron.,Hieron.,SPECIES,ACCEPTED,EXACT,100,7329850,7329850,7329850,2688177,6724,6,Selaginellaceae,4513c1a6f269f4c4aa79b4e0f168cff4456bb408f6c5319109ff933d35c9d446,C:\code\web\herbaflow\etl\plants\03_match_gbif\out\cache\4513c1a6f269f4c4aa79b4e0f168cff4456bb408f6c5319109ff933d35c9d446.json
Senna alata,453,senna alata,1,ok,200,,Senna alata (L.) Roxb.,Senna alata (L.) Roxb.,(L.) Roxb.,SPECIES,ACCEPTED,EXACT,100,2956947,2956947,2956947,2956904,5386,6,Fabaceae,cf1ade82c900ee408ab0bf3e8a3e5987c39de5ecd11ba7b8af197b3a651412ab,C:\code\web\herbaflow\etl\plants\03_match_gbif\out\cache\cf1ade82c900ee408ab0bf3e8a3e5987c39de5ecd11ba7b8af197b3a651412ab.json
Senna sophera,454,senna sophera,1,ok,200,,Senna sophera (L.) Roxb.,Senna sophera (L.) Roxb.,(L.) Roxb.,SPECIES,ACCEPTED,EXACT,100,2957379,2957379,2957379,2956904,5386,6,Fabaceae,41a13219189b3be6b7970da4b3dfd6924cd2261219f26061f77f46a4887cf80c,C:\code\web\herbaflow\etl\plants\03_match_gbif\out\cache\41a13219189b3be6b7970da4b3dfd6924cd2261219f26061f77f46a4887cf80c.json
Senna tora,455,senna tora,1,ok,200,,Senna tora (L.) Roxb.,Senna tora (L.) Roxb.,(L.) Roxb.,SPECIES,ACCEPTED,EXACT,100,2957728,2957728,2957728,2956904,5386,6,Fabaceae,feac254792586e7d247ac2dfdf5834e742e3c01e6308b3bf045f1208559e0f83,C:\code\web\herbaflow\etl\plants\03_match_gbif\out\cache\feac254792586e7d247ac2dfdf5834e742e3c01e6308b3bf045f1208559e0f83.json
Sesamum indicum,456,sesamum indicum,1,ok,200,,Sesamum indicum L.,Sesamum indicum L.,L.,SPECIES,ACCEPTED,EXACT,100,3172622,3172622,3172622,3172619,6650,6,Pedaliaceae,19261c4ae19b912d356d6bde0c7a5d11aa15a9f9fe6a359304d2ce068fcde77a,C:\code\web\herbaflow\etl\plants\03_match_gbif\out\cache\19261c4ae19b912d356d6bde0c7a5d11aa15a9f9fe6a359304d2ce068fcde77a.json
Sesbania grandiflora,457,sesbania grandiflora,1,ok,200,,Sesbania grandiflora (L.) Poir.,Sesbania grandiflora (L.) Poir.,(L.) Poir.,SPECIES,ACCEPTED,EXACT,99,8281950,8281950,8281950,7854649,5386,6,Fabaceae,0fea60ab55c538cf2a5364bf58d4d284a6fe01d63280f1574b98678fa858261d,C:\code\web\herbaflow\etl\plants\03_match_gbif\out\cache\0fea60ab55c538cf2a5364bf58d4d284a6fe01d63280f1574b98678fa858261d.json
Sesbania sesban,458,sesbania sesban,1,ok,200,,Sesbania sesban (L.) Merr.,Sesbania sesban (L.) Merr.,(L.) Merr.,SPECIES,ACCEPTED,EXACT,99,2970648,2970648,2970648,7854649,5386,6,Fabaceae,3a557602dfe0399275b0652ff0df13cb8fa1c3c468d0420ee28346fb5e0356b8,C:\code\web\herbaflow\etl\plants\03_match_gbif\out\cache\3a557602dfe0399275b0652ff0df13cb8fa1c3c468d0420ee28346fb5e0356b8.json
Sida rhombifolia,459,sida rhombifolia,1,ok,200,,Sida rhombifolia L.,Sida rhombifolia L.,L.,SPECIES,ACCEPTED,EXACT,100,5406735,5406735,5406735,3152100,6685,6,Malvaceae,07013335a959ffd96cbcc004e3e37f6434edadd5b4b3aa4b49bf79a676b630d0,C:\code\web\herbaflow\etl\plants\03_match_gbif\out\cache\07013335a959ffd96cbcc004e3e37f6434edadd5b4b3aa4b49bf79a676b630d0.json
Smilax china,460,smilax china,1,ok,200,,Smilax china L.,Smilax china L.,L.,SPECIES,ACCEPTED,EXACT,99,5295472,5295472,5295472,2740627,7702,6,Smilacaceae,deba1b207d2a6a2413804ff3ca41e6b18ce9fec9aa05340422823a9d002ce245,C:\code\web\herbaflow\etl\plants\03_match_gbif\out\cache\deba1b207d2a6a2413804ff3ca41e6b18ce9fec9aa05340422823a9d002ce245.json
Smilax zeylanica,461,smilax zeylanica,1,ok,200,,Smilax zeylanica L.,Smilax zeylanica L.,L.,SPECIES,ACCEPTED,EXACT,99,5295128,5295128,5295128,2740627,7702,6,Smilacaceae,89ce8b08bc8d7f5fe7eeb6b432451c0e55021f690578cedade8447e28b2f130f,C:\code\web\herbaflow\etl\plants\03_match_gbif\out\cache\89ce8b08bc8d7f5fe7eeb6b432451c0e55021f690578cedade8447e28b2f130f.json
Solanum indicum,462,solanum indicum,1,ok,200,,Solanum L.,Solanum L.,L.,GENUS,ACCEPTED,HIGHERRANK,99,2928997,2928997,,2928997,7717,6,Solanaceae,f98266fcf1a1c34086493002f77128320bb026e52e98d77ad82d4489c7c69413,C:\code\web\herbaflow\etl\plants\03_match_gbif\out\cache\f98266fcf1a1c34086493002f77128320bb026e52e98d77ad82d4489c7c69413.json
Solanum lycopersicum,463,solanum lycopersicum,1,ok,200,,Solanum lycopersicum L.,Solanum lycopersicum L.,L.,SPECIES,ACCEPTED,EXACT,99,2930137,2930137,2930137,2928997,7717,6,Solanaceae,c148df4d546dceac654fec3ed255d9252dde7b32f9427e5b6be558289751d2b0,C:\code\web\herbaflow\etl\plants\03_match_gbif\out\cache\c148df4d546dceac654fec3ed255d9252dde7b32f9427e5b6be558289751d2b0.json
Solanum melongena,464,solanum melongena,1,ok,200,,Solanum melongena L.,Solanum melongena L.,L.,SPECIES,ACCEPTED,EXACT,99,2930617,2930617,2930617,2928997,7717,6,Solanaceae,6c57e97ed793d77f8305094a414fe8376feb95ff39d44d3c9609ff0df4f1ca52,C:\code\web\herbaflow\etl\plants\03_match_gbif\out\cache\6c57e97ed793d77f8305094a414fe8376feb95ff39d44d3c9609ff0df4f1ca52.json
Solanum nigrum,465,solanum nigrum,1,ok,200,,Solanum nigrum L.,Solanum nigrum L.,L.,SPECIES,ACCEPTED,EXACT,99,9150405,9150405,9150405,2928997,7717,6,Solanaceae,6b4e02a8d657e6eb0efd44530e4af72025caaa33952ace0824e23e66d24280c2,C:\code\web\herbaflow\etl\plants\03_match_gbif\out\cache\6b4e02a8d657e6eb0efd44530e4af72025caaa33952ace0824e23e66d24280c2.json
Solanum torvum,466,solanum torvum,1,ok,200,,Solanum torvum Sw.,Solanum torvum Sw.,Sw.,SPECIES,ACCEPTED,EXACT,99,2932389,2932389,2932389,2928997,7717,6,Solanaceae,10b3a346af2188176c17bee8ecfabc7df7d88ede6099ae4aa82ccc6d85a0e9fa,C:\code\web\herbaflow\etl\plants\03_match_gbif\out\cache\10b3a346af2188176c17bee8ecfabc7df7d88ede6099ae4aa82ccc6d85a0e9fa.json
Solanum tuberosum,467,solanum tuberosum,1,ok,200,,Solanum tuberosum L.,Solanum tuberosum L.,L.,SPECIES,ACCEPTED,EXACT,99,2930262,2930262,2930262,2928997,7717,6,Solanaceae,5818a5d141b4828769d8d64508fe5a0171903c0342b7f904317db62c66363e4c,C:\code\web\herbaflow\etl\plants\03_match_gbif\out\cache\5818a5d141b4828769d8d64508fe5a0171903c0342b7f904317db62c66363e4c.json
Solidago virgaurea,468,solidago virgaurea,1,ok,200,,Solidago virgaurea L.,Solidago virgaurea L.,L.,SPECIES,ACCEPTED,EXACT,99,6446462,6446462,6446462,5388868,3065,6,Asteraceae,c117b1e1a1c1d38b5adf90389fc57591eeb667a5207e8b75654626fe23d03ed6,C:\code\web\herbaflow\etl\plants\03_match_gbif\out\cache\c117b1e1a1c1d38b5adf90389fc57591eeb667a5207e8b75654626fe23d03ed6.json
Sonchus arvensis,469,sonchus arvensis,1,ok,200,,Sonchus arvensis L.,Sonchus arvensis L.,L.,SPECIES,ACCEPTED,EXACT,100,3105813,3105813,3105813,3105646,3065,6,Asteraceae,c5ced4d0298b5c466b2c6abd3ca9dbd3f1c7daae5f0078699405d22b4f6e53ad,C:\code\web\herbaflow\etl\plants\03_match_gbif\out\cache\c5ced4d0298b5c466b2c6abd3ca9dbd3f1c7daae5f0078699405d22b4f6e53ad.json
Sophora tomentosa,470,sophora tomentosa,1,ok,200,,Sophora tomentosa L.,Sophora tomentosa L.,L.,SPECIES,ACCEPTED,EXACT,99,2958970,2958970,2958970,2958901,5386,6,Fabaceae,b4e50889e4417f19d3d8b2290eb31d80ae2fe4d23bad5ffa4fee6077768da299,C:\code\web\herbaflow\etl\plants\03_match_gbif\out\cache\b4e50889e4417f19d3d8b2290eb31d80ae2fe4d23bad5ffa4fee6077768da299.json
Spilanthes acmella,471,spilanthes acmella,1,ok,200,,"Spilanthes acmella A.Chev., 1920","Spilanthes acmella A.Chev., 1920","A.Chev., 1920",SPECIES,ACCEPTED,EXACT,99,7367845,7367845,7367845,3092842,3065,6,Asteraceae,3dfd321b28fa3a5da5b778c5a4e63c70f5da0e768ce42e844fa872b8261e3f01,C:\code\web\herbaflow\etl\plants\03_match_gbif\out\cache\3dfd321b28fa3a5da5b778c5a4e63c70f5da0e768ce42e844fa872b8261e3f01.json
Stachytarpheta jamaicensis,472,stachytarpheta jamaicensis,1,ok,200,,Stachytarpheta jamaicensis (L.) Vahl,Stachytarpheta jamaicensis (L.) Vahl,(L.) Vahl,SPECIES,ACCEPTED,EXACT,99,2925463,2925463,2925463,2925448,6689,6,Verbenaceae,879a2bf40e3a425f3a0f864046f626bb9ba5029ecceee31cfa6a9f9020f309be,C:\code\web\herbaflow\etl\plants\03_match_gbif\out\cache\879a2bf40e3a425f3a0f864046f626bb9ba5029ecceee31cfa6a9f9020f309be.json
Stachytarpheta mutabilis,473,stachytarpheta mutabilis,1,ok,200,,Stachytarpheta mutabilis (Jacq.) Vahl,Stachytarpheta mutabilis (Jacq.) Vahl,(Jacq.) Vahl,SPECIES,ACCEPTED,EXACT,100,2925462,2925462,2925462,2925448,6689,6,Verbenaceae,c4552d94b2b98ced3c3fff562b2cf4cd43075a74c593911e379904fecfd41fa5,C:\code\web\herbaflow\etl\plants\03_match_gbif\out\cache\c4552d94b2b98ced3c3fff562b2cf4cd43075a74c593911e379904fecfd41fa5.json
Stephania japonica,474,stephania japonica,1,ok,200,,Stephania japonica (Thunb.) Miers,Stephania japonica (Thunb.) Miers,(Thunb.) Miers,SPECIES,ACCEPTED,EXACT,100,7268792,7268792,7268792,3234321,2411,6,Menispermaceae,1ed2b9ab48d9899350c49f1084c2bb32282f8a29d780ae2f602ce7052f942a92,C:\code\web\herbaflow\etl\plants\03_match_gbif\out\cache\1ed2b9ab48d9899350c49f1084c2bb32282f8a29d780ae2f602ce7052f942a92.json
Stephania venosa,475,stephania venosa,1,ok,200,,Stephania venosa (Blume) Spreng.,Stephania venosa (Blume) Spreng.,(Blume) Spreng.,SPECIES,ACCEPTED,EXACT,100,5592725,5592725,5592725,3234321,2411,6,Menispermaceae,f180952ed03b95829807ba97dfc130e789e4b4561a237cd50a969e112e7766ed,C:\code\web\herbaflow\etl\plants\03_match_gbif\out\cache\f180952ed03b95829807ba97dfc130e789e4b4561a237cd50a969e112e7766ed.json
Sterculia foetida,476,sterculia foetida,1,ok,200,,Sterculia foetida L.,Sterculia foetida L.,L.,SPECIES,ACCEPTED,EXACT,100,5406675,5406675,5406675,3152129,6685,6,Malvaceae,22257fae7ccdb9a0dfe34b0031fd94a4a8c3a21f934df845a47005db20dceb95,C:\code\web\herbaflow\etl\plants\03_match_gbif\out\cache\22257fae7ccdb9a0dfe34b0031fd94a4a8c3a21f934df845a47005db20dceb95.json
Strobilanthes crispus,477,strobilanthes crispus,1,ok,200,,Strobilanthes crispa (L.) Blume,Strobilanthes crispa (L.) Blume,(L.) Blume,SPECIES,ACCEPTED,VARIANT,96,3781433,3781433,3781433,6359394,2393,6,Acanthaceae,bbbd506636d3cbf5347c2cc51ed4b3cfc831fa864fc5ca3f0de3ea7e5d09921c,C:\code\web\herbaflow\etl\plants\03_match_gbif\out\cache\bbbd506636d3cbf5347c2cc51ed4b3cfc831fa864fc5ca3f0de3ea7e5d09921c.json
Strychnos ignatii,478,strychnos ignatii,1,ok,200,,Strychnos ignatii Bergius,Strychnos ignatii Bergius,Bergius,SPECIES,ACCEPTED,EXACT,100,5645763,5645763,5645763,3169589,2502,6,Loganiaceae,81ba65854741e8a4d7c8ba41e2ab129344d83f19b91290f6a2ff6632cefd8778,C:\code\web\herbaflow\etl\plants\03_match_gbif\out\cache\81ba65854741e8a4d7c8ba41e2ab129344d83f19b91290f6a2ff6632cefd8778.json
Strychnos ligustrina,479,strychnos ligustrina,1,ok,200,,Strychnos L.,Strychnos L.,L.,GENUS,ACCEPTED,HIGHERRANK,99,3169589,3169589,,3169589,2502,6,Loganiaceae,afa636918d95a4fc8ef5ee7703e2f2d4f1807a26f4eda5e5eb5a3d0b233fd00a,C:\code\web\herbaflow\etl\plants\03_match_gbif\out\cache\afa636918d95a4fc8ef5ee7703e2f2d4f1807a26f4eda5e5eb5a3d0b233fd00a.json
Strychnos lucida,480,strychnos lucida,1,ok,200,,Strychnos lucida R.Br.,Strychnos lucida R.Br.,R.Br.,SPECIES,ACCEPTED,EXACT,99,5645531,5645531,5645531,3169589,2502,6,Loganiaceae,97c2f6f88767258194e6e202250e807f7986e72efa52015f724a97f2edf35d51,C:\code\web\herbaflow\etl\plants\03_match_gbif\out\cache\97c2f6f88767258194e6e202250e807f7986e72efa52015f724a97f2edf35d51.json
Strychnos nux-vomica,481,strychnos nux vomica,1,ok,200,,Strychnos nux-vomica L.,Strychnos nux-vomica L.,L.,SPECIES,ACCEPTED,EXACT,100,5414399,5414399,5414399,3169589,2502,6,Loganiaceae,4733efb27165cba9d9189c72ab627342dad844f968733708c79be949079bc699,C:\code\web\herbaflow\etl\plants\03_match_gbif\out\cache\4733efb27165cba9d9189c72ab627342dad844f968733708c79be949079bc699.json
Styphnolobium japonicum,482,styphnolobium japonicum,1,ok,200,,Styphnolobium japonicum (L.) Schott,Styphnolobium japonicum (L.) Schott,(L.) Schott,SPECIES,ACCEPTED,EXACT,100,2963569,2963569,2963569,2963568,5386,6,Fabaceae,76767cfe8ccbbdcc82764dc4a634cf89c77140e9395e0bb695f00723fb13af32,C:\code\web\herbaflow\etl\plants\03_match_gbif\out\cache\76767cfe8ccbbdcc82764dc4a634cf89c77140e9395e0bb695f00723fb13af32.json
Styrax benzoin,483,styrax benzoin,1,ok,200,,Styrax benzoin Dryand.,Styrax benzoin Dryand.,Dryand.,SPECIES,ACCEPTED,EXACT,100,5371679,5371679,5371679,3032925,2507,6,Styracaceae,6fdafa7a79c0d4bab56273e5670c1b6296d3bab61b6ab41a575d00af89b86b3d,C:\code\web\herbaflow\etl\plants\03_match_gbif\out\cache\6fdafa7a79c0d4bab56273e5670c1b6296d3bab61b6ab41a575d00af89b86b3d.json
Swietenia mahagoni,484,swietenia mahagoni,1,ok,200,,Swietenia mahagoni (L.) Jacq.,Swietenia mahagoni (L.) Jacq.,(L.) Jacq.,SPECIES,ACCEPTED,EXACT,99,3190485,3190485,3190485,3190483,2397,6,Meliaceae,c25fd64ce351c1cd216ee314368ae4495fd137d78aa24852d01eb5238c3fa4e4,C:\code\web\herbaflow\etl\plants\03_match_gbif\out\cache\c25fd64ce351c1cd216ee314368ae4495fd137d78aa24852d01eb5238c3fa4e4.json
Symphytum officinale,485,symphytum officinale,1,ok,200,,Symphytum officinale L.,Symphytum officinale L.,L.,SPECIES,ACCEPTED,EXACT,100,7558421,7558421,7558421,2926061,2498,6,Boraginaceae,43d7e1ef1aefdc7e0975ff35488eaf23194f1ad4f54094128c8e766a89fd32f1,C:\code\web\herbaflow\etl\plants\03_match_gbif\out\cache\43d7e1ef1aefdc7e0975ff35488eaf23194f1ad4f54094128c8e766a89fd32f1.json
Syzygium aromatica,486,syzygium aromatica,1,ok,200,,Syzygium aromaticum (L.) Merr. & L.M.Perry,Syzygium aromaticum (L.) Merr. & L.M.Perry,(L.) Merr. & L.M.Perry,SPECIES,ACCEPTED,VARIANT,98,3183002,3183002,3183002,3029010,5014,6,Myrtaceae,242434ce4267f16b3f02177779d0cb007aa3ee323e796258b501a9705d8b8ca3,C:\code\web\herbaflow\etl\plants\03_match_gbif\out\cache\242434ce4267f16b3f02177779d0cb007aa3ee323e796258b501a9705d8b8ca3.json
Syzygium aromaticum,487,syzygium aromaticum,1,ok,200,,Syzygium aromaticum (L.) Merr. & L.M.Perry,Syzygium aromaticum (L.) Merr. & L.M.Perry,(L.) Merr. & L.M.Perry,SPECIES,ACCEPTED,EXACT,100,3183002,3183002,3183002,3029010,5014,6,Myrtaceae,17a9ad706eeb3f2f8f66fe77e4f9ae9b7669263a187db0ec45eb84ed674d2729,C:\code\web\herbaflow\etl\plants\03_match_gbif\out\cache\17a9ad706eeb3f2f8f66fe77e4f9ae9b7669263a187db0ec45eb84ed674d2729.json
Syzygium cumini,488,syzygium cumini,1,ok,200,,Syzygium cumini (L.) Skeels,Syzygium cumini (L.) Skeels,(L.) Skeels,SPECIES,ACCEPTED,EXACT,100,3183840,3183840,3183840,3029010,5014,6,Myrtaceae,204d1080970142f6de01eb8ac8e86bf0075dcddab4230d545637d5feba02fdc9,C:\code\web\herbaflow\etl\plants\03_match_gbif\out\cache\204d1080970142f6de01eb8ac8e86bf0075dcddab4230d545637d5feba02fdc9.json
Tabernaemontana corymbosa,489,tabernaemontana corymbosa,1,ok,200,,Tabernaemontana corymbosa Roxb. ex Wall.,Tabernaemontana corymbosa Roxb. ex Wall.,Roxb. ex Wall.,SPECIES,ACCEPTED,EXACT,99,8172343,8172343,8172343,3169624,6701,6,Apocynaceae,93ac2ea928cfbc25a8e94cd692c15c2036adb5d47521cea58939b30f30bfe1f2,C:\code\web\herbaflow\etl\plants\03_match_gbif\out\cache\93ac2ea928cfbc25a8e94cd692c15c2036adb5d47521cea58939b30f30bfe1f2.json
Tabernaemontana divaricata,490,tabernaemontana divaricata,1,ok,200,,Tabernaemontana divaricata (L.) R.Br. ex Roem. & Schult.,Tabernaemontana divaricata (L.) R.Br. ex Roem. & Schult.,(L.) R.Br. ex Roem. & Schult.,SPECIES,ACCEPTED,EXACT,99,3169625,3169625,3169625,3169624,6701,6,Apocynaceae,4b7bc204f91f317d09cadfda26def18b36686e47c933d0c7d190da193f3187d2,C:\code\web\herbaflow\etl\plants\03_match_gbif\out\cache\4b7bc204f91f317d09cadfda26def18b36686e47c933d0c7d190da193f3187d2.json
Tabernaemontana sphaerocarpa,491,tabernaemontana sphaerocarpa,1,ok,200,,Tabernaemontana sphaerocarpa Blume,Tabernaemontana sphaerocarpa Blume,Blume,SPECIES,ACCEPTED,EXACT,100,3621871,3621871,3621871,3169624,6701,6,Apocynaceae,2f3317f9934ec72db78f5aa3e9fa519382e126b706c91b770fc103dbe0f9ee6d,C:\code\web\herbaflow\etl\plants\03_match_gbif\out\cache\2f3317f9934ec72db78f5aa3e9fa519382e126b706c91b770fc103dbe0f9ee6d.json
Tagetes erecta,492,tagetes erecta,1,ok,200,,Tagetes erecta L.,Tagetes erecta L.,L.,SPECIES,ACCEPTED,EXACT,100,3088488,3088488,3088488,3088468,3065,6,Asteraceae,d7a4025c788d5a0111c70ffa9ea8aa2e8561c74d4678323894f1dea3a94e6d37,C:\code\web\herbaflow\etl\plants\03_match_gbif\out\cache\d7a4025c788d5a0111c70ffa9ea8aa2e8561c74d4678323894f1dea3a94e6d37.json
Talinum paniculatum,493,talinum paniculatum,1,ok,200,,Talinum paniculatum (Jacq.) Gaertn.,Talinum paniculatum (Jacq.) Gaertn.,(Jacq.) Gaertn.,SPECIES,ACCEPTED,EXACT,99,3084672,3084672,3084672,3084663,4055896,6,Talinaceae,d1af9abd8ea5b33f38f67643921199fb795b121f64fac8a48941f4746c06b27e,C:\code\web\herbaflow\etl\plants\03_match_gbif\out\cache\d1af9abd8ea5b33f38f67643921199fb795b121f64fac8a48941f4746c06b27e.json
Talinum triangulare,494,talinum triangulare,1,ok,200,,Talinum triangulare (Jacq.) Willd.,Talinum fruticosum (L.) Juss.,(Jacq.) Willd.,SPECIES,SYNONYM,EXACT,100,3084671,3084670,3084670,3084663,4055896,6,Talinaceae,bb007f86e54f89e8c8b65fd46b97032a9d926ff414e3b986d5995b9101c5a877,C:\code\web\herbaflow\etl\plants\03_match_gbif\out\cache\bb007f86e54f89e8c8b65fd46b97032a9d926ff414e3b986d5995b9101c5a877.json
Tamarindus indica,495,tamarindus indica,1,ok,200,,Tamarindus indica L.,Tamarindus indica L.,L.,SPECIES,ACCEPTED,EXACT,100,2975768,2975768,2975768,2975767,5386,6,Fabaceae,e4727d4367414893784661750a2b1acecc2e441f1b1ec602eb8ef042dbaab5e4,C:\code\web\herbaflow\etl\plants\03_match_gbif\out\cache\e4727d4367414893784661750a2b1acecc2e441f1b1ec602eb8ef042dbaab5e4.json
Taraxacum mongolicum,496,taraxacum mongolicum,1,ok,200,,Taraxacum mongolicum Hand.-Mazz.,Taraxacum mongolicum Hand.-Mazz.,Hand.-Mazz.,SPECIES,ACCEPTED,EXACT,100,5394645,5394645,5394645,7787708,3065,6,Asteraceae,525d50a9c17149ab8e72b8a5e4d6347ff445090559cb22601fc764544c529742,C:\code\web\herbaflow\etl\plants\03_match_gbif\out\cache\525d50a9c17149ab8e72b8a5e4d6347ff445090559cb22601fc764544c529742.json
Taraxacum officinale,497,taraxacum officinale,1,ok,200,,Taraxacum officinale Weber ex F.H.Wigg.,Taraxacum officinale Weber ex F.H.Wigg.,Weber ex F.H.Wigg.,SPECIES,ACCEPTED,EXACT,99,5394163,5394163,5394163,7787708,3065,6,Asteraceae,78cee9d72e492bea7788a9cbc890ebc5f6142ea26370e507ce1c86ca6a7b59be,C:\code\web\herbaflow\etl\plants\03_match_gbif\out\cache\78cee9d72e492bea7788a9cbc890ebc5f6142ea26370e507ce1c86ca6a7b59be.json
Taxus sumatrana,498,taxus sumatrana,1,ok,200,,Taxus sumatrana (Miq.) de Laub.,Taxus wallichiana Zucc.,(Miq.) de Laub.,SPECIES,SYNONYM,EXACT,99,5284551,5284540,5284540,2684902,4863,6,Taxaceae,6620550b893c6e452c328bb0e4a63f3ca6b3bfab9657dadd5626aaf7a1e3d428,C:\code\web\herbaflow\etl\plants\03_match_gbif\out\cache\6620550b893c6e452c328bb0e4a63f3ca6b3bfab9657dadd5626aaf7a1e3d428.json
Tectona grandis,499,tectona grandis,1,ok,200,,Tectona grandis L.f.,Tectona grandis L.f.,L.f.,SPECIES,ACCEPTED,EXACT,99,2925649,2925649,2925649,2925648,2497,6,Lamiaceae,0d1b41d1f4cc65f2d4d3970849e1206df39b88bfa5fc927177934bb1e46fc2de,C:\code\web\herbaflow\etl\plants\03_match_gbif\out\cache\0d1b41d1f4cc65f2d4d3970849e1206df39b88bfa5fc927177934bb1e46fc2de.json
Terminalia bellirica,500,terminalia bellirica,1,ok,200,,Terminalia bellirica (Gaertn.) Roxb.,Terminalia bellirica (Gaertn.) Roxb.,(Gaertn.) Roxb.,SPECIES,ACCEPTED,EXACT,100,3189390,3189390,3189390,3189387,2431,6,Combretaceae,71c4f5b8033fe25dc4330d877d71a76d5aeb6a88549b757553ffef8f74583f22,C:\code\web\herbaflow\etl\plants\03_match_gbif\out\cache\71c4f5b8033fe25dc4330d877d71a76d5aeb6a88549b757553ffef8f74583f22.json
Terminalia catappa,501,terminalia catappa,1,ok,200,,Terminalia catappa L.,Terminalia catappa L.,L.,SPECIES,ACCEPTED,EXACT,100,3189394,3189394,3189394,3189387,2431,6,Combretaceae,1b55ef1c82f461d34a71227070eaf3046777d8e91c8f10291c00c72036e5ebae,C:\code\web\herbaflow\etl\plants\03_match_gbif\out\cache\1b55ef1c82f461d34a71227070eaf3046777d8e91c8f10291c00c72036e5ebae.json
Thea sinensis,502,thea sinensis,1,ok,200,,Thea sinensis L.,Camellia sinensis (L.) Kuntze,L.,SPECIES,SYNONYM,EXACT,100,5528442,3189635,3189635,3189634,3189597,6,Theaceae,7c71b143e51fc673123d8fc7b239d184ef453112d27bb109dc93441fe96fddc7,C:\code\web\herbaflow\etl\plants\03_match_gbif\out\cache\7c71b143e51fc673123d8fc7b239d184ef453112d27bb109dc93441fe96fddc7.json
Thevetia peruviana,503,thevetia peruviana,1,ok,200,,Thevetia peruviana (Pers.) K.Schum.,Cascabela thevetia (L.) Lippold,(Pers.) K.Schum.,SPECIES,SYNONYM,EXACT,99,5414405,3169652,3169652,7950372,6701,6,Apocynaceae,a8fd5af1d9ba3515732906784d18deb5771cdf0184179f33df558b8634142bea,C:\code\web\herbaflow\etl\plants\03_match_gbif\out\cache\a8fd5af1d9ba3515732906784d18deb5771cdf0184179f33df558b8634142bea.json
Thymus vulgaris,504,thymus vulgaris,1,ok,200,,Thymus vulgaris L.,Thymus vulgaris L.,L.,SPECIES,ACCEPTED,EXACT,99,5341442,5341442,5341442,2926960,2497,6,Lamiaceae,3ed222fa2cf9167f971df541c98c4e055fa955d39726306d9161ccebf1302b11,C:\code\web\herbaflow\etl\plants\03_match_gbif\out\cache\3ed222fa2cf9167f971df541c98c4e055fa955d39726306d9161ccebf1302b11.json
Tinospora crispa,505,tinospora crispa,1,ok,200,,Tinospora crispa (L.) Miers ex Hook.fil. & Thomson,Tinospora crispa (L.) Miers ex Hook.fil. & Thomson,(L.) Miers ex Hook.fil. & Thomson,SPECIES,ACCEPTED,EXACT,99,8298918,8298918,8298918,7268723,2411,6,Menispermaceae,75eaec7aa872fcedc45c7da5b4db4a83318a875a20fc44e44c9056755eff7a3d,C:\code\web\herbaflow\etl\plants\03_match_gbif\out\cache\75eaec7aa872fcedc45c7da5b4db4a83318a875a20fc44e44c9056755eff7a3d.json
Tinospora glabra,506,tinospora glabra,1,ok,200,,Tinospora glabra (Burm.fil.) Merr.,Tinospora glabra (Burm.fil.) Merr.,(Burm.fil.) Merr.,SPECIES,ACCEPTED,EXACT,100,3830649,3830649,3830649,7268723,2411,6,Menispermaceae,91dc8d68f2071f6b18021c52688071d5be6a89311e4a7288c7de9e4b3efef528,C:\code\web\herbaflow\etl\plants\03_match_gbif\out\cache\91dc8d68f2071f6b18021c52688071d5be6a89311e4a7288c7de9e4b3efef528.json
Tinospora tuberculata,507,tinospora tuberculata,1,ok,200,,Tinospora tuberculata (Lam.) Beumée ex K.Heyne,Tinospora crispa (L.) Miers ex Hook.fil. & Thomson,(Lam.) Beumée ex K.Heyne,SPECIES,SYNONYM,EXACT,99,3830130,8298918,8298918,7268723,2411,6,Menispermaceae,95a1feb6090db9ea209eff05ddf8a26ee10d6ddb0c86e031e3cb873bba1d04c0,C:\code\web\herbaflow\etl\plants\03_match_gbif\out\cache\95a1feb6090db9ea209eff05ddf8a26ee10d6ddb0c86e031e3cb873bba1d04c0.json
Trema orientalis,508,trema orientalis,1,ok,200,,Trema orientalis (L.) Blume,Trema orientale (L.) Blume,(L.) Blume,SPECIES,SYNONYM,EXACT,99,7141659,2984508,2984508,2984500,2384,6,Cannabaceae,d9007d128e27eb8a5ae6ab4d0e304436114cdf95ac393e064dcbe7186d437c6c,C:\code\web\herbaflow\etl\plants\03_match_gbif\out\cache\d9007d128e27eb8a5ae6ab4d0e304436114cdf95ac393e064dcbe7186d437c6c.json
Trichosanthes tricuspidata,509,trichosanthes tricuspidata,1,ok,200,,Trichosanthes tricuspidata Lour.,Trichosanthes tricuspidata Lour.,Lour.,SPECIES,ACCEPTED,EXACT,100,7317567,7317567,7317567,2874604,6634,6,Cucurbitaceae,ba3c027d1108d67d0d3cf0a22141ead6a822a5636417ab5785721704f47dcce7,C:\code\web\herbaflow\etl\plants\03_match_gbif\out\cache\ba3c027d1108d67d0d3cf0a22141ead6a822a5636417ab5785721704f47dcce7.json
Tridax procumbens,510,tridax procumbens,1,ok,200,,Tridax procumbens L.,Tridax procumbens L.,L.,SPECIES,ACCEPTED,EXACT,100,3149462,3149462,3149462,3149429,3065,6,Asteraceae,0faa7a3d2f5ede0ed0cd71d62e949a338fe5adc5799358d12df9eee981947faa,C:\code\web\herbaflow\etl\plants\03_match_gbif\out\cache\0faa7a3d2f5ede0ed0cd71d62e949a338fe5adc5799358d12df9eee981947faa.json
Trigonella foenum-graecum,511,trigonella foenum graecum,1,ok,200,,Trigonella foenum-graecum L.,Trigonella foenum-graecum L.,L.,SPECIES,ACCEPTED,EXACT,99,5360475,5360475,5360475,2981525,5386,6,Fabaceae,435006bd8ce96a1864c187fd918feba3202b9b8d88d56f938df894e78bfb6b43,C:\code\web\herbaflow\etl\plants\03_match_gbif\out\cache\435006bd8ce96a1864c187fd918feba3202b9b8d88d56f938df894e78bfb6b43.json
Triphasia trifolia,512,triphasia trifolia,1,ok,200,,Triphasia trifolia (Burm.fil.) P.Wilson,Triphasia trifolia (Burm.fil.) P.Wilson,(Burm.fil.) P.Wilson,SPECIES,ACCEPTED,EXACT,100,3190406,3190406,3190406,3190405,2396,6,Rutaceae,70c02a2806bb493b21dc48ef9c558856f089b438520f343299711e8c45e74432,C:\code\web\herbaflow\etl\plants\03_match_gbif\out\cache\70c02a2806bb493b21dc48ef9c558856f089b438520f343299711e8c45e74432.json
Turnera ulmifolia,513,turnera ulmifolia,1,ok,200,,Turnera ulmifolia L.,Turnera ulmifolia L.,L.,SPECIES,ACCEPTED,EXACT,99,2874852,2874852,2874852,2874846,2377,6,Turneraceae,7cba51aef2209c2440b00b9be686b3787686ae74b340125442a7edb62cf987d4,C:\code\web\herbaflow\etl\plants\03_match_gbif\out\cache\7cba51aef2209c2440b00b9be686b3787686ae74b340125442a7edb62cf987d4.json
Uncaria ferrea,514,uncaria ferrea,1,ok,200,,Uncaria Schreb.,Uncaria Schreb.,Schreb.,GENUS,ACCEPTED,HIGHERRANK,99,2906635,2906635,,2906635,8798,6,Rubiaceae,a94cca6ac9c9b9d47d2637eb54743728e96e39382ed7dac081eba4416f8c946b,C:\code\web\herbaflow\etl\plants\03_match_gbif\out\cache\a94cca6ac9c9b9d47d2637eb54743728e96e39382ed7dac081eba4416f8c946b.json
Uncaria gambir,515,uncaria gambir,1,ok,200,,Uncaria gambir (W.Hunter) Roxb.,Uncaria gambir (W.Hunter) Roxb.,(W.Hunter) Roxb.,SPECIES,ACCEPTED,EXACT,100,5338190,5338190,5338190,2906635,8798,6,Rubiaceae,bd294a895e4123e9e030908496ece33f3b3684ff18b895fecf4c4f04b8163dd8,C:\code\web\herbaflow\etl\plants\03_match_gbif\out\cache\bd294a895e4123e9e030908496ece33f3b3684ff18b895fecf4c4f04b8163dd8.json
Urena lobata,516,urena lobata,1,ok,200,,Urena lobata L.,Urena lobata L.,L.,SPECIES,ACCEPTED,EXACT,100,3152253,3152253,3152253,3152250,6685,6,Malvaceae,37f2fb71451d73d42a5d87767573d62852915fbe02e53dda2f9b15e7fcf62b90,C:\code\web\herbaflow\etl\plants\03_match_gbif\out\cache\37f2fb71451d73d42a5d87767573d62852915fbe02e53dda2f9b15e7fcf62b90.json
Valeriana officinalis,517,valeriana officinalis,1,ok,200,,Valeriana officinalis L.,Valeriana officinalis L.,L.,SPECIES,ACCEPTED,EXACT,100,2888763,2888763,2888763,2888741,6710,6,Caprifoliaceae,d0adb69a22656cc921f77ad3662b5289aacddbf89814b78b7309034ead10ae35,C:\code\web\herbaflow\etl\plants\03_match_gbif\out\cache\d0adb69a22656cc921f77ad3662b5289aacddbf89814b78b7309034ead10ae35.json
Vanilla planifolia,518,vanilla planifolia,1,ok,200,,Vanilla planifolia Andrews,Vanilla planifolia Andrews,Andrews,SPECIES,ACCEPTED,EXACT,99,2803398,2803398,2803398,2743233,7689,6,Orchidaceae,6df61676a8aa7858070b771ca740e2a0724c90b19c39659ac846d181e32d5dcf,C:\code\web\herbaflow\etl\plants\03_match_gbif\out\cache\6df61676a8aa7858070b771ca740e2a0724c90b19c39659ac846d181e32d5dcf.json
Vernonia cinerea,519,vernonia cinerea,1,ok,200,,Vernonia cinerea (L.) Less.,Cyanthillium cinereum (L.) H.Rob.,(L.) Less.,SPECIES,SYNONYM,EXACT,100,6445389,6445734,6445734,3148294,3065,6,Asteraceae,d365b43b29538dc799449e3e4b64e30cb923e16c37b4cd652c68542d469aae43,C:\code\web\herbaflow\etl\plants\03_match_gbif\out\cache\d365b43b29538dc799449e3e4b64e30cb923e16c37b4cd652c68542d469aae43.json
Vetiveria zizanioides,520,vetiveria zizanioides,1,ok,200,,"Vetiveria zizanioides Stapf, 1906","Vetiveria zizanioides Stapf, 1906","Stapf, 1906",SPECIES,ACCEPTED,EXACT,99,7352653,7352653,7352653,8289208,3073,6,Poaceae,410bd939eeb9186c68d24a35a8236fc7c4f1b5acac0a4d4d31084b1bc94e0a89,C:\code\web\herbaflow\etl\plants\03_match_gbif\out\cache\410bd939eeb9186c68d24a35a8236fc7c4f1b5acac0a4d4d31084b1bc94e0a89.json
Vigna radiata,521,vigna radiata,1,ok,200,,Vigna radiata (L.) R.Wilczek,Vigna radiata (L.) R.Wilczek,(L.) R.Wilczek,SPECIES,ACCEPTED,EXACT,100,2982380,2982380,2982380,2982372,5386,6,Fabaceae,7dce1fe70c75848a19444fcebd6c65d7453f54fcbf4c3c7e69fa199e5e0b4530,C:\code\web\herbaflow\etl\plants\03_match_gbif\out\cache\7dce1fe70c75848a19444fcebd6c65d7453f54fcbf4c3c7e69fa199e5e0b4530.json
Vinca rosea,522,vinca rosea,1,ok,200,,Vinca rosea L.,Catharanthus roseus (L.) G.Don,L.,SPECIES,SYNONYM,EXACT,100,3169831,3169830,3169830,3169829,6701,6,Apocynaceae,bc450dd88eacc18a65142bb3c409a8fe5c8ccb5842dcfa41b36e2cb43050cd8a,C:\code\web\herbaflow\etl\plants\03_match_gbif\out\cache\bc450dd88eacc18a65142bb3c409a8fe5c8ccb5842dcfa41b36e2cb43050cd8a.json
Viola odorata,523,viola odorata,1,ok,200,,Viola odorata L.,Viola odorata L.,L.,SPECIES,ACCEPTED,EXACT,99,5331181,5331181,5331181,2874237,6631,6,Violaceae,32e081cb4dcc31991a004d8ae574d381a21f0cee0b7b251d6761eb8132cb1145,C:\code\web\herbaflow\etl\plants\03_match_gbif\out\cache\32e081cb4dcc31991a004d8ae574d381a21f0cee0b7b251d6761eb8132cb1145.json
Vitex negundo,524,vitex negundo,1,ok,200,,Vitex negundo L.,Vitex negundo L.,L.,SPECIES,ACCEPTED,EXACT,99,2925564,2925564,2925564,2925556,2497,6,Lamiaceae,1c4dc6b169759f05581610adb264445b762e0085ed37987f9f6f2b2c055b6bc5,C:\code\web\herbaflow\etl\plants\03_match_gbif\out\cache\1c4dc6b169759f05581610adb264445b762e0085ed37987f9f6f2b2c055b6bc5.json
Vitex trifolia,525,vitex trifolia,1,ok,200,,Vitex trifolia L.,Vitex trifolia L.,L.,SPECIES,ACCEPTED,EXACT,100,2925561,2925561,2925561,2925556,2497,6,Lamiaceae,6c90ac88987dc0cb5baa80d9a331a586f961f495dcfcdb401dd9a388339f6158,C:\code\web\herbaflow\etl\plants\03_match_gbif\out\cache\6c90ac88987dc0cb5baa80d9a331a586f961f495dcfcdb401dd9a388339f6158.json
Volvariella volvacea,526,volvariella volvacea,1,ok,200,,Volvariella volvacea (Bull.) Singer,Volvariella volvacea (Bull.) Singer,(Bull.) Singer,SPECIES,ACCEPTED,EXACT,96,5241445,5241445,5241445,2530192,8447,5,Pluteaceae,7d66196634bac0c82242cb634f1bf549feb5e9da7bae6945ac461c3a4a188c83,C:\code\web\herbaflow\etl\plants\03_match_gbif\out\cache\7d66196634bac0c82242cb634f1bf549feb5e9da7bae6945ac461c3a4a188c83.json
Woodfordia fruticosa,527,woodfordia fruticosa,1,ok,200,,Woodfordia fruticosa (L.) Kurz,Woodfordia fruticosa (L.) Kurz,(L.) Kurz,SPECIES,ACCEPTED,EXACT,99,5635525,5635525,5635525,3231604,6684,6,Lythraceae,0ea2f931279b688a6159bcd65a061313e36c65ecaa6952d01eb2c98db901d48e,C:\code\web\herbaflow\etl\plants\03_match_gbif\out\cache\0ea2f931279b688a6159bcd65a061313e36c65ecaa6952d01eb2c98db901d48e.json
Ximenia americana,528,ximenia americana,1,ok,200,,Ximenia americana L.,Ximenia americana L.,L.,SPECIES,ACCEPTED,EXACT,100,2889811,2889811,2889811,2889810,4930777,6,Ximeniaceae,0f5da398bb64b6a8e5c8ab5c8764ed0499f5d8cfebb04ba29532f181bcad2088,C:\code\web\herbaflow\etl\plants\03_match_gbif\out\cache\0f5da398bb64b6a8e5c8ab5c8764ed0499f5d8cfebb04ba29532f181bcad2088.json
Zea mays,529,zea mays,1,ok,200,,Zea mays L.,Zea mays L.,L.,SPECIES,ACCEPTED,EXACT,100,5290052,5290052,5290052,2705049,3073,6,Poaceae,605d79de312f8eeb77be085388114170146cd66f31887a867d4ecb10f208f0a6,C:\code\web\herbaflow\etl\plants\03_match_gbif\out\cache\605d79de312f8eeb77be085388114170146cd66f31887a867d4ecb10f208f0a6.json
Zephyranthes candida,530,zephyranthes candida,1,ok,200,,Zephyranthes candida Herb.,Zephyranthes candida Herb.,Herb.,SPECIES,ACCEPTED,EXACT,100,2859976,2859976,2859976,2859808,7682,6,Amaryllidaceae,4b791a8322418150bfefe4e0c9c4d75f061bb076431857638c606749b7b23435,C:\code\web\herbaflow\etl\plants\03_match_gbif\out\cache\4b791a8322418150bfefe4e0c9c4d75f061bb076431857638c606749b7b23435.json
Zingiber aromaticum,531,zingiber aromaticum,1,ok,200,,Zingiber Mill.,Zingiber Mill.,Mill.,GENUS,ACCEPTED,HIGHERRANK,99,2756693,2756693,,2756693,4687,6,Zingiberaceae,0ab08d09967fc03e886d3a7583cb8dcf5bf9142fe5cc8d98b01f9ddc06e58092,C:\code\web\herbaflow\etl\plants\03_match_gbif\out\cache\0ab08d09967fc03e886d3a7583cb8dcf5bf9142fe5cc8d98b01f9ddc06e58092.json
Zingiber cassumunar,532,zingiber cassumunar,1,ok,200,,Zingiber cassumunar Roxb.,Zingiber purpureum Roscoe,Roxb.,SPECIES,SYNONYM,EXACT,100,2757208,2757204,2757204,2756693,4687,6,Zingiberaceae,16733dd9c16a617cfb5700a56d76a60f7e1f64c4000abcbbeb019c79b33d7966,C:\code\web\herbaflow\etl\plants\03_match_gbif\out\cache\16733dd9c16a617cfb5700a56d76a60f7e1f64c4000abcbbeb019c79b33d7966.json
Zingiber officinale,533,zingiber officinale,1,ok,200,,Zingiber officinale Roscoe,Zingiber officinale Roscoe,Roscoe,SPECIES,ACCEPTED,EXACT,100,2757280,2757280,2757280,2756693,4687,6,Zingiberaceae,b359710e73fd24c4ed23365fd3e6b547a6e99f5e9f55f65d00705067ae6e77b2,C:\code\web\herbaflow\etl\plants\03_match_gbif\out\cache\b359710e73fd24c4ed23365fd3e6b547a6e99f5e9f55f65d00705067ae6e77b2.json
Zingiber zerumbet,534,zingiber zerumbet,1,ok,200,,Zingiber zerumbet (L.) Roscoe ex Sm.,Zingiber zerumbet (L.) Roscoe ex Sm.,(L.) Roscoe ex Sm.,SPECIES,ACCEPTED,EXACT,99,2757108,2757108,2757108,2756693,4687,6,Zingiberaceae,abd20e7cbe723e9c5f2393b58e962c5efb44ca68aee526e1bbcbb1ece3ae27ef,C:\code\web\herbaflow\etl\plants\03_match_gbif\out\cache\abd20e7cbe723e9c5f2393b58e962c5efb44ca68aee526e1bbcbb1ece3ae27ef.json
Zinnia elegans,535,zinnia elegans,1,ok,200,,Zinnia elegans Jacq.,Zinnia elegans Jacq.,Jacq.,SPECIES,ACCEPTED,EXACT,99,3111754,3111754,3111754,3111750,3065,6,Asteraceae,70e886b9b4900937fe4ef92c42ee6f3840bceba8d78ee01f31bf2cc76dc61674,C:\code\web\herbaflow\etl\plants\03_match_gbif\out\cache\70e886b9b4900937fe4ef92c42ee6f3840bceba8d78ee01f31bf2cc76dc61674.json
