canonical_key,ensembl_id,gene_symbol,approved_name,uniprot_accession,uniprot_source,organism_tax_id
uniprot:O43657,ENSG00000000003,TSPAN6,tetraspanin 6,O43657,uniprot_swissprot,9606
uniprot:Q8IZE3,ENSG00000000457,SCYL3,scy1 like pseudokinase 3,Q8IZE3,uniprot_swissprot,9606
uniprot:P09769,ENSG00000000938,FGR,"fgr proto-oncogene, src family tyrosine kinase",P09769,uniprot_swissprot,9606
uniprot:Q9BTY2,ENSG00000001036,FUCA2,alpha-l-fucosidase 2,Q9BTY2,uniprot_swissprot,9606
uniprot:P48506,ENSG00000001084,GCLC,glutamate-cysteine ligase catalytic subunit,P48506,uniprot_swissprot,9606
uniprot:Q13275,ENSG00000001617,SEMA3F,semaphorin 3f,Q13275,uniprot_swissprot,9606
uniprot:P13569,ENSG00000001626,CFTR,cf transmembrane conductance regulator,P13569,uniprot_swissprot,9606
uniprot:Q16850,ENSG00000001630,CYP51A1,cytochrome p450 family 51 subfamily a member 1,Q16850,uniprot_swissprot,9606
uniprot:O00522,ENSG00000001631,KRIT1,krit1 ankyrin repeat containing,O00522,uniprot_swissprot,9606
uniprot:P43351,ENSG00000002016,RAD52,rad52 dna repair protein,P43351,uniprot_swissprot,9606
uniprot:Q92934,ENSG00000002330,BAD,bcl2 associated agonist of cell death,Q92934,uniprot_swissprot,9606
uniprot:P28838,ENSG00000002549,LAP3,leucine aminopeptidase 3,P28838,uniprot_swissprot,9606
uniprot:O14792,ENSG00000002587,HS3ST1,heparan sulfate-glucosamine 3-sulfotransferase 1,O14792,uniprot_swissprot,9606
uniprot:P19801,ENSG00000002726,AOC1,amine oxidase copper containing 1,P19801,uniprot_swissprot,9606
uniprot:Q76N89,ENSG00000002746,HECW1,"hect, c2 and ww domain containing e3 ubiquitin protein ligase 1",Q76N89,uniprot_swissprot,9606
uniprot:Q9Y6D9,ENSG00000002822,MAD1L1,mitotic arrest deficient 1 like 1,Q9Y6D9,uniprot_swissprot,9606
uniprot:Q14847,ENSG00000002834,LASP1,lim and sh3 protein 1,Q14847,uniprot_swissprot,9606
uniprot:Q9Y5W9,ENSG00000002919,SNX11,sorting nexin 11,Q9Y5W9,uniprot_swissprot,9606
uniprot:Q96HP8,ENSG00000002933,TMEM176A,transmembrane protein 176a,Q96HP8,uniprot_swissprot,9606
uniprot:P20645,ENSG00000003056,M6PR,"mannose-6-phosphate receptor, cation dependent",P20645,uniprot_swissprot,9606
uniprot:Q9NR63,ENSG00000003137,CYP26B1,cytochrome p450 family 26 subfamily b member 1,Q9NR63,uniprot_swissprot,9606
uniprot:Q96Q42,ENSG00000003393,ALS2,alsin rho guanine nucleotide exchange factor als2,Q96Q42,uniprot_swissprot,9606
uniprot:Q92851,ENSG00000003400,CASP10,caspase 10,Q92851,uniprot_swissprot,9606
uniprot:O15519,ENSG00000003402,CFLAR,casp8 and fadd like apoptosis regulator,O15519,uniprot_swissprot,9606
uniprot:P10646,ENSG00000003436,TFPI,tissue factor pathway inhibitor,P10646,uniprot_swissprot,9606
uniprot:Q7L592,ENSG00000003509,NDUFAF7,nadh:ubiquinone oxidoreductase complex assembly factor 7,Q7L592,uniprot_swissprot,9606
uniprot:P52756,ENSG00000003756,RBM5,rna binding motif protein 5,P52756,uniprot_swissprot,9606
uniprot:P52569,ENSG00000003989,SLC7A2,solute carrier family 7 member 2,P52569,uniprot_swissprot,9606
uniprot:P84085,ENSG00000004059,ARF5,arf gtpase 5,P84085,uniprot_swissprot,9606
uniprot:Q6SZW1,ENSG00000004139,SARM1,sterile alpha and tir motif containing 1,Q6SZW1,uniprot_swissprot,9606
uniprot:Q9Y4D7,ENSG00000004399,PLXND1,plexin d1,Q9Y4D7,uniprot_swissprot,9606
uniprot:P28907,ENSG00000004468,CD38,cd38 molecule,P28907,uniprot_swissprot,9606
uniprot:Q02790,ENSG00000004478,FKBP4,fkbp prolyl isomerase 4,Q02790,uniprot_swissprot,9606
uniprot:O60341,ENSG00000004487,KDM1A,lysine demethylase 1a,O60341,uniprot_swissprot,9606
uniprot:P78332,ENSG00000004534,RBM6,rna binding motif protein 6,P78332,uniprot_swissprot,9606
uniprot:P46063,ENSG00000004700,RECQL,recq like helicase,P46063,uniprot_swissprot,9606
uniprot:O14561,ENSG00000004779,NDUFAB1,nadh:ubiquinone oxidoreductase subunit ab1,O14561,uniprot_swissprot,9606
uniprot:Q16654,ENSG00000004799,PDK4,pyruvate dehydrogenase kinase 4,Q16654,uniprot_swissprot,9606
uniprot:Q2M3G0,ENSG00000004846,ABCB5,atp binding cassette subfamily b member 5,Q2M3G0,uniprot_swissprot,9606
uniprot:P30260,ENSG00000004897,CDC27,cell division cycle 27,P30260,uniprot_swissprot,9606
uniprot:P02730,ENSG00000004939,SLC4A1,solute carrier family 4 member 1 (diego blood group),P02730,uniprot_swissprot,9606
uniprot:P30988,ENSG00000004948,CALCR,calcitonin receptor,P30988,uniprot_swissprot,9606
uniprot:Q92900,ENSG00000005007,UPF1,upf1 rna helicase and atpase,Q92900,uniprot_swissprot,9606
uniprot:O75563,ENSG00000005020,SKAP2,src kinase associated phosphoprotein 2,O75563,uniprot_swissprot,9606
uniprot:P05141,ENSG00000005022,SLC25A5,solute carrier family 25 member 5,P05141,uniprot_swissprot,9606
uniprot:Q9NWR8,ENSG00000005059,MCUB,mitochondrial calcium uniporter dominant negative subunit beta,Q9NWR8,uniprot_swissprot,9606
uniprot:P31270,ENSG00000005073,HOXA11,homeobox a11,P31270,uniprot_swissprot,9606
uniprot:Q9UPZ6,ENSG00000005108,THSD7A,thrombospondin type 1 domain containing 7a,Q9UPZ6,uniprot_swissprot,9606
uniprot:Q6FI81,ENSG00000005194,CIAPIN1,cytokine induced apoptosis inhibitor 1,Q6FI81,uniprot_swissprot,9606
uniprot:Q9P299,ENSG00000005243,COPZ2,coat protein complex i subunit zeta 2,Q9P299,uniprot_swissprot,9606
uniprot:Q92793,ENSG00000005339,CREBBP,creb binding lysine acetyltransferase,Q92793,uniprot_swissprot,9606
uniprot:O95153,ENSG00000005379,TSPOAP1,tspo associated protein 1,O95153,uniprot_swissprot,9606
uniprot:P05164,ENSG00000005381,MPO,myeloperoxidase,P05164,uniprot_swissprot,9606
uniprot:P27169,ENSG00000005421,PON1,paraoxonase 1,P27169,uniprot_swissprot,9606
uniprot:P16383,ENSG00000005436,GCFC2,gc-rich sequence dna-binding factor 2,P16383,uniprot_swissprot,9606
uniprot:Q9UKG9,ENSG00000005469,CROT,carnitine o-octanoyltransferase,Q9UKG9,uniprot_swissprot,9606
uniprot:Q8IZD2,ENSG00000005483,KMT2E,lysine methyltransferase 2e (inactive),Q8IZD2,uniprot_swissprot,9606
uniprot:P57073,ENSG00000005513,SOX8,sry-box transcription factor 8,P57073,uniprot_swissprot,9606
uniprot:Q9P2D0,ENSG00000005700,IBTK,inhibitor of bruton tyrosine kinase,Q9P2D0,uniprot_swissprot,9606
uniprot:O75592,ENSG00000005810,MYCBP2,myc binding protein 2,O75592,uniprot_swissprot,9606
uniprot:P20701,ENSG00000005844,ITGAL,integrin subunit alpha l,P20701,uniprot_swissprot,9606
uniprot:P26006,ENSG00000005884,ITGA3,integrin subunit alpha 3,P26006,uniprot_swissprot,9606
uniprot:P08514,ENSG00000005961,ITGA2B,integrin subunit alpha 2b,P08514,uniprot_swissprot,9606
uniprot:Q9BZF2,ENSG00000006025,OSBPL7,oxysterol binding protein like 7,Q9BZF2,uniprot_swissprot,9606
uniprot:Q99558,ENSG00000006062,MAP3K14,mitogen-activated protein kinase kinase kinase 14,Q99558,uniprot_swissprot,9606
uniprot:Q09428,ENSG00000006071,ABCC8,atp binding cassette subfamily c member 8,Q09428,uniprot_swissprot,9606
uniprot:O60359,ENSG00000006116,CACNG3,calcium voltage-gated channel auxiliary subunit gamma 3,O60359,uniprot_swissprot,9606
uniprot:P78423,ENSG00000006210,CX3CL1,c-x3-c motif chemokine ligand 1,P78423,uniprot_swissprot,9606
uniprot:O43497,ENSG00000006283,CACNA1G,calcium voltage-gated channel subunit alpha1 g,O43497,uniprot_swissprot,9606
uniprot:Q9NP84,ENSG00000006327,TNFRSF12A,tnf receptor superfamily member 12a,Q9NP84,uniprot_swissprot,9606
uniprot:P80192,ENSG00000006432,MAP3K9,mitogen-activated protein kinase kinase kinase 9,P80192,uniprot_swissprot,9606
uniprot:P11233,ENSG00000006451,RALA,ras like proto-oncogene a,P11233,uniprot_swissprot,9606
uniprot:Q9UHR4,ENSG00000006453,BAIAP2L1,bar/imd domain containing adaptor protein 2 like 1,Q9UHR4,uniprot_swissprot,9606
uniprot:Q6ZMT4,ENSG00000006459,KDM7A,lysine demethylase 7a,Q6ZMT4,uniprot_swissprot,9606
uniprot:P50549,ENSG00000006468,ETV1,ets variant transcription factor 1,P50549,uniprot_swissprot,9606
uniprot:Q53H12,ENSG00000006530,AGK,acylglycerol kinase,Q53H12,uniprot_swissprot,9606
uniprot:Q5TAA0,ENSG00000006555,TTC22,tetratricopeptide repeat domain 22,Q5TAA0,uniprot_swissprot,9606
uniprot:Q8N3S3,ENSG00000006576,PHTF2,putative homeodomain transcription factor 2,Q8N3S3,uniprot_swissprot,9606
uniprot:Q9Y258,ENSG00000006606,CCL26,c-c motif chemokine ligand 26,Q9Y258,uniprot_swissprot,9606
uniprot:O94887,ENSG00000006607,FARP2,"ferm, arh/rhogef and pleckstrin domain protein 2",O94887,uniprot_swissprot,9606
uniprot:Q9UBU7,ENSG00000006634,DBF4,dbf4-cdc7 kinase regulatory subunit,Q9UBU7,uniprot_swissprot,9606
uniprot:P21731,ENSG00000006638,TBXA2R,thromboxane a2 receptor,P21731,uniprot_swissprot,9606
uniprot:Q12887,ENSG00000006695,COX10,cytochrome c oxidase assembly factor heme a:farnesyltransferase cox10,Q12887,uniprot_swissprot,9606
uniprot:Q9UHL9,ENSG00000006704,GTF2IRD1,gtf2i repeat domain containing 1,Q9UHL9,uniprot_swissprot,9606
uniprot:Q8N7H5,ENSG00000006712,PAF1,paf1 component of paf1/rna polymerase ii complex,Q8N7H5,uniprot_swissprot,9606
uniprot:Q17R89,ENSG00000006740,ARHGAP44,rho gtpase activating protein 44,Q17R89,uniprot_swissprot,9606
uniprot:Q9BQ52,ENSG00000006744,ELAC2,elac ribonuclease z 2,Q9BQ52,uniprot_swissprot,9606
uniprot:Q9Y6U3,ENSG00000006747,SCIN,scinderin,Q9Y6U3,uniprot_swissprot,9606
uniprot:Q9UKX3,ENSG00000006788,MYH13,myosin heavy chain 13,Q9UKX3,uniprot_swissprot,9606
uniprot:O95045,ENSG00000007001,UPP2,uridine phosphorylase 2,O95045,uniprot_swissprot,9606
uniprot:O43490,ENSG00000007062,PROM1,prominin 1,O43490,uniprot_swissprot,9606
uniprot:P43034,ENSG00000007168,PAFAH1B1,platelet activating factor acetylhydrolase 1b regulatory subunit 1,P43034,uniprot_swissprot,9606
uniprot:P35228,ENSG00000007171,NOS2,nitric oxide synthase 2,P35228,uniprot_swissprot,9606
uniprot:Q14667,ENSG00000007202,BLTP2,bridge-like lipid transfer protein family member 2,Q14667,uniprot_swissprot,9606
uniprot:O60861,ENSG00000007237,GAS7,growth arrest specific 7,O60861,uniprot_swissprot,9606
uniprot:P40259,ENSG00000007312,CD79B,cd79b molecule,P40259,uniprot_swissprot,9606
uniprot:P35499,ENSG00000007314,SCN4A,sodium voltage-gated channel alpha subunit 4,P35499,uniprot_swissprot,9606
uniprot:Q8TDW4,ENSG00000007341,ST7L,suppression of tumorigenicity 7 like,Q8TDW4,uniprot_swissprot,9606
uniprot:P26367,ENSG00000007372,PAX6,paired box 6,P26367,uniprot_swissprot,9606
uniprot:Q96CC6,ENSG00000007384,RHBDF1,rhomboid 5 homolog 1,Q96CC6,uniprot_swissprot,9606
uniprot:Q9NY47,ENSG00000007402,CACNA2D2,calcium voltage-gated channel auxiliary subunit alpha2delta 2,Q9NY47,uniprot_swissprot,9606
uniprot:O94812,ENSG00000007516,BAIAP3,bai1 associated protein 3,O94812,uniprot_swissprot,9606
uniprot:Q99594,ENSG00000007866,TEAD3,tea domain transcription factor 3,Q99594,uniprot_swissprot,9606
uniprot:P16581,ENSG00000007908,SELE,selectin e,P16581,uniprot_swissprot,9606
uniprot:Q8WY64,ENSG00000007944,MYLIP,myosin regulatory light chain interacting protein,Q8WY64,uniprot_swissprot,9606
uniprot:Q9Y5S8,ENSG00000007952,NOX1,nadph oxidase 1,Q9Y5S8,uniprot_swissprot,9606
uniprot:Q14209,ENSG00000007968,E2F2,e2f transcription factor 2,Q14209,uniprot_swissprot,9606
uniprot:P20618,ENSG00000008018,PSMB1,proteasome 20s subunit beta 1,P20618,uniprot_swissprot,9606
uniprot:Q92833,ENSG00000008083,JARID2,jumonji and at-rich interaction domain containing 2,Q92833,uniprot_swissprot,9606
uniprot:Q96NX5,ENSG00000008118,CAMK1G,calcium/calmodulin dependent protein kinase ig,Q96NX5,uniprot_swissprot,9606
uniprot:Q9UQ88,ENSG00000008128,CDK11A,cyclin dependent kinase 11a,Q9UQ88,uniprot_swissprot,9606
uniprot:O95544,ENSG00000008130,NADK,nad kinase,O95544,uniprot_swissprot,9606
uniprot:Q92481,ENSG00000008196,TFAP2B,transcription factor ap-2 beta,Q92481,uniprot_swissprot,9606
uniprot:Q7Z6R9,ENSG00000008197,TFAP2D,transcription factor ap-2 delta,Q7Z6R9,uniprot_swissprot,9606
uniprot:P49447,ENSG00000008283,CYB561,cytochrome b561,P49447,uniprot_swissprot,9606
uniprot:Q9UDR5,ENSG00000008311,AASS,aminoadipate-semialdehyde synthase,Q9UDR5,uniprot_swissprot,9606
uniprot:Q3KR16,ENSG00000008323,PLEKHG6,pleckstrin homology and rhogef domain containing g6,Q3KR16,uniprot_swissprot,9606
uniprot:Q14938,ENSG00000008441,NFIX,nuclear factor i x,Q14938,uniprot_swissprot,9606
uniprot:Q11201,ENSG00000008513,ST3GAL1,"st3 beta-galactoside alpha-2,3-sialyltransferase 1",Q11201,uniprot_swissprot,9606
uniprot:Q9NPA2,ENSG00000008516,MMP25,matrix metallopeptidase 25,Q9NPA2,uniprot_swissprot,9606
uniprot:P24001,ENSG00000008517,IL32,interleukin 32,P24001,uniprot_swissprot,9606
uniprot:P98161,ENSG00000008710,PKD1,"polycystin 1, transient receptor potential channel interacting",P98161,uniprot_swissprot,9606
uniprot:O75448,ENSG00000008838,MED24,mediator complex subunit 24,O75448,uniprot_swissprot,9606
uniprot:Q9BYZ6,ENSG00000008853,RHOBTB2,rho related btb domain containing 2,Q9BYZ6,uniprot_swissprot,9606
uniprot:Q9P2D3,ENSG00000008869,HEATR5B,heat repeat containing 5b,Q9P2D3,uniprot_swissprot,9606
uniprot:P60866,ENSG00000008988,RPS20,ribosomal protein s20,P60866,uniprot_swissprot,9606
uniprot:Q15386,ENSG00000009335,UBE3C,ubiquitin protein ligase e3c,Q15386,uniprot_swissprot,9606
uniprot:O60673,ENSG00000009413,REV3L,"rev3 like, dna directed polymerase zeta catalytic subunit",O60673,uniprot_swissprot,9606
uniprot:P23759,ENSG00000009709,PAX7,paired box 7,P23759,uniprot_swissprot,9606
uniprot:Q8TAV0,ENSG00000009780,FAM76A,family with sequence similarity 76 member a,Q8TAV0,uniprot_swissprot,9606
uniprot:Q9NP71,ENSG00000009950,MLXIPL,mlx interacting protein like,Q9NP71,uniprot_swissprot,9606
uniprot:Q9UIG0,ENSG00000009954,BAZ1B,bromodomain adjacent to zinc finger domain 1b,Q9UIG0,uniprot_swissprot,9606
uniprot:Q96S59,ENSG00000010017,RANBP9,ran binding protein 9,Q96S59,uniprot_swissprot,9606
uniprot:Q9Y603,ENSG00000010030,ETV7,ets variant transcription factor 7,Q9Y603,uniprot_swissprot,9606
uniprot:O43670,ENSG00000010244,ZNF207,zinc finger protein 207,O43670,uniprot_swissprot,9606
uniprot:P31930,ENSG00000010256,UQCRC1,ubiquinol-cytochrome c reductase core protein 1,P31930,uniprot_swissprot,9606
uniprot:P21926,ENSG00000010278,CD9,cd9 molecule,P21926,uniprot_swissprot,9606
uniprot:P48546,ENSG00000010310,GIPR,gastric inhibitory polypeptide receptor,P48546,uniprot_swissprot,9606
uniprot:Q9Y2I1,ENSG00000010322,NISCH,nischarin,Q9Y2I1,uniprot_swissprot,9606
uniprot:Q9BT04,ENSG00000010361,FUZ,fuzzy planar cell polarity protein,Q9BT04,uniprot_swissprot,9606
uniprot:P35030,ENSG00000010438,PRSS3,serine protease 3,P35030,uniprot_swissprot,9606
uniprot:P01730,ENSG00000010610,CD4,cd4 molecule,P01730,uniprot_swissprot,9606
uniprot:Q06187,ENSG00000010671,BTK,bruton tyrosine kinase,Q06187,uniprot_swissprot,9606
uniprot:Q30201,ENSG00000010704,HFE,homeostatic iron regulator,Q30201,uniprot_swissprot,9606
uniprot:Q96GD3,ENSG00000010803,SCMH1,scm polycomb group protein homolog 1,Q96GD3,uniprot_swissprot,9606
uniprot:P06241,ENSG00000010810,FYN,"fyn proto-oncogene, src family tyrosine kinase",P06241,uniprot_swissprot,9606
uniprot:P31629,ENSG00000010818,HIVEP2,hivep zinc finger 2,P31629,uniprot_swissprot,9606
uniprot:P51797,ENSG00000011021,CLCN6,cl-/h+ antiporter 6,P51797,uniprot_swissprot,9606
uniprot:Q9UBG0,ENSG00000011028,MRC2,mannose receptor c-type 2,Q9UBG0,uniprot_swissprot,9606
uniprot:O75954,ENSG00000011105,TSPAN9,tetraspanin 9,O75954,uniprot_swissprot,9606
uniprot:Q8WTS1,ENSG00000011198,ABHD5,"abhydrolase domain containing 5, lysophosphatidic acid acyltransferase",Q8WTS1,uniprot_swissprot,9606
uniprot:Q9ULX6,ENSG00000011243,AKAP8L,a-kinase anchoring protein 8 like,Q9ULX6,uniprot_swissprot,9606
uniprot:Q05BQ5,ENSG00000011258,MBTD1,mbt domain containing 1,Q05BQ5,uniprot_swissprot,9606
uniprot:Q9Y5J1,ENSG00000011260,UTP18,utp18 small subunit processome component,Q9Y5J1,uniprot_swissprot,9606
uniprot:Q9NWF9,ENSG00000011275,RNF216,ring finger protein 216,Q9NWF9,uniprot_swissprot,9606
uniprot:Q6DKK2,ENSG00000011295,TTC19,tetratricopeptide repeat domain 19,Q6DKK2,uniprot_swissprot,9606
uniprot:P26599,ENSG00000011304,PTBP1,polypyrimidine tract binding protein 1,P26599,uniprot_swissprot,9606
uniprot:O00443,ENSG00000011405,PIK3C2A,phosphatidylinositol-4-phosphate 3-kinase catalytic subunit type 2 alpha,O00443,uniprot_swissprot,9606
uniprot:Q03405,ENSG00000011422,PLAUR,"plasminogen activator, urokinase receptor",Q03405,uniprot_swissprot,9606
uniprot:Q9NQW6,ENSG00000011426,ANLN,"anillin, actin binding protein",Q9NQW6,uniprot_swissprot,9606
uniprot:Q9Y3P9,ENSG00000011454,RABGAP1,rab gtpase activating protein 1,Q9Y3P9,uniprot_swissprot,9606
uniprot:P07585,ENSG00000011465,DCN,decorin,P07585,uniprot_swissprot,9606
uniprot:P53041,ENSG00000011485,PPP5C,protein phosphatase 5 catalytic subunit,P53041,uniprot_swissprot,9606
uniprot:Q76N32,ENSG00000011523,CEP68,centrosomal protein 68,Q76N32,uniprot_swissprot,9606
uniprot:Q8IVH8,ENSG00000011566,MAP4K3,mitogen-activated protein kinase kinase kinase kinase 3,Q8IVH8,uniprot_swissprot,9606
uniprot:O43914,ENSG00000011600,TYROBP,transmembrane immune signaling adaptor tyrobp,O43914,uniprot_swissprot,9606
uniprot:P34903,ENSG00000011677,GABRA3,gamma-aminobutyric acid type a receptor subunit alpha3,P34903,uniprot_swissprot,9606
uniprot:P38398,ENSG00000012048,BRCA1,brca1 dna repair associated,P38398,uniprot_swissprot,9606
uniprot:P07992,ENSG00000012061,ERCC1,"ercc excision repair 1, endonuclease non-catalytic subunit",P07992,uniprot_swissprot,9606
uniprot:P02788,ENSG00000012223,LTF,lactotransferrin,P02788,uniprot_swissprot,9606
uniprot:Q96RI1,ENSG00000012504,NR1H4,nuclear receptor subfamily 1 group h member 4,Q96RI1,uniprot_swissprot,9606
uniprot:Q9NYP7,ENSG00000012660,ELOVL5,elovl fatty acid elongase 5,Q9NYP7,uniprot_swissprot,9606
uniprot:P09917,ENSG00000012779,ALOX5,arachidonate 5-lipoxygenase,P09917,uniprot_swissprot,9606
uniprot:Q9Y4K4,ENSG00000012983,MAP4K5,mitogen-activated protein kinase kinase kinase kinase 5,Q9Y4K4,uniprot_swissprot,9606
uniprot:P43686,ENSG00000013275,PSMC4,"proteasome 26s subunit, atpase 4",P43686,uniprot_swissprot,9606
uniprot:Q8TBB6,ENSG00000013293,SLC7A14,solute carrier family 7 member 14,Q8TBB6,uniprot_swissprot,9606
uniprot:O75508,ENSG00000013297,CLDN11,claudin 11,O75508,uniprot_swissprot,9606
uniprot:Q14764,ENSG00000013364,MVP,major vault protein,Q14764,uniprot_swissprot,9606
uniprot:P49759,ENSG00000013441,CLK1,cdc like kinase 1,P49759,uniprot_swissprot,9606
uniprot:Q9UNK9,ENSG00000013523,ANGEL1,angel homolog 1,Q9UNK9,uniprot_swissprot,9606
uniprot:Q96FC9,ENSG00000013573,DDX11,dead/h-box helicase 11,Q96FC9,uniprot_swissprot,9606
uniprot:Q8NFJ5,ENSG00000013588,GPRC5A,g protein-coupled receptor class c group 5 member a,Q8NFJ5,uniprot_swissprot,9606
uniprot:P30203,ENSG00000013725,CD6,cd6 molecule,P30203,uniprot_swissprot,9606
uniprot:Q9Y6A5,ENSG00000013810,TACC3,transforming acidic coiled-coil containing protein 3,Q9Y6A5,uniprot_swissprot,9606
uniprot:O94874,ENSG00000014123,UFL1,ufm1 specific ligase 1,O94874,uniprot_swissprot,9606
uniprot:Q14181,ENSG00000014138,POLA2,"dna polymerase alpha 2, accessory subunit",Q14181,uniprot_swissprot,9606
uniprot:P07384,ENSG00000014216,CAPN1,calpain 1,P07384,uniprot_swissprot,9606
uniprot:P40925,ENSG00000014641,MDH1,malate dehydrogenase 1,P40925,uniprot_swissprot,9606
uniprot:Q6PML9,ENSG00000014824,SLC30A9,solute carrier family 30 member 9,Q6PML9,uniprot_swissprot,9606
uniprot:A4FU01,ENSG00000014914,MTMR11,myotubularin related protein 11,A4FU01,uniprot_swissprot,9606
uniprot:Q9P219,ENSG00000015133,CCDC88C,coiled-coil and hook domain protein 88c,Q9P219,uniprot_swissprot,9606
uniprot:P42768,ENSG00000015285,WAS,wasp actin nucleation promoting factor,P42768,uniprot_swissprot,9606
uniprot:P16444,ENSG00000015413,DPEP1,dipeptidase 1,P16444,uniprot_swissprot,9606
uniprot:Q9UHC9,ENSG00000015520,NPC1L1,npc1 like intracellular cholesterol transporter 1,Q9UHC9,uniprot_swissprot,9606
uniprot:P61371,ENSG00000016082,ISL1,isl lim homeobox 1,P61371,uniprot_swissprot,9606
uniprot:Q8NE62,ENSG00000016391,CHDH,choline dehydrogenase,Q8NE62,uniprot_swissprot,9606
uniprot:Q9UHF4,ENSG00000016402,IL20RA,interleukin 20 receptor subunit alpha,Q9UHF4,uniprot_swissprot,9606
uniprot:A8K7I4,ENSG00000016490,CLCA1,chloride channel accessory 1,A8K7I4,uniprot_swissprot,9606
uniprot:Q14CN2,ENSG00000016602,CLCA4,chloride channel accessory 4,Q14CN2,uniprot_swissprot,9606
uniprot:P05019,ENSG00000017427,IGF1,insulin like growth factor 1,P05019,uniprot_swissprot,9606
uniprot:Q7L099,ENSG00000018189,RUFY3,run and fyve domain containing 3,Q7L099,uniprot_swissprot,9606
uniprot:Q12860,ENSG00000018236,CNTN1,contactin 1,Q12860,uniprot_swissprot,9606
uniprot:P49279,ENSG00000018280,SLC11A1,solute carrier family 11 member 1,P49279,uniprot_swissprot,9606
uniprot:Q9GZV5,ENSG00000018408,WWTR1,ww domain containing transcription regulator 1,Q9GZV5,uniprot_swissprot,9606
uniprot:P50993,ENSG00000018625,ATP1A2,atpase na+/k+ transporting subunit alpha 2,P50993,uniprot_swissprot,9606
uniprot:Q86UU1,ENSG00000019144,PHLDB1,pleckstrin homology like domain family b member 1,Q86UU1,uniprot_swissprot,9606
uniprot:Q07973,ENSG00000019186,CYP24A1,cytochrome p450 family 24 subfamily a member 1,Q07973,uniprot_swissprot,9606
uniprot:Q9NQV5,ENSG00000019485,PRDM11,pr/set domain 11,Q9NQV5,uniprot_swissprot,9606
uniprot:Q7L8C5,ENSG00000019505,SYT13,synaptotagmin 13,Q7L8C5,uniprot_swissprot,9606
uniprot:O43623,ENSG00000019549,SNAI2,snail family transcriptional repressor 2,O43623,uniprot_swissprot,9606
uniprot:P04233,ENSG00000019582,CD74,cd74 molecule,P04233,uniprot_swissprot,9606
uniprot:P14210,ENSG00000019991,HGF,hepatocyte growth factor,P14210,uniprot_swissprot,9606
uniprot:Q9NTW7,ENSG00000020256,ZFP64,zfp64 zinc finger protein,Q9NTW7,uniprot_swissprot,9606
uniprot:Q13761,ENSG00000020633,RUNX3,runx family transcription factor 3,Q13761,uniprot_swissprot,9606
uniprot:P49959,ENSG00000020922,MRE11,mre11 double strand break repair nuclease,P49959,uniprot_swissprot,9606
uniprot:Q9HDB5,ENSG00000021645,NRXN3,neurexin 3,Q9HDB5,uniprot_swissprot,9606
uniprot:O60306,ENSG00000021776,AQR,aquarius intron-binding spliceosomal factor,O60306,uniprot_swissprot,9606
uniprot:P31327,ENSG00000021826,CPS1,carbamoyl-phosphate synthase 1,P31327,uniprot_swissprot,9606
uniprot:P07358,ENSG00000021852,C8B,complement c8 beta chain,P07358,uniprot_swissprot,9606
uniprot:Q13642,ENSG00000022267,FHL1,four and a half lim domains 1,Q13642,uniprot_swissprot,9606
uniprot:P14867,ENSG00000022355,GABRA1,gamma-aminobutyric acid type a receptor subunit alpha1,P14867,uniprot_swissprot,9606
uniprot:Q9H6R6,ENSG00000023041,ZDHHC6,zdhhc palmitoyltransferase 6,Q9H6R6,uniprot_swissprot,9606
uniprot:Q3KR37,ENSG00000023171,GRAMD1B,gram domain containing 1b,Q3KR37,uniprot_swissprot,9606
uniprot:P28331,ENSG00000023228,NDUFS1,nadh:ubiquinone oxidoreductase core subunit s1,P28331,uniprot_swissprot,9606
uniprot:Q8TDY2,ENSG00000023287,RB1CC1,rb1 inducible coiled-coil 1,Q8TDY2,uniprot_swissprot,9606
uniprot:Q13489,ENSG00000023445,BIRC3,baculoviral iap repeat containing 3,Q13489,uniprot_swissprot,9606
uniprot:Q9UKA4,ENSG00000023516,AKAP11,a-kinase anchoring protein 11,Q9UKA4,uniprot_swissprot,9606
uniprot:Q9NS18,ENSG00000023572,GLRX2,glutaredoxin 2,Q9NS18,uniprot_swissprot,9606
uniprot:Q9H4E7,ENSG00000023892,DEF6,def6 guanine nucleotide exchange factor,Q9H4E7,uniprot_swissprot,9606
uniprot:Q9NZN4,ENSG00000024422,EHD2,eh domain containing 2,Q9NZN4,uniprot_swissprot,9606
uniprot:Q5TB30,ENSG00000024526,DEPDC1,dep domain containing 1,Q5TB30,uniprot_swissprot,9606
uniprot:Q03933,ENSG00000025156,HSF2,heat shock transcription factor 2,Q03933,uniprot_swissprot,9606
uniprot:Q13133,ENSG00000025434,NR1H3,nuclear receptor subfamily 1 group h member 3,Q13133,uniprot_swissprot,9606
uniprot:P19971,ENSG00000025708,TYMP,thymidine phosphorylase,P19971,uniprot_swissprot,9606
uniprot:P08670,ENSG00000026025,VIM,vimentin,P08670,uniprot_swissprot,9606
uniprot:P25445,ENSG00000026103,FAS,fas cell surface death receptor,P25445,uniprot_swissprot,9606
uniprot:O00584,ENSG00000026297,RNASET2,ribonuclease t2,O00584,uniprot_swissprot,9606
uniprot:P16070,ENSG00000026508,CD44,cd44 molecule (in blood group),P16070,uniprot_swissprot,9606
uniprot:Q9UIX4,ENSG00000026559,KCNG1,potassium voltage-gated channel modifier subfamily g member 1,Q9UIX4,uniprot_swissprot,9606
uniprot:Q9NRZ5,ENSG00000026652,AGPAT4,1-acylglycerol-3-phosphate o-acyltransferase 4,Q9NRZ5,uniprot_swissprot,9606
uniprot:P24723,ENSG00000027075,PRKCH,protein kinase c eta,P24723,uniprot_swissprot,9606
uniprot:P14616,ENSG00000027644,INSRR,insulin receptor related receptor,P14616,uniprot_swissprot,9606
uniprot:P15260,ENSG00000027697,IFNGR1,interferon gamma receptor 1,P15260,uniprot_swissprot,9606
uniprot:Q86Y07,ENSG00000028116,VRK2,vrk serine/threonine kinase 2,Q86Y07,uniprot_swissprot,9606
uniprot:P20333,ENSG00000028137,TNFRSF1B,tnf receptor superfamily member 1b,P20333,uniprot_swissprot,9606
uniprot:Q9HBM0,ENSG00000028203,VEZT,"vezatin, adherens junctions transmembrane protein",Q9HBM0,uniprot_swissprot,9606
uniprot:P62380,ENSG00000028839,TBPL1,tata-box binding protein like 1,P62380,uniprot_swissprot,9606
uniprot:Q9NYF8,ENSG00000029363,BCLAF1,bcl2 associated transcription factor 1,Q9NYF8,uniprot_swissprot,9606
uniprot:P16157,ENSG00000029534,ANK1,ankyrin 1,P16157,uniprot_swissprot,9606
uniprot:P21815,ENSG00000029559,IBSP,integrin binding sialoprotein,P21815,uniprot_swissprot,9606
uniprot:Q15276,ENSG00000029725,RABEP1,"rabaptin, rab gtpase binding effector protein 1",Q15276,uniprot_swissprot,9606
uniprot:O15347,ENSG00000029993,HMGB3,high mobility group box 3,O15347,uniprot_swissprot,9606
uniprot:Q12769,ENSG00000030066,NUP160,nucleoporin 160,Q12769,uniprot_swissprot,9606
uniprot:Q16611,ENSG00000030110,BAK1,bcl2 antagonist/killer 1,Q16611,uniprot_swissprot,9606
uniprot:Q9UKS7,ENSG00000030419,IKZF2,ikaros family zinc finger 2,Q9UKS7,uniprot_swissprot,9606
uniprot:P28799,ENSG00000030582,GRN,granulin precursor,P28799,uniprot_swissprot,9606
uniprot:Q2M1Z3,ENSG00000031081,ARHGAP31,rho gtpase activating protein 31,Q2M1Z3,uniprot_swissprot,9606
uniprot:Q7L2Z9,ENSG00000031691,CENPQ,centromere protein q,Q7L2Z9,uniprot_swissprot,9606
uniprot:Q9H6Z4,ENSG00000031823,RANBP3,ran binding protein 3,Q9H6Z4,uniprot_swissprot,9606
uniprot:P29374,ENSG00000032219,ARID4A,at-rich interaction domain 4a,P29374,uniprot_swissprot,9606
uniprot:Q6NZY4,ENSG00000033030,ZCCHC8,zinc finger cchc-type containing 8,Q6NZY4,uniprot_swissprot,9606
uniprot:A0A075B6E9,ENSG00000033122,LRRC7,leucine rich repeat containing 7,A0A075B6E9,uniprot_trembl,9606
uniprot:Q9BYC5,ENSG00000033170,FUT8,fucosyltransferase 8,Q9BYC5,uniprot_swissprot,9606
uniprot:Q9UQC2,ENSG00000033327,GAB2,grb2 associated binding protein 2,Q9UQC2,uniprot_swissprot,9606
uniprot:O75925,ENSG00000033800,PIAS1,protein inhibitor of activated stat 1,O75925,uniprot_swissprot,9606
uniprot:Q9Y6M7,ENSG00000033867,SLC4A7,solute carrier family 4 member 7,Q9Y6M7,uniprot_swissprot,9606
uniprot:P46734,ENSG00000034152,MAP2K3,mitogen-activated protein kinase kinase 3,P46734,uniprot_swissprot,9606
uniprot:Q9HAE3,ENSG00000034239,CLXN,calaxin,Q9HAE3,uniprot_swissprot,9606
uniprot:Q9NV58,ENSG00000034677,RNF19A,"ring finger protein 19a, rbr e3 ubiquitin protein ligase",Q9NV58,uniprot_swissprot,9606
uniprot:Q96HL8,ENSG00000035115,SH3YL1,sh3 and sylf domain containing 1,Q96HL8,uniprot_swissprot,9606
uniprot:P18206,ENSG00000035403,VCL,vinculin,P18206,uniprot_swissprot,9606
uniprot:Q8WUY9,ENSG00000035499,DEPDC1B,dep domain containing 1b,Q8WUY9,uniprot_swissprot,9606
uniprot:P16035,ENSG00000035862,TIMP2,timp metallopeptidase inhibitor 2,P16035,uniprot_swissprot,9606
uniprot:P35251,ENSG00000035928,RFC1,replication factor c subunit 1,P35251,uniprot_swissprot,9606
uniprot:Q13618,ENSG00000036257,CUL3,cullin 3,Q13618,uniprot_swissprot,9606
uniprot:P54296,ENSG00000036448,MYOM2,myomesin 2,P54296,uniprot_swissprot,9606
uniprot:Q9Y6A2,ENSG00000036530,CYP46A1,cytochrome p450 family 46 subfamily a member 1,Q9Y6A2,uniprot_swissprot,9606
uniprot:P54219,ENSG00000036565,SLC18A1,solute carrier family 18 member a1,P54219,uniprot_swissprot,9606
uniprot:P41180,ENSG00000036828,CASR,calcium sensing receptor,P41180,uniprot_swissprot,9606
uniprot:Q9NRH3,ENSG00000037042,TUBG2,tubulin gamma 2,Q9NRH3,uniprot_swissprot,9606
uniprot:P35916,ENSG00000037280,FLT4,fms related receptor tyrosine kinase 4,P35916,uniprot_swissprot,9606
uniprot:Q08J23,ENSG00000037474,NSUN2,nop2/sun rna methyltransferase 2,Q08J23,uniprot_swissprot,9606
uniprot:Q6P3S6,ENSG00000037637,FBXO42,f-box protein 42,Q6P3S6,uniprot_swissprot,9606
uniprot:P55082,ENSG00000037749,MFAP3,microfibril associated protein 3,P55082,uniprot_swissprot,9606
uniprot:Q9UBP6,ENSG00000037897,METTL1,"methyltransferase 1, trna methylguanosine",Q9UBP6,uniprot_swissprot,9606
uniprot:P31273,ENSG00000037965,HOXC8,homeobox c8,P31273,uniprot_swissprot,9606
uniprot:P20933,ENSG00000038002,AGA,aspartylglucosaminidase,P20933,uniprot_swissprot,9606
uniprot:Q8NFC6,ENSG00000038219,BOD1L1,biorientation of chromosomes in cell division 1 like 1,Q8NFC6,uniprot_swissprot,9606
uniprot:O75962,ENSG00000038382,TRIO,trio rho guanine nucleotide exchange factor,O75962,uniprot_swissprot,9606
uniprot:P13611,ENSG00000038427,VCAN,versican,P13611,uniprot_swissprot,9606
uniprot:Q2KHT3,ENSG00000038532,CLEC16A,c-type lectin domain containing 16a,Q2KHT3,uniprot_swissprot,9606
uniprot:P21757,ENSG00000038945,MSR1,macrophage scavenger receptor 1,P21757,uniprot_swissprot,9606
uniprot:P12830,ENSG00000039068,CDH1,cadherin 1,P12830,uniprot_swissprot,9606
uniprot:Q8TE73,ENSG00000039139,DNAH5,dynein axonemal heavy chain 5,Q8TE73,uniprot_swissprot,9606
uniprot:Q9P0K7,ENSG00000039560,RAI14,retinoic acid induced 14,Q9P0K7,uniprot_swissprot,9606
uniprot:O94993,ENSG00000039600,SOX30,sry-box transcription factor 30,O94993,uniprot_swissprot,9606
uniprot:Q6ZVD8,ENSG00000040199,PHLPP2,ph domain and leucine rich repeat protein phosphatase 2,Q6ZVD8,uniprot_swissprot,9606
uniprot:Q96EA4,ENSG00000040275,SPDL1,spindle apparatus coiled-coil protein 1,Q96EA4,uniprot_swissprot,9606
uniprot:Q9NUL3,ENSG00000040341,STAU2,staufen double-stranded rna binding protein 2,Q9NUL3,uniprot_swissprot,9606
uniprot:Q9Y6N8,ENSG00000040731,CDH10,cadherin 10,Q9Y6N8,uniprot_swissprot,9606
uniprot:P25789,ENSG00000041357,PSMA4,proteasome 20s subunit alpha 4,P25789,uniprot_swissprot,9606
uniprot:Q9Y6X6,ENSG00000041515,MYO16,myosin xvi,Q9Y6X6,uniprot_swissprot,9606
uniprot:Q9Y6F1,ENSG00000041880,PARP3,poly(adp-ribose) polymerase family member 3,Q9Y6F1,uniprot_swissprot,9606
uniprot:P24821,ENSG00000041982,TNC,tenascin c,P24821,uniprot_swissprot,9606
uniprot:Q8WTV1,ENSG00000041988,THAP3,thap domain containing 3,Q8WTV1,uniprot_swissprot,9606
uniprot:P40121,ENSG00000042493,CAPG,"capping actin protein, gelsolin like",P40121,uniprot_swissprot,9606
uniprot:P53680,ENSG00000042753,AP2S1,adaptor related protein complex 2 subunit sigma 1,P53680,uniprot_swissprot,9606
uniprot:O75445,ENSG00000042781,USH2A,usherin,O75445,uniprot_swissprot,9606
uniprot:P01266,ENSG00000042832,TG,thyroglobulin,P01266,uniprot_swissprot,9606
uniprot:Q9UMQ3,ENSG00000043039,BARX2,barx homeobox 2,Q9UMQ3,uniprot_swissprot,9606
uniprot:Q9NQC1,ENSG00000043143,JADE2,jade family phd finger 2,Q9NQC1,uniprot_swissprot,9606
uniprot:O95409,ENSG00000043355,ZIC2,zic family zinc finger 2,O95409,uniprot_swissprot,9606
uniprot:Q9H3H1,ENSG00000043514,TRIT1,trna isopentenyltransferase 1,Q9H3H1,uniprot_swissprot,9606
uniprot:P08588,ENSG00000043591,ADRB1,adrenoceptor beta 1,P08588,uniprot_swissprot,9606
uniprot:Q16661,ENSG00000044012,GUCA2B,guanylate cyclase activator 2b,Q16661,uniprot_swissprot,9606
uniprot:P35221,ENSG00000044115,CTNNA1,catenin alpha 1,P35221,uniprot_swissprot,9606
uniprot:Q9NXG0,ENSG00000044459,CNTLN,centlein,Q9NXG0,uniprot_swissprot,9606
uniprot:P29320,ENSG00000044524,EPHA3,eph receptor a3,P29320,uniprot_swissprot,9606
uniprot:P11021,ENSG00000044574,HSPA5,heat shock protein family a (hsp70) member 5,P11021,uniprot_swissprot,9606
uniprot:Q70Z35,ENSG00000046889,PREX2,"phosphatidylinositol-3,4,5-trisphosphate dependent rac exchange factor 2",Q70Z35,uniprot_swissprot,9606
uniprot:Q9H6S0,ENSG00000047188,YTHDC2,yth n6-methyladenosine rna binding protein c2,Q9H6S0,uniprot_swissprot,9606
uniprot:P30876,ENSG00000047315,POLR2B,rna polymerase ii subunit b,P30876,uniprot_swissprot,9606
uniprot:Q8WZ64,ENSG00000047365,ARAP2,"arfgap with rhogap domain, ankyrin repeat and ph domain 2",Q8WZ64,uniprot_swissprot,9606
uniprot:P12270,ENSG00000047410,TPR,"translocated promoter region, nuclear basket protein",P12270,uniprot_swissprot,9606
uniprot:P00450,ENSG00000047457,CP,ceruloplasmin,P00450,uniprot_swissprot,9606
uniprot:O60303,ENSG00000047578,KATNIP,katanin interacting protein,O60303,uniprot_swissprot,9606
uniprot:P27816,ENSG00000047849,MAP4,microtubule associated protein 4,P27816,uniprot_swissprot,9606
uniprot:Q9HD26,ENSG00000047932,GOPC,golgi associated pdz and coiled-coil motif containing,Q9HD26,uniprot_swissprot,9606
uniprot:P08922,ENSG00000047936,ROS1,"ros proto-oncogene 1, receptor tyrosine kinase",P08922,uniprot_swissprot,9606
uniprot:Q96RU2,ENSG00000048028,USP28,ubiquitin specific peptidase 28,Q96RU2,uniprot_swissprot,9606
uniprot:Q9UKV0,ENSG00000048052,HDAC9,histone deacetylase 9,Q9UKV0,uniprot_swissprot,9606
uniprot:Q9Y3C1,ENSG00000048162,NOP16,nop16 nucleolar protein,Q9Y3C1,uniprot_swissprot,9606
uniprot:Q7LG56,ENSG00000048392,RRM2B,ribonucleotide reductase regulatory tp53 inducible subunit m2b,Q7LG56,uniprot_swissprot,9606
uniprot:Q2TB10,ENSG00000048405,ZNF800,zinc finger protein 800,Q2TB10,uniprot_swissprot,9606
uniprot:Q02223,ENSG00000048462,TNFRSF17,tnf receptor superfamily member 17,Q02223,uniprot_swissprot,9606
uniprot:Q8TEQ0,ENSG00000048471,SNX29,sorting nexin 29,Q8TEQ0,uniprot_swissprot,9606
uniprot:O95319,ENSG00000048740,CELF2,cugbp elav-like family member 2,O95319,uniprot_swissprot,9606
uniprot:P21583,ENSG00000049130,KITLG,kit ligand,P21583,uniprot_swissprot,9606
uniprot:Q13216,ENSG00000049167,ERCC8,"ercc excision repair 8, csa ubiquitin ligase complex subunit",Q13216,uniprot_swissprot,9606
uniprot:Q15836,ENSG00000049245,VAMP3,vesicle associated membrane protein 3,Q15836,uniprot_swissprot,9606
uniprot:P56645,ENSG00000049246,PER3,period circadian regulator 3,P56645,uniprot_swissprot,9606
uniprot:Q07011,ENSG00000049249,TNFRSF9,tnf receptor superfamily member 9,Q07011,uniprot_swissprot,9606
uniprot:Q9H201,ENSG00000049283,EPN3,epsin 3,Q9H201,uniprot_swissprot,9606
uniprot:Q14766,ENSG00000049323,LTBP1,latent transforming growth factor beta binding protein 1,Q14766,uniprot_swissprot,9606
uniprot:Q15293,ENSG00000049449,RCN1,reticulocalbin 1,Q15293,uniprot_swissprot,9606
uniprot:P15502,ENSG00000049540,ELN,elastin,P15502,uniprot_swissprot,9606
uniprot:Q8NFD5,ENSG00000049618,ARID1B,at-rich interaction domain 1b,Q8NFD5,uniprot_swissprot,9606
uniprot:Q96KA5,ENSG00000049656,CLPTM1L,clptm1 like,Q96KA5,uniprot_swissprot,9606
uniprot:Q96PU5,ENSG00000049759,NEDD4L,nedd4 like e3 ubiquitin protein ligase,Q96PU5,uniprot_swissprot,9606
uniprot:Q9BZS1,ENSG00000049768,FOXP3,forkhead box p3,Q9BZS1,uniprot_swissprot,9606
uniprot:P07686,ENSG00000049860,HEXB,hexosaminidase subunit beta,P07686,uniprot_swissprot,9606
uniprot:Q8WV60,ENSG00000049883,PTCD2,pentatricopeptide repeat domain 2,Q8WV60,uniprot_swissprot,9606
uniprot:Q9UBP4,ENSG00000050165,DKK3,dickkopf wnt signaling pathway inhibitor 3,Q9UBP4,uniprot_swissprot,9606
uniprot:Q12774,ENSG00000050327,ARHGEF5,rho guanine nucleotide exchange factor 5,Q12774,uniprot_swissprot,9606
uniprot:Q9Y4A8,ENSG00000050344,NFE2L3,nfe2 like bzip transcription factor 3,Q9Y4A8,uniprot_swissprot,9606
uniprot:Q96AQ8,ENSG00000050393,MCUR1,mitochondrial calcium uniporter regulator 1,Q96AQ8,uniprot_swissprot,9606
uniprot:Q9UHB6,ENSG00000050405,LIMA1,lim domain and actin binding 1,Q9UHB6,uniprot_swissprot,9606
uniprot:Q6P1Q0,ENSG00000050426,LETMD1,letm1 domain containing 1,Q6P1Q0,uniprot_swissprot,9606
uniprot:P43115,ENSG00000050628,PTGER3,prostaglandin e receptor 3,P43115,uniprot_swissprot,9606
uniprot:P56945,ENSG00000050820,BCAR1,"bcar1 scaffold protein, cas family member",P56945,uniprot_swissprot,9606
uniprot:Q15011,ENSG00000051108,HERPUD1,homocysteine inducible er protein with ubiquitin like domain 1,Q15011,uniprot_swissprot,9606
uniprot:Q06609,ENSG00000051180,RAD51,rad51 recombinase,Q06609,uniprot_swissprot,9606
uniprot:O75417,ENSG00000051341,POLQ,dna polymerase theta,O75417,uniprot_swissprot,9606
uniprot:P42338,ENSG00000051382,PIK3CB,"phosphatidylinositol-4,5-bisphosphate 3-kinase catalytic subunit beta",P42338,uniprot_swissprot,9606
uniprot:Q99550,ENSG00000051825,MPHOSPH9,m-phase phosphoprotein 9,Q99550,uniprot_swissprot,9606
uniprot:Q9HAU0,ENSG00000052126,PLEKHA5,pleckstrin homology domain containing a5,Q9HAU0,uniprot_swissprot,9606
uniprot:Q16651,ENSG00000052344,PRSS8,serine protease 8,Q16651,uniprot_swissprot,9606
uniprot:Q9P278,ENSG00000052795,FNIP2,folliculin interacting protein 2,Q9P278,uniprot_swissprot,9606
uniprot:Q96AE7,ENSG00000052841,TTC17,tetratricopeptide repeat domain 17,Q96AE7,uniprot_swissprot,9606
uniprot:Q9H161,ENSG00000052850,ALX4,alx homeobox 4,Q9H161,uniprot_swissprot,9606
uniprot:Q6MZW2,ENSG00000053108,FSTL4,follistatin like 4,Q6MZW2,uniprot_swissprot,9606
uniprot:O00409,ENSG00000053254,FOXN3,forkhead box n3,O00409,uniprot_swissprot,9606
uniprot:Q86YR7,ENSG00000053524,MCF2L2,mcf.2 cell line derived transforming sequence-like 2,Q86YR7,uniprot_swissprot,9606
uniprot:Q9UJX5,ENSG00000053900,ANAPC4,anaphase promoting complex subunit 4,Q9UJX5,uniprot_swissprot,9606
uniprot:P51787,ENSG00000053918,KCNQ1,potassium voltage-gated channel subfamily q member 1,P51787,uniprot_swissprot,9606
uniprot:O43617,ENSG00000054116,TRAPPC3,trafficking protein particle complex subunit 3,O43617,uniprot_swissprot,9606
uniprot:Q9Y2W1,ENSG00000054118,THRAP3,thyroid hormone receptor associated protein 3,Q9Y2W1,uniprot_swissprot,9606
uniprot:O60449,ENSG00000054219,LY75,lymphocyte antigen 75,O60449,uniprot_swissprot,9606
uniprot:Q4LE39,ENSG00000054267,ARID4B,at-rich interaction domain 4b,Q4LE39,uniprot_swissprot,9606
uniprot:Q86SQ7,ENSG00000054282,SDCCAG8,shh signaling and ciliogenesis regulator sdccag8,Q86SQ7,uniprot_swissprot,9606
uniprot:Q5VTY9,ENSG00000054392,HHAT,hedgehog acyltransferase,Q5VTY9,uniprot_swissprot,9606
uniprot:O60333,ENSG00000054523,KIF1B,kinesin family member 1b,O60333,uniprot_swissprot,9606
uniprot:Q12948,ENSG00000054598,FOXC1,forkhead box c1,Q12948,uniprot_swissprot,9606
uniprot:Q8WUA7,ENSG00000054611,TBC1D22A,tbc1 domain family member 22a,Q8WUA7,uniprot_swissprot,9606
uniprot:Q8WXH0,ENSG00000054654,SYNE2,spectrin repeat containing nuclear envelope protein 2,Q8WXH0,uniprot_swissprot,9606
uniprot:Q9NTU7,ENSG00000054803,CBLN4,cerebellin 4 precursor,Q9NTU7,uniprot_swissprot,9606
uniprot:Q6WN34,ENSG00000054938,CHRDL2,chordin like 2,Q6WN34,uniprot_swissprot,9606
uniprot:P54803,ENSG00000054983,GALC,galactosylceramidase,P54803,uniprot_swissprot,9606
uniprot:Q9Y2X3,ENSG00000055044,NOP58,nop58 ribonucleoprotein,Q9Y2X3,uniprot_swissprot,9606
uniprot:Q12809,ENSG00000055118,KCNH2,potassium voltage-gated channel subfamily h member 2,Q12809,uniprot_swissprot,9606
uniprot:Q13616,ENSG00000055130,CUL1,cullin 1,Q13616,uniprot_swissprot,9606
uniprot:Q9NRY5,ENSG00000055147,FAM114A2,family with sequence similarity 114 member a2,Q9NRY5,uniprot_swissprot,9606
uniprot:Q96F07,ENSG00000055163,CYFIP2,cytoplasmic fmr1 interacting protein 2,Q96F07,uniprot_swissprot,9606
uniprot:Q9NYJ8,ENSG00000055208,TAB2,tgf-beta activated kinase 1 (map3k7) binding protein 2,Q9NYJ8,uniprot_swissprot,9606
uniprot:P19525,ENSG00000055332,EIF2AK2,eukaryotic translation initiation factor 2 alpha kinase 2,P19525,uniprot_swissprot,9606
uniprot:Q9P275,ENSG00000055483,USP36,ubiquitin specific peptidase 36,Q9P275,uniprot_swissprot,9606
uniprot:Q8NEZ4,ENSG00000055609,KMT2C,lysine methyltransferase 2c,Q8NEZ4,uniprot_swissprot,9606
uniprot:Q14624,ENSG00000055955,ITIH4,inter-alpha-trypsin inhibitor heavy chain 4,Q14624,uniprot_swissprot,9606
uniprot:P19827,ENSG00000055957,ITIH1,inter-alpha-trypsin inhibitor heavy chain 1,P19827,uniprot_swissprot,9606
uniprot:Q13077,ENSG00000056558,TRAF1,tnf receptor associated factor 1,Q13077,uniprot_swissprot,9606
uniprot:Q9NRM6,ENSG00000056736,IL17RB,interleukin 17 receptor b,Q9NRM6,uniprot_swissprot,9606
uniprot:O43734,ENSG00000056972,TRAF3IP2,traf3 interacting protein 2,O43734,uniprot_swissprot,9606
uniprot:Q96PD2,ENSG00000057019,DCBLD2,"discoidin, cub and lccl domain containing 2",Q96PD2,uniprot_swissprot,9606
uniprot:P35610,ENSG00000057252,SOAT1,sterol o-acyltransferase 1,P35610,uniprot_swissprot,9606
uniprot:Q99959,ENSG00000057294,PKP2,plakophilin 2,Q99959,uniprot_swissprot,9606
uniprot:P50395,ENSG00000057608,GDI2,gdp dissociation inhibitor 2,P50395,uniprot_swissprot,9606
uniprot:O75626,ENSG00000057657,PRDM1,pr/set domain 1,O75626,uniprot_swissprot,9606
uniprot:Q9H1Y0,ENSG00000057663,ATG5,autophagy related 5,Q9H1Y0,uniprot_swissprot,9606
uniprot:Q9BTC8,ENSG00000057935,MTA3,metastasis associated 1 family member 3,Q9BTC8,uniprot_swissprot,9606
uniprot:Q92995,ENSG00000058056,USP13,ubiquitin specific peptidase 13,Q92995,uniprot_swissprot,9606
uniprot:Q9Y2G3,ENSG00000058063,ATP11B,atpase phospholipid transporting 11b (putative),Q9Y2G3,uniprot_swissprot,9606
uniprot:Q13753,ENSG00000058085,LAMC2,laminin subunit gamma 2,Q13753,uniprot_swissprot,9606
uniprot:P61619,ENSG00000058262,SEC61A1,sec61 translocon subunit alpha 1,P61619,uniprot_swissprot,9606
uniprot:O14974,ENSG00000058272,PPP1R12A,protein phosphatase 1 regulatory subunit 12a,O14974,uniprot_swissprot,9606
uniprot:Q13972,ENSG00000058335,RASGRF1,ras protein specific guanine nucleotide releasing factor 1,Q13972,uniprot_swissprot,9606
uniprot:Q13554,ENSG00000058404,CAMK2B,calcium/calmodulin dependent protein kinase ii beta,Q13554,uniprot_swissprot,9606
uniprot:P23634,ENSG00000058668,ATP2B4,atpase plasma membrane ca2+ transporting 4,P23634,uniprot_swissprot,9606
uniprot:O75152,ENSG00000058673,ZC3H11A,zinc finger ccch-type containing 11a,O75152,uniprot_swissprot,9606
uniprot:Q9BVS4,ENSG00000058729,RIOK2,rio kinase 2,Q9BVS4,uniprot_swissprot,9606
uniprot:P24557,ENSG00000059377,TBXAS1,thromboxane a synthase 1,P24557,uniprot_swissprot,9606
uniprot:Q9H0J9,ENSG00000059378,PARP12,poly(adp-ribose) polymerase family member 12,Q9H0J9,uniprot_swissprot,9606
uniprot:O75879,ENSG00000059691,GATB,glutamyl-trna amidotransferase subunit b,O75879,uniprot_swissprot,9606
uniprot:P11169,ENSG00000059804,SLC2A3,solute carrier family 2 member 3,P11169,uniprot_swissprot,9606
uniprot:P16989,ENSG00000060138,YBX3,y-box binding protein 3,P16989,uniprot_swissprot,9606
uniprot:Q9H4A3,ENSG00000060237,WNK1,wnk lysine deficient protein kinase 1,Q9H4A3,uniprot_swissprot,9606
uniprot:P30679,ENSG00000060558,GNA15,g protein subunit alpha 15,P30679,uniprot_swissprot,9606
uniprot:Q68CJ9,ENSG00000060566,CREB3L3,camp responsive element binding protein 3 like 3,Q68CJ9,uniprot_swissprot,9606
uniprot:Q92729,ENSG00000060656,PTPRU,protein tyrosine phosphatase receptor type u,Q92729,uniprot_swissprot,9606
uniprot:P12107,ENSG00000060718,COL11A1,collagen type xi alpha 1 chain,P12107,uniprot_swissprot,9606
uniprot:A0A3B3IRW6,ENSG00000060749,QSER1,glutamine and serine rich 1,A0A3B3IRW6,uniprot_trembl,9606
uniprot:P54687,ENSG00000060982,BCAT1,branched chain amino acid transaminase 1,P54687,uniprot_swissprot,9606
uniprot:Q8WUI4,ENSG00000061273,HDAC7,histone deacetylase 7,Q8WUI4,uniprot_swissprot,9606
uniprot:Q9Y250,ENSG00000061337,LZTS1,leucine zipper tumor suppressor 1,Q9Y250,uniprot_swissprot,9606
uniprot:Q9NQX0,ENSG00000061455,PRDM6,pr/set domain 6,Q9NQX0,uniprot_swissprot,9606
uniprot:Q9H1J5,ENSG00000061492,WNT8A,wnt family member 8a,Q9H1J5,uniprot_swissprot,9606
uniprot:P82673,ENSG00000061794,MRPS35,mitochondrial ribosomal protein s35,P82673,uniprot_swissprot,9606
uniprot:Q02153,ENSG00000061918,GUCY1B1,guanylate cyclase 1 soluble subunit beta 1,Q02153,uniprot_swissprot,9606
uniprot:Q12872,ENSG00000061936,SFSWAP,splicing factor swap,Q12872,uniprot_swissprot,9606
uniprot:Q07912,ENSG00000061938,TNK2,tyrosine kinase non receptor 2,Q07912,uniprot_swissprot,9606
uniprot:Q7Z3U7,ENSG00000061987,MON2,mon2 regulator of endosome-to-golgi trafficking,Q7Z3U7,uniprot_swissprot,9606
uniprot:P22223,ENSG00000062038,CDH3,cadherin 3,P22223,uniprot_swissprot,9606
uniprot:Q86WP2,ENSG00000062194,GPBP1,gc-rich promoter binding protein 1,Q86WP2,uniprot_swissprot,9606
uniprot:Q96PD7,ENSG00000062282,DGAT2,diacylglycerol o-acyltransferase 2,Q96PD7,uniprot_swissprot,9606
uniprot:P29376,ENSG00000062524,LTK,leukocyte receptor tyrosine kinase,P29376,uniprot_swissprot,9606
uniprot:Q96JJ3,ENSG00000062598,ELMO2,engulfment and cell motility 2,Q96JJ3,uniprot_swissprot,9606
uniprot:Q7Z5K2,ENSG00000062650,WAPL,wapl cohesin release factor,Q7Z5K2,uniprot_swissprot,9606
uniprot:Q96GC9,ENSG00000062716,VMP1,vacuole membrane protein 1,Q96GC9,uniprot_swissprot,9606
uniprot:P28340,ENSG00000062822,POLD1,"dna polymerase delta 1, catalytic subunit",P28340,uniprot_swissprot,9606
uniprot:P23588,ENSG00000063046,EIF4B,eukaryotic translation initiation factor 4b,P23588,uniprot_swissprot,9606
uniprot:Q96AB3,ENSG00000063241,ISOC2,isochorismatase domain containing 2,Q96AB3,uniprot_swissprot,9606
uniprot:A0A494BZY4,ENSG00000063438,AHRR,aryl hydrocarbon receptor repressor,A0A494BZY4,uniprot_trembl,9606
uniprot:P35052,ENSG00000063660,GPC1,glypican 1,P35052,uniprot_swissprot,9606
uniprot:Q86TW2,ENSG00000063761,ADCK1,aarf domain containing kinase 1,Q86TW2,uniprot_swissprot,9606
uniprot:Q16775,ENSG00000063854,HAGH,hydroxyacylglutathione hydrolase,Q16775,uniprot_swissprot,9606
uniprot:Q14790,ENSG00000064012,CASP8,caspase 8,Q14790,uniprot_swissprot,9606
uniprot:Q9UPQ0,ENSG00000064042,LIMCH1,lim and calponin homology domains 1,Q9UPQ0,uniprot_swissprot,9606
uniprot:O60479,ENSG00000064195,DLX3,distal-less homeobox 3,O60479,uniprot_swissprot,9606
uniprot:Q96QS1,ENSG00000064201,TSPAN32,tetraspanin 32,Q96QS1,uniprot_swissprot,9606
uniprot:O76076,ENSG00000064205,CCN5,cellular communication network factor 5,O76076,uniprot_swissprot,9606
uniprot:O75185,ENSG00000064270,ATP2C2,atpase secretory pathway ca2+ transporting 2,O75185,uniprot_swissprot,9606
uniprot:P08138,ENSG00000064300,NGFR,nerve growth factor receptor,P08138,uniprot_swissprot,9606
uniprot:Q6P1X5,ENSG00000064313,TAF2,tata-box binding protein associated factor 2,Q6P1X5,uniprot_swissprot,9606
uniprot:Q9H2X6,ENSG00000064393,HIPK2,homeodomain interacting protein kinase 2,Q9H2X6,uniprot_swissprot,9606
uniprot:Q9Y5L0,ENSG00000064419,TNPO3,transportin 3,Q9Y5L0,uniprot_swissprot,9606
uniprot:Q9HBW0,ENSG00000064547,LPAR2,lysophosphatidic acid receptor 2,Q9HBW0,uniprot_swissprot,9606
uniprot:P10619,ENSG00000064601,CTSA,cathepsin a,P10619,uniprot_swissprot,9606
uniprot:P55011,ENSG00000064651,SLC12A2,solute carrier family 12 member 2,P55011,uniprot_swissprot,9606
uniprot:Q9Y343,ENSG00000064652,SNX24,sorting nexin 24,Q9Y343,uniprot_swissprot,9606
uniprot:O00167,ENSG00000064655,EYA2,eya transcriptional coactivator and phosphatase 2,O00167,uniprot_swissprot,9606
uniprot:Q99439,ENSG00000064666,CNN2,calponin 2,Q99439,uniprot_swissprot,9606
uniprot:Q8IZY2,ENSG00000064687,ABCA7,atp binding cassette subfamily a member 7,Q8IZY2,uniprot_swissprot,9606
uniprot:Q9UHI6,ENSG00000064703,DDX20,dead-box helicase 20,Q9UHI6,uniprot_swissprot,9606
uniprot:Q9H0C5,ENSG00000064726,BTBD1,btb domain containing 1,Q9H0C5,uniprot_swissprot,9606
uniprot:Q96K12,ENSG00000064763,FAR2,fatty acyl-coa reductase 2,Q96K12,uniprot_swissprot,9606
uniprot:P28069,ENSG00000064835,POU1F1,pou class 1 homeobox 1,P28069,uniprot_swissprot,9606
uniprot:Q15782,ENSG00000064886,CHI3L2,chitinase 3 like 2,Q15782,uniprot_swissprot,9606
uniprot:Q9Y2G9,ENSG00000064932,SBNO2,strawberry notch homolog 2,Q9Y2G9,uniprot_swissprot,9606
uniprot:P54277,ENSG00000064933,PMS1,"pms1 homolog 1, mismatch repair system component",P54277,uniprot_swissprot,9606
uniprot:Q16602,ENSG00000064989,CALCRL,calcitonin receptor like receptor,Q16602,uniprot_swissprot,9606
uniprot:Q92625,ENSG00000064999,ANKS1A,ankyrin repeat and sterile alpha motif domain containing 1a,Q92625,uniprot_swissprot,9606
uniprot:O14617,ENSG00000065000,AP3D1,adaptor related protein complex 3 subunit delta 1,O14617,uniprot_swissprot,9606
uniprot:P36508,ENSG00000065029,ZNF76,zinc finger protein 76,P36508,uniprot_swissprot,9606
uniprot:Q15599,ENSG00000065054,NHERF2,nherf family pdz scaffold protein 2,Q15599,uniprot_swissprot,9606
uniprot:P78549,ENSG00000065057,NTHL1,nth like dna glycosylase 1,P78549,uniprot_swissprot,9606
uniprot:Q6BDS2,ENSG00000065060,BLTP3A,bridge-like lipid transfer protein family member 3a,Q6BDS2,uniprot_swissprot,9606
uniprot:Q9UNX4,ENSG00000065183,WDR3,wd repeat domain 3,Q9UNX4,uniprot_swissprot,9606
uniprot:Q16513,ENSG00000065243,PKN2,protein kinase n2,Q16513,uniprot_swissprot,9606
uniprot:O95631,ENSG00000065320,NTN1,netrin 1,O95631,uniprot_swissprot,9606
uniprot:O95838,ENSG00000065325,GLP2R,glucagon like peptide 2 receptor,O95838,uniprot_swissprot,9606
uniprot:Q7L590,ENSG00000065328,MCM10,minichromosome maintenance 10 replication initiation factor,Q7L590,uniprot_swissprot,9606
uniprot:P21860,ENSG00000065361,ERBB3,erb-b2 receptor tyrosine kinase 3,P21860,uniprot_swissprot,9606
uniprot:Q8N8A2,ENSG00000065413,ANKRD44,ankyrin repeat domain 44,Q8N8A2,uniprot_swissprot,9606
uniprot:Q9BUB4,ENSG00000065457,ADAT1,adenosine deaminase trna specific 1,Q9BUB4,uniprot_swissprot,9606
uniprot:O95168,ENSG00000065518,NDUFB4,nadh:ubiquinone oxidoreductase subunit b4,O95168,uniprot_swissprot,9606
uniprot:Q96T58,ENSG00000065526,SPEN,spen family transcriptional repressor,Q96T58,uniprot_swissprot,9606
uniprot:P45985,ENSG00000065559,MAP2K4,mitogen-activated protein kinase kinase 4,P45985,uniprot_swissprot,9606
uniprot:Q9H813,ENSG00000065600,PACC1,proton activated chloride channel 1,Q9H813,uniprot_swissprot,9606
uniprot:Q9H2G2,ENSG00000065613,SLK,ste20 like kinase,Q9H2G2,uniprot_swissprot,9606
uniprot:Q7L1T6,ENSG00000065615,CYB5R4,cytochrome b5 reductase 4,Q7L1T6,uniprot_swissprot,9606
uniprot:Q9UMD9,ENSG00000065618,COL17A1,collagen type xvii alpha 1 chain,Q9UMD9,uniprot_swissprot,9606
uniprot:Q9H4Y5,ENSG00000065621,GSTO2,glutathione s-transferase omega 2,Q9H4Y5,uniprot_swissprot,9606
uniprot:Q04759,ENSG00000065675,PRKCQ,protein kinase c theta,Q04759,uniprot_swissprot,9606
uniprot:P48163,ENSG00000065833,ME1,malic enzyme 1,P48163,uniprot_swissprot,9606
uniprot:Q14004,ENSG00000065883,CDK13,cyclin dependent kinase 13,Q14004,uniprot_swissprot,9606
uniprot:P13995,ENSG00000065911,MTHFD2,"methylenetetrahydrofolate dehydrogenase (nadp+ dependent) 2, methenyltetrahydrofolate cyclohydrolase",P13995,uniprot_swissprot,9606
uniprot:P67809,ENSG00000065978,YBX1,y-box binding protein 1,P67809,uniprot_swissprot,9606
uniprot:P27815,ENSG00000065989,PDE4A,phosphodiesterase 4a,P27815,uniprot_swissprot,9606
uniprot:Q15172,ENSG00000066027,PPP2R5A,protein phosphatase 2 regulatory subunit b'alpha,Q15172,uniprot_swissprot,9606
uniprot:P26232,ENSG00000066032,CTNNA2,catenin alpha 2,P26232,uniprot_swissprot,9606
uniprot:Q15717,ENSG00000066044,ELAVL1,elav like rna binding protein 1,Q15717,uniprot_swissprot,9606
uniprot:Q9P265,ENSG00000066084,DIP2B,dip2 acetate--coa ligase b (putative),Q9P265,uniprot_swissprot,9606
uniprot:Q96GM5,ENSG00000066117,SMARCD1,swi/snf related baf chromatin remodeling complex subunit d1,Q96GM5,uniprot_swissprot,9606
uniprot:O75164,ENSG00000066135,KDM4A,lysine demethylase 4a,O75164,uniprot_swissprot,9606
uniprot:Q9H0C1,ENSG00000066185,ZMYND12,zinc finger mynd-type containing 12,Q9H0C1,uniprot_swissprot,9606
uniprot:Q8IZT6,ENSG00000066279,ASPM,assembly factor for spindle microtubules,Q8IZT6,uniprot_swissprot,9606
uniprot:P17947,ENSG00000066336,SPI1,spi-1 proto-oncogene,P17947,uniprot_swissprot,9606
uniprot:Q15777,ENSG00000066382,MPPED2,metallophosphoesterase domain containing 2,Q15777,uniprot_swissprot,9606
uniprot:P56856,ENSG00000066405,CLDN18,claudin 18,P56856,uniprot_swissprot,9606
uniprot:Q8TBA6,ENSG00000066455,GOLGA5,golgin a5,Q8TBA6,uniprot_swissprot,9606
uniprot:P21802,ENSG00000066468,FGFR2,fibroblast growth factor receptor 2,P21802,uniprot_swissprot,9606
uniprot:O00423,ENSG00000066629,EML1,emap like 1,O00423,uniprot_swissprot,9606
uniprot:Q9ULI4,ENSG00000066735,KIF26A,kinesin family member 26a,Q9ULI4,uniprot_swissprot,9606
uniprot:Q9Y6D6,ENSG00000066777,ARFGEF1,arf guanine nucleotide exchange factor 1,Q9Y6D6,uniprot_swissprot,9606
uniprot:Q68CK6,ENSG00000066813,ACSM2B,acyl-coa synthetase medium chain family member 2b,Q68CK6,uniprot_swissprot,9606
uniprot:Q9P243,ENSG00000066827,ZFAT,zinc finger and at-hook domain containing,Q9P243,uniprot_swissprot,9606
uniprot:Q15390,ENSG00000066855,MTFR1,mitochondrial fission regulator 1,Q15390,uniprot_swissprot,9606
uniprot:P22830,ENSG00000066926,FECH,ferrochelatase,P22830,uniprot_swissprot,9606
uniprot:B2RTY4,ENSG00000066933,MYO9A,myosin ixa,B2RTY4,uniprot_swissprot,9606
uniprot:Q01813,ENSG00000067057,PFKP,"phosphofructokinase, platelet",Q01813,uniprot_swissprot,9606
uniprot:Q13907,ENSG00000067064,IDI1,isopentenyl-diphosphate delta isomerase 1,Q13907,uniprot_swissprot,9606
uniprot:P23497,ENSG00000067066,SP100,sp100 nuclear body protein,P23497,uniprot_swissprot,9606
uniprot:Q99612,ENSG00000067082,KLF6,klf transcription factor 6,Q99612,uniprot_swissprot,9606
uniprot:O14494,ENSG00000067113,PLPP1,phospholipid phosphatase 1,O14494,uniprot_swissprot,9606
uniprot:Q92859,ENSG00000067141,NEO1,neogenin 1,Q92859,uniprot_swissprot,9606
uniprot:P19438,ENSG00000067182,TNFRSF1A,tnf receptor superfamily member 1a,P19438,uniprot_swissprot,9606
uniprot:Q02641,ENSG00000067191,CACNB1,calcium voltage-gated channel auxiliary subunit beta 1,Q02641,uniprot_swissprot,9606
uniprot:O60447,ENSG00000067208,EVI5,ecotropic viral integration site 5,O60447,uniprot_swissprot,9606
uniprot:Q9UBI4,ENSG00000067221,STOML1,stomatin like 1,Q9UBI4,uniprot_swissprot,9606
uniprot:P14618,ENSG00000067225,PKM,pyruvate kinase m1/2,P14618,uniprot_swissprot,9606
uniprot:Q12888,ENSG00000067369,TP53BP1,tumor protein p53 binding protein 1,Q12888,uniprot_swissprot,9606
uniprot:Q9Y3B9,ENSG00000067533,RRP15,ribosomal rna processing 15 homolog,Q9Y3B9,uniprot_swissprot,9606
uniprot:P61586,ENSG00000067560,RHOA,ras homolog family member a,P61586,uniprot_swissprot,9606
uniprot:Q05513,ENSG00000067606,PRKCZ,protein kinase c zeta,Q05513,uniprot_swissprot,9606
uniprot:Q9NSE4,ENSG00000067704,IARS2,"isoleucyl-trna synthetase 2, mitochondrial",Q9NSE4,uniprot_swissprot,9606
uniprot:P21579,ENSG00000067715,SYT1,synaptotagmin 1,P21579,uniprot_swissprot,9606
uniprot:Q8IVL0,ENSG00000067798,NAV3,neuron navigator 3,Q8IVL0,uniprot_swissprot,9606
uniprot:Q16720,ENSG00000067842,ATP2B3,atpase plasma membrane ca2+ transporting 3,Q16720,uniprot_swissprot,9606
uniprot:Q13464,ENSG00000067900,ROCK1,rho associated coiled-coil containing protein kinase 1,Q13464,uniprot_swissprot,9606
uniprot:Q13951,ENSG00000067955,CBFB,core-binding factor subunit beta,Q13951,uniprot_swissprot,9606
uniprot:P56524,ENSG00000068024,HDAC4,histone deacetylase 4,P56524,uniprot_swissprot,9606
uniprot:Q9NS23,ENSG00000068028,RASSF1,ras association domain family member 1,Q9NS23,uniprot_swissprot,9606
uniprot:P22607,ENSG00000068078,FGFR3,fibroblast growth factor receptor 3,P22607,uniprot_swissprot,9606
uniprot:P80217,ENSG00000068079,IFI35,interferon induced protein 35,P80217,uniprot_swissprot,9606
uniprot:Q13057,ENSG00000068120,COASY,coenzyme a synthase,Q13057,uniprot_swissprot,9606
uniprot:Q7Z736,ENSG00000068137,PLEKHH3,"pleckstrin homology, myth4 and ferm domain containing h3",Q7Z736,uniprot_swissprot,9606
uniprot:Q02078,ENSG00000068305,MEF2A,myocyte enhancer factor 2a,Q02078,uniprot_swissprot,9606
uniprot:P19532,ENSG00000068323,TFE3,transcription factor binding to ighm enhancer 3,P19532,uniprot_swissprot,9606
uniprot:O60488,ENSG00000068366,ACSL4,acyl-coa synthetase long chain family member 4,O60488,uniprot_swissprot,9606
uniprot:Q14642,ENSG00000068383,INPP5A,inositol polyphosphate-5-phosphatase a,Q14642,uniprot_swissprot,9606
uniprot:Q96HE9,ENSG00000068489,PRR11,proline rich 11,Q96HE9,uniprot_swissprot,9606
uniprot:Q9H902,ENSG00000068615,REEP1,receptor accessory protein 1,Q9H902,uniprot_swissprot,9606
uniprot:P98196,ENSG00000068650,ATP11A,atpase phospholipid transporting 11a,P98196,uniprot_swissprot,9606
uniprot:Q9ULT0,ENSG00000068724,TTC7A,tetratricopeptide repeat domain 7a,Q9ULT0,uniprot_swissprot,9606
uniprot:Q9UHH9,ENSG00000068745,IP6K2,inositol hexakisphosphate kinase 2,Q9UHH9,uniprot_swissprot,9606
uniprot:O00139,ENSG00000068796,KIF2A,kinesin family member 2a,O00139,uniprot_swissprot,9606
uniprot:Q14997,ENSG00000068878,PSME4,proteasome activator subunit 4,Q14997,uniprot_swissprot,9606
uniprot:Q8IXJ6,ENSG00000068903,SIRT2,sirtuin 2,Q8IXJ6,uniprot_swissprot,9606
uniprot:P78337,ENSG00000069011,PITX1,paired like homeodomain 1,P78337,uniprot_swissprot,9606
uniprot:O15021,ENSG00000069020,MAST4,microtubule associated serine/threonine kinase family member 4,O15021,uniprot_swissprot,9606
uniprot:Q8WUM0,ENSG00000069248,NUP133,nucleoporin 133,Q8WUM0,uniprot_swissprot,9606
uniprot:Q9H1E3,ENSG00000069275,NUCKS1,nuclear casein kinase and cyclin dependent kinase substrate 1,Q9H1E3,uniprot_swissprot,9606
uniprot:P20749,ENSG00000069399,BCL3,bcl3 transcription coactivator,P20749,uniprot_swissprot,9606
uniprot:O60706,ENSG00000069431,ABCC9,atp binding cassette subfamily c member 9,O60706,uniprot_swissprot,9606
uniprot:P22466,ENSG00000069482,GAL,galanin and gmap prepropeptide,P22466,uniprot_swissprot,9606
uniprot:P27338,ENSG00000069535,MAOB,monoamine oxidase b,P27338,uniprot_swissprot,9606
uniprot:P35398,ENSG00000069667,RORA,rar related orphan receptor a,P35398,uniprot_swissprot,9606
uniprot:P21917,ENSG00000069696,DRD4,dopamine receptor d4,P21917,uniprot_swissprot,9606
uniprot:Q03167,ENSG00000069702,TGFBR3,transforming growth factor beta receptor 3,Q03167,uniprot_swissprot,9606
uniprot:O15496,ENSG00000069764,PLA2G10,phospholipase a2 group x,O15496,uniprot_swissprot,9606
uniprot:P54709,ENSG00000069849,ATP1B3,atpase na+/k+ transporting subunit beta 3,P54709,uniprot_swissprot,9606
uniprot:P46934,ENSG00000069869,NEDD4,nedd4 e3 ubiquitin protein ligase,P46934,uniprot_swissprot,9606
uniprot:Q16659,ENSG00000069956,MAPK6,mitogen-activated protein kinase 6,Q16659,uniprot_swissprot,9606
uniprot:P51159,ENSG00000069974,RAB27A,"rab27a, member ras oncogene family",P51159,uniprot_swissprot,9606
uniprot:O75581,ENSG00000070018,LRP6,ldl receptor related protein 6,O75581,uniprot_swissprot,9606
uniprot:P25092,ENSG00000070019,GUCY2C,guanylate cyclase 2c,P25092,uniprot_swissprot,9606
uniprot:P09683,ENSG00000070031,SCT,secretin,P09683,uniprot_swissprot,9606
uniprot:P80303,ENSG00000070081,NUCB2,nucleobindin 2,P80303,uniprot_swissprot,9606
uniprot:P26045,ENSG00000070159,PTPN3,protein tyrosine phosphatase non-receptor type 3,P26045,uniprot_swissprot,9606
uniprot:O15520,ENSG00000070193,FGF10,fibroblast growth factor 10,O15520,uniprot_swissprot,9606
uniprot:Q86US8,ENSG00000070366,SMG6,smg6 nonsense mediated mrna decay factor,Q86US8,uniprot_swissprot,9606
uniprot:P53675,ENSG00000070371,CLTCL1,clathrin heavy chain like 1,P53675,uniprot_swissprot,9606
uniprot:O95633,ENSG00000070404,FSTL3,follistatin like 3,O95633,uniprot_swissprot,9606
uniprot:Q9BV68,ENSG00000070423,RNF126,ring finger protein 126,Q9BV68,uniprot_swissprot,9606
uniprot:Q99583,ENSG00000070444,MNT,max network transcriptional repressor,Q99583,uniprot_swissprot,9606
uniprot:Q6NYC1,ENSG00000070495,JMJD6,"jumonji domain containing 6, arginine demethylase and lysine hydroxylase",Q6NYC1,uniprot_swissprot,9606
uniprot:P06746,ENSG00000070501,POLB,dna polymerase beta,P06746,uniprot_swissprot,9606
uniprot:Q5MNZ9,ENSG00000070540,WIPI1,"wd repeat domain, phosphoinositide interacting 1",Q5MNZ9,uniprot_swissprot,9606
uniprot:Q5SYB0,ENSG00000070601,FRMPD1,ferm and pdz domain containing 1,Q5SYB0,uniprot_swissprot,9606
uniprot:Q9HCG7,ENSG00000070610,GBA2,glucosylceramidase beta 2,Q9HCG7,uniprot_swissprot,9606
uniprot:P08243,ENSG00000070669,ASNS,asparagine synthetase (glutamine-hydrolyzing),P08243,uniprot_swissprot,9606
uniprot:P28329,ENSG00000070748,CHAT,choline o-acetyltransferase,P28329,uniprot_swissprot,9606
uniprot:P11940,ENSG00000070756,PABPC1,poly(a) binding protein cytoplasmic 1,P11940,uniprot_swissprot,9606
uniprot:P19784,ENSG00000070770,CSNK2A2,casein kinase 2 alpha 2,P19784,uniprot_swissprot,9606
uniprot:Q16825,ENSG00000070778,PTPN21,protein tyrosine phosphatase non-receptor type 21,Q16825,uniprot_swissprot,9606
uniprot:Q9NR50,ENSG00000070785,EIF2B3,eukaryotic translation initiation factor 2b subunit gamma,Q9NR50,uniprot_swissprot,9606
uniprot:Q9UQM7,ENSG00000070808,CAMK2A,calcium/calmodulin dependent protein kinase ii alpha,Q9UQM7,uniprot_swissprot,9606
uniprot:P60953,ENSG00000070831,CDC42,cell division cycle 42,P60953,uniprot_swissprot,9606
uniprot:Q9H4L5,ENSG00000070882,OSBPL3,oxysterol binding protein like 3,Q9H4L5,uniprot_swissprot,9606
uniprot:P29322,ENSG00000070886,EPHA8,eph receptor a8,P29322,uniprot_swissprot,9606
uniprot:P55017,ENSG00000070915,SLC12A3,solute carrier family 12 member 3,P55017,uniprot_swissprot,9606
uniprot:Q9NS91,ENSG00000070950,RAD18,rad18 e3 ubiquitin protein ligase,Q9NS91,uniprot_swissprot,9606
uniprot:P20020,ENSG00000070961,ATP2B1,atpase plasma membrane ca2+ transporting 1,P20020,uniprot_swissprot,9606
uniprot:O43639,ENSG00000071051,NCK2,nck adaptor protein 2,O43639,uniprot_swissprot,9606
uniprot:O95819,ENSG00000071054,MAP4K4,mitogen-activated protein kinase kinase kinase kinase 4,O95819,uniprot_swissprot,9606
uniprot:O75083,ENSG00000071127,WDR1,wd repeat domain 1,O75083,uniprot_swissprot,9606
uniprot:Q9Y5W8,ENSG00000071189,SNX13,sorting nexin 13,Q9Y5W8,uniprot_swissprot,9606
uniprot:A1A4S6,ENSG00000071205,ARHGAP10,rho gtpase activating protein 10,A1A4S6,uniprot_swissprot,9606
uniprot:Q15349,ENSG00000071242,RPS6KA2,ribosomal protein s6 kinase a2,Q15349,uniprot_swissprot,9606
uniprot:Q9NXR8,ENSG00000071243,ING3,inhibitor of growth family member 3,Q9NXR8,uniprot_swissprot,9606
uniprot:Q7L8A9,ENSG00000071246,VASH1,vasohibin 1,Q7L8A9,uniprot_swissprot,9606
uniprot:Q9NZU5,ENSG00000071282,LMCD1,lim and cysteine rich domains 1,Q9NZU5,uniprot_swissprot,9606
uniprot:Q9UBV2,ENSG00000071537,SEL1L,sel1l adaptor subunit of syvn1 ubiquitin ligase,Q9UBV2,uniprot_swissprot,9606
uniprot:Q15645,ENSG00000071539,TRIP13,thyroid hormone receptor interactor 13,Q15645,uniprot_swissprot,9606
uniprot:Q15904,ENSG00000071553,ATP6AP1,atpase h+ transporting accessory protein 1,Q15904,uniprot_swissprot,9606
uniprot:P15923,ENSG00000071564,TCF3,transcription factor 3,P15923,uniprot_swissprot,9606
uniprot:Q92519,ENSG00000071575,TRIB2,tribbles pseudokinase 2,Q92519,uniprot_swissprot,9606
uniprot:Q14320,ENSG00000071859,FAM50A,family with sequence similarity 50 member a,Q14320,uniprot_swissprot,9606
uniprot:Q10570,ENSG00000071894,CPSF1,cleavage and polyadenylation specific factor 1,Q10570,uniprot_swissprot,9606
uniprot:Q8WXR4,ENSG00000071909,MYO3B,myosin iiib,Q8WXR4,uniprot_swissprot,9606
uniprot:Q53TN4,ENSG00000071967,CYBRD1,cytochrome b reductase 1,Q53TN4,uniprot_swissprot,9606
uniprot:Q9H2J7,ENSG00000072041,SLC6A15,solute carrier family 6 member 15,Q9H2J7,uniprot_swissprot,9606
uniprot:P17612,ENSG00000072062,PRKACA,protein kinase camp-activated catalytic subunit alpha,P17612,uniprot_swissprot,9606
uniprot:P12814,ENSG00000072110,ACTN1,actinin alpha 1,P12814,uniprot_swissprot,9606
uniprot:Q68DK2,ENSG00000072121,ZFYVE26,zinc finger fyve-type containing 26,Q68DK2,uniprot_swissprot,9606
uniprot:Q9UK32,ENSG00000072133,RPS6KA6,ribosomal protein s6 kinase a6,Q9UK32,uniprot_swissprot,9606
uniprot:Q99952,ENSG00000072135,PTPN18,protein tyrosine phosphatase non-receptor type 18,Q99952,uniprot_swissprot,9606
uniprot:Q8TBB1,ENSG00000072201,LNX1,ligand of numb-protein x 1,Q8TBB1,uniprot_swissprot,9606
uniprot:P02786,ENSG00000072274,TFRC,transferrin receptor,P02786,uniprot_swissprot,9606
uniprot:P36956,ENSG00000072310,SREBF1,sterol regulatory element binding transcription factor 1,P36956,uniprot_swissprot,9606
uniprot:Q9UL62,ENSG00000072315,TRPC5,transient receptor potential cation channel subfamily c member 5,Q9UL62,uniprot_swissprot,9606
uniprot:Q9UHB7,ENSG00000072364,AFF4,alf transcription elongation factor 4,Q9UHB7,uniprot_swissprot,9606
uniprot:Q14683,ENSG00000072501,SMC1A,structural maintenance of chromosomes 1a,Q14683,uniprot_swissprot,9606
uniprot:Q99714,ENSG00000072506,HSD17B10,hydroxysteroid 17-beta dehydrogenase 10,Q99714,uniprot_swissprot,9606
uniprot:O75330,ENSG00000072571,HMMR,hyaluronan mediated motility receptor,O75330,uniprot_swissprot,9606
uniprot:O15460,ENSG00000072682,P4HA2,prolyl 4-hydroxylase subunit alpha 2,O15460,uniprot_swissprot,9606
uniprot:P31994,ENSG00000072694,FCGR2B,fc gamma receptor iib,P31994,uniprot_swissprot,9606
uniprot:Q12968,ENSG00000072736,NFATC3,nuclear factor of activated t cells 3,Q12968,uniprot_swissprot,9606
uniprot:P49748,ENSG00000072778,ACADVL,acyl-coa dehydrogenase very long chain,P49748,uniprot_swissprot,9606
uniprot:O94804,ENSG00000072786,STK10,serine/threonine kinase 10,O94804,uniprot_swissprot,9606
uniprot:Q9NXL6,ENSG00000072858,SIDT1,sid1 transmembrane family member 1,Q9NXL6,uniprot_swissprot,9606
uniprot:Q9NXR1,ENSG00000072864,NDE1,nude neurodevelopment protein 1,Q9NXR1,uniprot_swissprot,9606
uniprot:Q9Y6F6,ENSG00000072952,IRAG1,"inositol 1,4,5-triphosphate receptor associated 1",Q9Y6F6,uniprot_swissprot,9606
uniprot:Q9H6F2,ENSG00000072954,TMEM38A,transmembrane protein 38a,Q9H6F2,uniprot_swissprot,9606
uniprot:P15151,ENSG00000073008,PVR,pvr cell adhesion molecule,P15151,uniprot_swissprot,9606
uniprot:P18887,ENSG00000073050,XRCC1,x-ray repair cross complementing 1,P18887,uniprot_swissprot,9606
uniprot:Q8WTV0,ENSG00000073060,SCARB1,scavenger receptor class b member 1,Q8WTV0,uniprot_swissprot,9606
uniprot:P49736,ENSG00000073111,MCM2,minichromosome maintenance complex component 2,P49736,uniprot_swissprot,9606
uniprot:Q9H3D4,ENSG00000073282,TP63,tumor protein p63,Q9H3D4,uniprot_swissprot,9606
uniprot:O60658,ENSG00000073417,PDE8A,phosphodiesterase 8a,O60658,uniprot_swissprot,9606
uniprot:P31040,ENSG00000073578,SDHA,succinate dehydrogenase complex flavoprotein subunit a,P31040,uniprot_swissprot,9606
uniprot:Q969G3,ENSG00000073584,SMARCE1,swi/snf related baf chromatin remodeling complex subunit e1,Q969G3,uniprot_swissprot,9606
uniprot:Q8TAX9,ENSG00000073605,GSDMB,gasdermin b,Q8TAX9,uniprot_swissprot,9606
uniprot:P29375,ENSG00000073614,KDM5A,lysine demethylase 5a,P29375,uniprot_swissprot,9606
uniprot:Q06190,ENSG00000073711,PPP2R3A,protein phosphatase 2 regulatory subunit b''alpha,Q06190,uniprot_swissprot,9606
uniprot:Q96AC1,ENSG00000073712,FERMT2,ferm domain containing kindlin 2,Q96AC1,uniprot_swissprot,9606
uniprot:Q9BPW9,ENSG00000073737,DHRS9,dehydrogenase/reductase 9,Q9BPW9,uniprot_swissprot,9606
uniprot:P35354,ENSG00000073756,PTGS2,prostaglandin-endoperoxide synthase 2,P35354,uniprot_swissprot,9606
uniprot:Q9Y6M1,ENSG00000073792,IGF2BP2,insulin like growth factor 2 mrna binding protein 2,Q9Y6M1,uniprot_swissprot,9606
uniprot:O43283,ENSG00000073803,MAP3K13,mitogen-activated protein kinase kinase kinase 13,O43283,uniprot_swissprot,9606
uniprot:P15907,ENSG00000073849,ST6GAL1,"st6 beta-galactoside alpha-2,6-sialyltransferase 1",P15907,uniprot_swissprot,9606
uniprot:Q9UL17,ENSG00000073861,TBX21,t-box transcription factor 21,Q9UL17,uniprot_swissprot,9606
uniprot:Q5TBA9,ENSG00000073910,FRY,fry microtubule binding protein,Q5TBA9,uniprot_swissprot,9606
uniprot:Q13492,ENSG00000073921,PICALM,phosphatidylinositol binding clathrin assembly protein,Q13492,uniprot_swissprot,9606
uniprot:P10070,ENSG00000074047,GLI2,gli family zinc finger 2,P10070,uniprot_swissprot,9606
uniprot:Q9UM47,ENSG00000074181,NOTCH3,notch receptor 3,Q9UM47,uniprot_swissprot,9606
uniprot:P54105,ENSG00000074201,CLNS1A,chloride nucleotide-sensitive channel 1a,P54105,uniprot_swissprot,9606
uniprot:Q9Y2T4,ENSG00000074211,PPP2R2C,protein phosphatase 2 regulatory subunit bgamma,Q9Y2T4,uniprot_swissprot,9606
uniprot:O75530,ENSG00000074266,EED,embryonic ectoderm development,O75530,uniprot_swissprot,9606
uniprot:Q93084,ENSG00000074370,ATP2A3,atpase sarcoplasmic/endoplasmic reticulum ca2+ transporting 3,Q93084,uniprot_swissprot,9606
uniprot:O43570,ENSG00000074410,CA12,carbonic anhydrase 12,O43570,uniprot_swissprot,9606
uniprot:Q99685,ENSG00000074416,MGLL,monoglyceride lipase,Q99685,uniprot_swissprot,9606
uniprot:Q9HB63,ENSG00000074527,NTN4,netrin 4,Q9HB63,uniprot_swissprot,9606
uniprot:O60721,ENSG00000074621,SLC24A1,solute carrier family 24 member 1,O60721,uniprot_swissprot,9606
uniprot:Q8WWN9,ENSG00000074706,IPCEF1,interaction protein for cytohesin exchange factors 1,Q8WWN9,uniprot_swissprot,9606
uniprot:O43149,ENSG00000074755,ZZEF1,zinc finger zz-type and ef-hand domain containing 1,O43149,uniprot_swissprot,9606
uniprot:P06733,ENSG00000074800,ENO1,enolase 1,P06733,uniprot_swissprot,9606
uniprot:Q13621,ENSG00000074803,SLC12A1,solute carrier family 12 member 1,Q13621,uniprot_swissprot,9606
uniprot:Q9HCE6,ENSG00000074964,ARHGEF10L,rho guanine nucleotide exchange factor 10 like,Q9HCE6,uniprot_swissprot,9606
uniprot:P42681,ENSG00000074966,TXK,txk tyrosine kinase,P42681,uniprot_swissprot,9606
uniprot:Q2TBF2,ENSG00000075035,WSCD2,wsc domain sialate o sulfotransferase 2,Q2TBF2,uniprot_swissprot,9606
uniprot:O43526,ENSG00000075043,KCNQ2,potassium voltage-gated channel subfamily q member 2,O43526,uniprot_swissprot,9606
uniprot:O43432,ENSG00000075151,EIF4G3,eukaryotic translation initiation factor 4 gamma 3,O43432,uniprot_swissprot,9606
uniprot:Q14563,ENSG00000075213,SEMA3A,semaphorin 3a,Q14563,uniprot_swissprot,9606
uniprot:Q9NYZ3,ENSG00000075218,GTSE1,g2 and s-phase expressed 1,Q9NYZ3,uniprot_swissprot,9606
uniprot:Q99985,ENSG00000075223,SEMA3C,semaphorin 3c,Q99985,uniprot_swissprot,9606
uniprot:P24752,ENSG00000075239,ACAT1,acetyl-coa acetyltransferase 1,P24752,uniprot_swissprot,9606
uniprot:Q6IC98,ENSG00000075240,GRAMD4,gram domain containing 4,Q6IC98,uniprot_swissprot,9606
uniprot:Q9NYQ6,ENSG00000075275,CELSR1,cadherin egf lag seven-pass g-type receptor 1,Q9NYQ6,uniprot_swissprot,9606
uniprot:Q14966,ENSG00000075292,ZNF638,zinc finger protein 638,Q14966,uniprot_swissprot,9606
uniprot:P08620,ENSG00000075388,FGF4,fibroblast growth factor 4,P08620,uniprot_swissprot,9606
uniprot:Q9UJF2,ENSG00000075391,RASAL2,ras protein activator like 2,Q9UJF2,uniprot_swissprot,9606
uniprot:P27448,ENSG00000075413,MARK3,microtubule affinity regulating kinase 3,P27448,uniprot_swissprot,9606
uniprot:Q53EP0,ENSG00000075420,FNDC3B,fibronectin type iii domain containing 3b,Q53EP0,uniprot_swissprot,9606
uniprot:P15408,ENSG00000075426,FOSL2,"fos like 2, ap-1 transcription factor subunit",P15408,uniprot_swissprot,9606
uniprot:Q9UF02,ENSG00000075429,CACNG5,calcium voltage-gated channel auxiliary subunit gamma 5,Q9UF02,uniprot_swissprot,9606
uniprot:Q9UBN1,ENSG00000075461,CACNG4,calcium voltage-gated channel auxiliary subunit gamma 4,Q9UBN1,uniprot_swissprot,9606
uniprot:O94915,ENSG00000075539,FRYL,fry like transcription coactivator,O94915,uniprot_swissprot,9606
uniprot:Q92545,ENSG00000075568,TMEM131,transmembrane protein 131,Q92545,uniprot_swissprot,9606
uniprot:Q16658,ENSG00000075618,FSCN1,fascin actin-bundling protein 1,Q16658,uniprot_swissprot,9606
uniprot:P60709,ENSG00000075624,ACTB,actin beta,P60709,uniprot_swissprot,9606
uniprot:Q13393,ENSG00000075651,PLD1,phospholipase d1,Q13393,uniprot_swissprot,9606
uniprot:P51149,ENSG00000075785,RAB7A,"rab7a, member ras oncogene family",P51149,uniprot_swissprot,9606
uniprot:Q9UHQ4,ENSG00000075790,BCAP29,b cell receptor associated protein 29,Q9UHQ4,uniprot_swissprot,9606
uniprot:Q9NQW1,ENSG00000075826,SEC31B,"sec31 homolog b, copii component",Q9NQW1,uniprot_swissprot,9606
uniprot:Q53QZ3,ENSG00000075884,ARHGAP15,rho gtpase activating protein 15,Q53QZ3,uniprot_swissprot,9606
uniprot:Q02962,ENSG00000075891,PAX2,paired box 2,Q02962,uniprot_swissprot,9606
uniprot:Q9H000,ENSG00000075975,MKRN2,makorin ring finger protein 2,Q9H000,uniprot_swissprot,9606
uniprot:Q14566,ENSG00000076003,MCM6,minichromosome maintenance complex component 6,Q14566,uniprot_swissprot,9606
uniprot:Q9Y580,ENSG00000076053,RBM7,rna binding motif protein 7,Q9Y580,uniprot_swissprot,9606
uniprot:Q15434,ENSG00000076067,RBMS2,rna binding motif single stranded interacting protein 2,Q15434,uniprot_swissprot,9606
uniprot:P40692,ENSG00000076242,MLH1,mutl homolog 1,P40692,uniprot_swissprot,9606
uniprot:P13051,ENSG00000076248,UNG,uracil dna glycosylase,P13051,uniprot_swissprot,9606
uniprot:O75051,ENSG00000076356,PLXNA2,plexin a2,O75051,uniprot_swissprot,9606
uniprot:Q96R06,ENSG00000076382,SPAG5,sperm associated antigen 5,Q96R06,uniprot_swissprot,9606
uniprot:Q8IZ07,ENSG00000076513,ANKRD13A,ankyrin repeat domain 13a,Q8IZ07,uniprot_swissprot,9606
uniprot:P55327,ENSG00000076554,TPD52,tumor protein d52,P55327,uniprot_swissprot,9606
uniprot:O00763,ENSG00000076555,ACACB,acetyl-coa carboxylase beta,O00763,uniprot_swissprot,9606
uniprot:Q9BUZ4,ENSG00000076604,TRAF4,tnf receptor associated factor 4,Q9BUZ4,uniprot_swissprot,9606
uniprot:Q9BRR8,ENSG00000076650,GPATCH1,g-patch domain containing 1,Q9BRR8,uniprot_swissprot,9606
uniprot:P32942,ENSG00000076662,ICAM3,intercellular adhesion molecule 3,P32942,uniprot_swissprot,9606
uniprot:P49902,ENSG00000076685,NT5C2,"5'-nucleotidase, cytosolic ii",P49902,uniprot_swissprot,9606
uniprot:P43121,ENSG00000076706,MCAM,melanoma cell adhesion molecule,P43121,uniprot_swissprot,9606
uniprot:P47736,ENSG00000076864,RAP1GAP,rap1 gtpase activating protein,P47736,uniprot_swissprot,9606
uniprot:O14733,ENSG00000076984,MAP2K7,mitogen-activated protein kinase kinase 7,O14733,uniprot_swissprot,9606
uniprot:Q16760,ENSG00000077044,DGKD,diacylglycerol kinase delta,Q16760,uniprot_swissprot,9606
uniprot:Q8WZ74,ENSG00000077063,CTTNBP2,cortactin binding protein 2,Q8WZ74,uniprot_swissprot,9606
uniprot:P10826,ENSG00000077092,RARB,retinoic acid receptor beta,P10826,uniprot_swissprot,9606
uniprot:Q02880,ENSG00000077097,TOP2B,dna topoisomerase ii beta,Q02880,uniprot_swissprot,9606
uniprot:Q00653,ENSG00000077150,NFKB2,nuclear factor kappa b subunit 2,Q00653,uniprot_swissprot,9606
uniprot:Q9NPD8,ENSG00000077152,UBE2T,ubiquitin conjugating enzyme e2 t,Q9NPD8,uniprot_swissprot,9606
uniprot:Q8IXB1,ENSG00000077232,DNAJC10,dnaj heat shock protein family (hsp40) member c10,Q8IXB1,uniprot_swissprot,9606
uniprot:P24394,ENSG00000077238,IL4R,interleukin 4 receptor,P24394,uniprot_swissprot,9606
uniprot:O75602,ENSG00000077327,SPAG6,sperm associated antigen 6,O75602,uniprot_swissprot,9606
uniprot:Q13409,ENSG00000077380,DYNC1I2,dynein cytoplasmic 1 intermediate chain 2,Q13409,uniprot_swissprot,9606
uniprot:Q5HYJ3,ENSG00000077458,FAM76B,family with sequence similarity 76 member b,Q5HYJ3,uniprot_swissprot,9606
uniprot:Q8N6T7,ENSG00000077463,SIRT6,sirtuin 6,Q8N6T7,uniprot_swissprot,9606
uniprot:Q15054,ENSG00000077514,POLD3,"dna polymerase delta 3, accessory subunit",Q15054,uniprot_swissprot,9606
uniprot:P35609,ENSG00000077522,ACTN2,actinin alpha 2,P35609,uniprot_swissprot,9606
uniprot:Q6IE81,ENSG00000077684,JADE1,jade family phd finger 1,Q6IE81,uniprot_swissprot,9606
uniprot:P11362,ENSG00000077782,FGFR1,fibroblast growth factor receptor 1,P11362,uniprot_swissprot,9606
uniprot:P53708,ENSG00000077943,ITGA8,integrin subunit alpha 8,P53708,uniprot_swissprot,9606
uniprot:O76096,ENSG00000077984,CST7,cystatin f,O76096,uniprot_swissprot,9606
uniprot:O75928,ENSG00000078043,PIAS2,protein inhibitor of activated stat 2,O75928,uniprot_swissprot,9606
uniprot:P10398,ENSG00000078061,ARAF,"a-raf proto-oncogene, serine/threonine kinase",P10398,uniprot_swissprot,9606
uniprot:Q12884,ENSG00000078098,FAP,fibroblast activation protein alpha,Q12884,uniprot_swissprot,9606
uniprot:O76041,ENSG00000078114,NEBL,nebulette,O76041,uniprot_swissprot,9606
uniprot:P61086,ENSG00000078140,UBE2K,ubiquitin conjugating enzyme e2 k,P61086,uniprot_swissprot,9606
uniprot:Q8NEB9,ENSG00000078142,PIK3C3,phosphatidylinositol 3-kinase catalytic subunit type 3,Q8NEB9,uniprot_swissprot,9606
uniprot:Q86UW6,ENSG00000078177,N4BP2,nedd4 binding protein 2,Q86UW6,uniprot_swissprot,9606
uniprot:Q9NQ88,ENSG00000078237,TIGAR,tp53 induced glycolysis regulatory phosphatase,Q9NQ88,uniprot_swissprot,9606
uniprot:Q13362,ENSG00000078304,PPP2R5C,protein phosphatase 2 regulatory subunit b'gamma,Q13362,uniprot_swissprot,9606
uniprot:Q9NWB1,ENSG00000078328,RBFOX1,rna binding fox-1 homolog 1,Q9NWB1,uniprot_swissprot,9606
uniprot:P62873,ENSG00000078369,GNB1,g protein subunit beta 1,P62873,uniprot_swissprot,9606
uniprot:P31269,ENSG00000078399,HOXA9,homeobox a9,P31269,uniprot_swissprot,9606
uniprot:P05305,ENSG00000078401,EDN1,endothelin 1,P05305,uniprot_swissprot,9606
uniprot:P55197,ENSG00000078403,MLLT10,mllt10 histone lysine methyltransferase dot1l cofactor,P55197,uniprot_swissprot,9606
uniprot:O00398,ENSG00000078589,P2RY10,p2y receptor family member 10,O00398,uniprot_swissprot,9606
uniprot:O43736,ENSG00000078596,ITM2A,integral membrane protein 2a,O43736,uniprot_swissprot,9606
uniprot:Q15154,ENSG00000078674,PCM1,pericentriolar material 1,Q15154,uniprot_swissprot,9606
uniprot:Q9HCJ0,ENSG00000078687,TNRC6C,trinucleotide repeat containing adaptor 6c,Q9HCJ0,uniprot_swissprot,9606
uniprot:O60477,ENSG00000078725,BRINP1,bmp/retinoic acid inducible neural specific 1,O60477,uniprot_swissprot,9606
uniprot:Q96J02,ENSG00000078747,ITCH,itchy e3 ubiquitin protein ligase,Q96J02,uniprot_swissprot,9606
uniprot:A0A5F9UJX7,ENSG00000078808,SDF4,stromal cell derived factor 4,A0A5F9UJX7,uniprot_trembl,9606
uniprot:O15350,ENSG00000078900,TP73,tumor protein p73,O15350,uniprot_swissprot,9606
uniprot:Q9H0E2,ENSG00000078902,TOLLIP,toll interacting protein,Q9H0E2,uniprot_swissprot,9606
uniprot:Q06455,ENSG00000079102,RUNX1T1,runx1 partner transcriptional co-repressor 1,Q06455,uniprot_swissprot,9606
uniprot:Q12864,ENSG00000079112,CDH17,cadherin 17,Q12864,uniprot_swissprot,9606
uniprot:P43003,ENSG00000079215,SLC1A3,solute carrier family 1 member 3,P43003,uniprot_swissprot,9606
uniprot:P13010,ENSG00000079246,XRCC5,x-ray repair cross complementing 5,P13010,uniprot_swissprot,9606
uniprot:Q9BS40,ENSG00000079257,LXN,latexin,Q9BS40,uniprot_swissprot,9606
uniprot:Q13342,ENSG00000079263,SP140,sp140 nuclear body protein,Q13342,uniprot_swissprot,9606
uniprot:Q9BUB5,ENSG00000079277,MKNK1,mapk interacting serine/threonine kinase 1,Q9BUB5,uniprot_swissprot,9606
uniprot:Q9HBL0,ENSG00000079308,TNS1,tensin 1,Q9HBL0,uniprot_swissprot,9606
uniprot:Q8N1G1,ENSG00000079313,REXO1,rna exonuclease 1 homolog,Q8N1G1,uniprot_swissprot,9606
uniprot:P13688,ENSG00000079385,CEACAM1,cea cell adhesion molecule 1,P13688,uniprot_swissprot,9606
uniprot:Q9P0U3,ENSG00000079387,SENP1,sumo specific peptidase 1,Q9P0U3,uniprot_swissprot,9606
uniprot:Q9UII6,ENSG00000079393,DUSP13B,dual specificity phosphatase 13b,Q9UII6,uniprot_swissprot,9606
uniprot:Q96RK0,ENSG00000079432,CIC,capicua transcriptional repressor,Q96RK0,uniprot_swissprot,9606
uniprot:P37268,ENSG00000079459,FDFT1,farnesyl-diphosphate farnesyltransferase 1,P37268,uniprot_swissprot,9606
uniprot:O60890,ENSG00000079482,OPHN1,oligophrenin 1,O60890,uniprot_swissprot,9606
uniprot:O76038,ENSG00000079689,SCGN,"secretagogin, ef-hand calcium binding protein",O76038,uniprot_swissprot,9606
uniprot:Q5VZK9,ENSG00000079691,CARMIL1,capping protein regulator and myosin 1 linker 1,Q5VZK9,uniprot_swissprot,9606
uniprot:P36871,ENSG00000079739,PGM1,phosphoglucomutase 1,P36871,uniprot_swissprot,9606
uniprot:Q92499,ENSG00000079785,DDX1,dead-box helicase 1,Q92499,uniprot_swissprot,9606
uniprot:P50570,ENSG00000079805,DNM2,dynamin 2,P50570,uniprot_swissprot,9606
uniprot:Q86UR5,ENSG00000079841,RIMS1,regulating synaptic membrane exocytosis 1,Q86UR5,uniprot_swissprot,9606
uniprot:Q6UVY6,ENSG00000079931,MOXD1,monooxygenase dbh like 1,Q6UVY6,uniprot_swissprot,9606
uniprot:Q14145,ENSG00000079999,KEAP1,kelch like ech associated protein 1,Q14145,uniprot_swissprot,9606
uniprot:Q9NQQ7,ENSG00000080189,SLC35H1,solute carrier family 35 member h1,Q9NQQ7,uniprot_swissprot,9606
uniprot:Q9UF33,ENSG00000080224,EPHA6,eph receptor a6,Q9UF33,uniprot_swissprot,9606
uniprot:P47872,ENSG00000080293,SCTR,secretin receptor,P47872,uniprot_swissprot,9606
uniprot:P48380,ENSG00000080298,RFX3,regulatory factor x3,P48380,uniprot_swissprot,9606
uniprot:Q5UIP0,ENSG00000080345,RIF1,replication timing regulatory factor 1,Q5UIP0,uniprot_swissprot,9606
uniprot:Q9Y6R1,ENSG00000080493,SLC4A4,solute carrier family 4 member 4,Q9Y6R1,uniprot_swissprot,9606
uniprot:P51531,ENSG00000080503,SMARCA2,swi/snf related baf chromatin remodeling complex subunit atpase 2,P51531,uniprot_swissprot,9606
uniprot:Q9NYR8,ENSG00000080511,RDH8,retinol dehydrogenase 8,Q9NYR8,uniprot_swissprot,9606
uniprot:Q9Y6P5,ENSG00000080546,SESN1,sestrin 1,Q9Y6P5,uniprot_swissprot,9606
uniprot:Q96IY4,ENSG00000080618,CPB2,carboxypeptidase b2,Q96IY4,uniprot_swissprot,9606
uniprot:P32297,ENSG00000080644,CHRNA3,cholinergic receptor nicotinic alpha 3 subunit,P32297,uniprot_swissprot,9606
uniprot:Q9H2S1,ENSG00000080709,KCNN2,potassium calcium-activated channel subfamily n member 2,Q9H2S1,uniprot_swissprot,9606
uniprot:O95628,ENSG00000080802,CNOT4,ccr4-not transcription complex subunit 4,O95628,uniprot_swissprot,9606
uniprot:P49768,ENSG00000080815,PSEN1,presenilin 1,P49768,uniprot_swissprot,9606
uniprot:Q9UQ07,ENSG00000080823,MOK,mok protein kinase,Q9UQ07,uniprot_swissprot,9606
uniprot:P07900,ENSG00000080824,HSP90AA1,heat shock protein 90 alpha family class a member 1,P07900,uniprot_swissprot,9606
uniprot:Q9UPX0,ENSG00000080854,IGSF9B,immunoglobulin superfamily member 9b,Q9UPX0,uniprot_swissprot,9606
uniprot:Q5VWQ0,ENSG00000081019,RSBN1,round spermatid basic protein 1,Q5VWQ0,uniprot_swissprot,9606
uniprot:Q5TCQ9,ENSG00000081026,MAGI3,"membrane associated guanylate kinase, ww and pdz domain containing 3",Q5TCQ9,uniprot_swissprot,9606
uniprot:P19875,ENSG00000081041,CXCL2,c-x-c motif chemokine ligand 2,P19875,uniprot_swissprot,9606
uniprot:P02771,ENSG00000081051,AFP,alpha fetoprotein,P02771,uniprot_swissprot,9606
uniprot:P53420,ENSG00000081052,COL4A4,collagen type iv alpha 4 chain,P53420,uniprot_swissprot,9606
uniprot:P36402,ENSG00000081059,TCF7,transcription factor 7,P36402,uniprot_swissprot,9606
uniprot:Q9ULB5,ENSG00000081138,CDH7,cadherin 7,Q9ULB5,uniprot_swissprot,9606
uniprot:Q8WW12,ENSG00000081154,PCNP,pest proteolytic signal containing nuclear protein,Q8WW12,uniprot_swissprot,9606
uniprot:Q9NVH0,ENSG00000081177,EXD2,exonuclease 3'-5' domain containing 2,Q9NVH0,uniprot_swissprot,9606
uniprot:Q06413,ENSG00000081189,MEF2C,myocyte enhancer factor 2c,Q06413,uniprot_swissprot,9606
uniprot:P08575,ENSG00000081237,PTPRC,protein tyrosine phosphatase receptor type c,P08575,uniprot_swissprot,9606
uniprot:Q13698,ENSG00000081248,CACNA1S,calcium voltage-gated channel subunit alpha1 s,Q13698,uniprot_swissprot,9606
uniprot:O94768,ENSG00000081320,STK17B,serine/threonine kinase 17b,O94768,uniprot_swissprot,9606
uniprot:P98164,ENSG00000081479,LRP2,ldl receptor related protein 2,P98164,uniprot_swissprot,9606
uniprot:Q5JVG8,ENSG00000081665,ZNF506,zinc finger protein 506,Q5JVG8,uniprot_swissprot,9606
uniprot:Q86UW7,ENSG00000081803,CADPS2,calcium dependent secretion activator 2,Q86UW7,uniprot_swissprot,9606
uniprot:O60346,ENSG00000081913,PHLPP1,ph domain and leucine rich repeat protein phosphatase 1,O60346,uniprot_swissprot,9606
uniprot:O43520,ENSG00000081923,ATP8B1,atpase phospholipid transporting 8b1,O43520,uniprot_swissprot,9606
uniprot:Q99665,ENSG00000081985,IL12RB2,interleukin 12 receptor subunit beta 2,Q99665,uniprot_swissprot,9606
uniprot:Q6STE5,ENSG00000082014,SMARCD3,swi/snf related baf chromatin remodeling complex subunit d3,Q6STE5,uniprot_swissprot,9606
uniprot:Q9NW82,ENSG00000082068,WDR70,wd repeat domain 70,Q9NW82,uniprot_swissprot,9606
uniprot:Q9C0K7,ENSG00000082146,STRADB,ste20 related adaptor beta,Q9C0K7,uniprot_swissprot,9606
uniprot:P06401,ENSG00000082175,PGR,progesterone receptor,P06401,uniprot_swissprot,9606
uniprot:Q9BXJ4,ENSG00000082196,C1QTNF3,c1q and tnf related 3,Q9BXJ4,uniprot_swissprot,9606
uniprot:O60583,ENSG00000082258,CCNT2,cyclin t2,O60583,uniprot_swissprot,9606
uniprot:Q53SF7,ENSG00000082438,COBLL1,cordon-bleu wh2 repeat protein like 1,Q53SF7,uniprot_swissprot,9606
uniprot:Q92796,ENSG00000082458,DLG3,discs large maguk scaffold protein 3,Q92796,uniprot_swissprot,9606
uniprot:O95069,ENSG00000082482,KCNK2,potassium two pore domain channel subfamily k member 2,O95069,uniprot_swissprot,9606
uniprot:Q9NUC0,ENSG00000082497,SERTAD4,serta domain containing 4,Q9NUC0,uniprot_swissprot,9606
uniprot:P41145,ENSG00000082556,OPRK1,opioid receptor kappa 1,P41145,uniprot_swissprot,9606
uniprot:Q14494,ENSG00000082641,NFE2L1,nfe2 like bzip transcription factor 1,Q14494,uniprot_swissprot,9606
uniprot:Q9P283,ENSG00000082684,SEMA5B,semaphorin 5b,Q9P283,uniprot_swissprot,9606
uniprot:P49841,ENSG00000082701,GSK3B,glycogen synthase kinase 3 beta,P49841,uniprot_swissprot,9606
uniprot:P18084,ENSG00000082781,ITGB5,integrin subunit beta 5,P18084,uniprot_swissprot,9606
uniprot:Q8IUD2,ENSG00000082805,ERC1,elks/rab6-interacting/cast family member 1,Q8IUD2,uniprot_swissprot,9606
uniprot:O14980,ENSG00000082898,XPO1,exportin 1,O14980,uniprot_swissprot,9606
uniprot:Q9HCF6,ENSG00000083067,TRPM3,transient receptor potential cation channel subfamily m member 3,Q9HCF6,uniprot_swissprot,9606
uniprot:Q86YC2,ENSG00000083093,PALB2,partner and localizer of brca2,Q86YC2,uniprot_swissprot,9606
uniprot:P21953,ENSG00000083123,BCKDHB,branched chain keto acid dehydrogenase e1 subunit beta,P21953,uniprot_swissprot,9606
uniprot:Q92794,ENSG00000083168,KAT6A,lysine acetyltransferase 6a,Q92794,uniprot_swissprot,9606
uniprot:Q5VYS8,ENSG00000083223,TUT7,terminal uridylyl transferase 7,Q5VYS8,uniprot_swissprot,9606
uniprot:Q6ISB3,ENSG00000083307,GRHL2,grainyhead like transcription factor 2,Q6ISB3,uniprot_swissprot,9606
uniprot:Q92973,ENSG00000083312,TNPO1,transportin 1,Q92973,uniprot_swissprot,9606
uniprot:Q02809,ENSG00000083444,PLOD1,"procollagen-lysine,2-oxoglutarate 5-dioxygenase 1",Q02809,uniprot_swissprot,9606
uniprot:P38570,ENSG00000083457,ITGAE,integrin subunit alpha e,P38570,uniprot_swissprot,9606
uniprot:Q9Y2L1,ENSG00000083520,DIS3,dis3 exosome endoribonuclease and 3'-5' exoribonuclease,Q9Y2L1,uniprot_swissprot,9606
uniprot:Q9NTI5,ENSG00000083642,PDS5B,pds5 cohesin associated factor b,Q9NTI5,uniprot_swissprot,9606
uniprot:Q5VZM2,ENSG00000083750,RRAGB,ras related gtp binding b,Q5VZM2,uniprot_swissprot,9606
uniprot:Q9NQC7,ENSG00000083799,CYLD,cyld lysine 63 deubiquitinase,Q9NQC7,uniprot_swissprot,9606
uniprot:Q14517,ENSG00000083857,FAT1,fat atypical cadherin 1,Q14517,uniprot_swissprot,9606
uniprot:Q8WU79,ENSG00000084070,SMAP2,small arfgap2,Q8WU79,uniprot_swissprot,9606
uniprot:Q13127,ENSG00000084093,REST,re1 silencing transcription factor,Q13127,uniprot_swissprot,9606
uniprot:P09211,ENSG00000084207,GSTP1,glutathione s-transferase pi 1,P09211,uniprot_swissprot,9606
uniprot:P46721,ENSG00000084453,SLCO1A2,solute carrier organic anion transporter family member 1a2,P46721,uniprot_swissprot,9606
uniprot:Q07092,ENSG00000084636,COL16A1,collagen type xvi alpha 1 chain,Q07092,uniprot_swissprot,9606
uniprot:P04114,ENSG00000084674,APOB,apolipoprotein b,P04114,uniprot_swissprot,9606
uniprot:Q15788,ENSG00000084676,NCOA1,nuclear receptor coactivator 1,Q15788,uniprot_swissprot,9606
uniprot:Q9Y2G0,ENSG00000084710,EFR3B,efr3 homolog b,Q9Y2G0,uniprot_swissprot,9606
uniprot:O14782,ENSG00000084731,KIF3C,kinesin family member 3c,O14782,uniprot_swissprot,9606
uniprot:P61026,ENSG00000084733,RAB10,"rab10, member ras oncogene family",P61026,uniprot_swissprot,9606
uniprot:A0A0C4DFN2,ENSG00000084734,GCKR,glucokinase regulator,A0A0C4DFN2,uniprot_trembl,9606
uniprot:P27708,ENSG00000084774,CAD,"carbamoyl-phosphate synthetase 2, aspartate transcarbamylase, and dihydroorotase",P27708,uniprot_swissprot,9606
uniprot:P27701,ENSG00000085117,CD82,cd82 molecule,P27701,uniprot_swissprot,9606
uniprot:Q5H9F3,ENSG00000085185,BCORL1,bcl6 corepressor like 1,Q5H9F3,uniprot_swissprot,9606
uniprot:P46100,ENSG00000085224,ATRX,atrx chromatin remodeler,P46100,uniprot_swissprot,9606
uniprot:Q9NPC7,ENSG00000085274,MYNN,myoneurin,Q9NPC7,uniprot_swissprot,9606
uniprot:Q03112,ENSG00000085276,MECOM,mds1 and evi1 complex locus,Q03112,uniprot_swissprot,9606
uniprot:O15126,ENSG00000085365,SCAMP1,secretory carrier membrane protein 1,O15126,uniprot_swissprot,9606
uniprot:P48147,ENSG00000085377,PREP,prolyl endopeptidase,P48147,uniprot_swissprot,9606
uniprot:Q8IYU2,ENSG00000085382,HACE1,hect domain and ankyrin repeat containing e3 ubiquitin protein ligase 1,Q8IYU2,uniprot_swissprot,9606
uniprot:Q96EE3,ENSG00000085415,SEH1L,seh1 like nucleoporin,Q96EE3,uniprot_swissprot,9606
uniprot:Q8IWB7,ENSG00000085449,WDFY1,wd repeat and fyve domain containing 1,Q8IWB7,uniprot_swissprot,9606
uniprot:Q9Y6R4,ENSG00000085511,MAP3K4,mitogen-activated protein kinase kinase kinase 4,Q9Y6R4,uniprot_swissprot,9606
uniprot:Q9UKJ1,ENSG00000085514,PILRA,paired immunoglobin like type 2 receptor alpha,Q9UKJ1,uniprot_swissprot,9606
uniprot:P08183,ENSG00000085563,ABCB1,atp binding cassette subfamily b member 1,P08183,uniprot_swissprot,9606
uniprot:P15121,ENSG00000085662,AKR1B1,aldo-keto reductase family 1 member b,P15121,uniprot_swissprot,9606
uniprot:Q9NYV6,ENSG00000085721,RRN3,rna polymerase i transcription factor rrn3,Q9NYV6,uniprot_swissprot,9606
uniprot:Q14247,ENSG00000085733,CTTN,cortactin,Q14247,uniprot_swissprot,9606
uniprot:O96014,ENSG00000085741,WNT11,wnt family member 11,O96014,uniprot_swissprot,9606
uniprot:P46199,ENSG00000085760,MTIF2,mitochondrial translational initiation factor 2,P46199,uniprot_swissprot,9606
uniprot:O94830,ENSG00000085788,DDHD2,ddhd domain containing 2,O94830,uniprot_swissprot,9606
uniprot:P42566,ENSG00000085832,EPS15,epidermal growth factor receptor pathway substrate 15,P42566,uniprot_swissprot,9606
uniprot:Q676U5,ENSG00000085978,ATG16L1,autophagy related 16 like 1,Q676U5,uniprot_swissprot,9606
uniprot:Q92698,ENSG00000085999,RAD54L,rad54 like,Q92698,uniprot_swissprot,9606
uniprot:Q6P0Q8,ENSG00000086015,MAST2,microtubule associated serine/threonine kinase 2,Q6P0Q8,uniprot_swissprot,9606
uniprot:P15291,ENSG00000086062,B4GALT1,"beta-1,4-galactosyltransferase 1",P15291,uniprot_swissprot,9606
uniprot:Q9UNQ2,ENSG00000086189,DIMT1,dim1 rrna methyltransferase and ribosome maturation factor,Q9UNQ2,uniprot_swissprot,9606
uniprot:Q04609,ENSG00000086205,FOLH1,folate hydrolase 1,Q04609,uniprot_swissprot,9606
uniprot:Q9Y5X0,ENSG00000086300,SNX10,sorting nexin 10,Q9Y5X0,uniprot_swissprot,9606
uniprot:P40199,ENSG00000086548,CEACAM6,cea cell adhesion molecule 6,P40199,uniprot_swissprot,9606
uniprot:Q15363,ENSG00000086598,TMED2,transmembrane p24 trafficking protein 2,Q15363,uniprot_swissprot,9606
uniprot:Q86YB8,ENSG00000086619,ERO1B,endoplasmic reticulum oxidoreductase 1 beta,Q86YB8,uniprot_swissprot,9606
uniprot:Q6FIF0,ENSG00000086666,ZFAND6,zinc finger an1-type containing 6,Q6FIF0,uniprot_swissprot,9606
uniprot:Q7Z6Z7,ENSG00000086758,HUWE1,"hect, uba and wwe domain containing e3 ubiquitin protein ligase 1",Q7Z6Z7,uniprot_swissprot,9606
uniprot:Q9H6U8,ENSG00000086848,ALG9,"alg9 alpha-1,2-mannosyltransferase",Q9H6U8,uniprot_swissprot,9606
uniprot:Q9NPH5,ENSG00000086991,NOX4,nadph oxidase 4,Q9NPH5,uniprot_swissprot,9606
uniprot:Q13614,ENSG00000087053,MTMR2,myotubularin related protein 2,Q13614,uniprot_swissprot,9606
uniprot:Q15654,ENSG00000087077,TRIP6,thyroid hormone receptor interactor 6,Q15654,uniprot_swissprot,9606
uniprot:P22303,ENSG00000087085,ACHE,acetylcholinesterase (yt blood group),P22303,uniprot_swissprot,9606
uniprot:Q07812,ENSG00000087088,BAX,"bcl2 associated x, apoptosis regulator",Q07812,uniprot_swissprot,9606
uniprot:Q9UBE8,ENSG00000087095,NLK,nemo like kinase,Q9UBE8,uniprot_swissprot,9606
uniprot:O95450,ENSG00000087116,ADAMTS2,adam metallopeptidase with thrombospondin type 1 motif 2,O95450,uniprot_swissprot,9606
uniprot:Q9UL52,ENSG00000087128,TMPRSS11E,transmembrane serine protease 11e,Q9UL52,uniprot_swissprot,9606
uniprot:Q32NB8,ENSG00000087157,PGS1,phosphatidylglycerophosphate synthase 1,Q32NB8,uniprot_swissprot,9606
uniprot:P62195,ENSG00000087191,PSMC5,"proteasome 26s subunit, atpase 5",P62195,uniprot_swissprot,9606
uniprot:P11597,ENSG00000087237,CETP,cholesteryl ester transfer protein,P11597,uniprot_swissprot,9606
uniprot:P08253,ENSG00000087245,MMP2,matrix metallopeptidase 2,P08253,uniprot_swissprot,9606
uniprot:P09471,ENSG00000087258,GNAO1,g protein subunit alpha o1,P09471,uniprot_swissprot,9606
uniprot:Q8N543,ENSG00000087263,OGFOD1,2-oxoglutarate and iron dependent oxygenase domain containing 1,Q8N543,uniprot_swissprot,9606
uniprot:P78314,ENSG00000087266,SH3BP2,sh3 domain binding protein 2,P78314,uniprot_swissprot,9606
uniprot:Q9H9P8,ENSG00000087299,L2HGDH,l-2-hydroxyglutarate dehydrogenase,Q9H9P8,uniprot_swissprot,9606
uniprot:Q9Y224,ENSG00000087302,RTRAF,"rna transcription, translation and transport factor",Q9Y224,uniprot_swissprot,9606
uniprot:Q14112,ENSG00000087303,NID2,nidogen 2,Q14112,uniprot_swissprot,9606
uniprot:Q9P2K6,ENSG00000087448,KLHL42,kelch like family member 42,Q9P2K6,uniprot_swissprot,9606
uniprot:O95467,ENSG00000087460,GNAS,gnas complex locus,O95467,uniprot_swissprot,9606
uniprot:O00429,ENSG00000087470,DNM1L,dynamin 1 like,O00429,uniprot_swissprot,9606
uniprot:P12272,ENSG00000087494,PTHLH,parathyroid hormone like hormone,P12272,uniprot_swissprot,9606
uniprot:Q96KR7,ENSG00000087495,PHACTR3,phosphatase and actin regulator 3,Q96KR7,uniprot_swissprot,9606
uniprot:Q92754,ENSG00000087510,TFAP2C,transcription factor ap-2 gamma,Q92754,uniprot_swissprot,9606
uniprot:O14965,ENSG00000087586,AURKA,aurora kinase a,O14965,uniprot_swissprot,9606
uniprot:Q9NQ75,ENSG00000087589,CASS4,cas scaffold protein family member 4,Q9NQ75,uniprot_swissprot,9606
uniprot:O00625,ENSG00000087842,PIR,pirin,O00625,uniprot_swissprot,9606
uniprot:O00204,ENSG00000088002,SULT2B1,sulfotransferase family 2b member 1,O00204,uniprot_swissprot,9606
uniprot:O75175,ENSG00000088038,CNOT3,ccr4-not transcription complex subunit 3,O75175,uniprot_swissprot,9606
uniprot:Q9NVP1,ENSG00000088205,DDX18,dead-box helicase 18,Q9NVP1,uniprot_swissprot,9606
uniprot:P29992,ENSG00000088256,GNA11,g protein subunit alpha 11,P29992,uniprot_swissprot,9606
uniprot:Q9UBC3,ENSG00000088305,DNMT3B,dna methyltransferase 3 beta,Q9UBC3,uniprot_swissprot,9606
uniprot:Q9ULW0,ENSG00000088325,TPX2,tpx2 microtubule nucleation factor,Q9ULW0,uniprot_swissprot,9606
uniprot:Q9H4G0,ENSG00000088367,EPB41L1,erythrocyte membrane protein band 4.1 like 1,Q9H4G0,uniprot_swissprot,9606
uniprot:Q9BZ29,ENSG00000088387,DOCK9,dedicator of cytokinesis 9,Q9BZ29,uniprot_swissprot,9606
uniprot:Q8IZD9,ENSG00000088538,DOCK3,dedicator of cytokinesis 3,Q8IZD9,uniprot_swissprot,9606
uniprot:Q9HAQ2,ENSG00000088727,KIF9,kinesin family member 9,Q9HAQ2,uniprot_swissprot,9606
uniprot:Q9P2N2,ENSG00000088756,ARHGAP28,rho gtpase activating protein 28,Q9P2N2,uniprot_swissprot,9606
uniprot:Q96KQ4,ENSG00000088808,PPP1R13B,protein phosphatase 1 regulatory subunit 13b,Q96KQ4,uniprot_swissprot,9606
uniprot:Q9NWM0,ENSG00000088826,SMOX,spermine oxidase,Q9NWM0,uniprot_swissprot,9606
uniprot:Q9BZZ2,ENSG00000088827,SIGLEC1,sialic acid binding ig like lectin 1,Q9BZZ2,uniprot_swissprot,9606
uniprot:P62942,ENSG00000088832,FKBP1A,fkbp prolyl isomerase 1a,P62942,uniprot_swissprot,9606
uniprot:Q7Z434,ENSG00000088888,MAVS,mitochondrial antiviral signaling protein,Q7Z434,uniprot_swissprot,9606
uniprot:P03951,ENSG00000088926,F11,coagulation factor xi,P03951,uniprot_swissprot,9606
uniprot:Q2M2Z5,ENSG00000088970,KIZ,kizuna centrosomal protein,Q2M2Z5,uniprot_swissprot,9606
uniprot:Q96BS2,ENSG00000088992,TESC,tescalcin,Q96BS2,uniprot_swissprot,9606
uniprot:Q02878,ENSG00000089009,RPL6,ribosomal protein l6,Q02878,uniprot_swissprot,9606
uniprot:Q9P1W8,ENSG00000089012,SIRPG,signal regulatory protein gamma,Q9P1W8,uniprot_swissprot,9606
uniprot:Q8IW41,ENSG00000089022,MAPKAPK5,mapk activated protein kinase 5,Q8IW41,uniprot_swissprot,9606
uniprot:Q99572,ENSG00000089041,P2RX7,purinergic receptor p2x 7,Q99572,uniprot_swissprot,9606
uniprot:Q9UGH3,ENSG00000089057,SLC23A2,solute carrier family 23 member 2,Q9UGH3,uniprot_swissprot,9606
uniprot:Q8NHM5,ENSG00000089094,KDM2B,lysine demethylase 2b,Q8NHM5,uniprot_swissprot,9606
uniprot:Q8NHU2,ENSG00000089101,CFAP61,cilia and flagella associated protein 61,Q8NHU2,uniprot_swissprot,9606
uniprot:Q9H2C1,ENSG00000089116,LHX5,lim homeobox 5,Q9H2C1,uniprot_swissprot,9606
uniprot:P00973,ENSG00000089127,OAS1,2'-5'-oligoadenylate synthetase 1,P00973,uniprot_swissprot,9606
uniprot:P49023,ENSG00000089159,PXN,paxillin,P49023,uniprot_swissprot,9606
uniprot:Q9Y6E7,ENSG00000089163,SIRT4,sirtuin 4,Q9Y6E7,uniprot_swissprot,9606
uniprot:Q9Y2J0,ENSG00000089169,RPH3A,rabphilin 3a,Q9Y2J0,uniprot_swissprot,9606
uniprot:Q96L93,ENSG00000089177,KIF16B,kinesin family member 16b,Q96L93,uniprot_swissprot,9606
uniprot:P30086,ENSG00000089220,PEBP1,phosphatidylethanolamine binding protein 1,P30086,uniprot_swissprot,9606
uniprot:Q99593,ENSG00000089225,TBX5,t-box transcription factor 5,Q99593,uniprot_swissprot,9606
uniprot:Q7Z569,ENSG00000089234,BRAP,brca1 associated protein,Q7Z569,uniprot_swissprot,9606
uniprot:P30040,ENSG00000089248,ERP29,endoplasmic reticulum protein 29,P30040,uniprot_swissprot,9606
uniprot:P29475,ENSG00000089250,NOS1,nitric oxide synthase 1,P29475,uniprot_swissprot,9606
uniprot:P35637,ENSG00000089280,FUS,fus rna binding protein,P35637,uniprot_swissprot,9606
uniprot:Q96DB9,ENSG00000089327,FXYD5,fxyd domain containing ion transport regulator 5,Q96DB9,uniprot_swissprot,9606
uniprot:Q9BQS7,ENSG00000089472,HEPH,hephaestin,Q9BQS7,uniprot_swissprot,9606
uniprot:O15392,ENSG00000089685,BIRC5,baculoviral iap repeat containing 5,O15392,uniprot_swissprot,9606
uniprot:P18627,ENSG00000089692,LAG3,lymphocyte activating 3,P18627,uniprot_swissprot,9606
uniprot:P24278,ENSG00000089775,ZBTB25,zinc finger and btb domain containing 25,P24278,uniprot_swissprot,9606
uniprot:Q9UKL0,ENSG00000089902,RCOR1,rest corepressor 1,Q9UKL0,uniprot_swissprot,9606
uniprot:P19634,ENSG00000090020,SLC9A1,solute carrier family 9 member a1,P19634,uniprot_swissprot,9606
uniprot:O15269,ENSG00000090054,SPTLC1,serine palmitoyltransferase long chain base subunit 1,O15269,uniprot_swissprot,9606
uniprot:P51003,ENSG00000090060,PAPOLA,poly(a) polymerase alpha,P51003,uniprot_swissprot,9606
uniprot:O95178,ENSG00000090266,NDUFB2,nadh:ubiquinone oxidoreductase subunit b2,O95178,uniprot_swissprot,9606
uniprot:Q9Y266,ENSG00000090273,NUDC,"nuclear distribution c, dynein complex regulator",Q9Y266,uniprot_swissprot,9606
uniprot:Q7L5Y9,ENSG00000090316,MAEA,"macrophage erythroblast attacher, e3 ubiquitin ligase",Q7L5Y9,uniprot_swissprot,9606
uniprot:P05362,ENSG00000090339,ICAM1,intercellular adhesion molecule 1,P05362,uniprot_swissprot,9606
uniprot:Q9Y616,ENSG00000090376,IRAK3,interleukin 1 receptor associated kinase 3,Q9Y616,uniprot_swissprot,9606
uniprot:P61626,ENSG00000090382,LYZ,lysozyme,P61626,uniprot_swissprot,9606
uniprot:P14410,ENSG00000090402,SI,sucrase-isomaltase,P14410,uniprot_swissprot,9606
uniprot:Q01664,ENSG00000090447,TFAP4,transcription factor ap-4,Q01664,uniprot_swissprot,9606
uniprot:P49771,ENSG00000090554,FLT3LG,fms related receptor tyrosine kinase 3 ligand,P49771,uniprot_swissprot,9606
uniprot:Q9UJJ9,ENSG00000090581,GNPTG,n-acetylglucosamine-1-phosphate transferase subunit gamma,Q9UJJ9,uniprot_swissprot,9606
uniprot:Q14587,ENSG00000090612,ZNF268,zinc finger protein 268,Q14587,uniprot_swissprot,9606
uniprot:Q13310,ENSG00000090621,PABPC4,poly(a) binding protein cytoplasmic 4,Q13310,uniprot_swissprot,9606
uniprot:Q9NNX6,ENSG00000090659,CD209,cd209 molecule,Q9NNX6,uniprot_swissprot,9606
uniprot:Q9HA82,ENSG00000090661,CERS4,ceramide synthase 4,Q9HA82,uniprot_swissprot,9606
uniprot:Q9GZU1,ENSG00000090674,MCOLN1,mucolipin trp cation channel 1,Q9GZU1,uniprot_swissprot,9606
uniprot:Q86UV5,ENSG00000090686,USP48,ubiquitin specific peptidase 48,Q86UV5,uniprot_swissprot,9606
uniprot:P98172,ENSG00000090776,EFNB1,ephrin b1,P98172,uniprot_swissprot,9606
uniprot:Q8NCN5,ENSG00000090857,PDPR,pyruvate dehydrogenase phosphatase regulatory subunit,Q8NCN5,uniprot_swissprot,9606
uniprot:O95239,ENSG00000090889,KIF4A,kinesin family member 4a,O95239,uniprot_swissprot,9606
uniprot:Q8NDV7,ENSG00000090905,TNRC6A,trinucleotide repeat containing adaptor 6a,Q8NDV7,uniprot_swissprot,9606
uniprot:Q9BZ72,ENSG00000090975,PITPNM2,phosphatidylinositol transfer protein membrane associated 2,Q9BZ72,uniprot_swissprot,9606
uniprot:Q96PZ0,ENSG00000091127,PUS7,pseudouridine synthase 7,Q96PZ0,uniprot_swissprot,9606
uniprot:P40879,ENSG00000091138,SLC26A3,solute carrier family 26 member 3,P40879,uniprot_swissprot,9606
uniprot:P09622,ENSG00000091140,DLD,dihydrolipoamide dehydrogenase,P09622,uniprot_swissprot,9606
uniprot:Q9Y4E6,ENSG00000091157,WDR7,wd repeat domain 7,Q9Y4E6,uniprot_swissprot,9606
uniprot:O43396,ENSG00000091164,TXNL1,thioredoxin like 1,O43396,uniprot_swissprot,9606
uniprot:Q01344,ENSG00000091181,IL5RA,interleukin 5 receptor subunit alpha,Q01344,uniprot_swissprot,9606
uniprot:Q9NX76,ENSG00000091317,CMTM6,cklf like marvel transmembrane domain containing 6,Q9NX76,uniprot_swissprot,9606
uniprot:P23229,ENSG00000091409,ITGA6,integrin subunit alpha 6,P23229,uniprot_swissprot,9606
uniprot:Q8WZA2,ENSG00000091428,RAPGEF4,rap guanine nucleotide exchange factor 4,Q8WZA2,uniprot_swissprot,9606
uniprot:Q9NYL2,ENSG00000091436,MAP3K20,mitogen-activated protein kinase kinase kinase 20,Q9NYL2,uniprot_swissprot,9606
uniprot:P07954,ENSG00000091483,FH,fumarate hydratase,P07954,uniprot_swissprot,9606
uniprot:Q68CR1,ENSG00000091490,SEL1L3,sel1l family member 3,Q68CR1,uniprot_swissprot,9606
uniprot:P02787,ENSG00000091513,TF,transferrin,P02787,uniprot_swissprot,9606
uniprot:Q9UKN7,ENSG00000091536,MYO15A,myosin xva,Q9UKN7,uniprot_swissprot,9606
uniprot:Q6P6C2,ENSG00000091542,ALKBH5,"alkb homolog 5, rna demethylase",Q6P6C2,uniprot_swissprot,9606
uniprot:P02749,ENSG00000091583,APOH,apolipoprotein h,P02749,uniprot_swissprot,9606
uniprot:Q9C000,ENSG00000091592,NLRP1,nlr family pyrin domain containing 1,Q9C000,uniprot_swissprot,9606
uniprot:Q86UP3,ENSG00000091656,ZFHX4,zinc finger homeobox 4,Q86UP3,uniprot_swissprot,9606
uniprot:Q9P2U8,ENSG00000091664,SLC17A6,solute carrier family 17 member 6,Q9P2U8,uniprot_swissprot,9606
uniprot:P15085,ENSG00000091704,CPA1,carboxypeptidase a1,P15085,uniprot_swissprot,9606
uniprot:Q86WB0,ENSG00000091732,ZC3HC1,zinc finger c3hc-type containing 1,Q86WB0,uniprot_swissprot,9606
uniprot:P03372,ENSG00000091831,ESR1,estrogen receptor 1,P03372,uniprot_swissprot,9606
uniprot:Q9UGC6,ENSG00000091844,RGS17,regulator of g protein signaling 17,Q9UGC6,uniprot_swissprot,9606
uniprot:O15123,ENSG00000091879,ANGPT2,angiopoietin 2,O15123,uniprot_swissprot,9606
uniprot:Q76M96,ENSG00000091986,CCDC80,coiled-coil domain containing 80,Q76M96,uniprot_swissprot,9606
uniprot:Q969Q6,ENSG00000092020,PPP2R3C,protein phosphatase 2 regulatory subunit b''gamma,Q969Q6,uniprot_swissprot,9606
uniprot:Q96EP0,ENSG00000092098,RNF31,ring finger protein 31,Q96EP0,uniprot_swissprot,9606
uniprot:Q9ULT8,ENSG00000092148,HECTD1,hect domain e3 ubiquitin protein ligase 1,Q9ULT8,uniprot_swissprot,9606
uniprot:O14893,ENSG00000092208,GEMIN2,gem nuclear organelle associated protein 2,O14893,uniprot_swissprot,9606
uniprot:Q96QT4,ENSG00000092439,TRPM7,transient receptor potential cation channel subfamily m member 7,Q96QT4,uniprot_swissprot,9606
uniprot:Q06418,ENSG00000092445,TYRO3,tyro3 protein tyrosine kinase,Q06418,uniprot_swissprot,9606
uniprot:O43175,ENSG00000092621,PHGDH,phosphoglycerate dehydrogenase,O43175,uniprot_swissprot,9606
uniprot:P15311,ENSG00000092820,EZR,ezrin,P15311,uniprot_swissprot,9606
uniprot:Q70J99,ENSG00000092929,UNC13D,unc-13 homolog d,Q70J99,uniprot_swissprot,9606
uniprot:Q16555,ENSG00000092964,DPYSL2,dihydropyrimidinase like 2,Q16555,uniprot_swissprot,9606
uniprot:P61812,ENSG00000092969,TGFB2,transforming growth factor beta 2,P61812,uniprot_swissprot,9606
uniprot:Q9NW75,ENSG00000092978,GPATCH2,g-patch domain containing 2,Q9NW75,uniprot_swissprot,9606
uniprot:P21964,ENSG00000093010,COMT,catechol-o-methyltransferase,P21964,uniprot_swissprot,9606
uniprot:Q9NZK5,ENSG00000093072,ADA2,adenosine deaminase 2,Q9NZK5,uniprot_swissprot,9606
uniprot:Q9UBN7,ENSG00000094631,HDAC6,histone deacetylase 6,Q9UBN7,uniprot_swissprot,9606
uniprot:O00591,ENSG00000094755,GABRP,gamma-aminobutyric acid type a receptor subunit pi,O00591,uniprot_swissprot,9606
uniprot:Q99741,ENSG00000094804,CDC6,cell division cycle 6,Q99741,uniprot_swissprot,9606
uniprot:P45973,ENSG00000094916,CBX5,chromobox 5,P45973,uniprot_swissprot,9606
uniprot:Q9UBS9,ENSG00000094975,SUCO,sun domain containing ossification factor,Q9UBS9,uniprot_swissprot,9606
uniprot:P43246,ENSG00000095002,MSH2,muts homolog 2,P43246,uniprot_swissprot,9606
uniprot:Q13233,ENSG00000095015,MAP3K1,mitogen-activated protein kinase kinase kinase 1,Q13233,uniprot_swissprot,9606
uniprot:P49366,ENSG00000095059,DHPS,deoxyhypusine synthase,P49366,uniprot_swissprot,9606
uniprot:Q8N323,ENSG00000095110,NXPE1,neurexophilin and pc-esterase domain family member 1,Q8N323,uniprot_swissprot,9606
uniprot:Q9H329,ENSG00000095203,EPB41L4B,erythrocyte membrane protein band 4.1 like 4b,Q9H329,uniprot_swissprot,9606
uniprot:Q9NVV0,ENSG00000095209,TMEM38B,transmembrane protein 38b,Q9NVV0,uniprot_swissprot,9606
uniprot:P23219,ENSG00000095303,PTGS1,prostaglandin-endoperoxide synthase 1,P23219,uniprot_swissprot,9606
uniprot:Q5SRE5,ENSG00000095319,NUP188,nucleoporin 188,Q5SRE5,uniprot_swissprot,9606
uniprot:P43155,ENSG00000095321,CRAT,carnitine o-acetyltransferase,P43155,uniprot_swissprot,9606
uniprot:Q9BYX2,ENSG00000095383,TBC1D2,tbc1 domain family member 2,Q9BYX2,uniprot_swissprot,9606
uniprot:Q9P202,ENSG00000095397,WHRN,whirlin,Q9P202,uniprot_swissprot,9606
uniprot:P51160,ENSG00000095464,PDE6C,phosphodiesterase 6c,P51160,uniprot_swissprot,9606
uniprot:Q69YN2,ENSG00000095485,CWF19L1,cwf19 like cell cycle control factor 1,Q69YN2,uniprot_swissprot,9606
uniprot:O43174,ENSG00000095596,CYP26A1,cytochrome p450 family 26 subfamily a member 1,O43174,uniprot_swissprot,9606
uniprot:Q9BX66,ENSG00000095637,SORBS1,sorbin and sh3 domain containing 1,Q9BX66,uniprot_swissprot,9606
uniprot:Q9NQ79,ENSG00000095713,CRTAC1,cartilage acidic protein 1,Q9NQ79,uniprot_swissprot,9606
uniprot:Q13145,ENSG00000095739,BAMBI,bmp and activin membrane bound inhibitor,Q13145,uniprot_swissprot,9606
uniprot:P20809,ENSG00000095752,IL11,interleukin 11,P20809,uniprot_swissprot,9606
uniprot:Q8NEV4,ENSG00000095777,MYO3A,myosin iiia,Q8NEV4,uniprot_swissprot,9606
uniprot:Q03060,ENSG00000095794,CREM,camp responsive element modulator,Q03060,uniprot_swissprot,9606
uniprot:Q9BZJ3,ENSG00000095917,TPSD1,tryptase delta 1,Q9BZJ3,uniprot_swissprot,9606
uniprot:P15822,ENSG00000095951,HIVEP1,hivep zinc finger 1,P15822,uniprot_swissprot,9606
uniprot:Q9NZC2,ENSG00000095970,TREM2,triggering receptor expressed on myeloid cells 2,Q9NZC2,uniprot_swissprot,9606
uniprot:Q96T55,ENSG00000095981,KCNK16,potassium two pore domain channel subfamily k member 16,Q96T55,uniprot_swissprot,9606
uniprot:Q13451,ENSG00000096060,FKBP5,fkbp prolyl isomerase 5,Q13451,uniprot_swissprot,9606
uniprot:Q96SB4,ENSG00000096063,SRPK1,srsf protein kinase 1,Q96SB4,uniprot_swissprot,9606
uniprot:Q5JVL4,ENSG00000096093,EFHC1,ef-hand domain containing 1,Q5JVL4,uniprot_swissprot,9606
uniprot:P08238,ENSG00000096384,HSP90AB1,heat shock protein 90 alpha family class b member 1,P08238,uniprot_swissprot,9606
uniprot:P12872,ENSG00000096395,MLN,motilin,P12872,uniprot_swissprot,9606
uniprot:Q99459,ENSG00000096401,CDC5L,cell division cycle 5 like,Q99459,uniprot_swissprot,9606
uniprot:Q14573,ENSG00000096433,ITPR3,"inositol 1,4,5-trisphosphate receptor type 3",Q14573,uniprot_swissprot,9606
uniprot:P15924,ENSG00000096696,DSP,desmoplakin,P15924,uniprot_swissprot,9606
uniprot:Q96EB6,ENSG00000096717,SIRT1,sirtuin 1,Q96EB6,uniprot_swissprot,9606
uniprot:O60674,ENSG00000096968,JAK2,janus kinase 2,O60674,uniprot_swissprot,9606
uniprot:P00519,ENSG00000097007,ABL1,"abl proto-oncogene 1, non-receptor tyrosine kinase",P00519,uniprot_swissprot,9606
uniprot:O00311,ENSG00000097046,CDC7,cell division cycle 7,O00311,uniprot_swissprot,9606
uniprot:Q92824,ENSG00000099139,PCSK5,proprotein convertase subtilisin/kexin type 5,Q92824,uniprot_swissprot,9606
uniprot:O00767,ENSG00000099194,SCD,stearoyl-coa desaturase,O00767,uniprot_swissprot,9606
uniprot:O14639,ENSG00000099204,ABLIM1,actin binding lim protein 1,O14639,uniprot_swissprot,9606
uniprot:O14786,ENSG00000099250,NRP1,neuropilin 1,O14786,uniprot_swissprot,9606
uniprot:Q9NRG1,ENSG00000099256,PRTFDC1,phosphoribosyl transferase domain containing 1,Q9NRG1,uniprot_swissprot,9606
uniprot:Q9NP74,ENSG00000099260,PALMD,palmdelphin,Q9NP74,uniprot_swissprot,9606
uniprot:O95858,ENSG00000099282,TSPAN15,tetraspanin 15,O95858,uniprot_swissprot,9606
uniprot:P28698,ENSG00000099326,MZF1,myeloid zinc finger 1,P28698,uniprot_swissprot,9606
uniprot:Q13459,ENSG00000099331,MYO9B,myosin ixb,Q13459,uniprot_swissprot,9606
uniprot:P48556,ENSG00000099341,PSMD8,"proteasome 26s subunit, non-atpase 8",P48556,uniprot_swissprot,9606
uniprot:Q6PCT2,ENSG00000099364,FBXL19,f-box and leucine rich repeat protein 19,Q6PCT2,uniprot_swissprot,9606
uniprot:P61266,ENSG00000099365,STX1B,syntaxin 1b,P61266,uniprot_swissprot,9606
uniprot:O15047,ENSG00000099381,SETD1A,"set domain containing 1a, histone lysine methyltransferase",O15047,uniprot_swissprot,9606
uniprot:Q14011,ENSG00000099622,CIRBP,cold inducible rna binding protein,Q14011,uniprot_swissprot,9606
uniprot:P30049,ENSG00000099624,ATP5F1D,atp synthase f1 subunit delta,P30049,uniprot_swissprot,9606
uniprot:Q8N350,ENSG00000099625,CBARP,cacn subunit beta associated regulatory protein,Q8N350,uniprot_swissprot,9606
uniprot:P35858,ENSG00000099769,IGFALS,insulin like growth factor binding protein acid labile subunit,P35858,uniprot_swissprot,9606
uniprot:P52272,ENSG00000099783,HNRNPM,heterogeneous nuclear ribonucleoprotein m,P52272,uniprot_swissprot,9606
uniprot:P17568,ENSG00000099795,NDUFB7,nadh:ubiquinone oxidoreductase subunit b7,P17568,uniprot_swissprot,9606
uniprot:Q13126,ENSG00000099810,MTAP,methylthioadenosine phosphorylase,Q13126,uniprot_swissprot,9606
uniprot:Q9Y4F5,ENSG00000099814,CEP170B,centrosomal protein 170b,Q9Y4F5,uniprot_swissprot,9606
uniprot:Q9UL51,ENSG00000099822,HCN2,hyperpolarization activated cyclic nucleotide gated potassium and sodium channel 2,Q9UL51,uniprot_swissprot,9606
uniprot:Q9HBB8,ENSG00000099834,CDHR5,cadherin related family member 5,Q9HBB8,uniprot_swissprot,9606
uniprot:Q9HBH9,ENSG00000099875,MKNK2,mapk interacting serine/threonine kinase 2,Q9HBH9,uniprot_swissprot,9606
uniprot:O00192,ENSG00000099889,ARVCF,arvcf delta catenin family member,O00192,uniprot_swissprot,9606
uniprot:O95721,ENSG00000099940,SNAP29,synaptosome associated protein 29,O95721,uniprot_swissprot,9606
uniprot:P46109,ENSG00000099942,CRKL,"crk like proto-oncogene, adaptor protein",P46109,uniprot_swissprot,9606
uniprot:Q8N653,ENSG00000099949,LZTR1,leucine zipper like post translational regulator 1,Q8N653,uniprot_swissprot,9606
uniprot:P24347,ENSG00000099953,MMP11,matrix metallopeptidase 11,P24347,uniprot_swissprot,9606
uniprot:Q9BXF3,ENSG00000099954,CECR2,cecr2 histone acetyl-lysine reader,Q9BXF3,uniprot_swissprot,9606
uniprot:Q12824,ENSG00000099956,SMARCB1,swi/snf related baf chromatin remodeling complex subunit b1,Q12824,uniprot_swissprot,9606
uniprot:P30046,ENSG00000099977,DDT,d-dopachrome tautomerase,P30046,uniprot_swissprot,9606
uniprot:P13725,ENSG00000099985,OSM,oncostatin m,P13725,uniprot_swissprot,9606
uniprot:Q9Y6J0,ENSG00000099991,CABIN1,calcineurin binding protein 1,Q9Y6J0,uniprot_swissprot,9606
uniprot:Q9UGT4,ENSG00000099994,SUSD2,sushi domain containing 2,Q9UGT4,uniprot_swissprot,9606
uniprot:Q69YQ0,ENSG00000100014,SPECC1L,sperm antigen with calponin homology and coiled-coil domains 1 like,Q69YQ0,uniprot_swissprot,9606
uniprot:P62318,ENSG00000100028,SNRPD3,small nuclear ribonucleoprotein d3 polypeptide,P62318,uniprot_swissprot,9606
uniprot:P28482,ENSG00000100030,MAPK1,mitogen-activated protein kinase 1,P28482,uniprot_swissprot,9606
uniprot:P19440,ENSG00000100031,GGT1,gamma-glutamyltransferase 1,P19440,uniprot_swissprot,9606
uniprot:P09382,ENSG00000100097,LGALS1,galectin 1,P09382,uniprot_swissprot,9606
uniprot:Q9HBE1,ENSG00000100105,PATZ1,poz/btb and at hook containing zinc finger 1,Q9HBE1,uniprot_swissprot,9606
uniprot:Q9H2D6,ENSG00000100106,TRIOBP,trio and f-actin binding protein,Q9H2D6,uniprot_swissprot,9606
uniprot:O75600,ENSG00000100116,GCAT,glycine c-acetyltransferase,O75600,uniprot_swissprot,9606
uniprot:Q9NRD5,ENSG00000100151,PICK1,protein interacting with prkca 1,Q9NRD5,uniprot_swissprot,9606
uniprot:Q96AY4,ENSG00000100154,TTC28,tetratricopeptide repeat domain 28,Q96AY4,uniprot_swissprot,9606
uniprot:Q9NSP4,ENSG00000100162,CENPM,centromere protein m,Q9NSP4,uniprot_swissprot,9606
uniprot:P13866,ENSG00000100170,SLC5A1,solute carrier family 5 member 1,P13866,uniprot_swissprot,9606
uniprot:O43731,ENSG00000100196,KDELR3,kdel endoplasmic reticulum protein retention receptor 3,O43731,uniprot_swissprot,9606
uniprot:P10635,ENSG00000100197,CYP2D6,cytochrome p450 family 2 subfamily d member 6 (gene/pseudogene),P10635,uniprot_swissprot,9606
uniprot:Q9UGU0,ENSG00000100207,TCF20,transcription factor 20,Q9UGU0,uniprot_swissprot,9606
uniprot:Q8IWL3,ENSG00000100209,HSCB,hscb mitochondrial iron-sulfur cluster cochaperone,Q8IWL3,uniprot_swissprot,9606
uniprot:Q9Y3M2,ENSG00000100211,CBY1,"chibby 1, beta catenin antagonist",Q9Y3M2,uniprot_swissprot,9606
uniprot:P17861,ENSG00000100219,XBP1,x-box binding protein 1,P17861,uniprot_swissprot,9606
uniprot:P35625,ENSG00000100234,TIMP3,timp metallopeptidase inhibitor 3,P35625,uniprot_swissprot,9606
uniprot:O95248,ENSG00000100241,SBF1,set binding factor 1,O95248,uniprot_swissprot,9606
uniprot:P00387,ENSG00000100243,CYB5R3,cytochrome b5 reductase 3,P00387,uniprot_swissprot,9606
uniprot:O95567,ENSG00000100249,C22ORF31,chromosome 22 open reading frame 31,O95567,uniprot_swissprot,9606
uniprot:Q9Y3P4,ENSG00000100263,RHBDD3,rhomboid domain containing 3,Q9Y3P4,uniprot_swissprot,9606
uniprot:O60784,ENSG00000100284,TOM1,target of myb1 membrane trafficking protein,O60784,uniprot_swissprot,9606
uniprot:P12036,ENSG00000100285,NEFH,neurofilament heavy chain,P12036,uniprot_swissprot,9606
uniprot:Q9Y259,ENSG00000100288,CHKB,choline kinase beta,Q9Y259,uniprot_swissprot,9606
uniprot:P09601,ENSG00000100292,HMOX1,heme oxygenase 1,P09601,uniprot_swissprot,9606
uniprot:P30536,ENSG00000100300,TSPO,translocator protein,P30536,uniprot_swissprot,9606
uniprot:P01127,ENSG00000100311,PDGFB,platelet derived growth factor subunit b,P01127,uniprot_swissprot,9606
uniprot:P39023,ENSG00000100316,RPL3,ribosomal protein l3,P39023,uniprot_swissprot,9606
uniprot:Q9UDW3,ENSG00000100319,ZMAT5,zinc finger matrin-type 5,Q9UDW3,uniprot_swissprot,9606
uniprot:O43251,ENSG00000100320,RBFOX2,rna binding fox-1 homolog 2,O43251,uniprot_swissprot,9606
uniprot:O43759,ENSG00000100321,SYNGR1,synaptogyrin 1,O43759,uniprot_swissprot,9606
uniprot:Q15750,ENSG00000100324,TAB1,tgf-beta activated kinase 1 (map3k7) binding protein 1,Q15750,uniprot_swissprot,9606
uniprot:Q9H1I8,ENSG00000100325,ASCC2,activating signal cointegrator 1 complex subunit 2,Q9H1I8,uniprot_swissprot,9606
uniprot:Q13615,ENSG00000100330,MTMR3,myotubularin related protein 3,Q13615,uniprot_swissprot,9606
uniprot:O14791,ENSG00000100342,APOL1,apolipoprotein l1,O14791,uniprot_swissprot,9606
uniprot:Q9NST1,ENSG00000100344,PNPLA3,"patatin like domain 3, 1-acylglycerol-3-phosphate o-acyltransferase",Q9NST1,uniprot_swissprot,9606
uniprot:P35579,ENSG00000100345,MYH9,myosin heavy chain 9,P35579,uniprot_swissprot,9606
uniprot:Q9P0X4,ENSG00000100346,CACNA1I,calcium voltage-gated channel subunit alpha1 i,Q9P0X4,uniprot_swissprot,9606
uniprot:Q9Y512,ENSG00000100347,SAMM50,samm50 sorting and assembly machinery component,Q9Y512,uniprot_swissprot,9606
uniprot:Q8IWF2,ENSG00000100350,FOXRED2,fad dependent oxidoreductase domain containing 2,Q8IWF2,uniprot_swissprot,9606
uniprot:Q9UPQ9,ENSG00000100354,TNRC6B,trinucleotide repeat containing adaptor 6b,Q9UPQ9,uniprot_swissprot,9606
uniprot:Q96HU1,ENSG00000100359,SGSM3,small g protein signaling modulator 3,Q96HU1,uniprot_swissprot,9606
uniprot:Q6ICG6,ENSG00000100364,KIAA0930,kiaa0930,Q6ICG6,uniprot_swissprot,9606
uniprot:Q15080,ENSG00000100365,NCF4,neutrophil cytosolic factor 4,Q15080,uniprot_swissprot,9606
uniprot:P32927,ENSG00000100368,CSF2RB,colony stimulating factor 2 receptor subunit beta,P32927,uniprot_swissprot,9606
uniprot:Q9NWS6,ENSG00000100376,SIRAL2,sir2 antiphage like 2,Q9NWS6,uniprot_swissprot,9606
uniprot:P14784,ENSG00000100385,IL2RB,interleukin 2 receptor subunit beta,P14784,uniprot_swissprot,9606
uniprot:P62877,ENSG00000100387,RBX1,ring-box 1,P62877,uniprot_swissprot,9606
uniprot:Q09472,ENSG00000100393,EP300,ep300 lysine acetyltransferase,Q09472,uniprot_swissprot,9606
uniprot:Q969R5,ENSG00000100395,L3MBTL2,l3mbtl histone methyl-lysine binding protein 2,Q969R5,uniprot_swissprot,9606
uniprot:Q7RTV0,ENSG00000100410,PHF5A,phd finger protein 5a,Q7RTV0,uniprot_swissprot,9606
uniprot:Q99798,ENSG00000100412,ACO2,aconitase 2,Q99798,uniprot_swissprot,9606
uniprot:Q9Y535,ENSG00000100413,POLR3H,rna polymerase iii subunit h,Q9Y535,uniprot_swissprot,9606
uniprot:O95696,ENSG00000100425,BRD1,bromodomain containing 1,O95696,uniprot_swissprot,9606
uniprot:Q969S8,ENSG00000100429,HDAC10,histone deacetylase 10,Q969S8,uniprot_swissprot,9606
uniprot:P57789,ENSG00000100433,KCNK10,potassium two pore domain channel subfamily k member 10,P57789,uniprot_swissprot,9606
uniprot:P08311,ENSG00000100448,CTSG,cathepsin g,P08311,uniprot_swissprot,9606
uniprot:P10144,ENSG00000100453,GZMB,granzyme b,P10144,uniprot_swissprot,9606
uniprot:Q86U06,ENSG00000100461,RBM23,rna binding motif protein 23,Q86U06,uniprot_swissprot,9606
uniprot:O14744,ENSG00000100462,PRMT5,protein arginine methyltransferase 5,O14744,uniprot_swissprot,9606
uniprot:Q9Y587,ENSG00000100478,AP4S1,adaptor related protein complex 4 subunit sigma 1,Q9Y587,uniprot_swissprot,9606
uniprot:P56282,ENSG00000100479,POLE2,"dna polymerase epsilon 2, accessory subunit",P56282,uniprot_swissprot,9606
uniprot:Q07890,ENSG00000100485,SOS2,sos ras/rho guanine nucleotide exchange factor 2,Q07890,uniprot_swissprot,9606
uniprot:Q00532,ENSG00000100490,CDKL1,cyclin dependent kinase like 1,Q00532,uniprot_swissprot,9606
uniprot:Q8N4C6,ENSG00000100503,NIN,ninein,Q8N4C6,uniprot_swissprot,9606
uniprot:P06737,ENSG00000100504,PYGL,glycogen phosphorylase l,P06737,uniprot_swissprot,9606
uniprot:P62333,ENSG00000100519,PSMC6,"proteasome 26s subunit, atpase 6",P62333,uniprot_swissprot,9606
uniprot:Q96EK6,ENSG00000100522,GNPNAT1,glucosamine-phosphate n-acetyltransferase 1,Q96EK6,uniprot_swissprot,9606
uniprot:Q9NYT0,ENSG00000100558,PLEK2,pleckstrin 2,Q9NYT0,uniprot_swissprot,9606
uniprot:Q0VAA2,ENSG00000100565,LRRC74A,leucine rich repeat containing 74a,Q0VAA2,uniprot_swissprot,9606
uniprot:P25788,ENSG00000100567,PSMA3,proteasome 20s subunit alpha 3,P25788,uniprot_swissprot,9606
uniprot:Q9BVV6,ENSG00000100578,KIAA0586,kiaa0586,Q9BVV6,uniprot_swissprot,9606
uniprot:Q9Y4D1,ENSG00000100592,DAAM1,dishevelled associated activator of morphogenesis 1,Q9Y4D1,uniprot_swissprot,9606
uniprot:O15270,ENSG00000100596,SPTLC2,serine palmitoyltransferase long chain base subunit 2,O15270,uniprot_swissprot,9606
uniprot:Q8TB24,ENSG00000100599,RIN3,ras and rab interactor 3,Q8TB24,uniprot_swissprot,9606
uniprot:Q99538,ENSG00000100600,LGMN,legumain,Q99538,uniprot_swissprot,9606
uniprot:P10645,ENSG00000100604,CHGA,chromogranin a,P10645,uniprot_swissprot,9606
uniprot:Q13572,ENSG00000100605,ITPK1,inositol-tetrakisphosphate 1-kinase,Q13572,uniprot_swissprot,9606
uniprot:Q9UIU6,ENSG00000100625,SIX4,six homeobox 4,Q9UIU6,uniprot_swissprot,9606
uniprot:Q6ZU80,ENSG00000100629,CEP128,centrosomal protein 128,Q6ZU80,uniprot_swissprot,9606
uniprot:Q16665,ENSG00000100644,HIF1A,hypoxia inducible factor 1 subunit alpha,Q16665,uniprot_swissprot,9606
uniprot:P57103,ENSG00000100678,SLC8A3,solute carrier family 8 member a3,P57103,uniprot_swissprot,9606
uniprot:Q9UPY3,ENSG00000100697,DICER1,"dicer 1, ribonuclease iii",Q9UPY3,uniprot_swissprot,9606
uniprot:P11586,ENSG00000100714,MTHFD1,"methylenetetrahydrofolate dehydrogenase, cyclohydrolase and formyltetrahydrofolate synthetase 1",P11586,uniprot_swissprot,9606
uniprot:P56279,ENSG00000100721,TCL1A,tcl1 family akt coactivator a,P56279,uniprot_swissprot,9606
uniprot:Q6PJT7,ENSG00000100722,ZC3H14,zinc finger ccch-type containing 14,Q6PJT7,uniprot_swissprot,9606
uniprot:Q96RV3,ENSG00000100731,PCNX1,pecanex 1,Q96RV3,uniprot_swissprot,9606
uniprot:Q99986,ENSG00000100749,VRK1,vrk serine/threonine kinase 1,Q99986,uniprot_swissprot,9606
uniprot:P62191,ENSG00000100764,PSMC1,"proteasome 26s subunit, atpase 1",P62191,uniprot_swissprot,9606
uniprot:Q6IN85,ENSG00000100796,PPP4R3A,protein phosphatase 4 regulatory subunit 3a,Q6IN85,uniprot_swissprot,9606
uniprot:P28074,ENSG00000100804,PSMB5,proteasome 20s subunit beta 5,P28074,uniprot_swissprot,9606
uniprot:P25490,ENSG00000100811,YY1,yy1 transcription factor,P25490,uniprot_swissprot,9606
uniprot:Q9NPC3,ENSG00000100814,CCNB1IP1,cyclin b1 interacting protein 1,Q9NPC3,uniprot_swissprot,9606
uniprot:Q15643,ENSG00000100815,TRIP11,thyroid hormone receptor interactor 11,Q15643,uniprot_swissprot,9606
uniprot:P27695,ENSG00000100823,APEX1,apurinic/apyrimidinic endodeoxyribonuclease 1,P27695,uniprot_swissprot,9606
uniprot:Q13017,ENSG00000100852,ARHGAP5,rho gtpase activating protein 5,Q13017,uniprot_swissprot,9606
uniprot:Q13268,ENSG00000100867,DHRS2,dehydrogenase/reductase 2,Q13268,uniprot_swissprot,9606
uniprot:P61011,ENSG00000100883,SRP54,signal recognition particle 54,P61011,uniprot_swissprot,9606
uniprot:O15091,ENSG00000100890,PRORP,protein only rnase p catalytic subunit,O15091,uniprot_swissprot,9606
uniprot:P60900,ENSG00000100902,PSMA6,proteasome 20s subunit alpha 6,P60900,uniprot_swissprot,9606
uniprot:P25963,ENSG00000100906,NFKBIA,nfkb inhibitor alpha,P25963,uniprot_swissprot,9606
uniprot:Q5PSV4,ENSG00000100916,BRMS1L,brms1 like transcriptional repressor,Q5PSV4,uniprot_swissprot,9606
uniprot:P55058,ENSG00000100979,PLTP,phospholipid transfer protein,P55058,uniprot_swissprot,9606
uniprot:P48637,ENSG00000100983,GSS,glutathione synthetase,P48637,uniprot_swissprot,9606
uniprot:P14780,ENSG00000100985,MMP9,matrix metallopeptidase 9,P14780,uniprot_swissprot,9606
uniprot:Q8N2K0,ENSG00000100997,ABHD12,"abhydrolase domain containing 12, lysophospholipase",Q8N2K0,uniprot_swissprot,9606
uniprot:Q9UNN8,ENSG00000101000,PROCR,protein c receptor,Q9UNN8,uniprot_swissprot,9606
uniprot:P25942,ENSG00000101017,CD40,cd40 molecule,P25942,uniprot_swissprot,9606
uniprot:Q9NVA1,ENSG00000101019,UQCC1,ubiquinol-cytochrome c reductase complex assembly factor 1,Q9NVA1,uniprot_swissprot,9606
uniprot:Q9ULU4,ENSG00000101040,ZMYND8,zinc finger mynd-type containing 8,Q9ULU4,uniprot_swissprot,9606
uniprot:Q9HBY8,ENSG00000101049,SGK2,serum/glucocorticoid regulated kinase 2,Q9HBY8,uniprot_swissprot,9606
uniprot:Q9Y366,ENSG00000101052,IFT52,intraflagellar transport 52,Q9Y366,uniprot_swissprot,9606
uniprot:P10244,ENSG00000101057,MYBL2,myb proto-oncogene like 2,P10244,uniprot_swissprot,9606
uniprot:P41235,ENSG00000101076,HNF4A,hepatocyte nuclear factor 4 alpha,P41235,uniprot_swissprot,9606
uniprot:Q13469,ENSG00000101096,NFATC2,nuclear factor of activated t cells 2,Q13469,uniprot_swissprot,9606
uniprot:Q9UJQ4,ENSG00000101115,SALL4,spalt like transcription factor 4,Q9UJQ4,uniprot_swissprot,9606
uniprot:Q9H2P0,ENSG00000101126,ADNP,activity dependent neuroprotector homeobox,Q9H2P0,uniprot_swissprot,9606
uniprot:Q9NQP4,ENSG00000101132,PFDN4,prefoldin subunit 4,Q9NQP4,uniprot_swissprot,9606
uniprot:Q9P104,ENSG00000101134,DOK5,docking protein 5,Q9P104,uniprot_swissprot,9606
uniprot:P18075,ENSG00000101144,BMP7,bone morphogenetic protein 7,P18075,uniprot_swissprot,9606
uniprot:P78406,ENSG00000101146,RAE1,ribonucleic acid export 1,P78406,uniprot_swissprot,9606
uniprot:O43399,ENSG00000101150,TPD52L2,tpd52 like 2,O43399,uniprot_swissprot,9606
uniprot:Q9H3Z4,ENSG00000101152,DNAJC5,dnaj heat shock protein family (hsp40) member c5,Q9H3Z4,uniprot_swissprot,9606
uniprot:Q8IXH7,ENSG00000101158,NELFCD,negative elongation factor complex member c/d,Q8IXH7,uniprot_swissprot,9606
uniprot:O94906,ENSG00000101161,PRPF6,pre-mrna processing factor 6,O94906,uniprot_swissprot,9606
uniprot:Q9H4B7,ENSG00000101162,TUBB1,tubulin beta 1 class vi,Q9H4B7,uniprot_swissprot,9606
uniprot:Q9Y3B1,ENSG00000101166,PRELID3B,preli domain containing 3b,Q9Y3B1,uniprot_swissprot,9606
uniprot:Q9Y5N1,ENSG00000101180,HRH3,histamine receptor h3,Q9Y5N1,uniprot_swissprot,9606
uniprot:O14818,ENSG00000101182,PSMA7,proteasome 20s subunit alpha 7,O14818,uniprot_swissprot,9606
uniprot:Q96BD0,ENSG00000101187,SLCO4A1,solute carrier organic anion transporter family member 4a1,Q96BD0,uniprot_swissprot,9606
uniprot:P30989,ENSG00000101188,NTSR1,neurotensin receptor 1,P30989,uniprot_swissprot,9606
uniprot:Q9UL49,ENSG00000101190,TCFL5,transcription factor like 5,Q9UL49,uniprot_swissprot,9606
uniprot:Q9BTC0,ENSG00000101191,DIDO1,death inducer-obliterator 1,Q9BTC0,uniprot_swissprot,9606
uniprot:Q96CA5,ENSG00000101197,BIRC7,baculoviral iap repeat containing 7,Q96CA5,uniprot_swissprot,9606
uniprot:P01185,ENSG00000101200,AVP,arginine vasopressin,P01185,uniprot_swissprot,9606
uniprot:P43681,ENSG00000101204,CHRNA4,cholinergic receptor nicotinic alpha 4 subunit,P43681,uniprot_swissprot,9606
uniprot:Q13882,ENSG00000101213,PTK6,protein tyrosine kinase 6,Q13882,uniprot_swissprot,9606
uniprot:P30305,ENSG00000101224,CDC25B,cell division cycle 25b,P30305,uniprot_swissprot,9606
uniprot:B1AKI9,ENSG00000101230,ISM1,isthmin 1,B1AKI9,uniprot_swissprot,9606
uniprot:Q9Y225,ENSG00000101236,RNF24,ring finger protein 24,Q9Y225,uniprot_swissprot,9606
uniprot:Q13795,ENSG00000101246,ARFRP1,arf related protein 1,Q13795,uniprot_swissprot,9606
uniprot:Q96RU7,ENSG00000101255,TRIB3,tribbles pseudokinase 3,Q96RU7,uniprot_swissprot,9606
uniprot:P68400,ENSG00000101266,CSNK2A1,casein kinase 2 alpha 1,P68400,uniprot_swissprot,9606
uniprot:Q9NQ40,ENSG00000101276,SLC52A3,solute carrier family 52 member 3,Q9NQ40,uniprot_swissprot,9606
uniprot:O00241,ENSG00000101307,SIRPB1,signal regulatory protein beta 1,O00241,uniprot_swissprot,9606
uniprot:Q9BQL6,ENSG00000101311,FERMT1,ferm domain containing kindlin 1,Q9BQL6,uniprot_swissprot,9606
uniprot:Q9UJM8,ENSG00000101323,HAO1,hydroxyacid oxidase 1,Q9UJM8,uniprot_swissprot,9606
uniprot:Q15147,ENSG00000101333,PLCB4,phospholipase c beta 4,Q15147,uniprot_swissprot,9606
uniprot:P24844,ENSG00000101335,MYL9,myosin light chain 9,P24844,uniprot_swissprot,9606
uniprot:P08631,ENSG00000101336,HCK,"hck proto-oncogene, src family tyrosine kinase",P08631,uniprot_swissprot,9606
uniprot:Q9BZJ0,ENSG00000101343,CRNKL1,crooked neck pre-mrna splicing factor 1,Q9BZJ0,uniprot_swissprot,9606
uniprot:Q9H488,ENSG00000101346,POFUT1,protein o-fucosyltransferase 1,Q9H488,uniprot_swissprot,9606
uniprot:Q9Y3Z3,ENSG00000101347,SAMHD1,sam and hd domain containing deoxynucleoside triphosphate triphosphohydrolase 1,Q9Y3Z3,uniprot_swissprot,9606
uniprot:Q9P286,ENSG00000101349,PAK5,p21 (rac1) activated kinase 5,Q9P286,uniprot_swissprot,9606
uniprot:O15066,ENSG00000101350,KIF3B,kinesin family member 3b,O15066,uniprot_swissprot,9606
uniprot:Q15691,ENSG00000101367,MAPRE1,microtubule associated protein rp/eb family member 1,Q15691,uniprot_swissprot,9606
uniprot:P78504,ENSG00000101384,JAG1,jagged canonical notch ligand 1,P78504,uniprot_swissprot,9606
uniprot:Q96SZ6,ENSG00000101391,CDK5RAP1,cdk5rap1 mitochondrial trna methylthiotransferase,Q96SZ6,uniprot_swissprot,9606
uniprot:P01178,ENSG00000101405,OXT,oxytocin/neurophysin i prepropeptide,P01178,uniprot_swissprot,9606
uniprot:Q01094,ENSG00000101412,E2F1,e2f transcription factor 1,Q01094,uniprot_swissprot,9606
uniprot:Q9NQG5,ENSG00000101413,RPRD1B,regulation of nuclear pre-mrna domain containing 1b,Q9NQG5,uniprot_swissprot,9606
uniprot:Q9Y6I8,ENSG00000101417,PXMP4,peroxisomal membrane protein 4,Q9Y6I8,uniprot_swissprot,9606
uniprot:Q9H444,ENSG00000101421,CHMP4B,charged multivesicular body protein 4b,Q9H444,uniprot_swissprot,9606
uniprot:P17213,ENSG00000101425,BPI,bactericidal permeability increasing protein,P17213,uniprot_swissprot,9606
uniprot:Q9H4G1,ENSG00000101435,CST9L,cystatin 9 like,Q9H4G1,uniprot_swissprot,9606
uniprot:P01034,ENSG00000101439,CST3,cystatin c,P01034,uniprot_swissprot,9606
uniprot:P01036,ENSG00000101441,CST4,cystatin s,P01036,uniprot_swissprot,9606
uniprot:Q14508,ENSG00000101443,WFDC2,wap four-disulfide core domain 2,Q14508,uniprot_swissprot,9606
uniprot:P23526,ENSG00000101444,AHCY,adenosylhomocysteinase,P23526,uniprot_swissprot,9606
uniprot:Q96T49,ENSG00000101445,PPP1R16B,protein phosphatase 1 regulatory subunit 16b,Q96T49,uniprot_swissprot,9606
uniprot:Q9H4H8,ENSG00000101447,SACK1D,scaffolding ck1 anchoring protein d,Q9H4H8,uniprot_swissprot,9606
uniprot:Q9H7V2,ENSG00000101463,SYNDIG1,synapse differentiation inducing 1,Q9H7V2,uniprot_swissprot,9606
uniprot:Q9H490,ENSG00000101464,PIGU,phosphatidylinositol glycan anchor biosynthesis class u,Q9H490,uniprot_swissprot,9606
uniprot:O14734,ENSG00000101473,ACOT8,acyl-coa thioesterase 8,O14734,uniprot_swissprot,9606
uniprot:Q9BZC1,ENSG00000101489,CELF4,cugbp elav-like family member 4,Q9BZC1,uniprot_swissprot,9606
uniprot:Q92618,ENSG00000101493,ZNF516,zinc finger protein 516,Q92618,uniprot_swissprot,9606
uniprot:Q6IQ32,ENSG00000101544,ADNP2,adnp homeobox 2,Q6IQ32,uniprot_swissprot,9606
uniprot:P54578,ENSG00000101557,USP14,ubiquitin specific peptidase 14,P54578,uniprot_swissprot,9606
uniprot:Q8TEP8,ENSG00000101639,CEP192,centrosomal protein 192,Q8TEP8,uniprot_swissprot,9606
uniprot:O43148,ENSG00000101654,RNMT,rna guanine-7 methyltransferase,O43148,uniprot_swissprot,9606
uniprot:O15105,ENSG00000101665,SMAD7,smad family member 7,O15105,uniprot_swissprot,9606
uniprot:Q9Y5X9,ENSG00000101670,LIPG,"lipase g, endothelial type",Q9Y5X9,uniprot_swissprot,9606
uniprot:P25391,ENSG00000101680,LAMA1,laminin subunit alpha 1,P25391,uniprot_swissprot,9606
uniprot:Q96EQ8,ENSG00000101695,RNF125,ring finger protein 125,Q96EQ8,uniprot_swissprot,9606
uniprot:O94818,ENSG00000101746,NOL4,nucleolar protein 4,O94818,uniprot_swissprot,9606
uniprot:Q9UNA4,ENSG00000101751,POLI,dna polymerase iota,Q9UNA4,uniprot_swissprot,9606
uniprot:Q86YT6,ENSG00000101752,MIB1,mib e3 ubiquitin protein ligase 1,Q86YT6,uniprot_swissprot,9606
uniprot:Q99708,ENSG00000101773,RBBP8,"rb binding protein 8, endonuclease",Q99708,uniprot_swissprot,9606
uniprot:O75832,ENSG00000101843,PSMD10,"proteasome 26s subunit, non-atpase 10",O75832,uniprot_swissprot,9606
uniprot:O60907,ENSG00000101849,TBL1X,transducin beta like 1 x-linked,O60907,uniprot_swissprot,9606
uniprot:P51810,ENSG00000101850,GPR143,g protein-coupled receptor 143,P51810,uniprot_swissprot,9606
uniprot:O00264,ENSG00000101856,PGRMC1,progesterone receptor membrane component 1,O00264,uniprot_swissprot,9606
uniprot:P09884,ENSG00000101868,POLA1,"dna polymerase alpha 1, catalytic subunit",P09884,uniprot_swissprot,9606
uniprot:O15344,ENSG00000101871,MID1,midline 1,O15344,uniprot_swissprot,9606
uniprot:Q9BU40,ENSG00000101938,CHRDL1,chordin like 1,Q9BU40,uniprot_swissprot,9606
uniprot:P98170,ENSG00000101966,XIAP,x-linked inhibitor of apoptosis,P98170,uniprot_swissprot,9606
uniprot:Q8N3U4,ENSG00000101972,STAG2,stag2 cohesin complex component,Q8N3U4,uniprot_swissprot,9606
uniprot:P00740,ENSG00000101981,F9,coagulation factor ix,P00740,uniprot_swissprot,9606
uniprot:P33897,ENSG00000101986,ABCD1,atp binding cassette subfamily d member 1,P33897,uniprot_swissprot,9606
uniprot:O60840,ENSG00000102001,CACNA1F,calcium voltage-gated channel subunit alpha1 f,O60840,uniprot_swissprot,9606
uniprot:P41227,ENSG00000102030,NAA10,"n-alpha-acetyltransferase 10, nata catalytic subunit",P41227,uniprot_swissprot,9606
uniprot:P51606,ENSG00000102032,RENBP,renin binding protein,P51606,uniprot_swissprot,9606
uniprot:Q99607,ENSG00000102034,ELF4,e74 like ets transcription factor 4,Q99607,uniprot_swissprot,9606
uniprot:Q16576,ENSG00000102054,RBBP7,"rb binding protein 7, chromatin remodeling factor",Q16576,uniprot_swissprot,9606
uniprot:Q9NSA2,ENSG00000102057,KCND1,potassium voltage-gated channel subfamily d member 1,Q9NSA2,uniprot_swissprot,9606
uniprot:Q06787,ENSG00000102081,FMR1,fragile x messenger ribonucleoprotein 1,Q06787,uniprot_swissprot,9606
uniprot:Q9P1W9,ENSG00000102096,PIM2,"pim-2 proto-oncogene, serine/threonine kinase",Q9P1W9,uniprot_swissprot,9606
uniprot:P78381,ENSG00000102100,SLC35A2,solute carrier family 35 member a2,P78381,uniprot_swissprot,9606
uniprot:O60828,ENSG00000102103,PQBP1,polyglutamine binding protein 1,O60828,uniprot_swissprot,9606
uniprot:Q9UHG2,ENSG00000102109,PCSK1N,proprotein convertase subtilisin/kexin type 1 inhibitor,Q9UHG2,uniprot_swissprot,9606
uniprot:P00558,ENSG00000102144,PGK1,phosphoglycerate kinase 1,P00558,uniprot_swissprot,9606
uniprot:P15976,ENSG00000102145,GATA1,gata binding protein 1,P15976,uniprot_swissprot,9606
uniprot:Q9H0U3,ENSG00000102158,MAGT1,magnesium transporter 1,Q9H0U3,uniprot_swissprot,9606
uniprot:Q15075,ENSG00000102189,EEA1,early endosome antigen 1,Q15075,uniprot_swissprot,9606
uniprot:P51784,ENSG00000102226,USP11,ubiquitin specific peptidase 11,P51784,uniprot_swissprot,9606
uniprot:Q99990,ENSG00000102243,VGLL1,vestigial like family member 1,Q99990,uniprot_swissprot,9606
uniprot:P29965,ENSG00000102245,CD40LG,cd40 ligand,P29965,uniprot_swissprot,9606
uniprot:P01033,ENSG00000102265,TIMP1,timp metallopeptidase inhibitor 1,P01033,uniprot_swissprot,9606
uniprot:P78334,ENSG00000102287,GABRE,gamma-aminobutyric acid type a receptor subunit epsilon,P78334,uniprot_swissprot,9606
uniprot:O95600,ENSG00000102349,KLF8,klf transcription factor 8,O95600,uniprot_swissprot,9606
uniprot:Q9BVG4,ENSG00000102390,PBDC1,polysaccharide biosynthesis domain containing 1,Q9BVG4,uniprot_swissprot,9606
uniprot:Q8IZF0,ENSG00000102452,NALCN,"sodium leak channel, non-selective",Q8IZF0,uniprot_swissprot,9606
uniprot:Q92915,ENSG00000102466,FGF14,fibroblast growth factor 14,Q92915,uniprot_swissprot,9606
uniprot:P28223,ENSG00000102468,HTR2A,5-hydroxytryptamine receptor 2a,P28223,uniprot_swissprot,9606
uniprot:Q9Y275,ENSG00000102524,TNFSF13B,tnf superfamily member 13b,Q9Y275,uniprot_swissprot,9606
uniprot:Q9BWV3,ENSG00000102543,CDADC1,cytidine and dcmp deaminase domain containing 1,Q9BWV3,uniprot_swissprot,9606
uniprot:Q13887,ENSG00000102554,KLF5,klf transcription factor 5,Q13887,uniprot_swissprot,9606
uniprot:Q9Y6E0,ENSG00000102572,STK24,serine/threonine kinase 24,Q9Y6E0,uniprot_swissprot,9606
uniprot:P13686,ENSG00000102575,ACP5,"acid phosphatase 5, tartrate resistant",P13686,uniprot_swissprot,9606
uniprot:Q14155,ENSG00000102606,ARHGEF7,rho guanine nucleotide exchange factor 7,Q14155,uniprot_swissprot,9606
uniprot:P31371,ENSG00000102678,FGF9,fibroblast growth factor 9,P31371,uniprot_swissprot,9606
uniprot:Q13326,ENSG00000102683,SGCG,sarcoglycan gamma,Q13326,uniprot_swissprot,9606
uniprot:Q9UKK3,ENSG00000102699,PARP4,poly(adp-ribose) polymerase family member 4,Q9UKK3,uniprot_swissprot,9606
uniprot:Q8NEM7,ENSG00000102710,SUPT20H,"spt20 homolog, saga complex component",Q8NEM7,uniprot_swissprot,9606
uniprot:Q9Y619,ENSG00000102743,SLC25A15,solute carrier family 25 member 15,Q9Y619,uniprot_swissprot,9606
uniprot:O00505,ENSG00000102753,KPNA3,karyopherin subunit alpha 3,O00505,uniprot_swissprot,9606
uniprot:P17948,ENSG00000102755,FLT1,fms related receptor tyrosine kinase 1,P17948,uniprot_swissprot,9606
uniprot:Q9H4X1,ENSG00000102760,RGCC,regulator of cell cycle,Q9H4X1,uniprot_swissprot,9606
uniprot:A3KMH1,ENSG00000102763,VWA8,von willebrand factor a domain containing 8,A3KMH1,uniprot_swissprot,9606
uniprot:Q86XP1,ENSG00000102780,DGKH,diacylglycerol kinase eta,Q86XP1,uniprot_swissprot,9606
uniprot:Q5VYS4,ENSG00000102802,MEDAG,mesenteric estrogen dependent adipogenesis,Q5VYS4,uniprot_swissprot,9606
uniprot:Q6UX06,ENSG00000102837,OLFM4,olfactomedin 4,Q6UX06,uniprot_swissprot,9606
uniprot:Q13421,ENSG00000102854,MSLN,mesothelin,Q13421,uniprot_swissprot,9606
uniprot:O60291,ENSG00000102858,MGRN1,mahogunin ring finger 1,O60291,uniprot_swissprot,9606
uniprot:Q9UEG4,ENSG00000102870,ZNF629,zinc finger protein 629,Q9UEG4,uniprot_swissprot,9606
uniprot:Q9ULV5,ENSG00000102878,HSF4,heat shock transcription factor 4,Q9ULV5,uniprot_swissprot,9606
uniprot:P31146,ENSG00000102879,CORO1A,coronin 1a,P31146,uniprot_swissprot,9606
uniprot:P27361,ENSG00000102882,MAPK3,mitogen-activated protein kinase 3,P27361,uniprot_swissprot,9606
uniprot:Q93100,ENSG00000102893,PHKB,phosphorylase kinase regulatory subunit beta,Q93100,uniprot_swissprot,9606
uniprot:Q8N1F7,ENSG00000102900,NUP93,nucleoporin 93,Q8N1F7,uniprot_swissprot,9606
uniprot:O94916,ENSG00000102908,NFAT5,nuclear factor of activated t cells 5,O94916,uniprot_swissprot,9606
uniprot:P23435,ENSG00000102924,CBLN1,cerebellin 1 precursor,P23435,uniprot_swissprot,9606
uniprot:Q2M1K9,ENSG00000102935,ZNF423,zinc finger protein 423,Q2M1K9,uniprot_swissprot,9606
uniprot:O00626,ENSG00000102962,CCL22,c-c motif chemokine ligand 22,O00626,uniprot_swissprot,9606
uniprot:Q02127,ENSG00000102967,DHODH,dihydroorotate dehydrogenase (quinone),Q02127,uniprot_swissprot,9606
uniprot:P49711,ENSG00000102974,CTCF,ccctc-binding factor,P49711,uniprot_swissprot,9606
uniprot:P19387,ENSG00000102978,POLR2C,rna polymerase ii subunit c,P19387,uniprot_swissprot,9606
uniprot:O43169,ENSG00000103018,CYB5B,cytochrome b5 type b,O43169,uniprot_swissprot,9606
uniprot:Q9ULP0,ENSG00000103034,NDRG4,ndrg family member 4,Q9ULP0,uniprot_swissprot,9606
uniprot:P51665,ENSG00000103035,PSMD7,"proteasome 26s subunit, non-atpase 7",P51665,uniprot_swissprot,9606
uniprot:O00219,ENSG00000103044,HAS3,hyaluronan synthase 3,O00219,uniprot_swissprot,9606
uniprot:Q9NY59,ENSG00000103056,SMPD3,sphingomyelin phosphodiesterase 3,Q9NY59,uniprot_swissprot,9606
uniprot:Q9H6T0,ENSG00000103067,ESRP2,epithelial splicing regulatory protein 2,Q9H6T0,uniprot_swissprot,9606
uniprot:Q7L5A8,ENSG00000103089,FA2H,fatty acid 2-hydroxylase,Q7L5A8,uniprot_swissprot,9606
uniprot:Q7L1V2,ENSG00000103111,MON1B,mon1 vesicular trafficking associated b,Q7L1V2,uniprot_swissprot,9606
uniprot:O15169,ENSG00000103126,AXIN1,axin 1,O15169,uniprot_swissprot,9606
uniprot:O95822,ENSG00000103150,MLYCD,malonyl-coa decarboxylase,O95822,uniprot_swissprot,9606
uniprot:Q7Z6G3,ENSG00000103154,NECAB2,n-terminal ef-hand calcium binding protein 2,Q7Z6G3,uniprot_swissprot,9606
uniprot:Q9UK23,ENSG00000103174,NAGPA,n-acetylglucosamine-1-phosphodiester alpha-n-acetylglucosaminidase,Q9UK23,uniprot_swissprot,9606
uniprot:Q14694,ENSG00000103194,USP10,ubiquitin specific peptidase 10,Q14694,uniprot_swissprot,9606
uniprot:Q9H0B8,ENSG00000103196,CRISPLD2,cysteine rich secretory protein lccl domain containing 2,Q9H0B8,uniprot_swissprot,9606
uniprot:P49815,ENSG00000103197,TSC2,tsc complex subunit 2,P49815,uniprot_swissprot,9606
uniprot:O00746,ENSG00000103202,NME4,nme/nm23 nucleoside diphosphate kinase 4,O00746,uniprot_swissprot,9606
uniprot:P33527,ENSG00000103222,ABCC1,atp binding cassette subfamily c member 1 (abcc1 blood group),P33527,uniprot_swissprot,9606
uniprot:Q12946,ENSG00000103241,FOXF1,forkhead box f1,Q12946,uniprot_swissprot,9606
uniprot:Q01650,ENSG00000103257,SLC7A5,solute carrier family 7 member 5,Q01650,uniprot_swissprot,9606
uniprot:Q5XUX0,ENSG00000103264,FBXO31,f-box protein 31,Q5XUX0,uniprot_swissprot,9606
uniprot:Q9UNE7,ENSG00000103266,STUB1,stip1 homology and u-box containing protein 1,Q9UNE7,uniprot_swissprot,9606
uniprot:P63279,ENSG00000103275,UBE2I,ubiquitin conjugating enzyme e2 i,P63279,uniprot_swissprot,9606
uniprot:O15553,ENSG00000103313,MEFV,"mefv innate immunity regulator, pyrin",O15553,uniprot_swissprot,9606
uniprot:Q92508,ENSG00000103335,PIEZO1,piezo type mechanosensitive ion channel component 1 (er blood group),Q92508,uniprot_swissprot,9606
uniprot:Q96AJ1,ENSG00000103351,IFT38,intraflagellar transport 38,Q96AJ1,uniprot_swissprot,9606
uniprot:Q15370,ENSG00000103363,ELOB,elongin b,Q15370,uniprot_swissprot,9606
uniprot:Q9NSC2,ENSG00000103449,SALL1,spalt like transcription factor 1,Q9NSC2,uniprot_swissprot,9606
uniprot:O15405,ENSG00000103460,TOX3,tox high mobility group box family member 3,O15405,uniprot_swissprot,9606
uniprot:Q08999,ENSG00000103479,RBL2,rb transcriptional corepressor like 2,Q08999,uniprot_swissprot,9606
uniprot:Q86Y38,ENSG00000103489,XYLT1,xylosyltransferase 1,Q86Y38,uniprot_swissprot,9606
uniprot:Q68CZ1,ENSG00000103494,RPGRIP1L,rpgrip1 like,Q68CZ1,uniprot_swissprot,9606
uniprot:P56270,ENSG00000103495,MAZ,myc associated zinc finger protein,P56270,uniprot_swissprot,9606
uniprot:Q12846,ENSG00000103496,STX4,syntaxin 4,Q12846,uniprot_swissprot,9606
uniprot:O14735,ENSG00000103502,CDIPT,cdp-diacylglycerol--inositol 3-phosphatidyltransferase,O14735,uniprot_swissprot,9606
uniprot:O14874,ENSG00000103507,BCKDK,branched chain keto acid dehydrogenase kinase,O14874,uniprot_swissprot,9606
uniprot:Q9H7Z6,ENSG00000103510,KAT8,lysine acetyltransferase 8,Q9H7Z6,uniprot_swissprot,9606
uniprot:Q9HBE5,ENSG00000103522,IL21R,interleukin 21 receptor,Q9HBE5,uniprot_swissprot,9606
uniprot:Q9BSW7,ENSG00000103528,SYT17,synaptotagmin 17,Q9BSW7,uniprot_swissprot,9606
uniprot:P23975,ENSG00000103546,SLC6A2,solute carrier family 6 member 2,P23975,uniprot_swissprot,9606
uniprot:O43315,ENSG00000103569,AQP9,aquaporin 9,O43315,uniprot_swissprot,9606
uniprot:Q6PD74,ENSG00000103591,AAGAB,alpha and gamma adaptin binding protein,Q6PD74,uniprot_swissprot,9606
uniprot:Q86VS3,ENSG00000103599,IQCH,iq motif containing h,Q86VS3,uniprot_swissprot,9606
uniprot:P83111,ENSG00000103642,LACTB,lactamase beta,P83111,uniprot_swissprot,9606
uniprot:P41240,ENSG00000103653,CSK,c-terminal src kinase,P41240,uniprot_swissprot,9606
uniprot:Q15751,ENSG00000103657,HERC1,hect and rld domain containing e3 ubiquitin protein ligase family member 1,Q15751,uniprot_swissprot,9606
uniprot:Q13367,ENSG00000103723,AP3B2,adaptor related protein complex 3 subunit beta 2,Q13367,uniprot_swissprot,9606
uniprot:Q8TDY8,ENSG00000103742,IGDCC4,immunoglobulin superfamily dcc subclass member 4,Q8TDY8,uniprot_swissprot,9606
uniprot:P09668,ENSG00000103811,CTSH,cathepsin h,P09668,uniprot_swissprot,9606
uniprot:Q5ZPR3,ENSG00000103855,CD276,cd276 molecule,Q5ZPR3,uniprot_swissprot,9606
uniprot:P16930,ENSG00000103876,FAH,fumarylacetoacetate hydrolase,P16930,uniprot_swissprot,9606
uniprot:Q8WUJ3,ENSG00000103888,CEMIP,cell migration inducing hyaluronidase 1,Q8WUJ3,uniprot_swissprot,9606
uniprot:Q9BWH6,ENSG00000103932,RPAP1,rna polymerase ii associated protein 1,Q9BWH6,uniprot_swissprot,9606
uniprot:Q9NSB8,ENSG00000103942,HOMER2,homer scaffold protein 2,Q9NSB8,uniprot_swissprot,9606
uniprot:Q9H223,ENSG00000103966,EHD4,eh domain containing 4,Q9H223,uniprot_swissprot,9606
uniprot:Q9H2Y7,ENSG00000103994,ZNF106,zinc finger protein 106,Q9H2Y7,uniprot_swissprot,9606
uniprot:Q8TF62,ENSG00000104043,ATP8B4,atpase phospholipid transporting 8b4 (putative),Q8TF62,uniprot_swissprot,9606
uniprot:Q04671,ENSG00000104044,OCA2,oca2 melanosomal transmembrane protein,Q04671,uniprot_swissprot,9606
uniprot:Q8N5C7,ENSG00000104047,DTWD1,dtw motif trna-uridine aminocarboxypropyltransferase 1,Q8N5C7,uniprot_swissprot,9606
uniprot:Q07157,ENSG00000104067,TJP1,tight junction protein 1,Q07157,uniprot_swissprot,9606
uniprot:Q96LC9,ENSG00000104081,BMF,bcl2 modifying factor,Q96LC9,uniprot_swissprot,9606
uniprot:Q8TDJ6,ENSG00000104093,DMXL2,dmx like 2,Q8TDJ6,uniprot_swissprot,9606
uniprot:Q96JI7,ENSG00000104133,SPG11,"spg11 vesicle trafficking associated, spatacsin",Q96JI7,uniprot_swissprot,9606
uniprot:Q96L33,ENSG00000104140,RHOV,ras homolog family member v,Q96L33,uniprot_swissprot,9606
uniprot:O43482,ENSG00000104147,OIP5,opa interacting protein 5,O43482,uniprot_swissprot,9606
uniprot:O14863,ENSG00000104154,SLC30A4,solute carrier family 30 member 4,O14863,uniprot_swissprot,9606
uniprot:Q96BR1,ENSG00000104205,SGK3,serum/glucocorticoid regulated kinase family member 3,Q96BR1,uniprot_swissprot,9606
uniprot:Q15198,ENSG00000104213,PDGFRL,platelet derived growth factor receptor like,Q15198,uniprot_swissprot,9606
uniprot:Q9HAW0,ENSG00000104221,BRF2,brf2 general transcription factor iiib subunit,Q9HAW0,uniprot_swissprot,9606
uniprot:P56715,ENSG00000104237,RP1,rp1 axonemal microtubule associated,P56715,uniprot_swissprot,9606
uniprot:P00918,ENSG00000104267,CA2,carbonic anhydrase 2,P00918,uniprot_swissprot,9606
uniprot:Q9NPG1,ENSG00000104290,FZD3,frizzled class receptor 3,Q9NPG1,uniprot_swissprot,9606
uniprot:O43353,ENSG00000104312,RIPK2,receptor interacting serine/threonine kinase 2,O43353,uniprot_swissprot,9606
uniprot:Q99502,ENSG00000104313,EYA1,eya transcriptional coactivator and phosphatase 1,Q99502,uniprot_swissprot,9606
uniprot:O60934,ENSG00000104320,NBN,nibrin,O60934,uniprot_swissprot,9606
uniprot:O75762,ENSG00000104321,TRPA1,transient receptor potential cation channel subfamily a member 1,O75762,uniprot_swissprot,9606
uniprot:Q9Y646,ENSG00000104324,CPQ,carboxypeptidase q,Q9Y646,uniprot_swissprot,9606
uniprot:Q16698,ENSG00000104325,DECR1,"2,4-dienoyl-coa reductase 1",Q16698,uniprot_swissprot,9606
uniprot:P05937,ENSG00000104327,CALB1,calbindin 1,P05937,uniprot_swissprot,9606
uniprot:Q9NX62,ENSG00000104331,BPNT2,"3'(2'), 5'-bisphosphate nucleotidase 2",Q9NX62,uniprot_swissprot,9606
uniprot:Q8N474,ENSG00000104332,SFRP1,secreted frizzled related protein 1,Q8N474,uniprot_swissprot,9606
uniprot:Q86VI4,ENSG00000104341,LAPTM4B,lysosomal protein transmembrane 4 beta,Q86VI4,uniprot_swissprot,9606
uniprot:Q96B02,ENSG00000104343,UBE2W,ubiquitin conjugating enzyme e2 w,Q96B02,uniprot_swissprot,9606
uniprot:O14920,ENSG00000104365,IKBKB,inhibitor of nuclear factor kappa b kinase subunit beta,O14920,uniprot_swissprot,9606
uniprot:P00750,ENSG00000104368,PLAT,"plasminogen activator, tissue type",P00750,uniprot_swissprot,9606
uniprot:Q9HDC5,ENSG00000104369,JPH1,junctophilin 1,Q9HDC5,uniprot_swissprot,9606
uniprot:Q9UBT3,ENSG00000104371,DKK4,dickkopf wnt signaling pathway inhibitor 4,Q9UBT3,uniprot_swissprot,9606
uniprot:Q13188,ENSG00000104375,STK3,serine/threonine kinase 3,Q13188,uniprot_swissprot,9606
uniprot:P60228,ENSG00000104408,EIF3E,eukaryotic translation initiation factor 3 subunit e,P60228,uniprot_swissprot,9606
uniprot:Q15006,ENSG00000104412,EMC2,er membrane protein complex subunit 2,Q15006,uniprot_swissprot,9606
uniprot:Q6NXG1,ENSG00000104413,ESRP1,epithelial splicing regulatory protein 1,Q6NXG1,uniprot_swissprot,9606
uniprot:O95388,ENSG00000104415,CCN4,cellular communication network factor 4,O95388,uniprot_swissprot,9606
uniprot:Q92597,ENSG00000104419,NDRG1,n-myc downstream regulated 1,Q92597,uniprot_swissprot,9606
uniprot:P13232,ENSG00000104432,IL7,interleukin 7,P13232,uniprot_swissprot,9606
uniprot:Q93045,ENSG00000104435,STMN2,stathmin 2,Q93045,uniprot_swissprot,9606
uniprot:Q9UHF7,ENSG00000104447,TRPS1,transcriptional repressor gata binding 1,Q9UHF7,uniprot_swissprot,9606
uniprot:Q07617,ENSG00000104450,SPAG1,sperm associated antigen 1,Q07617,uniprot_swissprot,9606
uniprot:P61601,ENSG00000104490,NCALD,neurocalcin delta,P61601,uniprot_swissprot,9606
uniprot:P57768,ENSG00000104497,SNX16,sorting nexin 16,P57768,uniprot_swissprot,9606
uniprot:O95071,ENSG00000104517,UBR5,ubiquitin protein ligase e3 component n-recognin 5,O95071,uniprot_swissprot,9606
uniprot:P57764,ENSG00000104518,GSDMD,gasdermin d,P57764,uniprot_swissprot,9606
uniprot:P27216,ENSG00000104537,ANXA13,annexin a13,P27216,uniprot_swissprot,9606
uniprot:Q14534,ENSG00000104549,SQLE,squalene epoxidase,Q14534,uniprot_swissprot,9606
uniprot:Q9NVR2,ENSG00000104613,INTS10,integrator complex subunit 10,Q9NVR2,uniprot_swissprot,9606
uniprot:Q8IV48,ENSG00000104626,ERI1,exoribonuclease 1,Q8IV48,uniprot_swissprot,9606
uniprot:Q96QG7,ENSG00000104643,MTMR9,myotubularin related protein 9,Q96QG7,uniprot_swissprot,9606
uniprot:O95214,ENSG00000104660,LEPROTL1,leptin receptor overlapping transcript like 1,O95214,uniprot_swissprot,9606
uniprot:P00390,ENSG00000104687,GSR,glutathione-disulfide reductase,P00390,uniprot_swissprot,9606
uniprot:O00220,ENSG00000104689,TNFRSF10A,tnf receptor superfamily member 10a,O00220,uniprot_swissprot,9606
uniprot:Q86X53,ENSG00000104714,ERICH1,glutamate rich 1,Q86X53,uniprot_swissprot,9606
uniprot:Q13454,ENSG00000104723,TUSC3,tumor suppressor candidate 3,Q13454,uniprot_swissprot,9606
uniprot:O15013,ENSG00000104728,ARHGEF10,rho guanine nucleotide exchange factor 10,O15013,uniprot_swissprot,9606
uniprot:P33991,ENSG00000104738,MCM4,minichromosome maintenance complex component 4,P33991,uniprot_swissprot,9606
uniprot:Q7L273,ENSG00000104756,KCTD9,potassium channel tetramerization domain containing 9,Q7L273,uniprot_swissprot,9606
uniprot:Q08830,ENSG00000104760,FGL1,fibrinogen like 1,Q08830,uniprot_swissprot,9606
uniprot:Q13510,ENSG00000104763,ASAH1,n-acylsphingosine amidohydrolase 1,Q13510,uniprot_swissprot,9606
uniprot:O60238,ENSG00000104765,BNIP3L,bcl2 interacting protein 3 like,O60238,uniprot_swissprot,9606
uniprot:O15554,ENSG00000104783,KCNN4,potassium calcium-activated channel subfamily n member 4,O15554,uniprot_swissprot,9606
uniprot:P04350,ENSG00000104833,TUBB4A,tubulin beta 4a class iva,P04350,uniprot_swissprot,9606
uniprot:Q9NP81,ENSG00000104835,SARS2,"seryl-trna synthetase 2, mitochondrial",Q9NP81,uniprot_swissprot,9606
uniprot:Q01201,ENSG00000104856,RELB,"relb proto-oncogene, nf-kb subunit",Q01201,uniprot_swissprot,9606
uniprot:P55899,ENSG00000104870,FCGRT,fc gamma receptor and transporter,P55899,uniprot_swissprot,9606
uniprot:Q6ZSZ5,ENSG00000104880,ARHGEF18,rho/rac guanine nucleotide exchange factor 18,Q6ZSZ5,uniprot_swissprot,9606
uniprot:Q8WUF5,ENSG00000104881,PPP1R13L,protein phosphatase 1 regulatory subunit 13 like,Q8WUF5,uniprot_swissprot,9606
uniprot:P18074,ENSG00000104884,ERCC2,"ercc excision repair 2, tfiih core complex helicase subunit",P18074,uniprot_swissprot,9606
uniprot:Q8TEK3,ENSG00000104885,DOT1L,dot1 like histone lysine methyltransferase,Q8TEK3,uniprot_swissprot,9606
uniprot:Q6P597,ENSG00000104892,KLC3,kinesin light chain 3,Q6P597,uniprot_swissprot,9606
uniprot:P03971,ENSG00000104899,AMH,anti-mullerian hormone,P03971,uniprot_swissprot,9606
uniprot:P12980,ENSG00000104903,LYL1,lyl1 basic helix-loop-helix family member,P12980,uniprot_swissprot,9606
uniprot:Q9HD89,ENSG00000104918,RETN,resistin,Q9HD89,uniprot_swissprot,9606
uniprot:Q09013,ENSG00000104936,DMPK,dm1 protein kinase,Q09013,uniprot_swissprot,9606
uniprot:Q9H2X3,ENSG00000104938,CLEC4M,c-type lectin domain family 4 member m,Q9H2X3,uniprot_swissprot,9606
uniprot:Q9H0K4,ENSG00000104941,RSPH6A,radial spoke head 6 homolog a,Q9H0K4,uniprot_swissprot,9606
uniprot:Q96RQ9,ENSG00000104951,IL4I1,interleukin 4 induced 1,Q96RQ9,uniprot_swissprot,9606
uniprot:P13994,ENSG00000104957,YJU2B,yju2 splicing factor homolog b,P13994,uniprot_swissprot,9606
uniprot:Q86YD1,ENSG00000104960,PTOV1,ptov1 extended at-hook containing adaptor protein,Q86YD1,uniprot_swissprot,9606
uniprot:O43765,ENSG00000104969,SGTA,small glutamine rich tetratricopeptide repeat co-chaperone alpha,O43765,uniprot_swissprot,9606
uniprot:Q13487,ENSG00000104976,SNAPC2,small nuclear rna activating complex polypeptide 2,Q13487,uniprot_swissprot,9606
uniprot:O43615,ENSG00000104980,TIMM44,translocase of inner mitochondrial membrane 44,O43615,uniprot_swissprot,9606
uniprot:P31944,ENSG00000105141,CASP14,caspase 14,P31944,uniprot_swissprot,9606
uniprot:P24864,ENSG00000105173,CCNE1,cyclin e1,P24864,uniprot_swissprot,9606
uniprot:O14737,ENSG00000105185,PDCD5,programmed cell death 5,O14737,uniprot_swissprot,9606
uniprot:Q96NW4,ENSG00000105186,ANKRD27,ankyrin repeat domain 27,Q96NW4,uniprot_swissprot,9606
uniprot:Q9UHV8,ENSG00000105198,LGALS13,galectin 13,Q9UHV8,uniprot_swissprot,9606
uniprot:P22087,ENSG00000105202,FBL,fibrillarin rrna 2'-o-methyltransferase,P22087,uniprot_swissprot,9606
uniprot:Q9Y463,ENSG00000105204,DYRK1B,dual specificity tyrosine phosphorylation regulated kinase 1b,Q9Y463,uniprot_swissprot,9606
uniprot:P06744,ENSG00000105220,GPI,glucose-6-phosphate isomerase,P06744,uniprot_swissprot,9606
uniprot:P31751,ENSG00000105221,AKT2,akt serine/threonine kinase 2,P31751,uniprot_swissprot,9606
uniprot:Q8IV08,ENSG00000105223,PLD3,phospholipase d family member 3,Q8IV08,uniprot_swissprot,9606
uniprot:Q15758,ENSG00000105281,SLC1A5,solute carrier family 1 member 5,Q15758,uniprot_swissprot,9606
uniprot:Q9BZL6,ENSG00000105287,PRKD2,protein kinase d2,Q9BZL6,uniprot_swissprot,9606
uniprot:Q9BUJ2,ENSG00000105323,HNRNPUL1,heterogeneous nuclear ribonucleoprotein u like 1,Q9BUJ2,uniprot_swissprot,9606
uniprot:P01137,ENSG00000105329,TGFB1,transforming growth factor beta 1,P01137,uniprot_swissprot,9606
uniprot:A2RUS2,ENSG00000105339,DENND3,denn domain containing 3,A2RUS2,uniprot_swissprot,9606
uniprot:O75871,ENSG00000105352,CEACAM4,cea cell adhesion molecule 4,O75871,uniprot_swissprot,9606
uniprot:P11912,ENSG00000105369,CD79A,cd79a molecule,P11912,uniprot_swissprot,9606
uniprot:Q14773,ENSG00000105371,ICAM4,intercellular adhesion molecule 4 (landsteiner-wiener blood group),Q14773,uniprot_swissprot,9606
uniprot:P39019,ENSG00000105372,RPS19,ribosomal protein s19,P39019,uniprot_swissprot,9606
uniprot:Q9UMF0,ENSG00000105376,ICAM5,intercellular adhesion molecule 5,Q9UMF0,uniprot_swissprot,9606
uniprot:P20138,ENSG00000105383,CD33,cd33 molecule,P20138,uniprot_swissprot,9606
uniprot:P06731,ENSG00000105388,CEACAM5,cea cell adhesion molecule 5,P06731,uniprot_swissprot,9606
uniprot:Q9NWV8,ENSG00000105393,BABAM1,brisc and brca1 a complex member 1,Q9NWV8,uniprot_swissprot,9606
uniprot:P29597,ENSG00000105397,TYK2,tyrosine kinase 2,P29597,uniprot_swissprot,9606
uniprot:P54920,ENSG00000105402,NAPA,nsf attachment protein alpha,P54920,uniprot_swissprot,9606
uniprot:Q13332,ENSG00000105426,PTPRS,protein tyrosine phosphatase receptor type s,Q13332,uniprot_swissprot,9606
uniprot:Q8WWF5,ENSG00000105428,ZNRF4,zinc and ring finger 4,Q8WWF5,uniprot_swissprot,9606
uniprot:Q9BQ67,ENSG00000105447,GRWD1,glutamate rich wd repeat containing 1,Q9BQ67,uniprot_swissprot,9606
uniprot:O15399,ENSG00000105464,GRIN2D,glutamate ionotropic receptor nmda type subunit 2d,O15399,uniprot_swissprot,9606
uniprot:O95716,ENSG00000105514,RAB3D,"rab3d, member ras oncogene family",O95716,uniprot_swissprot,9606
uniprot:Q5U651,ENSG00000105538,RASIP1,ras interacting protein 1,Q5U651,uniprot_swissprot,9606
uniprot:Q9P2T0,ENSG00000105549,SPMAP2,sperm microtubule associated protein 2,Q9P2T0,uniprot_swissprot,9606
uniprot:Q9NSA1,ENSG00000105550,FGF21,fibroblast growth factor 21,Q9NSA1,uniprot_swissprot,9606
uniprot:P30153,ENSG00000105568,PPP2R1A,protein phosphatase 2 scaffold subunit aalpha,P30153,uniprot_swissprot,9606
uniprot:P62955,ENSG00000105605,CACNG7,calcium voltage-gated channel auxiliary subunit gamma 7,P62955,uniprot_swissprot,9606
uniprot:O75023,ENSG00000105609,LILRB5,leukocyte immunoglobulin like receptor b5,O75023,uniprot_swissprot,9606
uniprot:P0C1Z6,ENSG00000105619,TFPT,tcf3 fusion partner,P0C1Z6,uniprot_swissprot,9606
uniprot:P52333,ENSG00000105639,JAK3,janus kinase 3,P52333,uniprot_swissprot,9606
uniprot:Q92911,ENSG00000105641,SLC5A5,solute carrier family 5 member 5,Q92911,uniprot_swissprot,9606
uniprot:O00459,ENSG00000105647,PIK3R2,phosphoinositide-3-kinase regulatory subunit 2,O00459,uniprot_swissprot,9606
uniprot:Q08493,ENSG00000105650,PDE4C,phosphodiesterase 4c,Q08493,uniprot_swissprot,9606
uniprot:Q9NPH2,ENSG00000105655,ISYNA1,inositol-3-phosphate synthase 1,Q9NPH2,uniprot_swissprot,9606
uniprot:P55199,ENSG00000105656,ELL,elongation factor for rna polymerase ii,P55199,uniprot_swissprot,9606
uniprot:Q6UUV9,ENSG00000105662,CRTC1,creb regulated transcription coactivator 1,Q6UUV9,uniprot_swissprot,9606
uniprot:P49747,ENSG00000105664,COMP,cartilage oligomeric matrix protein,P49747,uniprot_swissprot,9606
uniprot:O14579,ENSG00000105669,COPE,coat protein complex i subunit epsilon,O14579,uniprot_swissprot,9606
uniprot:P20648,ENSG00000105675,ATP4A,atpase h+/k+ transporting subunit alpha,P20648,uniprot_swissprot,9606
uniprot:Q9UK28,ENSG00000105696,TMEM59L,transmembrane protein 59 like,Q9UK28,uniprot_swissprot,9606
uniprot:P81172,ENSG00000105697,HAMP,hepcidin antimicrobial peptide,P81172,uniprot_swissprot,9606
uniprot:Q9BQD3,ENSG00000105700,KXD1,kxdl motif containing 1,Q9BQD3,uniprot_swissprot,9606
uniprot:Q8IWZ8,ENSG00000105705,SUGP1,surp and g-patch domain containing 1,Q8IWZ8,uniprot_swissprot,9606
uniprot:P05981,ENSG00000105707,HPN,hepsin,P05981,uniprot_swissprot,9606
uniprot:Q9BYU1,ENSG00000105717,PBX4,pbx homeobox 4,Q9BYU1,uniprot_swissprot,9606
uniprot:P49840,ENSG00000105723,GSK3A,glycogen synthase kinase 3 alpha,P49840,uniprot_swissprot,9606
uniprot:Q16478,ENSG00000105737,GRIK5,glutamate ionotropic receptor kainate type subunit 5,Q16478,uniprot_swissprot,9606
uniprot:Q8NFZ8,ENSG00000105767,CADM4,cell adhesion molecule 4,Q8NFZ8,uniprot_swissprot,9606
uniprot:Q8NBF6,ENSG00000105778,AVL9,avl9 cell migration associated,Q8NBF6,uniprot_swissprot,9606
uniprot:A5D8W1,ENSG00000105792,CFAP69,cilia and flagella associated protein 69,A5D8W1,uniprot_swissprot,9606
uniprot:Q00534,ENSG00000105810,CDK6,cyclin dependent kinase 6,Q00534,uniprot_swissprot,9606
uniprot:Q99543,ENSG00000105821,DNAJC2,dnaj heat shock protein family (hsp40) member c2,Q99543,uniprot_swissprot,9606
uniprot:P48307,ENSG00000105825,TFPI2,tissue factor pathway inhibitor 2,P48307,uniprot_swissprot,9606
uniprot:P43490,ENSG00000105835,NAMPT,nicotinamide phosphoribosyltransferase,P43490,uniprot_swissprot,9606
uniprot:Q3B726,ENSG00000105849,POLR1F,rna polymerase i subunit f,Q3B726,uniprot_swissprot,9606
uniprot:P48736,ENSG00000105851,PIK3CG,"phosphatidylinositol-4,5-bisphosphate 3-kinase catalytic subunit gamma",P48736,uniprot_swissprot,9606
uniprot:P26012,ENSG00000105855,ITGB8,integrin subunit beta 8,P26012,uniprot_swissprot,9606
uniprot:Q02446,ENSG00000105866,SP4,sp4 transcription factor,Q02446,uniprot_swissprot,9606
uniprot:A4D1P6,ENSG00000105875,WDR91,wd repeat domain 91,A4D1P6,uniprot_swissprot,9606
uniprot:Q96DT5,ENSG00000105877,DNAH11,dynein axonemal heavy chain 11,Q96DT5,uniprot_swissprot,9606
uniprot:Q6NZ63,ENSG00000105889,STEAP1B,steap family member 1b,Q6NZ63,uniprot_swissprot,9606
uniprot:P21246,ENSG00000105894,PTN,pleiotrophin,P21246,uniprot_swissprot,9606
uniprot:Q9NZW5,ENSG00000105926,PALS2,"protein associated with lin7 2, maguk p55 family member",Q9NZW5,uniprot_swissprot,9606
uniprot:O60443,ENSG00000105928,GSDME,gasdermin e,O60443,uniprot_swissprot,9606
uniprot:Q02218,ENSG00000105953,OGDH,oxoglutarate dehydrogenase,Q02218,uniprot_swissprot,9606
uniprot:Q9HCQ7,ENSG00000105954,NPVF,neuropeptide vf precursor,Q9HCQ7,uniprot_swissprot,9606
uniprot:O75689,ENSG00000105963,ADAP1,arfgap with dual ph domains 1,O75689,uniprot_swissprot,9606
uniprot:O14948,ENSG00000105967,TFEC,transcription factor ec,O14948,uniprot_swissprot,9606
uniprot:Q71UI9,ENSG00000105968,H2AZ2,h2a.z variant histone 2,Q71UI9,uniprot_swissprot,9606
uniprot:Q03135,ENSG00000105974,CAV1,caveolin 1,Q03135,uniprot_swissprot,9606
uniprot:P08581,ENSG00000105976,MET,"met proto-oncogene, receptor tyrosine kinase",P08581,uniprot_swissprot,9606
uniprot:Q9H0A6,ENSG00000105982,RNF32,ring finger protein 32,Q9H0A6,uniprot_swissprot,9606
uniprot:Q8WVP7,ENSG00000105983,LMBR1,limb development membrane protein 1,Q8WVP7,uniprot_swissprot,9606
uniprot:P09544,ENSG00000105989,WNT2,wnt family member 2,P09544,uniprot_swissprot,9606
uniprot:P49639,ENSG00000105991,HOXA1,homeobox a1,P49639,uniprot_swissprot,9606
uniprot:Q8NES3,ENSG00000106003,LFNG,lfng o-fucosylpeptide 3-beta-n-acetylglucosaminyltransferase,Q8NES3,uniprot_swissprot,9606
uniprot:P20719,ENSG00000106004,HOXA5,homeobox a5,P20719,uniprot_swissprot,9606
uniprot:Q92527,ENSG00000106013,ANKRD7,ankyrin repeat domain 7,Q92527,uniprot_swissprot,9606
uniprot:P31271,ENSG00000106031,HOXA13,homeobox a13,P31271,uniprot_swissprot,9606
uniprot:A4D0V7,ENSG00000106034,CPED1,cadherin like and pc-esterase domain containing 1,A4D0V7,uniprot_swissprot,9606
uniprot:P49640,ENSG00000106038,EVX1,even-skipped homeobox 1,P49640,uniprot_swissprot,9606
uniprot:P31937,ENSG00000106049,HIBADH,3-hydroxyisobutyrate dehydrogenase,P31937,uniprot_swissprot,9606
uniprot:Q86VP1,ENSG00000106052,TAX1BP1,tax1 binding protein 1,Q86VP1,uniprot_swissprot,9606
uniprot:P52757,ENSG00000106069,CHN2,chimerin 2,P52757,uniprot_swissprot,9606
uniprot:Q13322,ENSG00000106070,GRB10,growth factor receptor bound protein 10,Q13322,uniprot_swissprot,9606
uniprot:Q8NFV4,ENSG00000106077,ABHD11,abhydrolase domain containing 11,Q8NFV4,uniprot_swissprot,9606
uniprot:O75128,ENSG00000106078,COBL,cordon-bleu wh2 repeat protein,O75128,uniprot_swissprot,9606
uniprot:Q9Y239,ENSG00000106100,NOD1,nucleotide binding oligomerization domain containing 1,Q9Y239,uniprot_swissprot,9606
uniprot:Q13324,ENSG00000106113,CRHR2,corticotropin releasing hormone receptor 2,Q13324,uniprot_swissprot,9606
uniprot:Q4G0A6,ENSG00000106125,MINDY4,mindy lysine 48 deubiquitinase 4,Q4G0A6,uniprot_swissprot,9606
uniprot:P42575,ENSG00000106144,CASP2,caspase 2,P42575,uniprot_swissprot,9606
uniprot:P04792,ENSG00000106211,HSPB1,heat shock protein family b (small) member 1,P04792,uniprot_swissprot,9606
uniprot:P47972,ENSG00000106236,NPTX2,neuronal pentraxin 2,P47972,uniprot_swissprot,9606
uniprot:O75127,ENSG00000106246,PTCD1,pentatricopeptide repeat domain 1,O75127,uniprot_swissprot,9606
uniprot:P17029,ENSG00000106261,ZKSCAN1,zinc finger with krab and scan domains 1,P17029,uniprot_swissprot,9606
uniprot:P36639,ENSG00000106268,NUDT1,nudix hydrolase 1,P36639,uniprot_swissprot,9606
uniprot:P23471,ENSG00000106278,PTPRZ1,protein tyrosine phosphatase receptor type z1,P23471,uniprot_swissprot,9606
uniprot:Q9NQT6,ENSG00000106328,FSCN3,fascin actin-bundling protein 3,Q9NQT6,uniprot_swissprot,9606
uniprot:O43316,ENSG00000106331,PAX4,paired box 4,O43316,uniprot_swissprot,9606
uniprot:P20839,ENSG00000106348,IMPDH1,inosine monophosphate dehydrogenase 1,P20839,uniprot_swissprot,9606
uniprot:Q9Y4Y9,ENSG00000106355,LSM5,"lsm5 homolog, u6 small nuclear rna and mrna degradation associated",Q9Y4Y9,uniprot_swissprot,9606
uniprot:P05121,ENSG00000106366,SERPINE1,serpin family e member 1,P05121,uniprot_swissprot,9606
uniprot:Q9NS00,ENSG00000106392,C1GALT1,"core 1 synthase, glycoprotein-n-acetylgalactosamine 3-beta-galactosyltransferase 1",Q9NS00,uniprot_swissprot,9606
uniprot:O60568,ENSG00000106397,PLOD3,"procollagen-lysine,2-oxoglutarate 5-dioxygenase 3",O60568,uniprot_swissprot,9606
uniprot:O60393,ENSG00000106410,NOBOX,nobox oogenesis homeobox,O60393,uniprot_swissprot,9606
uniprot:Q86VQ1,ENSG00000106415,GLCCI1,glucocorticoid induced 1,Q86VQ1,uniprot_swissprot,9606
uniprot:O94880,ENSG00000106443,PHF14,phd finger protein 14,O94880,uniprot_swissprot,9606
uniprot:Q16656,ENSG00000106459,NRF1,nuclear respiratory factor 1,Q16656,uniprot_swissprot,9606
uniprot:Q9NUM4,ENSG00000106460,TMEM106B,transmembrane protein 106b,Q9NUM4,uniprot_swissprot,9606
uniprot:Q15910,ENSG00000106462,EZH2,enhancer of zeste 2 polycomb repressive complex 2 subunit,Q15910,uniprot_swissprot,9606
uniprot:Q6FHJ7,ENSG00000106483,SFRP4,secreted frizzled related protein 4,Q6FHJ7,uniprot_swissprot,9606
uniprot:Q5EB52,ENSG00000106484,MEST,mesoderm specific transcript,Q5EB52,uniprot_swissprot,9606
uniprot:P50222,ENSG00000106511,MEOX2,mesenchyme homeobox 2,P50222,uniprot_swissprot,9606
uniprot:P78424,ENSG00000106536,POU6F2,pou class 6 homeobox 2,P78424,uniprot_swissprot,9606
uniprot:Q99969,ENSG00000106538,RARRES2,retinoic acid receptor responder 2,Q99969,uniprot_swissprot,9606
uniprot:O95994,ENSG00000106541,AGR2,"anterior gradient 2, protein disulphide isomerase family member",O95994,uniprot_swissprot,9606
uniprot:P35869,ENSG00000106546,AHR,aryl hydrocarbon receptor,P35869,uniprot_swissprot,9606
uniprot:Q9NX63,ENSG00000106554,CHCHD3,coiled-coil-helix-coiled-coil-helix domain containing 3,Q9NX63,uniprot_swissprot,9606
uniprot:Q3YBM2,ENSG00000106565,TMEM176B,transmembrane protein 176b,Q3YBM2,uniprot_swissprot,9606
uniprot:P25787,ENSG00000106588,PSMA2,proteasome 20s subunit alpha 2,P25787,uniprot_swissprot,9606
uniprot:Q15382,ENSG00000106615,RHEB,"ras homolog, mtorc1 binding",Q15382,uniprot_swissprot,9606
uniprot:Q9UGJ0,ENSG00000106617,PRKAG2,protein kinase amp-activated non-catalytic subunit gamma 2,Q9UGJ0,uniprot_swissprot,9606
uniprot:Q8IUX7,ENSG00000106624,AEBP1,ae binding protein 1,Q8IUX7,uniprot_swissprot,9606
uniprot:P49005,ENSG00000106628,POLD2,"dna polymerase delta 2, accessory subunit",P49005,uniprot_swissprot,9606
uniprot:Q01449,ENSG00000106631,MYL7,myosin light chain 7,Q01449,uniprot_swissprot,9606
uniprot:P35557,ENSG00000106633,GCK,glucokinase,P35557,uniprot_swissprot,9606
uniprot:O15498,ENSG00000106636,YKT6,ykt6 vesicular snare protein,O15498,uniprot_swissprot,9606
uniprot:Q9Y4P3,ENSG00000106638,TBL2,transducin beta like 2,Q9Y4P3,uniprot_swissprot,9606
uniprot:P53667,ENSG00000106683,LIMK1,lim domain kinase 1,P53667,uniprot_swissprot,9606
uniprot:P43005,ENSG00000106688,SLC1A1,solute carrier family 1 member 1,P43005,uniprot_swissprot,9606
uniprot:P50458,ENSG00000106689,LHX2,lim homeobox 2,P50458,uniprot_swissprot,9606
uniprot:Q9H330,ENSG00000106771,TMEM245,transmembrane protein 245,Q9H330,uniprot_swissprot,9606
uniprot:Q8WUY3,ENSG00000106772,PRUNE2,prune homolog 2 with bch domain,Q8WUY3,uniprot_swissprot,9606
uniprot:Q14142,ENSG00000106785,TRIM14,tripartite motif containing 14,Q14142,uniprot_swissprot,9606
uniprot:P36897,ENSG00000106799,TGFBR1,transforming growth factor beta receptor 1,P36897,uniprot_swissprot,9606
uniprot:P60468,ENSG00000106803,SEC61B,sec61 translocon subunit beta,P60468,uniprot_swissprot,9606
uniprot:P01031,ENSG00000106804,C5,complement c5,P01031,uniprot_swissprot,9606
uniprot:P20774,ENSG00000106809,OGN,osteoglycin,P20774,uniprot_swissprot,9606
uniprot:Q04727,ENSG00000106829,TLE4,"tle family member 4, transcriptional corepressor",Q04727,uniprot_swissprot,9606
uniprot:Q9UPM6,ENSG00000106852,LHX6,lim homeobox 6,Q9UPM6,uniprot_swissprot,9606
uniprot:Q14914,ENSG00000106853,PTGR1,prostaglandin reductase 1,Q14914,uniprot_swissprot,9606
uniprot:Q6UWL2,ENSG00000106868,SUSD1,sushi domain containing 1,Q6UWL2,uniprot_swissprot,9606
uniprot:P32971,ENSG00000106952,TNFSF8,tnf superfamily member 8,P32971,uniprot_swissprot,9606
uniprot:Q05193,ENSG00000106976,DNM1,dynamin 1,Q05193,uniprot_swissprot,9606
uniprot:P17813,ENSG00000106991,ENG,endoglin,P17813,uniprot_swissprot,9606
uniprot:Q4ADV7,ENSG00000107036,RIC1,ric1 partner of rab6a gef complex,Q4ADV7,uniprot_swissprot,9606
uniprot:Q9H3R0,ENSG00000107077,KDM4C,lysine demethylase 4c,Q9H3R0,uniprot_swissprot,9606
uniprot:Q8NF50,ENSG00000107099,DOCK8,dedicator of cytokinesis 8,Q8NF50,uniprot_swissprot,9606
uniprot:Q12926,ENSG00000107105,ELAVL2,elav like rna binding protein 2,Q12926,uniprot_swissprot,9606
uniprot:P62166,ENSG00000107130,NCS1,neuronal calcium sensor 1,P62166,uniprot_swissprot,9606
uniprot:Q5JUK3,ENSG00000107147,KCNT1,potassium sodium-activated channel subfamily t member 1,Q5JUK3,uniprot_swissprot,9606
uniprot:Q16790,ENSG00000107159,CA9,carbonic anhydrase 9,Q16790,uniprot_swissprot,9606
uniprot:P17643,ENSG00000107165,TYRP1,tyrosinase related protein 1,P17643,uniprot_swissprot,9606
uniprot:O43889,ENSG00000107175,CREB3,camp responsive element binding protein 3,O43889,uniprot_swissprot,9606
uniprot:Q92546,ENSG00000107185,RGP1,rgp1 partner of rab6a gef complex,Q92546,uniprot_swissprot,9606
uniprot:O75970,ENSG00000107186,MPDZ,multiple pdz domain crumbs cell polarity complex component,O75970,uniprot_swissprot,9606
uniprot:O95786,ENSG00000107201,RIGI,rna sensor rig-i,O95786,uniprot_swissprot,9606
uniprot:Q8NEA6,ENSG00000107249,GLIS3,glis family zinc finger 3,Q8NEA6,uniprot_swissprot,9606
uniprot:Q99933,ENSG00000107262,BAG1,bag cochaperone 1,Q99933,uniprot_swissprot,9606
uniprot:Q13905,ENSG00000107263,RAPGEF1,rap guanine nucleotide exchange factor 1,Q13905,uniprot_swissprot,9606
uniprot:Q99962,ENSG00000107295,SH3GL2,"sh3 domain containing grb2 like 2, endophilin a1",Q99962,uniprot_swissprot,9606
uniprot:P41222,ENSG00000107317,PTGDS,prostaglandin d2 synthase,P41222,uniprot_swissprot,9606
uniprot:Q9BZC7,ENSG00000107331,ABCA2,atp binding cassette subfamily a member 2,Q9BZC7,uniprot_swissprot,9606
uniprot:O14640,ENSG00000107404,DVL1,dishevelled segment polarity protein 1,O14640,uniprot_swissprot,9606
uniprot:P23771,ENSG00000107485,GATA3,gata binding protein 3,P23771,uniprot_swissprot,9606
uniprot:Q9H2L5,ENSG00000107551,RASSF4,ras association domain family member 4,Q9H2L5,uniprot_swissprot,9606
uniprot:P48061,ENSG00000107562,CXCL12,c-x-c motif chemokine ligand 12,P48061,uniprot_swissprot,9606
uniprot:O75477,ENSG00000107566,ERLIN1,er lipid raft associated 1,O75477,uniprot_swissprot,9606
uniprot:Q14152,ENSG00000107581,EIF3A,eukaryotic translation initiation factor 3 subunit a,Q14152,uniprot_swissprot,9606
uniprot:Q9P0L9,ENSG00000107593,PKD2L1,"polycystin 2 like 1, transient receptor potential cation channel",Q9P0L9,uniprot_swissprot,9606
uniprot:P45983,ENSG00000107643,MAPK8,mitogen-activated protein kinase 8,P45983,uniprot_swissprot,9606
uniprot:Q9Y6Y8,ENSG00000107651,SEC23IP,sec23 interacting protein,Q9Y6Y8,uniprot_swissprot,9606
uniprot:Q9HB21,ENSG00000107679,PLEKHA1,pleckstrin homology domain containing a1,Q9HB21,uniprot_swissprot,9606
uniprot:Q8IZJ1,ENSG00000107731,UNC5B,unc-5 netrin receptor b,Q8IZJ1,uniprot_swissprot,9606
uniprot:Q9H251,ENSG00000107736,CDH23,cadherin related 23,Q9H251,uniprot_swissprot,9606
uniprot:Q9H7M9,ENSG00000107738,VSIR,v-set immunoregulatory receptor,Q9H7M9,uniprot_swissprot,9606
uniprot:P16298,ENSG00000107758,PPP3CB,protein phosphatase 3 catalytic subunit beta,P16298,uniprot_swissprot,9606
uniprot:Q9H7U1,ENSG00000107771,CCSER2,coiled-coil serine rich protein 2,Q9H7U1,uniprot_swissprot,9606
uniprot:P36894,ENSG00000107779,BMPR1A,bone morphogenetic protein receptor type 1a,P36894,uniprot_swissprot,9606
uniprot:P62736,ENSG00000107796,ACTA2,"actin alpha 2, smooth muscle",P62736,uniprot_swissprot,9606
uniprot:P38571,ENSG00000107798,LIPA,"lipase a, lysosomal acid type",P38571,uniprot_swissprot,9606
uniprot:P31314,ENSG00000107807,TLX1,t cell leukemia homeobox 1,P31314,uniprot_swissprot,9606
uniprot:Q9H2K2,ENSG00000107854,TNKS2,tankyrase 2,Q9H2K2,uniprot_swissprot,9606
uniprot:Q92538,ENSG00000107862,GBF1,golgi brefeldin a resistant guanine nucleotide exchange factor 1,Q92538,uniprot_swissprot,9606
uniprot:Q5T5U3,ENSG00000107863,ARHGAP21,rho gtpase activating protein 21,Q5T5U3,uniprot_swissprot,9606
uniprot:Q8NE35,ENSG00000107864,CPEB3,cytoplasmic polyadenylation element binding protein 3,Q8NE35,uniprot_swissprot,9606
uniprot:Q9UMX1,ENSG00000107882,SUFU,sufu negative regulator of hedgehog signaling,Q9UMX1,uniprot_swissprot,9606
uniprot:Q5T8D3,ENSG00000107897,ACBD5,acyl-coa binding domain containing 5,Q5T8D3,uniprot_swissprot,9606
uniprot:Q92615,ENSG00000107929,LARP4B,la ribonucleoprotein 4b,Q92615,uniprot_swissprot,9606
uniprot:Q9P287,ENSG00000107949,BCCIP,brca2 and cdkn1a interacting protein,Q9P287,uniprot_swissprot,9606
uniprot:O76050,ENSG00000107954,NEURL1,neuralized e3 ubiquitin protein ligase 1,O76050,uniprot_swissprot,9606
uniprot:Q5TCZ1,ENSG00000107957,SH3PXD2A,sh3 and px domains 2a,Q5TCZ1,uniprot_swissprot,9606
uniprot:Q5JRX3,ENSG00000107959,PITRM1,pitrilysin metallopeptidase 1,Q5JRX3,uniprot_swissprot,9606
uniprot:Q9H668,ENSG00000107960,STN1,stn1 subunit of cst complex,Q9H668,uniprot_swissprot,9606
uniprot:P41279,ENSG00000107968,MAP3K8,mitogen-activated protein kinase kinase kinase 8,P41279,uniprot_swissprot,9606
uniprot:O94907,ENSG00000107984,DKK1,dickkopf wnt signaling pathway inhibitor 1,O94907,uniprot_swissprot,9606
uniprot:Q9H4W6,ENSG00000108001,EBF3,ebf transcription factor 3,Q9H4W6,uniprot_swissprot,9606
uniprot:O76003,ENSG00000108010,GLRX3,glutaredoxin 3,O76003,uniprot_swissprot,9606
uniprot:Q8WY21,ENSG00000108018,SORCS1,sortilin related vps10 domain containing receptor 1,Q8WY21,uniprot_swissprot,9606
uniprot:Q5VWN6,ENSG00000108021,TASOR2,transcription activation suppressor family member 2,Q5VWN6,uniprot_swissprot,9606
uniprot:Q9NQW7,ENSG00000108039,XPNPEP1,x-prolyl aminopeptidase 1,Q9NQW7,uniprot_swissprot,9606
uniprot:Q9UQ13,ENSG00000108061,SHOC2,shoc2 leucine rich repeat scaffold protein,Q9UQ13,uniprot_swissprot,9606
uniprot:Q00059,ENSG00000108064,TFAM,"transcription factor a, mitochondrial",Q00059,uniprot_swissprot,9606
uniprot:Q16204,ENSG00000108091,CCDC6,coiled-coil domain containing 6,Q16204,uniprot_swissprot,9606
uniprot:Q13617,ENSG00000108094,CUL2,cullin 2,Q13617,uniprot_swissprot,9606
uniprot:Q8ND76,ENSG00000108100,CCNY,cyclin y,Q8ND76,uniprot_swissprot,9606
uniprot:Q9ULJ6,ENSG00000108175,ZMIZ1,zinc finger miz-type containing 1,Q9ULJ6,uniprot_swissprot,9606
uniprot:P30405,ENSG00000108179,PPIF,peptidylprolyl isomerase f,P30405,uniprot_swissprot,9606
uniprot:Q8NG11,ENSG00000108219,TSPAN14,tetraspanin 14,Q8NG11,uniprot_swissprot,9606
uniprot:O60347,ENSG00000108239,TBC1D12,tbc1 domain family member 12,O60347,uniprot_swissprot,9606
uniprot:Q9C075,ENSG00000108244,KRT23,keratin 23,Q9C075,uniprot_swissprot,9606
uniprot:P05813,ENSG00000108255,CRYBA1,crystallin beta a1,P05813,uniprot_swissprot,9606
uniprot:Q7Z417,ENSG00000108256,NUFIP2,nuclear fmr1 interacting protein 2,Q7Z417,uniprot_swissprot,9606
uniprot:Q9Y2X7,ENSG00000108262,GIT1,git arfgap 1,Q9Y2X7,uniprot_swissprot,9606
uniprot:Q96IG2,ENSG00000108306,FBXL20,f-box and leucine rich repeat protein 20,Q96IG2,uniprot_swissprot,9606
uniprot:P09919,ENSG00000108342,CSF3,colony stimulating factor 3,P09919,uniprot_swissprot,9606
uniprot:O43242,ENSG00000108344,PSMD3,"proteasome 26s subunit, non-atpase 3",O43242,uniprot_swissprot,9606
uniprot:Q9UHV5,ENSG00000108352,RAPGEFL1,rap guanine nucleotide exchange factor like 1,Q9UHV5,uniprot_swissprot,9606
uniprot:Q68DV7,ENSG00000108375,RNF43,ring finger protein 43,Q68DV7,uniprot_swissprot,9606
uniprot:P56703,ENSG00000108379,WNT3,wnt family member 3,P56703,uniprot_swissprot,9606
uniprot:O43502,ENSG00000108384,RAD51C,rad51 paralog c,O43502,uniprot_swissprot,9606
uniprot:O43236,ENSG00000108387,SEPTIN4,septin 4,O43236,uniprot_swissprot,9606
uniprot:O94972,ENSG00000108395,TRIM37,tripartite motif containing 37,O94972,uniprot_swissprot,9606
uniprot:Q9UJT1,ENSG00000108423,TUBD1,tubulin delta 1,Q9UJT1,uniprot_swissprot,9606
uniprot:Q14974,ENSG00000108424,KPNB1,karyopherin subunit beta 1,Q14974,uniprot_swissprot,9606
uniprot:O14653,ENSG00000108433,GOSR2,golgi snap receptor complex member 2,O14653,uniprot_swissprot,9606
uniprot:P23443,ENSG00000108443,RPS6KB1,ribosomal protein s6 kinase b1,P23443,uniprot_swissprot,9606
uniprot:Q96JB5,ENSG00000108465,CDK5RAP3,cdk5 regulatory subunit associated protein 3,Q96JB5,uniprot_swissprot,9606
uniprot:P83916,ENSG00000108468,CBX1,chromobox 1,P83916,uniprot_swissprot,9606
uniprot:Q9UHV7,ENSG00000108510,MED13,mediator complex subunit 13,Q9UHV7,uniprot_swissprot,9606
uniprot:P07737,ENSG00000108518,PFN1,profilin 1,P07737,uniprot_swissprot,9606
uniprot:Q04844,ENSG00000108556,CHRNE,cholinergic receptor nicotinic epsilon subunit,Q04844,uniprot_swissprot,9606
uniprot:Q7Z5J4,ENSG00000108557,RAI1,retinoic acid induced 1,Q7Z5J4,uniprot_swissprot,9606
uniprot:Q99567,ENSG00000108559,NUP88,nucleoporin 88,Q99567,uniprot_swissprot,9606
uniprot:Q07021,ENSG00000108561,C1QBP,complement c1q binding protein,Q07021,uniprot_swissprot,9606
uniprot:P31645,ENSG00000108576,SLC6A4,solute carrier family 6 member 4,P31645,uniprot_swissprot,9606
uniprot:O75976,ENSG00000108582,CPD,carboxypeptidase d,O75976,uniprot_swissprot,9606
uniprot:O95249,ENSG00000108587,GOSR1,golgi snap receptor complex member 1,O95249,uniprot_swissprot,9606
uniprot:Q96A33,ENSG00000108588,CCDC47,coiled-coil domain containing 47,Q96A33,uniprot_swissprot,9606
uniprot:Q9Y3C7,ENSG00000108590,MED31,mediator complex subunit 31,Q9Y3C7,uniprot_swissprot,9606
uniprot:P55039,ENSG00000108591,DRG2,developmentally regulated gtp binding protein 2,P55039,uniprot_swissprot,9606
uniprot:O43572,ENSG00000108599,AKAP10,a-kinase anchoring protein 10,O43572,uniprot_swissprot,9606
uniprot:P13598,ENSG00000108622,ICAM2,intercellular adhesion molecule 2,P13598,uniprot_swissprot,9606
uniprot:Q9UPM9,ENSG00000108641,B9D1,b9 domain containing 1,Q9UPM9,uniprot_swissprot,9606
uniprot:P17844,ENSG00000108654,DDX5,dead-box helicase 5,P17844,uniprot_swissprot,9606
uniprot:Q15438,ENSG00000108669,CYTH1,cytohesin 1,Q15438,uniprot_swissprot,9606
uniprot:O00231,ENSG00000108671,PSMD11,"proteasome 26s subunit, non-atpase 11",O00231,uniprot_swissprot,9606
uniprot:Q16515,ENSG00000108684,ASIC2,acid sensing ion channel subunit 2,Q16515,uniprot_swissprot,9606
uniprot:P80098,ENSG00000108688,CCL7,c-c motif chemokine ligand 7,P80098,uniprot_swissprot,9606
uniprot:P13500,ENSG00000108691,CCL2,c-c motif chemokine ligand 2,P13500,uniprot_swissprot,9606
uniprot:P80075,ENSG00000108700,CCL8,c-c motif chemokine ligand 8,P80075,uniprot_swissprot,9606
uniprot:Q96C10,ENSG00000108771,DHX58,dexh-box helicase 58,Q96C10,uniprot_swissprot,9606
uniprot:Q92830,ENSG00000108773,KAT2A,lysine acetyltransferase 2a,Q92830,uniprot_swissprot,9606
uniprot:Q9UH92,ENSG00000108788,MLX,max dimerization protein mlx,Q9UH92,uniprot_swissprot,9606
uniprot:Q9P2A4,ENSG00000108798,ABI3,abi family member 3,Q9P2A4,uniprot_swissprot,9606
uniprot:Q96SB3,ENSG00000108819,PPP1R9B,protein phosphatase 1 regulatory subunit 9b,Q96SB3,uniprot_swissprot,9606
uniprot:P02452,ENSG00000108821,COL1A1,collagen type i alpha 1 chain,P02452,uniprot_swissprot,9606
uniprot:Q16586,ENSG00000108823,SGCA,sarcoglycan alpha,Q16586,uniprot_swissprot,9606
uniprot:Q99536,ENSG00000108828,VAT1,vesicle amine transport 1,Q99536,uniprot_swissprot,9606
uniprot:P18054,ENSG00000108839,ALOX12,"arachidonate 12-lipoxygenase, 12s type",P18054,uniprot_swissprot,9606
uniprot:Q9UQL6,ENSG00000108840,HDAC5,histone deacetylase 5,Q9UQL6,uniprot_swissprot,9606
uniprot:O15438,ENSG00000108846,ABCC3,atp binding cassette subfamily c member 3,O15438,uniprot_swissprot,9606
uniprot:Q14168,ENSG00000108852,MPP2,maguk p55 scaffold protein 2,Q14168,uniprot_swissprot,9606
uniprot:Q9HAU4,ENSG00000108854,SMURF2,smad specific e3 ubiquitin protein ligase 2,Q9HAU4,uniprot_swissprot,9606
uniprot:P51452,ENSG00000108861,DUSP3,dual specificity phosphatase 3,P51452,uniprot_swissprot,9606
uniprot:Q06432,ENSG00000108878,CACNG1,calcium voltage-gated channel auxiliary subunit gamma 1,Q06432,uniprot_swissprot,9606
uniprot:Q16534,ENSG00000108924,HLF,"hlf transcription factor, par bzip family member",Q16534,uniprot_swissprot,9606
uniprot:P10644,ENSG00000108946,PRKAR1A,protein kinase camp-dependent type i regulatory subunit alpha,P10644,uniprot_swissprot,9606
uniprot:Q96MK3,ENSG00000108950,FAM20A,fam20a golgi associated secretory pathway pseudokinase,Q96MK3,uniprot_swissprot,9606
uniprot:P62258,ENSG00000108953,YWHAE,tyrosine 3-monooxygenase/tryptophan 5-monooxygenase activation protein epsilon,P62258,uniprot_swissprot,9606
uniprot:P35243,ENSG00000109047,RCVRN,recoverin,P35243,uniprot_swissprot,9606
uniprot:P12882,ENSG00000109061,MYH1,myosin heavy chain 1,P12882,uniprot_swissprot,9606
uniprot:O14745,ENSG00000109062,NHERF1,nherf family pdz scaffold protein 1,O14745,uniprot_swissprot,9606
uniprot:P04004,ENSG00000109072,VTN,vitronectin,P04004,uniprot_swissprot,9606
uniprot:Q5BJF2,ENSG00000109084,TMEM97,transmembrane protein 97,Q5BJF2,uniprot_swissprot,9606
uniprot:Q01453,ENSG00000109099,PMP22,peripheral myelin protein 22,Q01453,uniprot_swissprot,9606
uniprot:Q7KZ85,ENSG00000109111,SUPT6H,"spt6 homolog, histone chaperone and transcription elongation factor",Q7KZ85,uniprot_swissprot,9606
uniprot:Q99453,ENSG00000109132,PHOX2B,paired like homeobox 2b,Q99453,uniprot_swissprot,9606
uniprot:P48169,ENSG00000109158,GABRA4,gamma-aminobutyric acid type a receptor subunit alpha4,P48169,uniprot_swissprot,9606
uniprot:P30968,ENSG00000109163,GNRHR,gonadotropin releasing hormone receptor,P30968,uniprot_swissprot,9606
uniprot:Q9NX40,ENSG00000109180,OCIAD1,ocia domain containing 1,Q9NX40,uniprot_swissprot,9606
uniprot:Q9H720,ENSG00000109182,CWH43,cell wall biogenesis 43 c-terminal homolog,Q9H720,uniprot_swissprot,9606
uniprot:Q92564,ENSG00000109184,DCUN1D4,defective in cullin neddylation 1 domain containing 4,Q92564,uniprot_swissprot,9606
uniprot:P62068,ENSG00000109189,USP46,ubiquitin specific peptidase 46,P62068,uniprot_swissprot,9606
uniprot:P49888,ENSG00000109193,SULT1E1,sulfotransferase family 1e member 1,P49888,uniprot_swissprot,9606
uniprot:Q9UKJ5,ENSG00000109220,CHIC2,cysteine rich hydrophobic domain 2,Q9UKJ5,uniprot_swissprot,9606
uniprot:P48645,ENSG00000109255,NMU,neuromedin u,P48645,uniprot_swissprot,9606
uniprot:Q9UHA4,ENSG00000109270,LAMTOR3,"late endosomal/lysosomal adaptor, mapk and mtor activator 3",Q9UHA4,uniprot_swissprot,9606
uniprot:P19838,ENSG00000109320,NFKB1,nuclear factor kappa b subunit 1,P19838,uniprot_swissprot,9606
uniprot:P15514,ENSG00000109321,AREG,amphiregulin,P15514,uniprot_swissprot,9606
uniprot:O00462,ENSG00000109323,MANBA,mannosidase beta,O00462,uniprot_swissprot,9606
uniprot:P61077,ENSG00000109332,UBE2D3,ubiquitin conjugating enzyme e2 d3,P61077,uniprot_swissprot,9606
uniprot:P53779,ENSG00000109339,MAPK10,mitogen-activated protein kinase 10,P53779,uniprot_swissprot,9606
uniprot:O43677,ENSG00000109390,NDUFC1,nadh:ubiquinone oxidoreductase subunit c1,O43677,uniprot_swissprot,9606
uniprot:P25874,ENSG00000109424,UCP1,uncoupling protein 1,P25874,uniprot_swissprot,9606
uniprot:O15327,ENSG00000109452,INPP4B,inositol polyphosphate-4-phosphatase type ii b,O15327,uniprot_swissprot,9606
uniprot:P60568,ENSG00000109471,IL2,interleukin 2,P60568,uniprot_swissprot,9606
uniprot:P16870,ENSG00000109472,CPE,carboxypeptidase e,P16870,uniprot_swissprot,9606
uniprot:O76024,ENSG00000109501,WFS1,wolframin er transmembrane glycoprotein,O76024,uniprot_swissprot,9606
uniprot:Q9UJ72,ENSG00000109511,ANXA10,annexin a10,Q9UJ72,uniprot_swissprot,9606
uniprot:Q14331,ENSG00000109536,FRG1,fshd region gene 1,Q14331,uniprot_swissprot,9606
uniprot:Q8N5Z0,ENSG00000109576,AADAT,aminoadipate aminotransferase,Q8N5Z0,uniprot_swissprot,9606
uniprot:O43143,ENSG00000109606,DHX15,deah-box helicase 15,O43143,uniprot_swissprot,9606
uniprot:P08294,ENSG00000109610,SOD3,superoxide dismutase 3,P08294,uniprot_swissprot,9606
uniprot:Q9HD40,ENSG00000109618,SEPSECS,sep (o-phosphoserine) trna:sec (selenocysteine) trna synthase,Q9HD40,uniprot_swissprot,9606
uniprot:Q9NRM0,ENSG00000109667,SLC2A9,solute carrier family 2 member 9,Q9NRM0,uniprot_swissprot,9606
uniprot:Q969H0,ENSG00000109670,FBXW7,f-box and wd repeat domain containing 7,Q969H0,uniprot_swissprot,9606
uniprot:Q8N5T2,ENSG00000109680,TBC1D19,tbc1 domain family member 19,Q8N5T2,uniprot_swissprot,9606
uniprot:Q7Z7G1,ENSG00000109684,CLNK,cytokine dependent hematopoietic cell linker,Q7Z7G1,uniprot_swissprot,9606
uniprot:O96028,ENSG00000109685,NSD2,nuclear receptor binding set domain protein 2,O96028,uniprot_swissprot,9606
uniprot:Q5HYK7,ENSG00000109686,SH3D19,sh3 domain containing 19,Q5HYK7,uniprot_swissprot,9606
uniprot:Q9P246,ENSG00000109689,STIM2,stromal interaction molecule 2,Q9P246,uniprot_swissprot,9606
uniprot:P48167,ENSG00000109738,GLRB,glycine receptor beta,P48167,uniprot_swissprot,9606
uniprot:Q04756,ENSG00000109758,HGFAC,hgf activator,Q04756,uniprot_swissprot,9606
uniprot:P57682,ENSG00000109787,KLF3,klf transcription factor 3,P57682,uniprot_swissprot,9606
uniprot:Q9BPX3,ENSG00000109805,NCAPG,non-smc condensin i complex subunit g,Q9BPX3,uniprot_swissprot,9606
uniprot:O60701,ENSG00000109814,UGDH,udp-glucose 6-dehydrogenase,O60701,uniprot_swissprot,9606
uniprot:Q9UBK2,ENSG00000109819,PPARGC1A,pparg coactivator 1 alpha,Q9UBK2,uniprot_swissprot,9606
uniprot:P02511,ENSG00000109846,CRYAB,crystallin alpha b,P02511,uniprot_swissprot,9606
uniprot:P53634,ENSG00000109861,CTSC,cathepsin c,P53634,uniprot_swissprot,9606
uniprot:Q96HJ3,ENSG00000109881,CCDC34,coiled-coil domain containing 34,Q96HJ3,uniprot_swissprot,9606
uniprot:Q05516,ENSG00000109906,ZBTB16,zinc finger and btb domain containing 16,Q05516,uniprot_swissprot,9606
uniprot:O75312,ENSG00000109917,ZPR1,zpr1 zinc finger,O75312,uniprot_swissprot,9606
uniprot:Q9Y6C9,ENSG00000109919,MTCH2,mitochondrial carrier 2,Q9Y6C9,uniprot_swissprot,9606
uniprot:Q8N3X1,ENSG00000109920,FNBP4,formin binding protein 4,Q8N3X1,uniprot_swissprot,9606
uniprot:Q9P2W7,ENSG00000109956,B3GAT1,"beta-1,3-glucuronyltransferase 1",Q9P2W7,uniprot_swissprot,9606
uniprot:P11142,ENSG00000109971,HSPA8,heat shock protein family a (hsp70) member 8,P11142,uniprot_swissprot,9606
uniprot:O60711,ENSG00000110031,LPXN,leupaxin,O60711,uniprot_swissprot,9606
uniprot:Q4FZB7,ENSG00000110066,KMT5B,lysine methyltransferase 5b,Q4FZB7,uniprot_swissprot,9606
uniprot:Q9H2W1,ENSG00000110077,MS4A6A,membrane spanning 4-domains a6a,Q9H2W1,uniprot_swissprot,9606
uniprot:Q96JQ5,ENSG00000110079,MS4A4A,membrane spanning 4-domains a4a,Q96JQ5,uniprot_swissprot,9606
uniprot:Q11206,ENSG00000110080,ST3GAL4,"st3 beta-galactoside alpha-2,3-sialyltransferase 4",Q11206,uniprot_swissprot,9606
uniprot:P50416,ENSG00000110090,CPT1A,carnitine palmitoyltransferase 1a,P50416,uniprot_swissprot,9606
uniprot:P24385,ENSG00000110092,CCND1,cyclin d1,P24385,uniprot_swissprot,9606
uniprot:O75382,ENSG00000110171,TRIM3,tripartite motif containing 3,O75382,uniprot_swissprot,9606
uniprot:Q9UHD1,ENSG00000110172,CHORDC1,cysteine and histidine rich domain containing 1,Q9UHD1,uniprot_swissprot,9606
uniprot:P15328,ENSG00000110195,FOLR1,folate receptor alpha,P15328,uniprot_swissprot,9606
uniprot:P41439,ENSG00000110203,FOLR3,folate receptor gamma,P41439,uniprot_swissprot,9606
uniprot:Q96RD7,ENSG00000110218,PANX1,pannexin 1,Q96RD7,uniprot_swissprot,9606
uniprot:Q96PE2,ENSG00000110237,ARHGEF17,rho guanine nucleotide exchange factor 17,Q96PE2,uniprot_swissprot,9606
uniprot:Q6Q788,ENSG00000110243,APOA5,apolipoprotein a5,Q6Q788,uniprot_swissprot,9606
uniprot:P06727,ENSG00000110244,APOA4,apolipoprotein a4,P06727,uniprot_swissprot,9606
uniprot:P02656,ENSG00000110245,APOC3,apolipoprotein c3,P02656,uniprot_swissprot,9606
uniprot:Q9UPV0,ENSG00000110274,CEP164,centrosomal protein 164,Q9UPV0,uniprot_swissprot,9606
uniprot:Q9P2H0,ENSG00000110318,CEP126,centrosomal protein 126,Q9P2H0,uniprot_swissprot,9606
uniprot:Q13490,ENSG00000110330,BIRC2,baculoviral iap repeat containing 2,Q13490,uniprot_swissprot,9606
uniprot:P26196,ENSG00000110367,DDX6,dead-box helicase 6,P26196,uniprot_swissprot,9606
uniprot:P22681,ENSG00000110395,CBL,cbl proto-oncogene,P22681,uniprot_swissprot,9606
uniprot:Q15223,ENSG00000110400,NECTIN1,nectin cell adhesion molecule 1,Q15223,uniprot_swissprot,9606
uniprot:Q9UK99,ENSG00000110429,FBXO3,f-box protein 3,Q9UK99,uniprot_swissprot,9606
uniprot:O00330,ENSG00000110435,PDHX,pyruvate dehydrogenase complex component x,O00330,uniprot_swissprot,9606
uniprot:P43004,ENSG00000110436,SLC1A2,solute carrier family 1 member 2,P43004,uniprot_swissprot,9606
uniprot:Q13296,ENSG00000110484,SCGB2A2,secretoglobin family 2a member 2,Q13296,uniprot_swissprot,9606
uniprot:P21741,ENSG00000110492,MDK,midkine,P21741,uniprot_swissprot,9606
uniprot:Q9C0C7,ENSG00000110497,AMBRA1,autophagy and beclin 1 regulator 1,Q9C0C7,uniprot_swissprot,9606
uniprot:Q8WXG6,ENSG00000110514,MADD,map kinase activating death domain,Q8WXG6,uniprot_swissprot,9606
uniprot:Q8WUK0,ENSG00000110536,PTPMT1,protein tyrosine phosphatase mitochondrial 1,Q8WUK0,uniprot_swissprot,9606
uniprot:Q86UY6,ENSG00000110583,NAA40,"n-alpha-acetyltransferase 40, natd catalytic subunit",Q86UY6,uniprot_swissprot,9606
uniprot:P49589,ENSG00000110619,CARS1,cysteinyl-trna synthetase 1,P49589,uniprot_swissprot,9606
uniprot:Q96BI1,ENSG00000110628,SLC67A1,solute carrier family 67 member 1,Q96BI1,uniprot_swissprot,9606
uniprot:P60033,ENSG00000110651,CD81,cd81 molecule,P60033,uniprot_swissprot,9606
uniprot:Q9P2W6,ENSG00000110665,C11ORF21,chromosome 11 open reading frame 21,Q9P2W6,uniprot_swissprot,9606
uniprot:P01258,ENSG00000110680,CALCA,calcitonin related polypeptide alpha,P01258,uniprot_swissprot,9606
uniprot:P35712,ENSG00000110693,SOX6,sry-box transcription factor 6,P35712,uniprot_swissprot,9606
uniprot:O00193,ENSG00000110696,C11ORF58,chromosome 11 open reading frame 58,O00193,uniprot_swissprot,9606
uniprot:O00170,ENSG00000110711,AIP,ahr interacting hsp90 co-chaperone,O00170,uniprot_swissprot,9606
uniprot:P52948,ENSG00000110713,NUP98,nucleoporin 98 and 96 precursor,P52948,uniprot_swissprot,9606
uniprot:O00217,ENSG00000110717,NDUFS8,nadh:ubiquinone oxidoreductase core subunit s8,O00217,uniprot_swissprot,9606
uniprot:Q13488,ENSG00000110719,TCIRG1,"t cell immune regulator 1, atpase h+ transporting v0 subunit a3",Q13488,uniprot_swissprot,9606
uniprot:P35790,ENSG00000110721,CHKA,choline kinase alpha,P35790,uniprot_swissprot,9606
uniprot:P32780,ENSG00000110768,GTF2H1,general transcription factor iih subunit 1,P32780,uniprot_swissprot,9606
uniprot:Q16633,ENSG00000110777,POU2AF1,pou class 2 homeobox associating factor 1,Q16633,uniprot_swissprot,9606
uniprot:P04275,ENSG00000110799,VWF,von willebrand factor,P04275,uniprot_swissprot,9606
uniprot:Q86W92,ENSG00000110841,PPFIBP1,ppfib scaffold protein 1,Q86W92,uniprot_swissprot,9606
uniprot:Q6NWY9,ENSG00000110844,PRPF40B,pre-mrna processing factor 40b,Q6NWY9,uniprot_swissprot,9606
uniprot:Q07108,ENSG00000110848,CD69,cd69 molecule,Q07108,uniprot_swissprot,9606
uniprot:Q5HYK3,ENSG00000110871,COQ5,"coenzyme q5, methyltransferase",Q5HYK3,uniprot_swissprot,9606
uniprot:Q14242,ENSG00000110876,SELPLG,selectin p ligand,Q14242,uniprot_swissprot,9606
uniprot:Q9ULV4,ENSG00000110880,CORO1C,coronin 1c,Q9ULV4,uniprot_swissprot,9606
uniprot:Q6IMN6,ENSG00000110888,CAPRIN2,caprin family member 2,Q6IMN6,uniprot_swissprot,9606
uniprot:Q9H3F6,ENSG00000110906,KCTD10,potassium channel tetramerization domain containing 10,Q9H3F6,uniprot_swissprot,9606
uniprot:P49281,ENSG00000110911,SLC11A2,solute carrier family 11 member 2,P49281,uniprot_swissprot,9606
uniprot:Q03426,ENSG00000110921,MVK,mevalonate kinase,Q03426,uniprot_swissprot,9606
uniprot:Q96RR4,ENSG00000110931,CAMKK2,calcium/calmodulin dependent protein kinase kinase 2,Q96RR4,uniprot_swissprot,9606
uniprot:Q9NPF7,ENSG00000110944,IL23A,interleukin 23 subunit alpha,Q9NPF7,uniprot_swissprot,9606
uniprot:P06576,ENSG00000110955,ATP5F1B,atp synthase f1 subunit beta,P06576,uniprot_swissprot,9606
uniprot:Q15185,ENSG00000110958,PTGES3,prostaglandin e synthase 3,Q15185,uniprot_swissprot,9606
uniprot:Q6XYQ8,ENSG00000110975,SYT10,synaptotagmin 10,Q6XYQ8,uniprot_swissprot,9606
uniprot:Q4VC05,ENSG00000110987,BCL7A,baf chromatin remodeling complex subunit bcl7a,Q4VC05,uniprot_swissprot,9606
uniprot:P23409,ENSG00000111046,MYF6,myogenic factor 6,P23409,uniprot_swissprot,9606
uniprot:P13349,ENSG00000111049,MYF5,myogenic factor 5,P13349,uniprot_swissprot,9606
uniprot:O14910,ENSG00000111052,LIN7A,lin-7 cell polarity scaffold a,O14910,uniprot_swissprot,9606
uniprot:P05783,ENSG00000111057,KRT18,keratin 18,P05783,uniprot_swissprot,9606
uniprot:Q63HR2,ENSG00000111077,TNS2,tensin 2,Q63HR2,uniprot_swissprot,9606
uniprot:P08151,ENSG00000111087,GLI1,gli family zinc finger 1,P08151,uniprot_swissprot,9606
uniprot:Q9ULR3,ENSG00000111110,PPM1H,"protein phosphatase, mg2+/mn2+ dependent 1h",Q9ULR3,uniprot_swissprot,9606
uniprot:P50579,ENSG00000111142,METAP2,methionyl aminopeptidase 2,P50579,uniprot_swissprot,9606
uniprot:P41970,ENSG00000111145,ELK3,ets transcription factor elk3,P41970,uniprot_swissprot,9606
uniprot:Q9HBA0,ENSG00000111199,TRPV4,transient receptor potential cation channel subfamily v member 4,Q9HBA0,uniprot_swissprot,9606
uniprot:Q08050,ENSG00000111206,FOXM1,forkhead box m1,Q08050,uniprot_swissprot,9606
uniprot:Q9NR22,ENSG00000111218,PRMT8,protein arginine methyltransferase 8,Q9NR22,uniprot_swissprot,9606
uniprot:Q9NR21,ENSG00000111224,PARP11,poly(adp-ribose) polymerase family member 11,Q9NR21,uniprot_swissprot,9606
uniprot:O15145,ENSG00000111229,ARPC3,actin related protein 2/3 complex subunit 3,O15145,uniprot_swissprot,9606
uniprot:P10916,ENSG00000111245,MYL2,myosin light chain 2,P10916,uniprot_swissprot,9606
uniprot:O14529,ENSG00000111249,CUX2,cut like homeobox 2,O14529,uniprot_swissprot,9606
uniprot:Q9UQQ2,ENSG00000111252,SH2B3,sh2b adaptor protein 3,Q9UQQ2,uniprot_swissprot,9606
uniprot:Q9BY84,ENSG00000111266,DUSP16,dual specificity phosphatase 16,Q9BY84,uniprot_swissprot,9606
uniprot:Q6JQN1,ENSG00000111271,ACAD10,acyl-coa dehydrogenase family member 10,Q6JQN1,uniprot_swissprot,9606
uniprot:P05091,ENSG00000111275,ALDH2,aldehyde dehydrogenase 2 family member,P05091,uniprot_swissprot,9606
uniprot:P46527,ENSG00000111276,CDKN1B,cyclin dependent kinase inhibitor 1b,P46527,uniprot_swissprot,9606
uniprot:Q14CX7,ENSG00000111300,NAA25,"n-alpha-acetyltransferase 25, natb auxiliary subunit",Q14CX7,uniprot_swissprot,9606
uniprot:P37088,ENSG00000111319,SCNN1A,sodium channel epithelial 1 subunit alpha,P37088,uniprot_swissprot,9606
uniprot:P36941,ENSG00000111321,LTBR,lymphotoxin beta receptor,P36941,uniprot_swissprot,9606
uniprot:O14519,ENSG00000111328,CDK2AP1,cyclin dependent kinase 2 associated protein 1,O14519,uniprot_swissprot,9606
uniprot:Q9Y6K5,ENSG00000111331,OAS3,2'-5'-oligoadenylate synthetase 3,Q9Y6K5,uniprot_swissprot,9606
uniprot:Q93070,ENSG00000111339,ART4,adp-ribosyltransferase 4 (inactive) (dombrock blood group),Q93070,uniprot_swissprot,9606
uniprot:P52566,ENSG00000111348,ARHGDIB,rho gdp dissociation inhibitor beta,P52566,uniprot_swissprot,9606
uniprot:Q9H2H9,ENSG00000111371,SLC38A1,solute carrier family 38 member 1,Q9H2H9,uniprot_swissprot,9606
uniprot:Q9H628,ENSG00000111404,RERGL,rerg like,Q9H628,uniprot_swissprot,9606
uniprot:P11473,ENSG00000111424,VDR,vitamin d receptor,P11473,uniprot_swissprot,9606
uniprot:P32856,ENSG00000111450,STX2,syntaxin 2,P32856,uniprot_swissprot,9606
uniprot:P61923,ENSG00000111481,COPZ1,coat protein complex i subunit zeta 1,P61923,uniprot_swissprot,9606
uniprot:Q86VP6,ENSG00000111530,CAND1,cullin associated and neddylation dissociated 1,Q86VP6,uniprot_swissprot,9606
uniprot:Q9NPH9,ENSG00000111536,IL26,interleukin 26,Q9NPH9,uniprot_swissprot,9606
uniprot:P01579,ENSG00000111537,IFNG,interferon gamma,P01579,uniprot_swissprot,9606
uniprot:P61020,ENSG00000111540,RAB5B,"rab5b, member ras oncogene family",P61020,uniprot_swissprot,9606
uniprot:P57740,ENSG00000111581,NUP107,nucleoporin 107,P57740,uniprot_swissprot,9606
uniprot:Q9NZN8,ENSG00000111596,CNOT2,ccr4-not transcription complex subunit 2,Q9NZN8,uniprot_swissprot,9606
uniprot:Q9UNS1,ENSG00000111602,TIMELESS,timeless circadian regulator,Q9UNS1,uniprot_swissprot,9606
uniprot:Q16630,ENSG00000111605,CPSF6,cleavage and polyadenylation specific factor 6,Q16630,uniprot_swissprot,9606
uniprot:P04406,ENSG00000111640,GAPDH,glyceraldehyde-3-phosphate dehydrogenase,P04406,uniprot_swissprot,9606
uniprot:Q14839,ENSG00000111642,CHD4,chromodomain helicase dna binding protein 4,Q14839,uniprot_swissprot,9606
uniprot:Q9UNL4,ENSG00000111653,ING4,inhibitor of growth family member 4,Q9UNL4,uniprot_swissprot,9606
uniprot:P16520,ENSG00000111664,GNB3,g protein subunit beta 3,P16520,uniprot_swissprot,9606
uniprot:Q99618,ENSG00000111665,CDCA3,cell division cycle associated 3,Q99618,uniprot_swissprot,9606
uniprot:P45974,ENSG00000111667,USP5,ubiquitin specific peptidase 5,P45974,uniprot_swissprot,9606
uniprot:Q99619,ENSG00000111671,SPSB2,spla/ryanodine receptor domain and socs box containing 2,Q99619,uniprot_swissprot,9606
uniprot:P09104,ENSG00000111674,ENO2,enolase 2,P09104,uniprot_swissprot,9606
uniprot:P29350,ENSG00000111679,PTPN6,protein tyrosine phosphatase non-receptor type 6,P29350,uniprot_swissprot,9606
uniprot:Q9NPD5,ENSG00000111700,SLCO1B3,solute carrier organic anion transporter family member 1b3,Q9NPD5,uniprot_swissprot,9606
uniprot:P41238,ENSG00000111701,APOBEC1,apolipoprotein b mrna editing enzyme catalytic subunit 1,P41238,uniprot_swissprot,9606
uniprot:Q9H9S0,ENSG00000111704,NANOG,nanog homeobox,Q9H9S0,uniprot_swissprot,9606
uniprot:Q9H7L9,ENSG00000111707,SUDS3,sin3a corepressor complex component sds3,Q9H7L9,uniprot_swissprot,9606
uniprot:P54840,ENSG00000111713,GYS2,glycogen synthase 2,P54840,uniprot_swissprot,9606
uniprot:P07195,ENSG00000111716,LDHB,lactate dehydrogenase b,P07195,uniprot_swissprot,9606
uniprot:Q9Y478,ENSG00000111725,PRKAB1,protein kinase amp-activated non-catalytic subunit beta 1,Q9Y478,uniprot_swissprot,9606
uniprot:Q92185,ENSG00000111728,ST8SIA1,"st8 alpha-n-acetyl-neuraminide alpha-2,8-sialyltransferase 1",Q92185,uniprot_swissprot,9606
uniprot:P78364,ENSG00000111752,PHC1,polyhomeotic homolog 1,P78364,uniprot_swissprot,9606
uniprot:Q12918,ENSG00000111796,KLRB1,killer cell lectin like receptor b1,Q12918,uniprot_swissprot,9606
uniprot:Q99715,ENSG00000111799,COL12A1,collagen type xii alpha 1 chain,Q99715,uniprot_swissprot,9606
uniprot:P42685,ENSG00000111816,FRK,fyn related src family tyrosine kinase,P42685,uniprot_swissprot,9606
uniprot:Q5TD94,ENSG00000111834,RSPH4A,radial spoke head component 4a,Q5TD94,uniprot_swissprot,9606
uniprot:P20794,ENSG00000111837,MAK,male germ cell associated kinase,P20794,uniprot_swissprot,9606
uniprot:Q14511,ENSG00000111859,NEDD9,"neural precursor cell expressed, developmentally down-regulated 9",Q14511,uniprot_swissprot,9606
uniprot:P33908,ENSG00000111885,MAN1A1,mannosidase alpha class 1a member 1,P33908,uniprot_swissprot,9606
uniprot:Q9NRX5,ENSG00000111897,SERINC1,serine incorporator 1,Q9NRX5,uniprot_swissprot,9606
uniprot:Q16890,ENSG00000111907,TPD52L1,tpd52 like 1,Q16890,uniprot_swissprot,9606
uniprot:Q9NQE9,ENSG00000111911,HINT3,histidine triad nucleotide binding protein 3,Q9NQE9,uniprot_swissprot,9606
uniprot:Q8NI08,ENSG00000111912,NCOA7,nuclear receptor coactivator 7,Q8NI08,uniprot_swissprot,9606
uniprot:Q9Y4F9,ENSG00000111913,RIPOR2,rho family interacting cell polarization regulator 2,Q9Y4F9,uniprot_swissprot,9606
uniprot:O94885,ENSG00000111961,SASH1,sam and sh3 domain containing 1,O94885,uniprot_swissprot,9606
uniprot:Q03181,ENSG00000112033,PPARD,peroxisome proliferator activated receptor delta,Q03181,uniprot_swissprot,9606
uniprot:P35372,ENSG00000112038,OPRM1,opioid receptor mu 1,P35372,uniprot_swissprot,9606
uniprot:Q9HB96,ENSG00000112039,FANCE,fa complementation group e,Q9HB96,uniprot_swissprot,9606
uniprot:O00294,ENSG00000112041,TULP1,tub like protein 1,O00294,uniprot_swissprot,9606
uniprot:Q96RN1,ENSG00000112053,SLC26A8,solute carrier family 26 member 8,Q96RN1,uniprot_swissprot,9606
uniprot:Q16539,ENSG00000112062,MAPK14,mitogen-activated protein kinase 14,Q16539,uniprot_swissprot,9606
uniprot:P84103,ENSG00000112081,SRSF3,serine and arginine rich splicing factor 3,P84103,uniprot_swissprot,9606
uniprot:Q16552,ENSG00000112115,IL17A,interleukin 17a,Q16552,uniprot_swissprot,9606
uniprot:Q96PD4,ENSG00000112116,IL17F,interleukin 17f,Q96PD4,uniprot_swissprot,9606
uniprot:O76064,ENSG00000112130,RNF8,ring finger protein 8,O76064,uniprot_swissprot,9606
uniprot:Q9C0D0,ENSG00000112137,PHACTR1,phosphatase and actin regulator 1,Q9C0D0,uniprot_swissprot,9606
uniprot:Q01151,ENSG00000112149,CD83,cd83 molecule,Q01151,uniprot_swissprot,9606
uniprot:Q9NU22,ENSG00000112159,MDN1,midasin aaa atpase 1,Q9NU22,uniprot_swissprot,9606
uniprot:P43220,ENSG00000112164,GLP1R,glucagon like peptide 1 receptor,P43220,uniprot_swissprot,9606
uniprot:Q9NPB0,ENSG00000112167,SAYSD1,saysvfn motif domain containing 1,Q9NPB0,uniprot_swissprot,9606
uniprot:P22003,ENSG00000112175,BMP5,bone morphogenetic protein 5,P22003,uniprot_swissprot,9606
uniprot:Q9BYV9,ENSG00000112182,BACH2,bach transcriptional regulator 2,Q9BYV9,uniprot_swissprot,9606
uniprot:P40123,ENSG00000112186,CAP2,cyclase associated actin cytoskeleton regulatory protein 2,P40123,uniprot_swissprot,9606
uniprot:Q5T2D2,ENSG00000112195,TREML2,triggering receptor expressed on myeloid cells like 2,Q5T2D2,uniprot_swissprot,9606
uniprot:Q9Y4E5,ENSG00000112200,ZNF451,zinc finger protein 451,Q9Y4E5,uniprot_swissprot,9606
uniprot:O95816,ENSG00000112208,BAG2,bag cochaperone 2,O95816,uniprot_swissprot,9606
uniprot:Q9ULC3,ENSG00000112210,RAB23,"rab23, member ras oncogene family",Q9ULC3,uniprot_swissprot,9606
uniprot:Q5TD97,ENSG00000112214,FHL5,four and a half lim domains 5,Q5TD97,uniprot_swissprot,9606
uniprot:Q5VWX1,ENSG00000112232,KHDRBS2,"kh rna binding domain containing, signal transduction associated 2",Q5VWX1,uniprot_swissprot,9606
uniprot:P24863,ENSG00000112237,CCNC,cyclin c,P24863,uniprot_swissprot,9606
uniprot:Q9H4Q3,ENSG00000112238,PRDM13,pr/set domain 13,Q9H4Q3,uniprot_swissprot,9606
uniprot:O00716,ENSG00000112242,E2F3,e2f transcription factor 3,O00716,uniprot_swissprot,9606
uniprot:Q93096,ENSG00000112245,PTP4A1,protein tyrosine phosphatase 4a1,Q93096,uniprot_swissprot,9606
uniprot:Q5TGJ6,ENSG00000112273,HDGFL1,hdgf like 1,Q5TGJ6,uniprot_swissprot,9606
uniprot:Q8NE79,ENSG00000112276,POPDC1,popeye domain camp effector 1,Q8NE79,uniprot_swissprot,9606
uniprot:Q9ULK4,ENSG00000112282,MED23,mediator complex subunit 23,Q9ULK4,uniprot_swissprot,9606
uniprot:P80108,ENSG00000112293,GPLD1,glycosylphosphatidylinositol specific phospholipase d1,P80108,uniprot_swissprot,9606
uniprot:P51649,ENSG00000112294,ALDH5A1,aldehyde dehydrogenase 5 family member a1,P51649,uniprot_swissprot,9606
uniprot:Q9Y4K1,ENSG00000112297,CRYBG1,crystallin beta-gamma domain containing 1,Q9Y4K1,uniprot_swissprot,9606
uniprot:O95677,ENSG00000112319,EYA4,eya transcriptional coactivator and phosphatase 4,O95677,uniprot_swissprot,9606
uniprot:Q9Y466,ENSG00000112333,NR2E1,nuclear receptor subfamily 2 group e member 1,Q9Y466,uniprot_swissprot,9606
uniprot:O60493,ENSG00000112335,SNX3,sorting nexin 3,O60493,uniprot_swissprot,9606
uniprot:Q9Y450,ENSG00000112339,HBS1L,hbs1 like translational gtpase,Q9Y450,uniprot_swissprot,9606
uniprot:Q96FX8,ENSG00000112378,PERP,p53 apoptosis effector related to pmp22,Q96FX8,uniprot_swissprot,9606
uniprot:Q86SQ4,ENSG00000112414,ADGRG6,adhesion g protein-coupled receptor g6,Q86SQ4,uniprot_swissprot,9606
uniprot:O95278,ENSG00000112425,EPM2A,"epm2a glucan phosphatase, laforin",O95278,uniprot_swissprot,9606
uniprot:Q92504,ENSG00000112473,SLC39A7,solute carrier family 39 member 7,Q92504,uniprot_swissprot,9606
uniprot:P51684,ENSG00000112486,CCR6,c-c motif chemokine receptor 6,P51684,uniprot_swissprot,9606
uniprot:O15244,ENSG00000112499,SLC22A2,solute carrier family 22 member 2,O15244,uniprot_swissprot,9606
uniprot:O60888,ENSG00000112514,CUTA,cuta divalent cation tolerance homolog,O60888,uniprot_swissprot,9606
uniprot:Q96M98,ENSG00000112530,PACRG,parkin coregulated,Q96M98,uniprot_swissprot,9606
uniprot:Q96PU8,ENSG00000112531,QKI,"qki, kh domain containing rna binding",Q96PU8,uniprot_swissprot,9606
uniprot:Q5T5N4,ENSG00000112539,C6ORF118,chromosome 6 open reading frame 118,Q5T5N4,uniprot_swissprot,9606
uniprot:Q9Y233,ENSG00000112541,PDE10A,phosphodiesterase 10a,Q9Y233,uniprot_swissprot,9606
uniprot:P19484,ENSG00000112561,TFEB,transcription factor eb,P19484,uniprot_swissprot,9606
uniprot:Q9H3U7,ENSG00000112562,SMOC2,sparc related modular calcium binding 2,Q9H3U7,uniprot_swissprot,9606
uniprot:P30281,ENSG00000112576,CCND3,cyclin d3,P30281,uniprot_swissprot,9606
uniprot:Q96EK7,ENSG00000112584,FAM120B,family with sequence similarity 120 member b,Q96EK7,uniprot_swissprot,9606
uniprot:Q13308,ENSG00000112655,PTK7,protein tyrosine kinase 7 (inactive),Q13308,uniprot_swissprot,9606
uniprot:P11831,ENSG00000112658,SRF,serum response factor,P11831,uniprot_swissprot,9606
uniprot:Q8IWT3,ENSG00000112659,CUL9,cullin 9,Q8IWT3,uniprot_swissprot,9606
uniprot:Q9NRW4,ENSG00000112679,DUSP22,dual specificity phosphatase 22,Q9NRW4,uniprot_swissprot,9606
uniprot:Q96KP1,ENSG00000112685,EXOC2,exocyst complex component 2,Q96KP1,uniprot_swissprot,9606
uniprot:O60547,ENSG00000112699,GMDS,"gdp-mannose 4,6-dehydratase",O60547,uniprot_swissprot,9606
uniprot:Q9GZR1,ENSG00000112701,SENP6,sumo specific peptidase 6,Q9GZR1,uniprot_swissprot,9606
uniprot:P15692,ENSG00000112715,VEGFA,vascular endothelial growth factor a,P15692,uniprot_swissprot,9606
uniprot:P33981,ENSG00000112742,TTK,ttk protein kinase,P33981,uniprot_swissprot,9606
uniprot:Q99808,ENSG00000112759,SLC29A1,solute carrier family 29 member 1 (augustine blood group),Q99808,uniprot_swissprot,9606
uniprot:O95389,ENSG00000112761,CCN6,cellular communication network factor 6,O95389,uniprot_swissprot,9606
uniprot:Q7KYR7,ENSG00000112763,BTN2A1,butyrophilin subfamily 2 member a1,Q7KYR7,uniprot_swissprot,9606
uniprot:Q96IP4,ENSG00000112773,TENT5A,terminal nucleotidyltransferase 5a,Q96IP4,uniprot_swissprot,9606
uniprot:Q9NZA1,ENSG00000112782,CLIC5,clic family member 5,Q9NZA1,uniprot_swissprot,9606
uniprot:Q9HCM7,ENSG00000112787,FBRSL1,fibrosin like 1,Q9HCM7,uniprot_swissprot,9606
uniprot:O95711,ENSG00000112799,LY86,lymphocyte antigen 86,O95711,uniprot_swissprot,9606
uniprot:Q96RT1,ENSG00000112851,ERBIN,erbb2 interacting protein,Q96RT1,uniprot_swissprot,9606
uniprot:Q9BQG2,ENSG00000112874,NUDT12,nudix hydrolase 12,Q9BQG2,uniprot_swissprot,9606
uniprot:Q16706,ENSG00000112893,MAN2A1,mannosidase alpha class 2a member 1,Q16706,uniprot_swissprot,9606
uniprot:Q13591,ENSG00000112902,SEMA5A,semaphorin 5a,Q13591,uniprot_swissprot,9606
uniprot:P10912,ENSG00000112964,GHR,growth hormone receptor,P10912,uniprot_swissprot,9606
uniprot:Q01581,ENSG00000112972,HMGCS1,3-hydroxy-3-methylglutaryl-coa synthase 1,Q01581,uniprot_swissprot,9606
uniprot:P51397,ENSG00000112977,DAP,death associated protein,P51397,uniprot_swissprot,9606
uniprot:Q9H0E9,ENSG00000112983,BRD8,bromodomain containing 8,Q9H0E9,uniprot_swissprot,9606
uniprot:O95235,ENSG00000112984,KIF20A,kinesin family member 20a,O95235,uniprot_swissprot,9606
uniprot:Q9NP92,ENSG00000112996,MRPS30,mitochondrial ribosomal protein s30,Q9NP92,uniprot_swissprot,9606
uniprot:P38646,ENSG00000113013,HSPA9,heat shock protein family a (hsp70) member 9,P38646,uniprot_swissprot,9606
uniprot:Q92552,ENSG00000113048,MRPS27,mitochondrial ribosomal protein s27,Q92552,uniprot_swissprot,9606
uniprot:Q99075,ENSG00000113070,HBEGF,heparin binding egf like growth factor,Q99075,uniprot_swissprot,9606
uniprot:P28300,ENSG00000113083,LOX,lysyl oxidase,P28300,uniprot_swissprot,9606
uniprot:Q9ULB4,ENSG00000113100,CDH9,cadherin 9,Q9ULB4,uniprot_swissprot,9606
uniprot:O95704,ENSG00000113108,APBB3,amyloid beta precursor protein binding family b member 3,O95704,uniprot_swissprot,9606
uniprot:P09486,ENSG00000113140,SPARC,secreted protein acidic and cysteine rich,P09486,uniprot_swissprot,9606
uniprot:P04035,ENSG00000113161,HMGCR,3-hydroxy-3-methylglutaryl-coa reductase,P04035,uniprot_swissprot,9606
uniprot:Q9Y5P4,ENSG00000113163,CERT1,ceramide transporter 1,Q9Y5P4,uniprot_swissprot,9606
uniprot:Q96CS3,ENSG00000113194,FAF2,fas associated factor family member 2,Q96CS3,uniprot_swissprot,9606
uniprot:O95263,ENSG00000113231,PDE8B,phosphodiesterase 8b,O95263,uniprot_swissprot,9606
uniprot:Q08881,ENSG00000113263,ITK,il2 inducible t cell kinase,Q08881,uniprot_swissprot,9606
uniprot:P15848,ENSG00000113273,ARSB,arylsulfatase b,P15848,uniprot_swissprot,9606
uniprot:Q14677,ENSG00000113282,CLINT1,clathrin interactor 1,Q14677,uniprot_swissprot,9606
uniprot:P29460,ENSG00000113302,IL12B,interleukin 12b,P29460,uniprot_swissprot,9606
uniprot:P18507,ENSG00000113327,GABRG2,gamma-aminobutyric acid type a receptor subunit gamma2,P18507,uniprot_swissprot,9606
uniprot:P51959,ENSG00000113328,CCNG1,cyclin g1,P51959,uniprot_swissprot,9606
uniprot:Q9NRR4,ENSG00000113360,DROSHA,drosha ribonuclease iii,Q9NRR4,uniprot_swissprot,9606
uniprot:P55285,ENSG00000113361,CDH6,cadherin 6,P55285,uniprot_swissprot,9606
uniprot:P20700,ENSG00000113368,LMNB1,lamin b1,P20700,uniprot_swissprot,9606
uniprot:Q96B67,ENSG00000113369,ARRDC3,arrestin domain containing 3,Q96B67,uniprot_swissprot,9606
uniprot:Q9H4A6,ENSG00000113384,GOLPH3,golgi phosphoprotein 3,Q9H4A6,uniprot_swissprot,9606
uniprot:P53999,ENSG00000113387,SUB1,sub1 regulator of transcription,P53999,uniprot_swissprot,9606
uniprot:P17342,ENSG00000113389,NPR3,natriuretic peptide receptor 3,P17342,uniprot_swissprot,9606
uniprot:Q9Y2P4,ENSG00000113396,SLC27A6,solute carrier family 27 member 6,Q9Y2P4,uniprot_swissprot,9606
uniprot:P78413,ENSG00000113430,IRX4,iroquois homeobox 4,P78413,uniprot_swissprot,9606
uniprot:Q9UIQ6,ENSG00000113441,LNPEP,leucyl and cystinyl aminopeptidase,Q9UIQ6,uniprot_swissprot,9606
uniprot:Q08499,ENSG00000113448,PDE4D,phosphodiesterase 4d,Q08499,uniprot_swissprot,9606
uniprot:Q9BYV1,ENSG00000113492,AGXT2,alanine--glyoxylate aminotransferase 2,Q9BYV1,uniprot_swissprot,9606
uniprot:P16471,ENSG00000113494,PRLR,prolactin receptor,P16471,uniprot_swissprot,9606
uniprot:Q9Y666,ENSG00000113504,SLC12A7,solute carrier family 12 member 7,Q9Y666,uniprot_swissprot,9606
uniprot:P05112,ENSG00000113520,IL4,interleukin 4,P05112,uniprot_swissprot,9606
uniprot:Q92878,ENSG00000113522,RAD50,rad50 double strand break repair protein,Q92878,uniprot_swissprot,9606
uniprot:P05113,ENSG00000113525,IL5,interleukin 5,P05113,uniprot_swissprot,9606
uniprot:Q92187,ENSG00000113532,ST8SIA4,"st8 alpha-n-acetyl-neuraminide alpha-2,8-sialyltransferase 4",Q92187,uniprot_swissprot,9606
uniprot:P46926,ENSG00000113552,GNPDA1,glucosamine-6-phosphate deaminase 1,P46926,uniprot_swissprot,9606
uniprot:O75694,ENSG00000113569,NUP155,nucleoporin 155,O75694,uniprot_swissprot,9606
uniprot:P67775,ENSG00000113575,PPP2CA,protein phosphatase 2 catalytic subunit alpha,P67775,uniprot_swissprot,9606
uniprot:P05230,ENSG00000113578,FGF1,fibroblast growth factor 1,P05230,uniprot_swissprot,9606
uniprot:P04150,ENSG00000113580,NR3C1,nuclear receptor subfamily 3 group c member 1,P04150,uniprot_swissprot,9606
uniprot:P42702,ENSG00000113594,LIFR,lif receptor subunit alpha,P42702,uniprot_swissprot,9606
uniprot:P36406,ENSG00000113595,TRIM23,tripartite motif containing 23,P36406,uniprot_swissprot,9606
uniprot:Q8IX03,ENSG00000113645,WWC1,ww and c2 domain containing 1,Q8IX03,uniprot_swissprot,9606
uniprot:O75367,ENSG00000113648,MACROH2A1,macroh2a.1 histone,O75367,uniprot_swissprot,9606
uniprot:O14776,ENSG00000113649,TCERG1,transcription elongation regulator 1,O14776,uniprot_swissprot,9606
uniprot:Q14195,ENSG00000113657,DPYSL3,dihydropyrimidinase like 3,Q14195,uniprot_swissprot,9606
uniprot:P48729,ENSG00000113712,CSNK1A1,casein kinase 1 alpha 1,P48729,uniprot_swissprot,9606
uniprot:Q969X5,ENSG00000113719,ERGIC1,endoplasmic reticulum-golgi intermediate compartment 1,Q969X5,uniprot_swissprot,9606
uniprot:P09619,ENSG00000113721,PDGFRB,platelet derived growth factor receptor beta,P09619,uniprot_swissprot,9606
uniprot:P47902,ENSG00000113722,CDX1,caudal type homeobox 1,P47902,uniprot_swissprot,9606
uniprot:O15342,ENSG00000113732,ATP6V0E1,atpase h+ transporting v0 subunit e1,O15342,uniprot_swissprot,9606
uniprot:O76061,ENSG00000113739,STC2,stanniocalcin 2,O76061,uniprot_swissprot,9606
uniprot:Q17RY0,ENSG00000113742,CPEB4,cytoplasmic polyadenylation element binding protein 4,Q17RY0,uniprot_swissprot,9606
uniprot:P25021,ENSG00000113749,HRH2,histamine receptor h2,P25021,uniprot_swissprot,9606
uniprot:Q16643,ENSG00000113758,DBN1,drebrin 1,Q16643,uniprot_swissprot,9606
uniprot:Q6ZN44,ENSG00000113763,UNC5A,unc-5 netrin receptor a,Q6ZN44,uniprot_swissprot,9606
uniprot:Q08426,ENSG00000113790,EHHADH,enoyl-coa hydratase and 3-hydroxyacyl coa dehydrogenase,Q08426,uniprot_swissprot,9606
uniprot:Q9P232,ENSG00000113805,CNTN3,contactin 3,Q9P232,uniprot_swissprot,9606
uniprot:Q9NTJ3,ENSG00000113810,SMC4,structural maintenance of chromosomes 4,Q9NTJ3,uniprot_swissprot,9606
uniprot:Q96SW2,ENSG00000113851,CRBN,cereblon,Q96SW2,uniprot_swissprot,9606
uniprot:P01042,ENSG00000113889,KNG1,kininogen 1,P01042,uniprot_swissprot,9606
uniprot:P41182,ENSG00000113916,BCL6,bcl6 transcription repressor,P41182,uniprot_swissprot,9606
uniprot:Q7Z494,ENSG00000113971,NPHP3,nephrocystin 3,Q7Z494,uniprot_swissprot,9606
uniprot:P42081,ENSG00000114013,CD86,cd86 molecule,P42081,uniprot_swissprot,9606
uniprot:O15527,ENSG00000114026,OGG1,8-oxoguanine dna glycosylase,O15527,uniprot_swissprot,9606
uniprot:P05166,ENSG00000114054,PCCB,propionyl-coa carboxylase subunit beta,P05166,uniprot_swissprot,9606
uniprot:Q05086,ENSG00000114062,UBE3A,ubiquitin protein ligase e3a,Q05086,uniprot_swissprot,9606
uniprot:P09455,ENSG00000114115,RBP1,retinol binding protein 1,P09455,uniprot_swissprot,9606
uniprot:Q92831,ENSG00000114166,KAT2B,lysine acetyltransferase 2b,Q92831,uniprot_swissprot,9606
uniprot:P06276,ENSG00000114200,BCHE,butyrylcholinesterase,P06276,uniprot_swissprot,9606
uniprot:Q9BUL8,ENSG00000114209,PDCD10,programmed cell death 10,Q9BUL8,uniprot_swissprot,9606
uniprot:P41221,ENSG00000114251,WNT5A,wnt family member 5a,P41221,uniprot_swissprot,9606
uniprot:Q16877,ENSG00000114268,PFKFB4,"6-phosphofructo-2-kinase/fructose-2,6-biphosphatase 4",Q16877,uniprot_swissprot,9606
uniprot:Q02388,ENSG00000114270,COL7A1,collagen type vii alpha 1 chain,Q02388,uniprot_swissprot,9606
uniprot:Q14469,ENSG00000114315,HES1,hes family bhlh transcription factor 1,Q14469,uniprot_swissprot,9606
uniprot:Q13107,ENSG00000114316,USP4,ubiquitin specific peptidase 4,Q13107,uniprot_swissprot,9606
uniprot:Q9H8V3,ENSG00000114346,ECT2,epithelial cell transforming 2,Q9H8V3,uniprot_swissprot,9606
uniprot:Q92734,ENSG00000114354,TFG,trafficking from er to golgi regulator,Q92734,uniprot_swissprot,9606
uniprot:Q12794,ENSG00000114378,HYAL1,hyaluronidase 1,Q12794,uniprot_swissprot,9606
uniprot:Q9HBI5,ENSG00000114405,CEP15,centrosomal protein 15,Q9HBI5,uniprot_swissprot,9606
uniprot:P51114,ENSG00000114416,FXR1,fmr1 autosomal homolog 1,P51114,uniprot_swissprot,9606
uniprot:Q13191,ENSG00000114423,CBLB,cbl proto-oncogene b,Q13191,uniprot_swissprot,9606
uniprot:Q9HAV0,ENSG00000114450,GNB4,g protein subunit beta 4,Q9HAV0,uniprot_swissprot,9606
uniprot:Q9UM44,ENSG00000114455,HHLA2,hhla2 member of b7 family,Q9UM44,uniprot_swissprot,9606
uniprot:P11172,ENSG00000114491,UMPS,uridine monophosphate synthetase,P11172,uniprot_swissprot,9606
uniprot:Q9Y2L6,ENSG00000114541,FRMD4B,ferm domain containing 4b,Q9Y2L6,uniprot_swissprot,9606
uniprot:Q9UIW2,ENSG00000114554,PLXNA1,plexin a1,Q9UIW2,uniprot_swissprot,9606
uniprot:P38606,ENSG00000114573,ATP6V1A,atpase h+ transporting v1 subunit a,P38606,uniprot_swissprot,9606
uniprot:Q969K4,ENSG00000114626,ABTB1,ankyrin repeat and btb domain containing 1,Q969K4,uniprot_swissprot,9606
uniprot:Q9NZ53,ENSG00000114631,PODXL2,podocalyxin like 2,Q9NZ53,uniprot_swissprot,9606
uniprot:Q16644,ENSG00000114738,MAPKAPK3,mapk activated protein kinase 3,Q16644,uniprot_swissprot,9606
uniprot:Q13705,ENSG00000114739,ACVR2B,activin a receptor type 2b,Q13705,uniprot_swissprot,9606
uniprot:O15440,ENSG00000114770,ABCC5,atp binding cassette subfamily c member 5,O15440,uniprot_swissprot,9606
uniprot:O60739,ENSG00000114784,EIF1B,eukaryotic translation initiation factor 1b,O60739,uniprot_swissprot,9606
uniprot:Q96DR7,ENSG00000114790,ARHGEF26,rho guanine nucleotide exchange factor 26,Q96DR7,uniprot_swissprot,9606
uniprot:Q6TFL4,ENSG00000114796,KLHL24,kelch like family member 24,Q6TFL4,uniprot_swissprot,9606
uniprot:Q4KWH8,ENSG00000114805,PLCH1,phospholipase c eta 1,Q4KWH8,uniprot_swissprot,9606
uniprot:P63316,ENSG00000114854,TNNC1,"troponin c1, slow skeletal and cardiac type",P63316,uniprot_swissprot,9606
uniprot:P30414,ENSG00000114857,NKTR,natural killer cell triggering receptor,P30414,uniprot_swissprot,9606
uniprot:P51788,ENSG00000114859,CLCN2,chloride voltage-gated channel 2,P51788,uniprot_swissprot,9606
uniprot:Q9H334,ENSG00000114861,FOXP1,forkhead box p1,Q9H334,uniprot_swissprot,9606
uniprot:Q04637,ENSG00000114867,EIF4G1,eukaryotic translation initiation factor 4 gamma 1,Q04637,uniprot_swissprot,9606
uniprot:P51957,ENSG00000114904,NEK4,nima related kinase 4,P51957,uniprot_swissprot,9606
uniprot:Q16854,ENSG00000114956,DGUOK,deoxyguanosine kinase,Q16854,uniprot_swissprot,9606
uniprot:Q8NG68,ENSG00000114999,TTL,tubulin tyrosine ligase,Q8NG68,uniprot_swissprot,9606
uniprot:P01583,ENSG00000115008,IL1A,interleukin 1 alpha,P01583,uniprot_swissprot,9606
uniprot:P78556,ENSG00000115009,CCL20,c-c motif chemokine ligand 20,P78556,uniprot_swissprot,9606
uniprot:Q9Y2I7,ENSG00000115020,PIKFYVE,"phosphoinositide kinase, fyve-type zinc finger containing",Q9Y2I7,uniprot_swissprot,9606
uniprot:Q96GK7,ENSG00000115042,FAHD2A,fumarylacetoacetate hydrolase domain containing 2a,Q96GK7,uniprot_swissprot,9606
uniprot:P19338,ENSG00000115053,NUCLEOLIN,nucleolin multifunctional protein,P19338,uniprot_swissprot,9606
uniprot:P42025,ENSG00000115073,ACTR1B,actin related protein 1b,P42025,uniprot_swissprot,9606
uniprot:P61158,ENSG00000115091,ACTR3,actin related protein 3,P61158,uniprot_swissprot,9606
uniprot:Q658P3,ENSG00000115107,STEAP3,steap3 metalloreductase,Q658P3,uniprot_swissprot,9606
uniprot:Q9NZI6,ENSG00000115112,TFCP2L1,transcription factor cp2 like 1,Q9NZI6,uniprot_swissprot,9606
uniprot:Q9NZQ0,ENSG00000115137,DNAJC27,dnaj heat shock protein family (hsp40) member c27,Q9NZQ0,uniprot_swissprot,9606
uniprot:P01189,ENSG00000115138,POMC,proopiomelanocortin,P01189,uniprot_swissprot,9606
uniprot:P43304,ENSG00000115159,GPD2,glycerol-3-phosphate dehydrogenase 2,P43304,uniprot_swissprot,9606
uniprot:O60759,ENSG00000115165,CYTIP,cytohesin 1 interacting protein,O60759,uniprot_swissprot,9606
uniprot:Q04771,ENSG00000115170,ACVR1,activin a receptor type 1,Q04771,uniprot_swissprot,9606
uniprot:Q99726,ENSG00000115194,SLC30A3,solute carrier family 30 member 3,Q99726,uniprot_swissprot,9606
uniprot:Q9UI10,ENSG00000115211,EIF2B4,eukaryotic translation initiation factor 2b subunit delta,Q9UI10,uniprot_swissprot,9606
uniprot:Q9UHY1,ENSG00000115216,NRBP1,nuclear receptor binding protein 1,Q9UHY1,uniprot_swissprot,9606
uniprot:P18564,ENSG00000115221,ITGB6,integrin subunit beta 6,P18564,uniprot_swissprot,9606
uniprot:P13612,ENSG00000115232,ITGA4,integrin subunit alpha 4,P13612,uniprot_swissprot,9606
uniprot:O00487,ENSG00000115233,PSMD14,"proteasome 26s subunit, non-atpase 14",O00487,uniprot_swissprot,9606
uniprot:Q15036,ENSG00000115234,SNX17,sorting nexin 17,Q15036,uniprot_swissprot,9606
uniprot:Q9Y575,ENSG00000115239,ASB3,ankyrin repeat and socs box containing 3,Q9Y575,uniprot_swissprot,9606
uniprot:P54750,ENSG00000115252,PDE1A,phosphodiesterase 1a,P54750,uniprot_swissprot,9606
uniprot:Q6UW60,ENSG00000115257,PCSK4,proprotein convertase subtilisin/kexin type 4,Q6UW60,uniprot_swissprot,9606
uniprot:P01275,ENSG00000115263,GCG,glucagon,P01275,uniprot_swissprot,9606
uniprot:O95996,ENSG00000115266,APC2,apc regulator of wnt signaling pathway 2,O95996,uniprot_swissprot,9606
uniprot:Q9BYX4,ENSG00000115267,IFIH1,interferon induced with helicase c domain 1,Q9BYX4,uniprot_swissprot,9606
uniprot:P28676,ENSG00000115271,GCA,grancalcin,P28676,uniprot_swissprot,9606
uniprot:O75251,ENSG00000115286,NDUFS7,nadh:ubiquinone oxidoreductase core subunit s7,O75251,uniprot_swissprot,9606
uniprot:Q14449,ENSG00000115290,GRB14,growth factor receptor bound protein 14,Q14449,uniprot_swissprot,9606
uniprot:Q01082,ENSG00000115306,SPTBN1,"spectrin beta, non-erythrocytic 1",Q01082,uniprot_swissprot,9606
uniprot:Q9NQC3,ENSG00000115310,RTN4,reticulon 4,Q9NQC3,uniprot_swissprot,9606
uniprot:O43464,ENSG00000115317,HTRA2,htra serine peptidase 2,O43464,uniprot_swissprot,9606
uniprot:Q14435,ENSG00000115339,GALNT3,polypeptide n-acetylgalactosaminyltransferase 3,Q14435,uniprot_swissprot,9606
uniprot:P25103,ENSG00000115353,TACR1,tachykinin receptor 1,P25103,uniprot_swissprot,9606
uniprot:Q3V6T2,ENSG00000115355,CCDC88A,coiled-coil and hook domain protein 88a,Q3V6T2,uniprot_swissprot,9606
uniprot:Q12805,ENSG00000115380,EFEMP1,egf-like fibulin extracellular matrix protein 1,Q12805,uniprot_swissprot,9606
uniprot:Q9NW38,ENSG00000115392,FANCL,fa complementation group l,Q9NW38,uniprot_swissprot,9606
uniprot:P02751,ENSG00000115414,FN1,fibronectin 1,P02751,uniprot_swissprot,9606
uniprot:P42224,ENSG00000115415,STAT1,signal transducer and activator of transcription 1,P42224,uniprot_swissprot,9606
uniprot:O94925,ENSG00000115419,GLS,glutaminase,O94925,uniprot_swissprot,9606
uniprot:Q9BWT3,ENSG00000115421,PAPOLG,poly(a) polymerase gamma,Q9BWT3,uniprot_swissprot,9606
uniprot:Q9C0G6,ENSG00000115423,DNAH6,dynein axonemal heavy chain 6,Q9C0G6,uniprot_swissprot,9606
uniprot:P18065,ENSG00000115457,IGFBP2,insulin like growth factor binding protein 2,P18065,uniprot_swissprot,9606
uniprot:P24593,ENSG00000115461,IGFBP5,insulin like growth factor binding protein 5,P24593,uniprot_swissprot,9606
uniprot:Q70CQ2,ENSG00000115464,USP34,ubiquitin specific peptidase 34,Q70CQ2,uniprot_swissprot,9606
uniprot:Q9BUP0,ENSG00000115468,EFHD1,ef-hand domain family member d1,Q9BUP0,uniprot_swissprot,9606
uniprot:O60928,ENSG00000115474,KCNJ13,potassium inwardly rectifying channel subfamily j member 13,O60928,uniprot_swissprot,9606
uniprot:P38435,ENSG00000115486,GGCX,gamma-glutamyl carboxylase,P38435,uniprot_swissprot,9606
uniprot:Q8NDI1,ENSG00000115504,EHBP1,eh domain binding protein 1,Q8NDI1,uniprot_swissprot,9606
uniprot:Q9H8M1,ENSG00000115520,COQ10B,coenzyme q10b,Q9H8M1,uniprot_swissprot,9606
uniprot:O75533,ENSG00000115524,SF3B1,splicing factor 3b subunit 1,O75533,uniprot_swissprot,9606
uniprot:Q9Y4C1,ENSG00000115548,KDM3A,lysine demethylase 3a,Q9Y4C1,uniprot_swissprot,9606
uniprot:P27930,ENSG00000115590,IL1R2,interleukin 1 receptor type 2,P27930,uniprot_swissprot,9606
uniprot:Q9UGI9,ENSG00000115592,PRKAG3,protein kinase amp-activated non-catalytic subunit gamma 3,Q9UGI9,uniprot_swissprot,9606
uniprot:P14778,ENSG00000115594,IL1R1,interleukin 1 receptor type 1,P14778,uniprot_swissprot,9606
uniprot:Q9Y6F9,ENSG00000115596,WNT6,wnt family member 6,Q9Y6F9,uniprot_swissprot,9606
uniprot:Q9HB29,ENSG00000115598,IL1RL2,interleukin 1 receptor like 2,Q9HB29,uniprot_swissprot,9606
uniprot:Q01638,ENSG00000115602,IL1RL1,interleukin 1 receptor like 1,Q01638,uniprot_swissprot,9606
uniprot:Q13478,ENSG00000115604,IL18R1,interleukin 18 receptor 1,Q13478,uniprot_swissprot,9606
uniprot:O95256,ENSG00000115607,IL18RAP,interleukin 18 receptor accessory protein,O95256,uniprot_swissprot,9606
uniprot:Q9UBY0,ENSG00000115616,SLC9A2,solute carrier family 9 member a2,Q9UBY0,uniprot_swissprot,9606
uniprot:Q14192,ENSG00000115641,FHL2,four and a half lim domains 2,Q14192,uniprot_swissprot,9606
uniprot:Q9BV36,ENSG00000115648,MLPH,melanophilin,Q9BV36,uniprot_swissprot,9606
uniprot:Q8NBZ7,ENSG00000115652,UXS1,udp-glucuronate decarboxylase 1,Q8NBZ7,uniprot_swissprot,9606
uniprot:Q00341,ENSG00000115677,HDLBP,high density lipoprotein binding protein,Q00341,uniprot_swissprot,9606
uniprot:Q96RG2,ENSG00000115687,PASK,pas domain containing serine/threonine kinase,Q96RG2,uniprot_swissprot,9606
uniprot:O00506,ENSG00000115694,STK25,serine/threonine kinase 25,O00506,uniprot_swissprot,9606
uniprot:Q02363,ENSG00000115738,ID2,inhibitor of dna binding 2,Q02363,uniprot_swissprot,9606
uniprot:P37235,ENSG00000115756,HPCAL1,hippocalcin like 1,P37235,uniprot_swissprot,9606
uniprot:P11926,ENSG00000115758,ODC1,ornithine decarboxylase 1,P11926,uniprot_swissprot,9606
uniprot:Q9NR09,ENSG00000115760,BIRC6,baculoviral iap repeat containing 6,Q9NR09,uniprot_swissprot,9606
uniprot:Q9H8Y8,ENSG00000115806,GORASP2,golgi reassembly stacking protein 2,Q9H8Y8,uniprot_swissprot,9606
uniprot:O43815,ENSG00000115808,STRN,striatin,O43815,uniprot_swissprot,9606
uniprot:Q03701,ENSG00000115816,CEBPZ,ccaat enhancer binding protein zeta,Q03701,uniprot_swissprot,9606
uniprot:O94806,ENSG00000115825,PRKD3,protein kinase d3,O94806,uniprot_swissprot,9606
uniprot:Q16769,ENSG00000115828,QPCT,glutaminyl-peptide cyclotransferase,Q16769,uniprot_swissprot,9606
uniprot:Q96LZ7,ENSG00000115841,RMDN2,regulator of microtubule dynamics 2,Q96LZ7,uniprot_swissprot,9606
uniprot:Q07687,ENSG00000115844,DLX2,distal-less homeobox 2,Q07687,uniprot_swissprot,9606
uniprot:P09848,ENSG00000115850,LCT,lactase,P09848,uniprot_swissprot,9606
uniprot:P18827,ENSG00000115884,SDC1,syndecan 1,P18827,uniprot_swissprot,9606
uniprot:Q15111,ENSG00000115896,PLCL1,phospholipase c like 1 (inactive),Q15111,uniprot_swissprot,9606
uniprot:P43007,ENSG00000115902,SLC1A4,solute carrier family 1 member 4,P43007,uniprot_swissprot,9606
uniprot:Q07889,ENSG00000115904,SOS1,sos ras/rac guanine nucleotide exchange factor 1,Q07889,uniprot_swissprot,9606
uniprot:O43516,ENSG00000115935,WIPF1,was/wasl interacting protein family member 1,O43516,uniprot_swissprot,9606
uniprot:O14548,ENSG00000115944,COX7A2L,cytochrome c oxidase subunit 7a2 like,O14548,uniprot_swissprot,9606
uniprot:Q9NRX1,ENSG00000115946,PNO1,partner of nob1 homolog,Q9NRX1,uniprot_swissprot,9606
uniprot:O43929,ENSG00000115947,ORC4,origin recognition complex subunit 4,O43929,uniprot_swissprot,9606
uniprot:P61587,ENSG00000115963,RND3,rho family gtpase 3,P61587,uniprot_swissprot,9606
uniprot:P15336,ENSG00000115966,ATF2,activating transcription factor 2,P15336,uniprot_swissprot,9606
uniprot:Q6YHU6,ENSG00000115970,THADA,thada armadillo repeat containing,Q6YHU6,uniprot_swissprot,9606
uniprot:Q2M2I8,ENSG00000115977,AAK1,ap2 associated kinase 1,Q2M2I8,uniprot_swissprot,9606
uniprot:O60296,ENSG00000115993,TRAK2,trafficking kinesin protein 2,O60296,uniprot_swissprot,9606
uniprot:Q9NWW7,ENSG00000115998,C2ORF42,chromosome 2 open reading frame 42,Q9NWW7,uniprot_swissprot,9606
uniprot:Q99814,ENSG00000116016,EPAS1,endothelial pas domain protein 1,Q99814,uniprot_swissprot,9606
uniprot:O60391,ENSG00000116032,GRIN3B,glutamate ionotropic receptor nmda type subunit 3b,O60391,uniprot_swissprot,9606
uniprot:Q16236,ENSG00000116044,NFE2L2,nfe2 like bzip transcription factor 2,Q16236,uniprot_swissprot,9606
uniprot:P52701,ENSG00000116062,MSH6,muts homolog 6,P52701,uniprot_swissprot,9606
uniprot:Q9HB20,ENSG00000116095,PLEKHA3,pleckstrin homology domain containing a3,Q9HB20,uniprot_swissprot,9606
uniprot:P54764,ENSG00000116106,EPHA4,eph receptor a4,P54764,uniprot_swissprot,9606
uniprot:Q8TEW8,ENSG00000116117,PARD3B,par-3 family cell polarity regulator beta,Q8TEW8,uniprot_swissprot,9606
uniprot:Q8TCU4,ENSG00000116127,ALMS1,alms1 centrosome and basal body associated protein,Q8TCU4,uniprot_swissprot,9606
uniprot:O00512,ENSG00000116128,BCL9,bcl9 transcription coactivator,O00512,uniprot_swissprot,9606
uniprot:P54821,ENSG00000116132,PRRX1,paired related homeobox 1,P54821,uniprot_swissprot,9606
uniprot:Q9P0L2,ENSG00000116141,MARK1,microtubule affinity regulating kinase 1,Q9P0L2,uniprot_swissprot,9606
uniprot:Q9HB71,ENSG00000116161,CACYBP,calcyclin binding protein,Q9HB71,uniprot_swissprot,9606
uniprot:Q9BXP8,ENSG00000116183,PAPPA2,pappalysin 2,Q9BXP8,uniprot_swissprot,9606
uniprot:O95841,ENSG00000116194,ANGPTL1,angiopoietin like 1,O95841,uniprot_swissprot,9606
uniprot:O75063,ENSG00000116199,FAM20B,fam20b glycosaminoglycan xylosylkinase,O75063,uniprot_swissprot,9606
uniprot:P35268,ENSG00000116251,RPL22,ribosomal protein l22,P35268,uniprot_swissprot,9606
uniprot:Q8TDI0,ENSG00000116254,CHD5,chromodomain helicase dna binding protein 5,Q8TDI0,uniprot_swissprot,9606
uniprot:Q86YI8,ENSG00000116273,PHF13,phd finger protein 13,Q86YI8,uniprot_swissprot,9606
uniprot:Q99497,ENSG00000116288,PARK7,parkinsonism associated deglycase,Q99497,uniprot_swissprot,9606
uniprot:P41143,ENSG00000116329,OPRD1,opioid receptor delta 1,P41143,uniprot_swissprot,9606
uniprot:Q9BV79,ENSG00000116353,MECR,mitochondrial trans-2-enoyl-coa reductase,Q9BV79,uniprot_swissprot,9606
uniprot:Q9BZQ6,ENSG00000116406,EDEM3,er degradation enhancing alpha-mannosidase like protein 3,Q9BZQ6,uniprot_swissprot,9606
uniprot:Q9BQA1,ENSG00000116455,WDR77,wd repeat domain 77,Q9BQA1,uniprot_swissprot,9606
uniprot:P62834,ENSG00000116473,RAP1A,"rap1a, member of ras oncogene family",P62834,uniprot_swissprot,9606
uniprot:Q13547,ENSG00000116478,HDAC1,histone deacetylase 1,Q13547,uniprot_swissprot,9606
uniprot:P52907,ENSG00000116489,CAPZA1,capping actin protein of muscle z-line subunit alpha 1,P52907,uniprot_swissprot,9606
uniprot:Q96BU1,ENSG00000116497,S100PBP,s100p binding protein,Q96BU1,uniprot_swissprot,9606
uniprot:O14828,ENSG00000116521,SCAMP3,secretory carrier membrane protein 3,O14828,uniprot_swissprot,9606
uniprot:Q9BVG3,ENSG00000116525,TRIM62,tripartite motif containing 62,Q9BVG3,uniprot_swissprot,9606
uniprot:P23246,ENSG00000116560,SFPQ,splicing factor proline and glutamine rich,P23246,uniprot_swissprot,9606
uniprot:Q7L0Q8,ENSG00000116574,RHOU,ras homolog family member u,Q7L0Q8,uniprot_swissprot,9606
uniprot:Q96N67,ENSG00000116641,DOCK7,dedicator of cytokinesis 7,Q96N67,uniprot_swissprot,9606
uniprot:Q9H246,ENSG00000116667,C1ORF21,chromosome 1 open reading frame 21,Q9H246,uniprot_swissprot,9606
uniprot:Q9UI95,ENSG00000116670,MAD2L2,mitotic arrest deficient 2 like 2,Q9UI95,uniprot_swissprot,9606
uniprot:P48357,ENSG00000116678,LEPR,leptin receptor,P48357,uniprot_swissprot,9606
uniprot:Q9Y6Y0,ENSG00000116679,IVNS1ABP,influenza virus ns1a binding protein,Q9Y6Y0,uniprot_swissprot,9606
uniprot:Q8IYS2,ENSG00000116685,KIAA2013,kiaa2013,Q8IYS2,uniprot_swissprot,9606
uniprot:O95140,ENSG00000116688,MFN2,mitofusin 2,O95140,uniprot_swissprot,9606
uniprot:Q92954,ENSG00000116690,PRG4,proteoglycan 4,Q92954,uniprot_swissprot,9606
uniprot:Q5JXC2,ENSG00000116691,MIIP,migration and invasion inhibitory protein,Q5JXC2,uniprot_swissprot,9606
uniprot:P19878,ENSG00000116701,NCF2,neutrophil cytosolic factor 2,P19878,uniprot_swissprot,9606
uniprot:P47712,ENSG00000116711,PLA2G4A,phospholipase a2 group iva,P47712,uniprot_swissprot,9606
uniprot:P24522,ENSG00000116717,GADD45A,growth arrest and dna damage inducible alpha,P24522,uniprot_swissprot,9606
uniprot:Q13029,ENSG00000116731,PRDM2,pr/set domain 2,Q13029,uniprot_swissprot,9606
uniprot:P41220,ENSG00000116741,RGS2,regulator of g protein signaling 2,P41220,uniprot_swissprot,9606
uniprot:P32929,ENSG00000116761,CTH,cystathionine gamma-lyase,P32929,uniprot_swissprot,9606
uniprot:Q8IWE5,ENSG00000116786,PLEKHM2,pleckstrin homology and run domain containing m2,Q8IWE5,uniprot_swissprot,9606
uniprot:Q9UMS5,ENSG00000116793,PHTF1,putative homeodomain transcription factor 1,Q9UMS5,uniprot_swissprot,9606
uniprot:P06729,ENSG00000116824,CD2,cd2 molecule,P06729,uniprot_swissprot,9606
uniprot:O00482,ENSG00000116833,NR5A2,nuclear receptor subfamily 5 group a member 2,O00482,uniprot_swissprot,9606
uniprot:O75037,ENSG00000116852,KIF21B,kinesin family member 21b,O75037,uniprot_swissprot,9606
uniprot:Q9UGM6,ENSG00000116874,WARS2,"tryptophanyl trna synthetase 2, mitochondrial",Q9UGM6,uniprot_swissprot,9606
uniprot:P82914,ENSG00000116898,MRPS15,mitochondrial ribosomal protein s15,P82914,uniprot_swissprot,9606
uniprot:O15228,ENSG00000116906,GNPAT,glyceronephosphate o-acyltransferase,O15228,uniprot_swissprot,9606
uniprot:P14543,ENSG00000116962,NID1,nidogen 1,P14543,uniprot_swissprot,9606
uniprot:O00214,ENSG00000116977,LGALS8,galectin 8,O00214,uniprot_swissprot,9606
uniprot:P34820,ENSG00000116985,BMP8B,bone morphogenetic protein 8b,P34820,uniprot_swissprot,9606
uniprot:P12524,ENSG00000116990,MYCL,"mycl proto-oncogene, bhlh transcription factor",P12524,uniprot_swissprot,9606
uniprot:Q9P2F8,ENSG00000116991,SIPA1L2,signal induced proliferation associated 1 like 2,Q9P2F8,uniprot_swissprot,9606
uniprot:O15229,ENSG00000117009,KMO,kynurenine 3-monooxygenase,O15229,uniprot_swissprot,9606
uniprot:P56696,ENSG00000117013,KCNQ4,potassium voltage-gated channel subfamily q member 4,P56696,uniprot_swissprot,9606
uniprot:Q9Y243,ENSG00000117020,AKT3,akt serine/threonine kinase 3,Q9Y243,uniprot_swissprot,9606
uniprot:Q13291,ENSG00000117090,SLAMF1,signaling lymphocytic activation molecule family member 1,Q13291,uniprot_swissprot,9606
uniprot:O95490,ENSG00000117114,ADGRL2,adhesion g protein-coupled receptor l2,O95490,uniprot_swissprot,9606
uniprot:Q9Y2J8,ENSG00000117115,PADI2,peptidyl arginine deiminase 2,Q9Y2J8,uniprot_swissprot,9606
uniprot:P21912,ENSG00000117118,SDHB,succinate dehydrogenase complex iron sulfur subunit b,P21912,uniprot_swissprot,9606
uniprot:P55001,ENSG00000117122,MFAP2,microfibril associated protein 2,P55001,uniprot_swissprot,9606
uniprot:Q9H9Y2,ENSG00000117133,RPF1,ribosome production factor 1 homolog,Q9H9Y2,uniprot_swissprot,9606
uniprot:Q9UGL1,ENSG00000117139,KDM5B,lysine demethylase 5b,Q9UGL1,uniprot_swissprot,9606
uniprot:Q96ID5,ENSG00000117154,IGSF21,immunoglobin superfamily member 21,Q96ID5,uniprot_swissprot,9606
uniprot:Q9Y2D8,ENSG00000117155,SSX2IP,ssx family member 2 interacting protein,Q9Y2D8,uniprot_swissprot,9606
uniprot:Q15291,ENSG00000117222,RBBP5,"rb binding protein 5, histone lysine methyltransferase complex subunit",Q15291,uniprot_swissprot,9606
uniprot:P32455,ENSG00000117228,GBP1,guanylate binding protein 1,P32455,uniprot_swissprot,9606
uniprot:O14966,ENSG00000117280,RAB29,"rab29, member ras oncogene family",O14966,uniprot_swissprot,9606
uniprot:P42892,ENSG00000117298,ECE1,endothelin converting enzyme 1,P42892,uniprot_swissprot,9606
uniprot:Q02535,ENSG00000117318,ID3,inhibitor of dna binding 3,Q02535,uniprot_swissprot,9606
uniprot:P15529,ENSG00000117335,CD46,cd46 molecule,P15529,uniprot_swissprot,9606
uniprot:Q96BI3,ENSG00000117362,APH1A,aph-1a gamma-secretase subunit,Q96BI3,uniprot_swissprot,9606
uniprot:P11166,ENSG00000117394,SLC2A1,solute carrier family 2 member 1,P11166,uniprot_swissprot,9606
uniprot:Q99848,ENSG00000117395,EBNA1BP2,ebna1 binding protein 2,Q99848,uniprot_swissprot,9606
uniprot:Q12834,ENSG00000117399,CDC20,cell division cycle 20,Q12834,uniprot_swissprot,9606
uniprot:P40238,ENSG00000117400,MPL,"mpl proto-oncogene, thrombopoietin receptor",P40238,uniprot_swissprot,9606
uniprot:O94829,ENSG00000117408,IPO13,importin 13,O94829,uniprot_swissprot,9606
uniprot:O60909,ENSG00000117411,B4GALT2,"beta-1,4-galactosyltransferase 2",O60909,uniprot_swissprot,9606
uniprot:Q9Y6C5,ENSG00000117425,PTCH2,patched 2,Q9Y6C5,uniprot_swissprot,9606
uniprot:Q06830,ENSG00000117450,PRDX1,peroxiredoxin 1,Q06830,uniprot_swissprot,9606
uniprot:Q92569,ENSG00000117461,PIK3R3,phosphoinositide-3-kinase regulatory subunit 3,Q92569,uniprot_swissprot,9606
uniprot:O60635,ENSG00000117472,TSPAN1,tetraspanin 1,O60635,uniprot_swissprot,9606
uniprot:O00519,ENSG00000117480,FAAH,fatty acid amide hydrolase,O00519,uniprot_swissprot,9606
uniprot:Q96CB9,ENSG00000117481,NSUN4,nop2/sun rna methyltransferase 4,Q96CB9,uniprot_swissprot,9606
uniprot:Q9Y3A6,ENSG00000117500,TMED5,transmembrane p24 trafficking protein 5,Q9Y3A6,uniprot_swissprot,9606
uniprot:P13726,ENSG00000117525,F3,"coagulation factor iii, tissue factor",P13726,uniprot_swissprot,9606
uniprot:P48023,ENSG00000117560,FASLG,fas ligand,P48023,uniprot_swissprot,9606
uniprot:Q9UKA9,ENSG00000117569,PTBP2,polypyrimidine tract binding protein 2,Q9UKA9,uniprot_swissprot,9606
uniprot:P23510,ENSG00000117586,TNFSF4,tnf superfamily member 4,P23510,uniprot_swissprot,9606
uniprot:P30041,ENSG00000117592,PRDX6,peroxiredoxin 6,P30041,uniprot_swissprot,9606
uniprot:Q6PI48,ENSG00000117593,DARS2,"aspartyl-trna synthetase 2, mitochondrial",Q6PI48,uniprot_swissprot,9606
uniprot:P28845,ENSG00000117594,HSD11B1,hydroxysteroid 11-beta dehydrogenase 1,P28845,uniprot_swissprot,9606
uniprot:O14896,ENSG00000117595,IRF6,interferon regulatory factor 6,O14896,uniprot_swissprot,9606
uniprot:P01008,ENSG00000117601,SERPINC1,serpin family c member 1,P01008,uniprot_swissprot,9606
uniprot:Q9BUV0,ENSG00000117616,RSRP1,arginine and serine rich protein 1,Q9BUV0,uniprot_swissprot,9606
uniprot:P16949,ENSG00000117632,STMN1,stathmin 1,P16949,uniprot_swissprot,9606
uniprot:Q9NR34,ENSG00000117643,MAN1C1,mannosidase alpha class 1c member 1,Q9NR34,uniprot_swissprot,9606
uniprot:P51955,ENSG00000117650,NEK2,nima related kinase 2,P51955,uniprot_swissprot,9606
uniprot:Q15418,ENSG00000117676,RPS6KA1,ribosomal protein s6 kinase a1,Q15418,uniprot_swissprot,9606
uniprot:Q86SQ9,ENSG00000117682,DHDDS,dehydrodolichyl diphosphate synthase subunit,Q86SQ9,uniprot_swissprot,9606
uniprot:Q92786,ENSG00000117707,PROX1,prospero homeobox 1,Q92786,uniprot_swissprot,9606
uniprot:O14497,ENSG00000117713,ARID1A,at-rich interaction domain 1a,O14497,uniprot_swissprot,9606
uniprot:P49454,ENSG00000117724,CENPF,centromere protein f,P49454,uniprot_swissprot,9606
uniprot:Q96SU4,ENSG00000117859,OSBPL9,oxysterol binding protein like 9,Q96SU4,uniprot_swissprot,9606
uniprot:O95881,ENSG00000117862,TXNDC12,thioredoxin domain containing 12,O95881,uniprot_swissprot,9606
uniprot:O15446,ENSG00000117877,POLR1G,rna polymerase i subunit g,O15446,uniprot_swissprot,9606
uniprot:P30926,ENSG00000117971,CHRNB4,cholinergic receptor nicotinic beta 4 subunit,P30926,uniprot_swissprot,9606
uniprot:Q9HC84,ENSG00000117983,MUC5B,"mucin 5b, oligomeric mucus/gel-forming",Q9HC84,uniprot_swissprot,9606
uniprot:P07339,ENSG00000117984,CTSD,cathepsin d,P07339,uniprot_swissprot,9606
uniprot:Q9BWP8,ENSG00000118004,COLEC11,collectin subfamily member 11,Q9BWP8,uniprot_swissprot,9606
uniprot:Q8WVM7,ENSG00000118007,STAG1,stag1 cohesin complex component,Q8WVM7,uniprot_swissprot,9606
uniprot:Q15831,ENSG00000118046,STK11,serine/threonine kinase 11,Q15831,uniprot_swissprot,9606
uniprot:Q03164,ENSG00000118058,KMT2A,lysine methyltransferase 2a,Q03164,uniprot_swissprot,9606
uniprot:O43280,ENSG00000118094,TREH,trehalase,O43280,uniprot_swissprot,9606
uniprot:P22894,ENSG00000118113,MMP8,matrix metallopeptidase 8,P22894,uniprot_swissprot,9606
uniprot:P02647,ENSG00000118137,APOA1,apolipoprotein a1,P02647,uniprot_swissprot,9606
uniprot:Q15058,ENSG00000118193,KIF14,kinesin family member 14,Q15058,uniprot_swissprot,9606
uniprot:P45379,ENSG00000118194,TNNT2,"troponin t2, cardiac type",P45379,uniprot_swissprot,9606
uniprot:Q5T1V6,ENSG00000118197,DDX59,dead-box helicase 59,Q5T1V6,uniprot_swissprot,9606
uniprot:P18850,ENSG00000118217,ATF6,activating transcription factor 6,P18850,uniprot_swissprot,9606
uniprot:P09430,ENSG00000118245,TNP1,transition protein 1,P09430,uniprot_swissprot,9606
uniprot:O60462,ENSG00000118257,NRP2,neuropilin 2,O60462,uniprot_swissprot,9606
uniprot:P16220,ENSG00000118260,CREB1,camp responsive element binding protein 1,P16220,uniprot_swissprot,9606
uniprot:O75840,ENSG00000118263,KLF7,klf transcription factor 7,O75840,uniprot_swissprot,9606
uniprot:P02766,ENSG00000118271,TTR,transthyretin,P02766,uniprot_swissprot,9606
uniprot:O94823,ENSG00000118322,ATP10B,atpase phospholipid transporting 10b (putative),O94823,uniprot_swissprot,9606
uniprot:Q15005,ENSG00000118363,SPCS2,signal peptidase complex subunit 2,Q15005,uniprot_swissprot,9606
uniprot:Q9P2H5,ENSG00000118369,USP35,ubiquitin specific peptidase 35,Q9P2H5,uniprot_swissprot,9606
uniprot:Q15651,ENSG00000118418,HMGN3,high mobility group nucleosomal binding domain 3,Q15651,uniprot_swissprot,9606
uniprot:P21554,ENSG00000118432,CNR1,cannabinoid receptor 1,P21554,uniprot_swissprot,9606
uniprot:Q8N6S4,ENSG00000118454,ANKRD13C,ankyrin repeat domain 13c,Q8N6S4,uniprot_swissprot,9606
uniprot:Q9BQI5,ENSG00000118473,SGIP1,sh3gl interacting endocytic adaptor 1,Q9BQI5,uniprot_swissprot,9606
uniprot:Q92576,ENSG00000118482,PHF3,phd finger protein 3,Q92576,uniprot_swissprot,9606
uniprot:Q9UM63,ENSG00000118495,PLAGL1,plag1 like zinc finger 1,Q9UM63,uniprot_swissprot,9606
uniprot:P21580,ENSG00000118503,TNFAIP3,tnf alpha induced protein 3,P21580,uniprot_swissprot,9606
uniprot:P10242,ENSG00000118513,MYB,"myb proto-oncogene, transcription factor",P10242,uniprot_swissprot,9606
uniprot:Q9H2A2,ENSG00000118514,ALDH8A1,aldehyde dehydrogenase 8 family member a1,Q9H2A2,uniprot_swissprot,9606
uniprot:O00141,ENSG00000118515,SGK1,serum/glucocorticoid regulated kinase 1,O00141,uniprot_swissprot,9606
uniprot:P05089,ENSG00000118520,ARG1,arginase 1,P05089,uniprot_swissprot,9606
uniprot:P29279,ENSG00000118523,CCN2,cellular communication network factor 2,P29279,uniprot_swissprot,9606
uniprot:O43680,ENSG00000118526,TCF21,transcription factor 21,O43680,uniprot_swissprot,9606
uniprot:Q8TBY8,ENSG00000118557,PMFBP1,polyamine modulated factor 1 binding protein 1,Q8TBY8,uniprot_swissprot,9606
uniprot:Q9H204,ENSG00000118579,MED28,mediator complex subunit 28,Q9H204,uniprot_swissprot,9606
uniprot:O60669,ENSG00000118596,SLC16A7,solute carrier family 16 member 7,O60669,uniprot_swissprot,9606
uniprot:Q9BV40,ENSG00000118640,VAMP8,vesicle associated membrane protein 8,Q9BV40,uniprot_swissprot,9606
uniprot:Q9H816,ENSG00000118655,DCLRE1B,dna cross-link repair 1b,Q9H816,uniprot_swissprot,9606
uniprot:O43524,ENSG00000118689,FOXO3,forkhead box o3,O43524,uniprot_swissprot,9606
uniprot:Q8NEN0,ENSG00000118690,ARMC2,armadillo repeat containing 2,Q8NEN0,uniprot_swissprot,9606
uniprot:P04844,ENSG00000118705,RPN2,ribophorin ii,P04844,uniprot_swissprot,9606
uniprot:Q96PB7,ENSG00000118733,OLFM3,olfactomedin 3,Q96PB7,uniprot_swissprot,9606
uniprot:Q13563,ENSG00000118762,PKD2,"polycystin 2, transient receptor potential cation channel",Q13563,uniprot_swissprot,9606
uniprot:Q9UNQ0,ENSG00000118777,ABCG2,atp binding cassette subfamily g member 2 (jr blood group),Q9UNQ0,uniprot_swissprot,9606
uniprot:P10451,ENSG00000118785,SPP1,secreted phosphoprotein 1,P10451,uniprot_swissprot,9606
uniprot:P49788,ENSG00000118849,RARRES1,retinoic acid receptor responder 1,P49788,uniprot_swissprot,9606
uniprot:Q96G04,ENSG00000118894,EEF2KMT,eukaryotic elongation factor 2 lysine methyltransferase,Q96G04,uniprot_swissprot,9606
uniprot:O60437,ENSG00000118898,PPL,periplakin,O60437,uniprot_swissprot,9606
uniprot:Q9NPG3,ENSG00000118900,UBN1,ubinuclein 1,Q9NPG3,uniprot_swissprot,9606
uniprot:Q9Y4X4,ENSG00000118922,KLF12,klf transcription factor 12,Q9Y4X4,uniprot_swissprot,9606
uniprot:O14917,ENSG00000118946,PCDH17,protocadherin 17,O14917,uniprot_swissprot,9606
uniprot:Q9H6V9,ENSG00000118961,LDAH,lipid droplet associated hydrolase,Q9H6V9,uniprot_swissprot,9606
uniprot:P30279,ENSG00000118971,CCND2,cyclin d2,P30279,uniprot_swissprot,9606
uniprot:Q9GZV9,ENSG00000118972,FGF23,fibroblast growth factor 23,Q9GZV9,uniprot_swissprot,9606
uniprot:Q8WXX0,ENSG00000118997,DNAH7,dynein axonemal heavy chain 7,Q8WXX0,uniprot_swissprot,9606
uniprot:O43676,ENSG00000119013,NDUFB3,nadh:ubiquinone oxidoreductase subunit b3,O43676,uniprot_swissprot,9606
uniprot:Q9UPW6,ENSG00000119042,SATB2,satb homeobox 2,Q9UPW6,uniprot_swissprot,9606
uniprot:Q9BX84,ENSG00000119121,TRPM6,transient receptor potential cation channel subfamily m member 6,Q9BX84,uniprot_swissprot,9606
uniprot:Q9Y2T3,ENSG00000119125,GDA,guanine deaminase,Q9Y2T3,uniprot_swissprot,9606
uniprot:Q13886,ENSG00000119138,KLF9,klf transcription factor 9,Q13886,uniprot_swissprot,9606
uniprot:Q9UDY2,ENSG00000119139,TJP2,tight junction protein 2,Q9UDY2,uniprot_swissprot,9606
uniprot:Q9H1Z8,ENSG00000119147,ECRG4,ecrg4 augurin precursor,Q9H1Z8,uniprot_swissprot,9606
uniprot:Q9UKF6,ENSG00000119203,CPSF3,cleavage and polyadenylation specific factor 3,Q9UKF6,uniprot_swissprot,9606
uniprot:Q53HC0,ENSG00000119242,CCDC92,coiled-coil domain containing 92,Q53HC0,uniprot_swissprot,9606
uniprot:Q9H583,ENSG00000119285,HEATR1,heat repeat containing 1,Q9H583,uniprot_swissprot,9606
uniprot:O95758,ENSG00000119314,PTBP3,polypyrimidine tract binding protein 3,O95758,uniprot_swissprot,9606
uniprot:P54727,ENSG00000119318,RAD23B,rad23 nucleotide excision repair protein b,P54727,uniprot_swissprot,9606
uniprot:Q9UBT7,ENSG00000119326,CTNNAL1,catenin alpha like 1,Q9UBT7,uniprot_swissprot,9606
uniprot:Q01105,ENSG00000119335,SET,set nuclear proto-oncogene,Q01105,uniprot_swissprot,9606
uniprot:Q15257,ENSG00000119383,PTPA,protein phosphatase 2 phosphatase activator,Q15257,uniprot_swissprot,9606
uniprot:Q7Z7A1,ENSG00000119397,CNTRL,centriolin,Q7Z7A1,uniprot_swissprot,9606
uniprot:Q13049,ENSG00000119401,TRIM32,tripartite motif containing 32,Q13049,uniprot_swissprot,9606
uniprot:Q5T6S3,ENSG00000119403,PHF19,phd finger protein 19,Q5T6S3,uniprot_swissprot,9606
uniprot:Q9HC98,ENSG00000119408,NEK6,nima related kinase 6,Q9HC98,uniprot_swissprot,9606
uniprot:O00743,ENSG00000119414,PPP6C,protein phosphatase 6 catalytic subunit,O00743,uniprot_swissprot,9606
uniprot:P51970,ENSG00000119421,NDUFA8,nadh:ubiquinone oxidoreductase subunit a8,P51970,uniprot_swissprot,9606
uniprot:Q6YN16,ENSG00000119471,HSDL2,hydroxysteroid dehydrogenase like 2,Q6YN16,uniprot_swissprot,9606
uniprot:Q9BPZ7,ENSG00000119487,MAPKAP1,mapk associated protein 1,Q9BPZ7,uniprot_swissprot,9606
uniprot:Q92570,ENSG00000119508,NR4A3,nuclear receptor subfamily 4 group a member 3,Q92570,uniprot_swissprot,9606
uniprot:Q8IXK2,ENSG00000119514,GALNT12,polypeptide n-acetylgalactosaminyltransferase 12,Q8IXK2,uniprot_swissprot,9606
uniprot:Q8TEH3,ENSG00000119522,DENND1A,denn domain containing 1a,Q8TEH3,uniprot_swissprot,9606
uniprot:Q9H553,ENSG00000119523,ALG2,"alg2 alpha-1,3/1,6-mannosyltransferase",Q9H553,uniprot_swissprot,9606
uniprot:Q99062,ENSG00000119535,CSF3R,colony stimulating factor 3 receptor,Q99062,uniprot_swissprot,9606
uniprot:Q06136,ENSG00000119537,KDSR,3-ketodihydrosphingosine reductase,Q06136,uniprot_swissprot,9606
uniprot:O95948,ENSG00000119547,ONECUT2,one cut homeobox 2,O95948,uniprot_swissprot,9606
uniprot:Q9UFG5,ENSG00000119559,C19ORF25,chromosome 19 open reading frame 25,Q9UFG5,uniprot_swissprot,9606
uniprot:P49750,ENSG00000119596,YLPM1,ylp motif containing 1,P49750,uniprot_swissprot,9606
uniprot:Q3B8N5,ENSG00000119608,PROX2,prospero homeobox 2,Q3B8N5,uniprot_swissprot,9606
uniprot:Q9Y324,ENSG00000119616,FCF1,fcf1 rrna-processing protein,Q9Y324,uniprot_swissprot,9606
uniprot:P49763,ENSG00000119630,PGF,placental growth factor,P49763,uniprot_swissprot,9606
uniprot:Q8TD19,ENSG00000119638,NEK9,nima related kinase 9,Q8TD19,uniprot_swissprot,9606
uniprot:P07311,ENSG00000119640,ACYP1,acylphosphatase 1,P07311,uniprot_swissprot,9606
uniprot:P61916,ENSG00000119655,NPC2,npc intracellular cholesterol transporter 2,P61916,uniprot_swissprot,9606
uniprot:Q4LDG9,ENSG00000119661,DNAL1,dynein axonemal light chain 1,Q4LDG9,uniprot_swissprot,9606
uniprot:Q9H1B7,ENSG00000119669,IRF2BPL,interferon regulatory factor 2 binding protein like,Q9H1B7,uniprot_swissprot,9606
uniprot:Q9UHC1,ENSG00000119684,MLH3,mutl homolog 3,Q9UHC1,uniprot_swissprot,9606
uniprot:P10600,ENSG00000119699,TGFB3,transforming growth factor beta 3,P10600,uniprot_swissprot,9606
uniprot:Q15743,ENSG00000119714,GPR68,g protein-coupled receptor 68,Q15743,uniprot_swissprot,9606
uniprot:O95718,ENSG00000119715,ESRRB,estrogen related receptor beta,O95718,uniprot_swissprot,9606
uniprot:P49770,ENSG00000119718,EIF2B2,eukaryotic translation initiation factor 2b subunit beta,P49770,uniprot_swissprot,9606
uniprot:Q9Y2Z9,ENSG00000119723,COQ6,"coenzyme q6, monooxygenase",Q9Y2Z9,uniprot_swissprot,9606
uniprot:Q9Y6K1,ENSG00000119772,DNMT3A,dna methyltransferase 3 alpha,Q9Y6K1,uniprot_swissprot,9606
uniprot:Q8NHH9,ENSG00000119787,ATL2,atlastin gtpase 2,Q8NHH9,uniprot_swissprot,9606
uniprot:Q8NCA5,ENSG00000119812,TSLIG3A,trna splicing ligase complex subunit 3a,Q8NCA5,uniprot_swissprot,9606
uniprot:Q9H165,ENSG00000119866,BCL11A,bcl11 transcription factor a,Q9H165,uniprot_swissprot,9606
uniprot:P16422,ENSG00000119888,EPCAM,epithelial cell adhesion molecule,P16422,uniprot_swissprot,9606
uniprot:Q5TC84,ENSG00000119900,OGFRL1,opioid growth factor receptor like 1,Q5TC84,uniprot_swissprot,9606
uniprot:P14735,ENSG00000119912,IDE,insulin degrading enzyme,P14735,uniprot_swissprot,9606
uniprot:Q8TAU0,ENSG00000119919,NKX2-3,nk2 homeobox 3,Q8TAU0,uniprot_swissprot,9606
uniprot:Q9HCL2,ENSG00000119927,GPAM,"glycerol-3-phosphate acyltransferase, mitochondrial",Q9HCL2,uniprot_swissprot,9606
uniprot:Q9UQK1,ENSG00000119938,PPP1R3C,protein phosphatase 1 regulatory subunit 3c,Q9UQK1,uniprot_swissprot,9606
uniprot:Q9NRU3,ENSG00000119946,CNNM1,cyclin and cbs domain divalent metal cation transport mediator 1,Q9NRU3,uniprot_swissprot,9606
uniprot:P50539,ENSG00000119950,MXI1,"max interactor 1, dimerization protein",P50539,uniprot_swissprot,9606
uniprot:Q6NUS6,ENSG00000119977,TCTN3,tectonic family member 3,Q6NUS6,uniprot_swissprot,9606
uniprot:Q9BZH6,ENSG00000120008,WDR11,wd repeat domain 11,Q9BZH6,uniprot_swissprot,9606
uniprot:Q5T2E6,ENSG00000120029,ARMH3,armadillo like helical domain containing 3,Q5T2E6,uniprot_swissprot,9606
uniprot:Q9NS61,ENSG00000120049,KCNIP2,potassium voltage-gated channel interacting protein 2,Q9NS61,uniprot_swissprot,9606
uniprot:Q5T655,ENSG00000120051,CFAP58,cilia and flagella associated protein 58,Q5T655,uniprot_swissprot,9606
uniprot:P17174,ENSG00000120053,GOT1,glutamic-oxaloacetic transaminase 1,P17174,uniprot_swissprot,9606
uniprot:P15169,ENSG00000120054,CPN1,carboxypeptidase n subunit 1,P15169,uniprot_swissprot,9606
uniprot:Q5T4F7,ENSG00000120057,SFRP5,secreted frizzled related protein 5,Q5T4F7,uniprot_swissprot,9606
uniprot:Q14344,ENSG00000120063,GNA13,g protein subunit alpha 13,Q14344,uniprot_swissprot,9606
uniprot:P17481,ENSG00000120068,HOXB8,homeobox b8,P17481,uniprot_swissprot,9606
uniprot:Q7Z3B3,ENSG00000120071,KANSL1,kat8 regulatory nsl complex subunit 1,Q7Z3B3,uniprot_swissprot,9606
uniprot:P09067,ENSG00000120075,HOXB5,homeobox b5,P09067,uniprot_swissprot,9606
uniprot:P34998,ENSG00000120088,CRHR1,corticotropin releasing hormone receptor 1,P34998,uniprot_swissprot,9606
uniprot:P14651,ENSG00000120093,HOXB3,homeobox b3,P14651,uniprot_swissprot,9606
uniprot:P14653,ENSG00000120094,HOXB1,homeobox b1,P14653,uniprot_swissprot,9606
uniprot:P28562,ENSG00000120129,DUSP1,dual specificity phosphatase 1,P28562,uniprot_swissprot,9606
uniprot:Q9H999,ENSG00000120137,PANK3,pantothenate kinase 3,Q9H999,uniprot_swissprot,9606
uniprot:P35548,ENSG00000120149,MSX2,msh homeobox 2,P35548,uniprot_swissprot,9606
uniprot:Q02763,ENSG00000120156,TEK,tek receptor tyrosine kinase,Q02763,uniprot_swissprot,9606
uniprot:Q9NQ60,ENSG00000120160,EQTN,equatorin,Q9NQ60,uniprot_swissprot,9606
uniprot:Q86TA1,ENSG00000120162,MOB3B,mob kinase activator 3b,Q86TA1,uniprot_swissprot,9606
uniprot:Q9Y581,ENSG00000120210,INSL6,insulin like 6,Q9Y581,uniprot_swissprot,9606
uniprot:Q14641,ENSG00000120211,INSL4,insulin like 4,Q14641,uniprot_swissprot,9606
uniprot:Q9NZQ7,ENSG00000120217,CD274,cd274 molecule,Q9NZQ7,uniprot_swissprot,9606
uniprot:P42262,ENSG00000120251,GRIA2,glutamate ionotropic receptor ampa type subunit 2,P42262,uniprot_swissprot,9606
uniprot:Q6UB35,ENSG00000120254,MTHFD1L,methylenetetrahydrofolate dehydrogenase (nadp+ dependent) 1 like,Q6UB35,uniprot_swissprot,9606
uniprot:Q8IYT3,ENSG00000120262,CCDC170,coiled-coil domain containing 170,Q8IYT3,uniprot_swissprot,9606
uniprot:P22061,ENSG00000120265,PCMT1,protein-l-isoaspartate (d-aspartate) o-methyltransferase,P22061,uniprot_swissprot,9606
uniprot:Q9ULL1,ENSG00000120278,PLEKHG1,pleckstrin homology and rhogef domain containing g1,Q9ULL1,uniprot_swissprot,9606
uniprot:Q9HAI6,ENSG00000120280,TASL,tlr adaptor interacting with endolysosomal slc15a4,Q9HAI6,uniprot_swissprot,9606
uniprot:Q8WWN8,ENSG00000120318,ARAP3,"arfgap with rhogap domain, ankyrin repeat and ph domain 3",Q8WWN8,uniprot_swissprot,9606
uniprot:Q9UQP3,ENSG00000120332,TNN,tenascin n,Q9UQP3,uniprot_swissprot,9606
uniprot:O60783,ENSG00000120333,MRPS14,mitochondrial ribosomal protein s14,O60783,uniprot_swissprot,9606
uniprot:Q8N0S6,ENSG00000120334,CENPL,centromere protein l,Q8N0S6,uniprot_swissprot,9606
uniprot:Q9UNG2,ENSG00000120337,TNFSF18,tnf superfamily member 18,Q9UNG2,uniprot_swissprot,9606
uniprot:Q96JE7,ENSG00000120341,SEC16B,"sec16 homolog b, endoplasmic reticulum export factor",Q96JE7,uniprot_swissprot,9606
uniprot:Q92543,ENSG00000120451,SNX19,sorting nexin 19,Q92543,uniprot_swissprot,9606
uniprot:P48544,ENSG00000120457,KCNJ5,potassium inwardly rectifying channel subfamily j member 5,P48544,uniprot_swissprot,9606
uniprot:Q9HCN2,ENSG00000120471,TP53AIP1,tumor protein p53 regulated apoptosis inducing protein 1,Q9HCN2,uniprot_swissprot,9606
uniprot:Q96GX5,ENSG00000120539,MASTL,microtubule associated serine/threonine kinase like,Q96GX5,uniprot_swissprot,9606
uniprot:Q5T5P2,ENSG00000120549,KIAA1217,kiaa1217,Q5T5P2,uniprot_swissprot,9606
uniprot:Q6UX71,ENSG00000120594,PLXDC2,plexin domain containing 2,Q6UX71,uniprot_swissprot,9606
uniprot:Q9BR77,ENSG00000120647,CCDC77,coiled-coil domain containing 77,Q9BR77,uniprot_swissprot,9606
uniprot:Q16514,ENSG00000120656,TAF12,tata-box binding protein associated factor 12,Q16514,uniprot_swissprot,9606
uniprot:O14788,ENSG00000120659,TNFSF11,tnf superfamily member 11,O14788,uniprot_swissprot,9606
uniprot:Q86XN7,ENSG00000120685,PROSER1,proline and serine rich 1,Q86XN7,uniprot_swissprot,9606
uniprot:P32519,ENSG00000120690,ELF1,e74 like ets transcription factor 1,P32519,uniprot_swissprot,9606
uniprot:O15198,ENSG00000120693,SMAD9,smad family member 9,O15198,uniprot_swissprot,9606
uniprot:Q92598,ENSG00000120694,HSPH1,heat shock protein family h (hsp110) member 1,Q92598,uniprot_swissprot,9606
uniprot:Q15582,ENSG00000120708,TGFBI,transforming growth factor beta induced,Q15582,uniprot_swissprot,9606
uniprot:Q9H173,ENSG00000120725,SIL1,sil1 nucleotide exchange factor,Q9H173,uniprot_swissprot,9606
uniprot:Q7LBC6,ENSG00000120733,KDM3B,lysine demethylase 3b,Q7LBC6,uniprot_swissprot,9606
uniprot:P18146,ENSG00000120738,EGR1,early growth response 1,P18146,uniprot_swissprot,9606
uniprot:P13056,ENSG00000120798,NR2C1,nuclear receptor subfamily 2 group c member 1,P13056,uniprot_swissprot,9606
uniprot:P42166,ENSG00000120802,TMPO,thymopoietin,P42166,uniprot_swissprot,9606
uniprot:P40616,ENSG00000120805,ARL1,arf like gtpase 1,P40616,uniprot_swissprot,9606
uniprot:O14508,ENSG00000120833,SOCS2,suppressor of cytokine signaling 2,O14508,uniprot_swissprot,9606
uniprot:Q13115,ENSG00000120875,DUSP4,dual specificity phosphatase 4,Q13115,uniprot_swissprot,9606
uniprot:P10909,ENSG00000120885,CLU,clusterin,P10909,uniprot_swissprot,9606
uniprot:O14763,ENSG00000120889,TNFRSF10B,tnf receptor superfamily member 10b,O14763,uniprot_swissprot,9606
uniprot:Q14289,ENSG00000120899,PTK2B,protein tyrosine kinase 2 beta,Q14289,uniprot_swissprot,9606
uniprot:Q15822,ENSG00000120903,CHRNA2,cholinergic receptor nicotinic alpha 2 subunit,Q15822,uniprot_swissprot,9606
uniprot:P35348,ENSG00000120907,ADRA1A,adrenoceptor alpha 1a,P35348,uniprot_swissprot,9606
uniprot:P48454,ENSG00000120910,PPP3CC,protein phosphatase 3 catalytic subunit gamma,P48454,uniprot_swissprot,9606
uniprot:P34913,ENSG00000120915,EPHX2,epoxide hydrolase 2,P34913,uniprot_swissprot,9606
uniprot:P16860,ENSG00000120937,NPPB,natriuretic peptide b,P16860,uniprot_swissprot,9606
uniprot:Q9Y5Z9,ENSG00000120942,UBIAD1,ubia prenyltransferase domain containing 1,Q9Y5Z9,uniprot_swissprot,9606
uniprot:Q13148,ENSG00000120948,TARDBP,tar dna binding protein,Q13148,uniprot_swissprot,9606
uniprot:P28908,ENSG00000120949,TNFRSF8,tnf receptor superfamily member 8,P28908,uniprot_swissprot,9606
uniprot:Q92905,ENSG00000121022,COPS5,cop9 signalosome subunit 5,Q92905,uniprot_swissprot,9606
uniprot:Q92667,ENSG00000121057,AKAP1,a-kinase anchoring protein 1,Q92667,uniprot_swissprot,9606
uniprot:Q14258,ENSG00000121060,TRIM25,tripartite motif containing 25,Q14258,uniprot_swissprot,9606
uniprot:O43791,ENSG00000121067,SPOP,speckle type btb/poz protein,O43791,uniprot_swissprot,9606
uniprot:Q13207,ENSG00000121068,TBX2,t-box transcription factor 2,Q13207,uniprot_swissprot,9606
uniprot:P57082,ENSG00000121075,TBX4,t-box transcription factor 4,P57082,uniprot_swissprot,9606
uniprot:Q8IWB6,ENSG00000121101,TEX14,"testis expressed 14, intercellular bridge forming factor",Q8IWB6,uniprot_swissprot,9606
uniprot:Q15003,ENSG00000121152,NCAPH,non-smc condensin i complex subunit h,Q15003,uniprot_swissprot,9606
uniprot:O95237,ENSG00000121207,LRAT,lecithin retinol acyltransferase,O95237,uniprot_swissprot,9606
uniprot:Q9BWT6,ENSG00000121211,MND1,meiotic nuclear divisions 1,Q9BWT6,uniprot_swissprot,9606
uniprot:Q96J66,ENSG00000121270,ABCC11,atp binding cassette subfamily c member 11,Q96J66,uniprot_swissprot,9606
uniprot:Q8NDF8,ENSG00000121274,TENT4B,terminal nucleotidyltransferase 4b,Q8NDF8,uniprot_swissprot,9606
uniprot:Q96ST8,ENSG00000121289,CEP89,centrosomal protein 89,Q96ST8,uniprot_swissprot,9606
uniprot:Q63HK5,ENSG00000121297,TSHZ3,teashirt zinc finger homeobox 3,Q63HK5,uniprot_swissprot,9606
uniprot:Q86YB7,ENSG00000121310,ECHDC2,enoyl-coa hydratase domain containing 2,Q86YB7,uniprot_swissprot,9606
uniprot:Q6P4A8,ENSG00000121316,PLBD1,phospholipase b domain containing 1,Q6P4A8,uniprot_swissprot,9606
uniprot:P02812,ENSG00000121335,PRB2,proline rich protein bstni subfamily 2,P02812,uniprot_swissprot,9606
uniprot:Q8WU10,ENSG00000121350,PYROXD1,pyridine nucleotide-disulphide oxidoreductase domain 1,Q8WU10,uniprot_swissprot,9606
uniprot:P10997,ENSG00000121351,IAPP,islet amyloid polypeptide,P10997,uniprot_swissprot,9606
uniprot:Q15842,ENSG00000121361,KCNJ8,potassium inwardly rectifying channel subfamily j member 8,Q15842,uniprot_swissprot,9606
uniprot:Q9BZR8,ENSG00000121380,BCL2L14,bcl2 like 14,Q9BZR8,uniprot_swissprot,9606
uniprot:Q8WXF1,ENSG00000121390,PSPC1,paraspeckle component 1,Q8WXF1,uniprot_swissprot,9606
uniprot:Q9UPQ7,ENSG00000121440,PDZRN3,pdz domain containing ring finger 3,Q9UPQ7,uniprot_swissprot,9606
uniprot:Q99496,ENSG00000121481,RNF2,ring finger protein 2,Q99496,uniprot_swissprot,9606
uniprot:Q96IW7,ENSG00000121542,SEC22A,"sec22 homolog a, vesicle trafficking protein",Q96IW7,uniprot_swissprot,9606
uniprot:P01040,ENSG00000121552,CSTA,cystatin a,P01040,uniprot_swissprot,9606
uniprot:P33681,ENSG00000121594,CD80,cd80 molecule,P33681,uniprot_swissprot,9606
uniprot:Q8NI77,ENSG00000121621,KIF18A,kinesin family member 18a,Q8NI77,uniprot_swissprot,9606
uniprot:Q9UQF2,ENSG00000121653,MAPK8IP1,mitogen-activated protein kinase 8 interacting protein 1,Q9UQF2,uniprot_swissprot,9606
uniprot:Q49AN0,ENSG00000121671,CRY2,cryptochrome circadian regulator 2,Q49AN0,uniprot_swissprot,9606
uniprot:P04040,ENSG00000121691,CAT,catalase,P04040,uniprot_swissprot,9606
uniprot:Q9UBW7,ENSG00000121741,ZMYM2,zinc finger mym-type containing 2,Q9UBW7,uniprot_swissprot,9606
uniprot:Q8TC07,ENSG00000121749,TBC1D15,tbc1 domain family member 15,Q8TC07,uniprot_swissprot,9606
uniprot:O60241,ENSG00000121753,ADGRB2,adhesion g protein-coupled receptor b2,O60241,uniprot_swissprot,9606
uniprot:O43613,ENSG00000121764,HCRTR1,hypocretin receptor 1,O43613,uniprot_swissprot,9606
uniprot:P05413,ENSG00000121769,FABP3,fatty acid binding protein 3,P05413,uniprot_swissprot,9606
uniprot:Q07666,ENSG00000121774,KHDRBS1,"kh rna binding domain containing, signal transduction associated 1",Q07666,uniprot_swissprot,9606
uniprot:O00421,ENSG00000121797,CCRL2,c-c motif chemokine receptor like 2,O00421,uniprot_swissprot,9606
uniprot:P41597,ENSG00000121807,CCR2,c-c motif chemokine receptor 2,P41597,uniprot_swissprot,9606
uniprot:Q92847,ENSG00000121853,GHSR,growth hormone secretagogue receptor,Q92847,uniprot_swissprot,9606
uniprot:P50591,ENSG00000121858,TNFSF10,tnf superfamily member 10,P50591,uniprot_swissprot,9606
uniprot:P42336,ENSG00000121879,PIK3CA,"phosphatidylinositol-4,5-bisphosphate 3-kinase catalytic subunit alpha",P42336,uniprot_swissprot,9606
uniprot:Q8N436,ENSG00000121898,CPXM2,"carboxypeptidase x, m14 family member 2",Q8N436,uniprot_swissprot,9606
uniprot:Q7Z408,ENSG00000121904,CSMD2,cub and sushi multiple domains 2,Q7Z408,uniprot_swissprot,9606
uniprot:P81274,ENSG00000121957,GPSM2,g protein signaling modulator 2,P81274,uniprot_swissprot,9606
uniprot:P61073,ENSG00000121966,CXCR4,c-x-c motif chemokine receptor 4,P61073,uniprot_swissprot,9606
uniprot:Q5FWF4,ENSG00000121988,ZRANB3,zinc finger ranbp2-type containing 3,Q5FWF4,uniprot_swissprot,9606
uniprot:P27037,ENSG00000121989,ACVR2A,activin a receptor type 2a,P27037,uniprot_swissprot,9606
uniprot:Q9UBT6,ENSG00000122008,POLK,dna polymerase kappa,Q9UBT6,uniprot_swissprot,9606
uniprot:P36888,ENSG00000122025,FLT3,fms related receptor tyrosine kinase 3,P36888,uniprot_swissprot,9606
uniprot:Q92664,ENSG00000122034,GTF3A,general transcription factor iiia,Q92664,uniprot_swissprot,9606
uniprot:Q9Y458,ENSG00000122145,TBX22,t-box transcription factor 22,Q9Y458,uniprot_swissprot,9606
uniprot:P00747,ENSG00000122194,PLG,plasminogen,P00747,uniprot_swissprot,9606
uniprot:P53621,ENSG00000122218,COPA,coat protein complex i subunit alpha,P53621,uniprot_swissprot,9606
uniprot:Q9BZW8,ENSG00000122223,CD244,cd244 molecule,Q9BZW8,uniprot_swissprot,9606
uniprot:Q96JX3,ENSG00000122335,SERAC1,serine active site containing 1,Q96JX3,uniprot_swissprot,9606
uniprot:P50995,ENSG00000122359,ANXA11,annexin a11,P50995,uniprot_swissprot,9606
uniprot:O75112,ENSG00000122367,LDB3,lim domain binding 3,O75112,uniprot_swissprot,9606
uniprot:Q9UHM6,ENSG00000122375,OPN4,opsin 4,Q9UHM6,uniprot_swissprot,9606
uniprot:Q9BRX8,ENSG00000122378,PRXL2A,peroxiredoxin like 2a,Q9BRX8,uniprot_swissprot,9606
uniprot:P46777,ENSG00000122406,RPL5,ribosomal protein l5,P46777,uniprot_swissprot,9606
uniprot:P43088,ENSG00000122420,PTGFR,prostaglandin f receptor,P43088,uniprot_swissprot,9606
uniprot:Q5T9S5,ENSG00000122483,CCDC18,coiled-coil domain containing 18,Q5T9S5,uniprot_swissprot,9606
uniprot:Q8IXW5,ENSG00000122484,RPAP2,rna polymerase ii associated protein 2,Q8IXW5,uniprot_swissprot,9606
uniprot:Q3SYG4,ENSG00000122507,BBS9,bardet-biedl syndrome 9,Q3SYG4,uniprot_swissprot,9606
uniprot:P54278,ENSG00000122512,PMS2,"pms1 homolog 2, mismatch repair system component",P54278,uniprot_swissprot,9606
uniprot:Q13185,ENSG00000122565,CBX3,chromobox 3,Q13185,uniprot_swissprot,9606
uniprot:P22626,ENSG00000122566,HNRNPA2B1,heterogeneous nuclear ribonucleoprotein a2/b1,P22626,uniprot_swissprot,9606
uniprot:P58417,ENSG00000122584,NXPH1,neurexophilin 1,P58417,uniprot_swissprot,9606
uniprot:P01303,ENSG00000122585,NPY,neuropeptide y,P01303,uniprot_swissprot,9606
uniprot:P08476,ENSG00000122641,INHBA,inhibin subunit beta a,P08476,uniprot_swissprot,9606
uniprot:O95302,ENSG00000122642,FKBP9,fkbp prolyl isomerase 9,O95302,uniprot_swissprot,9606
uniprot:P40617,ENSG00000122644,ARL4A,arf like gtpase 4a,P40617,uniprot_swissprot,9606
uniprot:O60896,ENSG00000122679,RAMP3,receptor activity modifying protein 3,O60896,uniprot_swissprot,9606
uniprot:Q15672,ENSG00000122691,TWIST1,twist family bhlh transcription factor 1,Q15672,uniprot_swissprot,9606
uniprot:O95980,ENSG00000122707,RECK,reversion inducing cysteine rich protein with kazal motifs,O95980,uniprot_swissprot,9606
uniprot:O60575,ENSG00000122711,SPINK4,serine peptidase inhibitor kazal type 4,O60575,uniprot_swissprot,9606
uniprot:Q8IZX4,ENSG00000122728,TAF1L,tata-box binding protein associated factor 1 like,Q8IZX4,uniprot_swissprot,9606
uniprot:P21399,ENSG00000122729,ACO1,aconitase 1,P21399,uniprot_swissprot,9606
uniprot:Q9UPV7,ENSG00000122733,PHF24,phd finger protein 24,Q9UPV7,uniprot_swissprot,9606
uniprot:Q9UI46,ENSG00000122735,DNAI1,dynein axonemal intermediate chain 1,Q9UI46,uniprot_swissprot,9606
uniprot:Q9HCM3,ENSG00000122778,KIAA1549,kiaa1549,Q9HCM3,uniprot_swissprot,9606
uniprot:O15164,ENSG00000122779,TRIM24,tripartite motif containing 24,O15164,uniprot_swissprot,9606
uniprot:Q9Y4Z2,ENSG00000122859,NEUROG3,neurogenin 3,Q9Y4Z2,uniprot_swissprot,9606
uniprot:P00749,ENSG00000122861,PLAU,"plasminogen activator, urokinase",P00749,uniprot_swissprot,9606
uniprot:P10124,ENSG00000122862,SRGN,serglycin,P10124,uniprot_swissprot,9606
uniprot:Q9H694,ENSG00000122870,BICC1,bicc family rna binding protein 1,Q9H694,uniprot_swissprot,9606
uniprot:Q9NZ45,ENSG00000122873,CISD1,cdgsh iron sulfur domain 1,Q9NZ45,uniprot_swissprot,9606
uniprot:P11161,ENSG00000122877,EGR2,early growth response 2,P11161,uniprot_swissprot,9606
uniprot:O95905,ENSG00000122882,ECD,ecdysoneless cell cycle regulator,O95905,uniprot_swissprot,9606
uniprot:P13674,ENSG00000122884,P4HA1,prolyl 4-hydroxylase subunit alpha 1,P13674,uniprot_swissprot,9606
uniprot:O95229,ENSG00000122952,ZWINT,zw10 interacting kinetochore protein,O95229,uniprot_swissprot,9606
uniprot:O75436,ENSG00000122958,VPS26A,vps26 retromer complex component a,O75436,uniprot_swissprot,9606
uniprot:O14578,ENSG00000122966,CIT,citron rho-interacting serine/threonine kinase,O14578,uniprot_swissprot,9606
uniprot:P16219,ENSG00000122971,ACADS,acyl-coa dehydrogenase short chain,P16219,uniprot_swissprot,9606
uniprot:Q96D96,ENSG00000122986,HVCN1,hydrogen voltage gated channel 1,Q96D96,uniprot_swissprot,9606
uniprot:Q71F56,ENSG00000123066,MED13L,mediator complex subunit 13l,Q71F56,uniprot_swissprot,9606
uniprot:P42773,ENSG00000123080,CDKN2C,cyclin dependent kinase inhibitor 2c,P42773,uniprot_swissprot,9606
uniprot:Q9C0J9,ENSG00000123095,BHLHE41,basic helix-loop-helix family member e41,Q9C0J9,uniprot_swissprot,9606
uniprot:Q14714,ENSG00000123096,SSPN,sarcospan,Q14714,uniprot_swissprot,9606
uniprot:Q14571,ENSG00000123104,ITPR2,"inositol 1,4,5-trisphosphate receptor type 2",Q14571,uniprot_swissprot,9606
uniprot:Q7Z6B0,ENSG00000123106,CCDC91,coiled-coil domain containing 91,Q7Z6B0,uniprot_swissprot,9606
uniprot:Q9H0M0,ENSG00000123124,WWP1,ww domain containing e3 ubiquitin protein ligase 1,Q9H0M0,uniprot_swissprot,9606
uniprot:Q13162,ENSG00000123131,PRDX4,peroxiredoxin 4,Q13162,uniprot_swissprot,9606
uniprot:Q16512,ENSG00000123143,PKN1,protein kinase n1,Q16512,uniprot_swissprot,9606
uniprot:P35670,ENSG00000123191,ATP7B,atpase copper transporting beta,P35670,uniprot_swissprot,9606
uniprot:Q5T200,ENSG00000123200,ZC3H13,zinc finger ccch-type containing 13,Q5T200,uniprot_swissprot,9606
uniprot:Q9BYT8,ENSG00000123213,NLN,neurolysin,Q9BYT8,uniprot_swissprot,9606
uniprot:Q96CV9,ENSG00000123240,OPTN,optineurin,Q96CV9,uniprot_swissprot,9606
uniprot:A0A096LP62,ENSG00000123243,ITIH5,inter-alpha-trypsin inhibitor heavy chain 5,A0A096LP62,uniprot_trembl,9606
uniprot:P18846,ENSG00000123268,ATF1,activating transcription factor 1,P18846,uniprot_swissprot,9606
uniprot:Q86XZ4,ENSG00000123352,SPATS2,spermatogenesis associated serine rich 2,Q86XZ4,uniprot_swissprot,9606
uniprot:P22736,ENSG00000123358,NR4A1,nuclear receptor subfamily 4 group a member 1,P22736,uniprot_swissprot,9606
uniprot:Q01064,ENSG00000123360,PDE1B,phosphodiesterase 1b,Q01064,uniprot_swissprot,9606
uniprot:P31276,ENSG00000123364,HOXC13,homeobox c13,P31276,uniprot_swissprot,9606
uniprot:P24941,ENSG00000123374,CDK2,cyclin dependent kinase 2,P24941,uniprot_swissprot,9606
uniprot:Q07954,ENSG00000123384,LRP1,ldl receptor related protein 1,Q07954,uniprot_swissprot,9606
uniprot:O43248,ENSG00000123388,HOXC11,homeobox c11,O43248,uniprot_swissprot,9606
uniprot:Q9H2S9,ENSG00000123411,IKZF4,ikaros family zinc finger 4,Q9H2S9,uniprot_swissprot,9606
uniprot:P68363,ENSG00000123416,TUBA1B,tubulin alpha 1b,P68363,uniprot_swissprot,9606
uniprot:Q9UL12,ENSG00000123453,SARDH,sarcosine dehydrogenase,Q9UL12,uniprot_swissprot,9606
uniprot:P09172,ENSG00000123454,DBH,dopamine beta-hydroxylase,P09172,uniprot_swissprot,9606
uniprot:Q5TC12,ENSG00000123472,ATPAF1,atp synthase mitochondrial f1 complex assembly factor 1,Q5TC12,uniprot_swissprot,9606
uniprot:Q15468,ENSG00000123473,STIL,stil centriolar assembly protein,Q15468,uniprot_swissprot,9606
uniprot:Q14627,ENSG00000123496,IL13RA2,interleukin 13 receptor subunit alpha 2,Q14627,uniprot_swissprot,9606
uniprot:Q03692,ENSG00000123500,COL10A1,collagen type x alpha 1 chain,Q03692,uniprot_swissprot,9606
uniprot:P17707,ENSG00000123505,AMD1,adenosylmethionine decarboxylase 1,P17707,uniprot_swissprot,9606
uniprot:Q9P032,ENSG00000123545,NDUFAF4,nadh:ubiquinone oxidoreductase complex assembly factor 4,Q9P032,uniprot_swissprot,9606
uniprot:P51151,ENSG00000123595,RAB9A,"rab9a, member ras oncogene family",P51151,uniprot_swissprot,9606
uniprot:Q9H825,ENSG00000123600,METTL8,"methyltransferase 8, trna n3-cytidine",Q9H825,uniprot_swissprot,9606
uniprot:Q7Z4L5,ENSG00000123607,TTC21B,tetratricopeptide repeat domain 21b,Q7Z4L5,uniprot_swissprot,9606
uniprot:Q13287,ENSG00000123609,NMI,n-myc and stat interactor,Q13287,uniprot_swissprot,9606
uniprot:P98066,ENSG00000123610,TNFAIP6,tnf alpha induced protein 6,P98066,uniprot_swissprot,9606
uniprot:Q8NER5,ENSG00000123612,ACVR1C,activin a receptor type 1c,Q8NER5,uniprot_swissprot,9606
uniprot:Q9UIF8,ENSG00000123636,BAZ2B,bromodomain adjacent to zinc finger domain 2b,Q9UIF8,uniprot_swissprot,9606
uniprot:Q7Z2H8,ENSG00000123643,SLC36A1,solute carrier family 36 member 1,Q7Z2H8,uniprot_swissprot,9606
uniprot:Q92604,ENSG00000123684,LPGAT1,lysophosphatidylglycerol acyltransferase 1,Q92604,uniprot_swissprot,9606
uniprot:P27469,ENSG00000123689,G0S2,g0/g1 switch 2,P27469,uniprot_swissprot,9606
uniprot:P63252,ENSG00000123700,KCNJ2,potassium inwardly rectifying channel subfamily j member 2,P63252,uniprot_swissprot,9606
uniprot:Q9BPU9,ENSG00000123810,B9D2,b9 domain containing 2,Q9BPU9,uniprot_swissprot,9606
uniprot:Q96D53,ENSG00000123815,COQ8B,coenzyme q8b,Q96D53,uniprot_swissprot,9606
uniprot:P04003,ENSG00000123838,C4BPA,complement component 4 binding protein alpha,P04003,uniprot_swissprot,9606
uniprot:P57729,ENSG00000123892,RAB38,"rab38, member ras oncogene family",P57729,uniprot_swissprot,9606
uniprot:Q9UKV8,ENSG00000123908,AGO2,argonaute risc catalytic component 2,Q9UKV8,uniprot_swissprot,9606
uniprot:Q8N136,ENSG00000123977,DAW1,dynein assembly factor with wd repeats 1,Q8N136,uniprot_swissprot,9606
uniprot:O95573,ENSG00000123983,ACSL3,acyl-coa synthetase long chain family member 3,O95573,uniprot_swissprot,9606
uniprot:Q8IZ52,ENSG00000123989,CHPF,chondroitin polymerizing factor,Q8IZ52,uniprot_swissprot,9606
uniprot:Q9ULA0,ENSG00000123992,DNPEP,aspartyl aminopeptidase,Q9ULA0,uniprot_swissprot,9606
uniprot:O75147,ENSG00000124006,OBSL1,obscurin like cytoskeletal adaptor 1,O75147,uniprot_swissprot,9606
uniprot:Q9UP95,ENSG00000124067,SLC12A4,solute carrier family 12 member 4,Q9UP95,uniprot_swissprot,9606
uniprot:P19957,ENSG00000124102,PI3,peptidase inhibitor 3,P19957,uniprot_swissprot,9606
uniprot:P03973,ENSG00000124107,SLPI,secretory leukocyte peptidase inhibitor,P03973,uniprot_swissprot,9606
uniprot:Q8TCU6,ENSG00000124126,PREX1,"phosphatidylinositol-3,4,5-trisphosphate dependent rac exchange factor 1",Q8TCU6,uniprot_swissprot,9606
uniprot:Q9H2X9,ENSG00000124140,SLC12A5,solute carrier family 12 member 5,Q9H2X9,uniprot_swissprot,9606
uniprot:P31431,ENSG00000124145,SDC4,syndecan 4,P31431,uniprot_swissprot,9606
uniprot:Q9Y6Q9,ENSG00000124151,NCOA3,nuclear receptor coactivator 3,Q9Y6Q9,uniprot_swissprot,9606
uniprot:Q9HCD5,ENSG00000124160,NCOA5,nuclear receptor coactivator 5,Q9HCD5,uniprot_swissprot,9606
uniprot:O95292,ENSG00000124164,VAPB,vamp associated protein b and c,O95292,uniprot_swissprot,9606
uniprot:P56381,ENSG00000124172,ATP5F1E,atp synthase f1 subunit epsilon,P56381,uniprot_swissprot,9606
uniprot:Q8TD26,ENSG00000124177,CHD6,chromodomain helicase dna binding protein 6,Q8TD26,uniprot_swissprot,9606
uniprot:P19174,ENSG00000124181,PLCG1,phospholipase c gamma 1,P19174,uniprot_swissprot,9606
uniprot:Q96NM4,ENSG00000124191,TOX2,tox high mobility group box family member 2,Q96NM4,uniprot_swissprot,9606
uniprot:Q96MZ0,ENSG00000124194,GDAP1L1,ganglioside induced differentiation associated protein 1 like 1,Q96MZ0,uniprot_swissprot,9606
uniprot:Q9H1H1,ENSG00000124196,GTSF1L,gametocyte specific factor 1 like,Q9H1H1,uniprot_swissprot,9606
uniprot:Q5JPB2,ENSG00000124203,ZNF831,zinc finger protein 831,Q5JPB2,uniprot_swissprot,9606
uniprot:P14138,ENSG00000124205,EDN3,endothelin 3,P14138,uniprot_swissprot,9606
uniprot:P55060,ENSG00000124207,CSE1L,chromosome segregation 1 like,P55060,uniprot_swissprot,9606
uniprot:Q16647,ENSG00000124212,PTGIS,prostaglandin i2 synthase,Q16647,uniprot_swissprot,9606
uniprot:O95793,ENSG00000124214,STAU1,staufen double-stranded rna binding protein 1,O95793,uniprot_swissprot,9606
uniprot:O95863,ENSG00000124216,SNAI1,snail family transcriptional repressor 1,O95863,uniprot_swissprot,9606
uniprot:A0A087WYH5,ENSG00000124228,DDX27,dead-box helicase 27,A0A087WYH5,uniprot_trembl,9606
uniprot:Q9UBG7,ENSG00000124232,RBPJL,recombination signal binding protein for immunoglobulin kappa j region like,Q9UBG7,uniprot_swissprot,9606
uniprot:P35558,ENSG00000124253,PCK1,phosphoenolpyruvate carboxykinase 1,P35558,uniprot_swissprot,9606
uniprot:P12955,ENSG00000124299,PEPD,peptidase d,P12955,uniprot_swissprot,9606
uniprot:Q9H2A9,ENSG00000124302,CHST8,carbohydrate sulfotransferase 8,Q9H2A9,uniprot_swissprot,9606
uniprot:O95630,ENSG00000124356,STAMBP,stam binding protein,O95630,uniprot_swissprot,9606
uniprot:Q9ULR5,ENSG00000124374,PAIP2B,poly(a) binding protein interacting protein 2b,Q9ULR5,uniprot_swissprot,9606
uniprot:Q9UPT9,ENSG00000124422,USP22,ubiquitin specific peptidase 22,Q9UPT9,uniprot_swissprot,9606
uniprot:Q9Y2N7,ENSG00000124440,HIF3A,hypoxia inducible factor 3 subunit alpha,Q9Y2N7,uniprot_swissprot,9606
uniprot:O95274,ENSG00000124466,LYPD3,ly6/plaur domain containing 3,O95274,uniprot_swissprot,9606
uniprot:Q00604,ENSG00000124479,NDP,norrin cystine knot growth factor ndp,Q00604,uniprot_swissprot,9606
uniprot:Q93008,ENSG00000124486,USP9X,ubiquitin specific peptidase 9 x-linked,Q93008,uniprot_swissprot,9606
uniprot:Q14833,ENSG00000124493,GRM4,glutamate metabotropic receptor 4,Q14833,uniprot_swissprot,9606
uniprot:Q96PN7,ENSG00000124496,TRERF1,transcriptional regulating factor 1,Q96PN7,uniprot_swissprot,9606
uniprot:Q9BY11,ENSG00000124507,PACSIN1,protein kinase c and casein kinase substrate in neurons 1,Q9BY11,uniprot_swissprot,9606
uniprot:Q9NXA8,ENSG00000124523,SIRT5,sirtuin 5,Q9NXA8,uniprot_swissprot,9606
uniprot:Q96S55,ENSG00000124535,WRNIP1,wrn helicase interacting protein 1,Q96S55,uniprot_swissprot,9606
uniprot:P09234,ENSG00000124562,SNRPC,small nuclear ribonucleoprotein polypeptide c,P09234,uniprot_swissprot,9606
uniprot:P35237,ENSG00000124570,SERPINB6,serpin family b member 6,P35237,uniprot_swissprot,9606
uniprot:Q5T3U5,ENSG00000124574,ABCC10,atp binding cassette subfamily c member 10,Q5T3U5,uniprot_swissprot,9606
uniprot:P16083,ENSG00000124588,NQO2,n-ribosyldihydronicotinamide:quinone dehydrogenase 2,P16083,uniprot_swissprot,9606
uniprot:Q9Y530,ENSG00000124596,OARD1,o-acyl-adp-ribose deacylase 1,Q9Y530,uniprot_swissprot,9606
uniprot:Q5JTZ9,ENSG00000124608,AARS2,"alanyl-trna synthetase 2, mitochondrial",Q5JTZ9,uniprot_swissprot,9606
uniprot:P46783,ENSG00000124614,RPS10,ribosomal protein s10,P46783,uniprot_swissprot,9606
uniprot:P06899,ENSG00000124635,H2BC11,h2b clustered histone 11,P06899,uniprot_swissprot,9606
uniprot:Q9H944,ENSG00000124641,MED20,mediator complex subunit 20,Q9H944,uniprot_swissprot,9606
uniprot:O95238,ENSG00000124664,SPDEF,sam pointed domain containing ets transcription factor,O95238,uniprot_swissprot,9606
uniprot:Q8WWU5,ENSG00000124678,TCP11,t-complex 11,Q8WWU5,uniprot_swissprot,9606
uniprot:Q14749,ENSG00000124713,GNMT,glycine n-methyltransferase,Q14749,uniprot_swissprot,9606
uniprot:Q96JB1,ENSG00000124721,DNAH8,dynein axonemal heavy chain 8,Q96JB1,uniprot_swissprot,9606
uniprot:Q9NP99,ENSG00000124731,TREM1,triggering receptor expressed on myeloid cells 1,Q9NP99,uniprot_swissprot,9606
uniprot:Q96P44,ENSG00000124749,COL21A1,collagen type xxi alpha 1 chain,Q96P44,uniprot_swissprot,9606
uniprot:P38936,ENSG00000124762,CDKN1A,cyclin dependent kinase inhibitor 1a,P38936,uniprot_swissprot,9606
uniprot:Q06945,ENSG00000124766,SOX4,sry-box transcription factor 4,Q06945,uniprot_swissprot,9606
uniprot:Q04760,ENSG00000124767,GLO1,glyoxalase i,Q04760,uniprot_swissprot,9606
uniprot:Q96T54,ENSG00000124780,KCNK17,potassium two pore domain channel subfamily k member 17,Q96T54,uniprot_swissprot,9606
uniprot:Q92766,ENSG00000124782,RREB1,ras responsive element binding protein 1,Q92766,uniprot_swissprot,9606
uniprot:P43307,ENSG00000124783,SSR1,signal sequence receptor subunit 1,P43307,uniprot_swissprot,9606
uniprot:Q9NPD7,ENSG00000124785,NRN1,neuritin 1,Q9NPD7,uniprot_swissprot,9606
uniprot:P54253,ENSG00000124788,ATXN1,ataxin 1,P54253,uniprot_swissprot,9606
uniprot:P35659,ENSG00000124795,DEK,dek proto-oncogene,P35659,uniprot_swissprot,9606
uniprot:Q13950,ENSG00000124813,RUNX2,runx family transcription factor 2,Q13950,uniprot_swissprot,9606
uniprot:O75603,ENSG00000124827,GCM2,gcm transcription factor 2,O75603,uniprot_swissprot,9606
uniprot:O14944,ENSG00000124882,EREG,epiregulin,O14944,uniprot_swissprot,9606
uniprot:Q9Y2G1,ENSG00000124920,MYRF,myelin regulatory factor,Q9Y2G1,uniprot_swissprot,9606
uniprot:P04628,ENSG00000125084,WNT1,wnt family member 1,P04628,uniprot_swissprot,9606
uniprot:P02795,ENSG00000125148,MT2A,metallothionein 2a,P02795,uniprot_swissprot,9606
uniprot:P00505,ENSG00000125166,GOT2,glutamic-oxaloacetic transaminase 2,P00505,uniprot_swissprot,9606
uniprot:Q8TEW6,ENSG00000125170,DOK4,docking protein 4,Q8TEW6,uniprot_swissprot,9606
uniprot:Q96J94,ENSG00000125207,PIWIL1,piwi like rna-mediated gene silencing 1,Q96J94,uniprot_swissprot,9606
uniprot:Q14330,ENSG00000125245,GPR18,g protein-coupled receptor 18,Q14330,uniprot_swissprot,9606
uniprot:Q12908,ENSG00000125255,SLC10A2,solute carrier family 10 member 2,Q12908,uniprot_swissprot,9606
uniprot:P52799,ENSG00000125266,EFNB2,ephrin b2,P52799,uniprot_swissprot,9606
uniprot:Q9Y651,ENSG00000125285,SOX21,sry-box transcription factor 21,Q9Y651,uniprot_swissprot,9606
uniprot:Q99805,ENSG00000125304,TM9SF2,transmembrane 9 superfamily member 2,Q99805,uniprot_swissprot,9606
uniprot:Q9UIL4,ENSG00000125337,KIF25,kinesin family member 25,Q9UIL4,uniprot_swissprot,9606
uniprot:P10914,ENSG00000125347,IRF1,interferon regulatory factor 1,P10914,uniprot_swissprot,9606
uniprot:Q14141,ENSG00000125354,SEPTIN6,septin 6,Q14141,uniprot_swissprot,9606
uniprot:O15239,ENSG00000125356,NDUFA1,nadh:ubiquinone oxidoreductase subunit a1,O15239,uniprot_swissprot,9606
uniprot:P12644,ENSG00000125378,BMP4,bone morphogenetic protein 4,P12644,uniprot_swissprot,9606
uniprot:P43116,ENSG00000125384,PTGER2,prostaglandin e receptor 2,P43116,uniprot_swissprot,9606
uniprot:P78312,ENSG00000125386,FAM193A,family with sequence similarity 193 member a,P78312,uniprot_swissprot,9606
uniprot:P32298,ENSG00000125388,GRK4,g protein-coupled receptor kinase 4,P32298,uniprot_swissprot,9606
uniprot:P48436,ENSG00000125398,SOX9,sry-box transcription factor 9,P48436,uniprot_swissprot,9606
uniprot:Q9Y2R9,ENSG00000125445,MRPS7,mitochondrial ribosomal protein s7,Q9Y2R9,uniprot_swissprot,9606
uniprot:Q8TCD5,ENSG00000125458,NT5C,"5', 3'-nucleotidase, cytosolic",Q8TCD5,uniprot_swissprot,9606
uniprot:Q9UKN8,ENSG00000125484,GTF3C4,general transcription factor iiic subunit 4,Q9UKN8,uniprot_swissprot,9606
uniprot:Q9BZE3,ENSG00000125492,BARHL1,barh like homeobox 1,Q9BZE3,uniprot_swissprot,9606
uniprot:Q96N66,ENSG00000125505,MBOAT7,membrane bound acylglycerophosphatidylinositol o-acyltransferase mboat7,Q96N66,uniprot_swissprot,9606
uniprot:Q9H3Y6,ENSG00000125508,SRMS,src-related kinase lacking c-terminal regulatory tyrosine and n-terminal myristylation sites,Q9H3Y6,uniprot_swissprot,9606
uniprot:P41146,ENSG00000125510,OPRL1,opioid related nociceptin receptor 1,P41146,uniprot_swissprot,9606
uniprot:Q9NR83,ENSG00000125520,SLC2A4RG,slc2a4 regulator,Q9NR83,uniprot_swissprot,9606
uniprot:P01584,ENSG00000125538,IL1B,interleukin 1 beta,P01584,uniprot_swissprot,9606
uniprot:Q9NZH6,ENSG00000125571,IL37,interleukin 37,Q9NZH6,uniprot_swissprot,9606
uniprot:Q9BSY4,ENSG00000125611,CHCHD5,coiled-coil-helix-coiled-coil-helix domain containing 5,Q9BSY4,uniprot_swissprot,9606
uniprot:Q06710,ENSG00000125618,PAX8,paired box 8,Q06710,uniprot_swissprot,9606
uniprot:Q9H9Y6,ENSG00000125630,POLR1B,rna polymerase i subunit b,Q9H9Y6,uniprot_swissprot,9606
uniprot:Q8NDX1,ENSG00000125637,PSD4,pleckstrin and sec7 domain containing 4,Q8NDX1,uniprot_swissprot,9606
uniprot:P42263,ENSG00000125675,GRIA3,glutamate ionotropic receptor ampa type subunit 3,P42263,uniprot_swissprot,9606
uniprot:Q8NI27,ENSG00000125676,THOC2,tho complex subunit 2,Q8NI27,uniprot_swissprot,9606
uniprot:Q15648,ENSG00000125686,MED1,mediator complex subunit 1,Q15648,uniprot_swissprot,9606
uniprot:P62829,ENSG00000125691,RPL23,ribosomal protein l23,P62829,uniprot_swissprot,9606
uniprot:P01024,ENSG00000125730,C3,complement c3,P01024,uniprot_swissprot,9606
uniprot:O43557,ENSG00000125735,TNFSF14,tnf superfamily member 14,O43557,uniprot_swissprot,9606
uniprot:Q9H6K4,ENSG00000125741,OPA3,outer mitochondrial membrane lipid metabolism regulator opa3,Q9H6K4,uniprot_swissprot,9606
uniprot:P62316,ENSG00000125743,SNRPD2,small nuclear ribonucleoprotein d2 polypeptide,P62316,uniprot_swissprot,9606
uniprot:O95834,ENSG00000125746,EML2,emap like 2,O95834,uniprot_swissprot,9606
uniprot:P50552,ENSG00000125753,VASP,vasodilator stimulated phosphoprotein,P50552,uniprot_swissprot,9606
uniprot:Q92797,ENSG00000125755,SYMPK,symplekin scaffold protein,Q92797,uniprot_swissprot,9606
uniprot:Q9Y261,ENSG00000125798,FOXA2,forkhead box a2,Q9Y261,uniprot_swissprot,9606
uniprot:O95096,ENSG00000125820,NKX2-2,nk2 homeobox 2,O95096,uniprot_swissprot,9606
uniprot:Q9BYM8,ENSG00000125826,RBCK1,ranbp2-type and c3hc4-type zinc finger containing 1,Q9BYM8,uniprot_swissprot,9606
uniprot:Q8TDR2,ENSG00000125834,STK35,serine/threonine kinase 35,Q8TDR2,uniprot_swissprot,9606
uniprot:Q9P2E9,ENSG00000125844,RRBP1,ribosome binding protein 1,Q9P2E9,uniprot_swissprot,9606
uniprot:P12643,ENSG00000125845,BMP2,bone morphogenetic protein 2,P12643,uniprot_swissprot,9606
uniprot:Q9BRP0,ENSG00000125850,OVOL2,ovo like zinc finger 2,Q9BRP0,uniprot_swissprot,9606
uniprot:P16519,ENSG00000125851,PCSK2,proprotein convertase subtilisin/kexin type 2,P16519,uniprot_swissprot,9606
uniprot:P60981,ENSG00000125868,DSTN,"destrin, actin depolymerizing factor",P60981,uniprot_swissprot,9606
uniprot:P08579,ENSG00000125870,SNRPB2,small nuclear ribonucleoprotein polypeptide b2,P08579,uniprot_swissprot,9606
uniprot:Q8WUT4,ENSG00000125872,LRRN4,leucine rich repeat neuronal 4,Q8WUT4,uniprot_swissprot,9606
uniprot:Q9NRC9,ENSG00000125879,OTOR,otoraplin,Q9NRC9,uniprot_swissprot,9606
uniprot:Q9UJA3,ENSG00000125885,MCM8,minichromosome maintenance 8 homologous recombination repair factor,Q9UJA3,uniprot_swissprot,9606
uniprot:Q9H106,ENSG00000125900,SIRPD,signal regulatory protein delta,Q9H106,uniprot_swissprot,9606
uniprot:P61244,ENSG00000125952,MAX,myc associated transcriptional regulator x,P61244,uniprot_swissprot,9606
uniprot:P43026,ENSG00000125965,GDF5,growth differentiation factor 5,P43026,uniprot_swissprot,9606
uniprot:Q9Y5R2,ENSG00000125966,MMP24,matrix metallopeptidase 24,Q9Y5R2,uniprot_swissprot,9606
uniprot:P41134,ENSG00000125968,ID1,inhibitor of dna binding 1,P41134,uniprot_swissprot,9606
uniprot:Q9UKM9,ENSG00000125970,RALY,raly heterogeneous nuclear ribonucleoprotein,Q9UKM9,uniprot_swissprot,9606
uniprot:Q9NP97,ENSG00000125971,DYNLRB1,dynein light chain roadblock-type 1,Q9NP97,uniprot_swissprot,9606
uniprot:Q9UPG8,ENSG00000126003,PLAGL2,plag1 like zinc finger 2,Q9UPG8,uniprot_swissprot,9606
uniprot:P30550,ENSG00000126010,GRPR,gastrin releasing peptide receptor,P30550,uniprot_swissprot,9606
uniprot:P41229,ENSG00000126012,KDM5C,lysine demethylase 5c,P41229,uniprot_swissprot,9606
uniprot:P49721,ENSG00000126067,PSMB2,proteasome 20s subunit beta 2,P49721,uniprot_swissprot,9606
uniprot:Q11203,ENSG00000126091,ST3GAL3,"st3 beta-galactoside alpha-2,3-sialyltransferase 3",Q11203,uniprot_swissprot,9606
uniprot:Q07866,ENSG00000126214,KLC1,kinesin light chain 1,Q07866,uniprot_swissprot,9606
uniprot:O43542,ENSG00000126215,XRCC3,x-ray repair cross complementing 3,O43542,uniprot_swissprot,9606
uniprot:O15068,ENSG00000126217,MCF2L,mcf.2 cell line derived transforming sequence like,O15068,uniprot_swissprot,9606
uniprot:P00742,ENSG00000126218,F10,coagulation factor x,P00742,uniprot_swissprot,9606
uniprot:P04632,ENSG00000126247,CAPNS1,calpain small subunit 1,P04632,uniprot_swissprot,9606
uniprot:O14842,ENSG00000126266,FFAR1,free fatty acid receptor 1,O14842,uniprot_swissprot,9606
uniprot:P10827,ENSG00000126351,THRA,thyroid hormone receptor alpha,P10827,uniprot_swissprot,9606
uniprot:P32248,ENSG00000126353,CCR7,c-c motif chemokine receptor 7,P32248,uniprot_swissprot,9606
uniprot:P20393,ENSG00000126368,NR1D1,nuclear receptor subfamily 1 group d member 1,P20393,uniprot_swissprot,9606
uniprot:Q9HB09,ENSG00000126453,BCL2L12,bcl2 like 12,Q9HB09,uniprot_swissprot,9606
uniprot:Q99873,ENSG00000126457,PRMT1,protein arginine methyltransferase 1,Q99873,uniprot_swissprot,9606
uniprot:P10301,ENSG00000126458,RRAS,ras related,P10301,uniprot_swissprot,9606
uniprot:Q9NZU1,ENSG00000126500,FLRT1,fibronectin leucine rich transmembrane protein 1,Q9NZU1,uniprot_swissprot,9606
uniprot:P04424,ENSG00000126522,ASL,argininosuccinate lyase,P04424,uniprot_swissprot,9606
uniprot:Q9Y3A5,ENSG00000126524,SBDS,sbds ribosome maturation factor,Q9Y3A5,uniprot_swissprot,9606
uniprot:P47710,ENSG00000126545,CSN1S1,casein alpha s1,P47710,uniprot_swissprot,9606
uniprot:P42229,ENSG00000126561,STAT5A,signal transducer and activator of transcription 5a,P42229,uniprot_swissprot,9606
uniprot:Q96J92,ENSG00000126562,WNK4,wnk lysine deficient protein kinase 4,Q96J92,uniprot_swissprot,9606
uniprot:Q14457,ENSG00000126581,BECN1,beclin 1,Q14457,uniprot_swissprot,9606
uniprot:P05129,ENSG00000126583,PRKCG,protein kinase c gamma,P05129,uniprot_swissprot,9606
uniprot:Q12931,ENSG00000126602,TRAP1,tnf receptor associated protein 1,Q12931,uniprot_swissprot,9606
uniprot:Q9H0G5,ENSG00000126653,NSRP1,nuclear speckle splicing regulatory protein 1,Q9H0G5,uniprot_swissprot,9606
uniprot:P09912,ENSG00000126709,IFI6,interferon alpha inducible protein 6,P09912,uniprot_swissprot,9606
uniprot:Q8TF68,ENSG00000126746,ZNF384,zinc finger protein 384,Q8TF68,uniprot_swissprot,9606
uniprot:Q16384,ENSG00000126752,SSX1,ssx family member 1,Q16384,uniprot_swissprot,9606
uniprot:P19419,ENSG00000126767,ELK1,ets transcription factor elk1,P19419,uniprot_swissprot,9606
uniprot:Q63HM2,ENSG00000126773,PCNX4,pecanex 4,Q63HM2,uniprot_swissprot,9606
uniprot:Q86UP2,ENSG00000126777,KTN1,kinectin 1,Q86UP2,uniprot_swissprot,9606
uniprot:Q15475,ENSG00000126778,SIX1,six homeobox 1,Q15475,uniprot_swissprot,9606
uniprot:Q9H4E5,ENSG00000126785,RHOJ,ras homolog family member j,Q9H4E5,uniprot_swissprot,9606
uniprot:Q15398,ENSG00000126787,DLGAP5,dlg associated protein 5,Q15398,uniprot_swissprot,9606
uniprot:Q9Y2K1,ENSG00000126804,ZBTB1,zinc finger and btb domain containing 1,Q9Y2K1,uniprot_swissprot,9606
uniprot:P20742,ENSG00000126838,PZP,pzp alpha-2-macroglobulin like,P20742,uniprot_swissprot,9606
uniprot:Q9NQW5,ENSG00000126856,PRDM7,pr/set domain 7,Q9NQW5,uniprot_swissprot,9606
uniprot:P22794,ENSG00000126860,EVI2A,ecotropic viral integration site 2a,P22794,uniprot_swissprot,9606
uniprot:P35658,ENSG00000126883,NUP214,nucleoporin 214,P35658,uniprot_swissprot,9606
uniprot:P30518,ENSG00000126895,AVPR2,arginine vasopressin receptor 2,P30518,uniprot_swissprot,9606
uniprot:P36507,ENSG00000126934,MAP2K2,mitogen-activated protein kinase kinase 2,P36507,uniprot_swissprot,9606
uniprot:O60220,ENSG00000126953,TIMM8A,translocase of inner mitochondrial membrane 8a,O60220,uniprot_swissprot,9606
uniprot:P27824,ENSG00000127022,CANX,calnexin,P27824,uniprot_swissprot,9606
uniprot:Q99983,ENSG00000127083,OMD,osteomodulin,Q99983,uniprot_swissprot,9606
uniprot:Q5JSP0,ENSG00000127084,FGD3,"fyve, rhogef and ph domain containing 3",Q5JSP0,uniprot_swissprot,9606
uniprot:Q5T1R4,ENSG00000127124,HIVEP3,hivep zinc finger 3,Q5T1R4,uniprot_swissprot,9606
uniprot:Q9HAB8,ENSG00000127125,PPCS,phosphopantothenoylcysteine synthetase,Q9HAB8,uniprot_swissprot,9606
uniprot:P20800,ENSG00000127129,EDN2,endothelin 2,P20800,uniprot_swissprot,9606
uniprot:Q9C0K0,ENSG00000127152,BCL11B,bcl11 transcription factor b,Q9C0K0,uniprot_swissprot,9606
uniprot:P15954,ENSG00000127184,COX7C,cytochrome c oxidase subunit 7c,P15954,uniprot_swissprot,9606
uniprot:Q12933,ENSG00000127191,TRAF2,tnf receptor associated factor 2,Q12933,uniprot_swissprot,9606
uniprot:Q96I13,ENSG00000127220,ABHD8,abhydrolase domain containing 8,Q96I13,uniprot_swissprot,9606
uniprot:P48740,ENSG00000127241,MASP1,mbl associated serine protease 1,P48740,uniprot_swissprot,9606
uniprot:P61224,ENSG00000127314,RAP1B,"rap1b, member of ras oncogene family",P61224,uniprot_swissprot,9606
uniprot:Q9GZX6,ENSG00000127318,IL22,interleukin 22,Q9GZX6,uniprot_swissprot,9606
uniprot:P19075,ENSG00000127324,TSPAN8,tetraspanin 8,P19075,uniprot_swissprot,9606
uniprot:P23467,ENSG00000127329,PTPRB,protein tyrosine phosphatase receptor type b,P23467,uniprot_swissprot,9606
uniprot:Q92630,ENSG00000127334,DYRK2,dual specificity tyrosine phosphorylation regulated kinase 2,Q92630,uniprot_swissprot,9606
uniprot:O95619,ENSG00000127337,YEATS4,yeats domain containing 4,O95619,uniprot_swissprot,9606
uniprot:Q9NQA5,ENSG00000127412,TRPV5,transient receptor potential cation channel subfamily v member 5,Q9NQA5,uniprot_swissprot,9606
uniprot:P35475,ENSG00000127415,IDUA,alpha-l-iduronidase,P35475,uniprot_swissprot,9606
uniprot:Q9BSA9,ENSG00000127419,TMEM175,transmembrane protein 175,Q9BSA9,uniprot_swissprot,9606
uniprot:Q13526,ENSG00000127445,PIN1,"peptidylprolyl cis/trans isomerase, nima-interacting 1",Q13526,uniprot_swissprot,9606
uniprot:P39877,ENSG00000127472,PLA2G5,phospholipase a2 group v,P39877,uniprot_swissprot,9606
uniprot:Q96K37,ENSG00000127526,SLC35E1,solute carrier family 35 member e1,Q96K37,uniprot_swissprot,9606
uniprot:Q9UBC2,ENSG00000127527,EPS15L1,epidermal growth factor receptor pathway substrate 15 like 1,Q9UBC2,uniprot_swissprot,9606
uniprot:Q9Y5W3,ENSG00000127528,KLF2,klf transcription factor 2,Q9Y5W3,uniprot_swissprot,9606
uniprot:Q96RI0,ENSG00000127533,F2RL3,f2r like thrombin or trypsin receptor 3,Q96RI0,uniprot_swissprot,9606
uniprot:Q99640,ENSG00000127564,PKMYT1,"protein kinase, membrane associated tyrosine/threonine 1",Q99640,uniprot_swissprot,9606
uniprot:Q9UPN3,ENSG00000127603,MACF1,microtubule actin crosslinking factor 1,Q9UPN3,uniprot_swissprot,9606
uniprot:P51532,ENSG00000127616,SMARCA4,swi/snf related baf chromatin remodeling complex subunit atpase 4,P51532,uniprot_swissprot,9606
uniprot:O94953,ENSG00000127663,KDM4B,lysine demethylase 4b,O94953,uniprot_swissprot,9606
uniprot:P47887,ENSG00000127780,OR1E2,olfactory receptor family 1 subfamily e member 2,P47887,uniprot_swissprot,9606
uniprot:Q86W50,ENSG00000127804,METTL16,"methyltransferase 16, rna n6-adenosine",Q86W50,uniprot_swissprot,9606
uniprot:P68366,ENSG00000127824,TUBA4A,tubulin alpha 4a,P68366,uniprot_swissprot,9606
uniprot:Q13685,ENSG00000127837,AAMP,angio associated migratory cell protein,Q13685,uniprot_swissprot,9606
uniprot:Q8N490,ENSG00000127838,PNKD,pnkd metallo-beta-lactamase domain containing,Q8N490,uniprot_swissprot,9606
uniprot:Q9Y252,ENSG00000127870,RNF6,ring finger protein 6,Q9Y252,uniprot_swissprot,9606
uniprot:Q99996,ENSG00000127914,AKAP9,a-kinase anchoring protein 9,Q99996,uniprot_swissprot,9606
uniprot:P60896,ENSG00000127922,SEM1,sem1 26s proteasome subunit,P60896,uniprot_swissprot,9606
uniprot:O00291,ENSG00000127946,HIP1,huntingtin interacting protein 1,O00291,uniprot_swissprot,9606
uniprot:Q05209,ENSG00000127947,PTPN12,protein tyrosine phosphatase non-receptor type 12,Q05209,uniprot_swissprot,9606
uniprot:O43556,ENSG00000127990,SGCE,sarcoglycan epsilon,O43556,uniprot_swissprot,9606
uniprot:Q96PB1,ENSG00000127995,CASD1,cas1 domain sialic acid o acetyltransferase 1,Q96PB1,uniprot_swissprot,9606
uniprot:Q9Y6R6,ENSG00000128000,ZNF780B,zinc finger protein 780b,Q9Y6R6,uniprot_swissprot,9606
uniprot:P26651,ENSG00000128016,ZFP36,zfp36 zinc finger ccch-type,P26651,uniprot_swissprot,9606
uniprot:Q9H8P0,ENSG00000128039,SRD5A3,steroid 5 alpha-reductase 3,Q9H8P0,uniprot_swissprot,9606
uniprot:P22234,ENSG00000128050,PAICS,phosphoribosylaminoimidazole carboxylase and phosphoribosylaminoimidazolesuccinocarboxamide synthase,P22234,uniprot_swissprot,9606
uniprot:P35968,ENSG00000128052,KDR,kinase insert domain receptor,P35968,uniprot_swissprot,9606
uniprot:Q06203,ENSG00000128059,PPAT,phosphoribosyl pyrophosphate amidotransferase,Q06203,uniprot_swissprot,9606
uniprot:Q8WYQ5,ENSG00000128191,DGCR8,dgcr8 microprocessor complex subunit,Q8WYQ5,uniprot_swissprot,9606
uniprot:Q9HCN8,ENSG00000128228,SDF2L1,stromal cell derived factor 2 like 1,Q9HCN8,uniprot_swissprot,9606
uniprot:O75677,ENSG00000128250,RFPL1,ret finger protein like 1,O75677,uniprot_swissprot,9606
uniprot:P29274,ENSG00000128271,ADORA2A,adenosine a2a receptor,P29274,uniprot_swissprot,9606
uniprot:P18848,ENSG00000128272,ATF4,activating transcription factor 4,P18848,uniprot_swissprot,9606
uniprot:Q9NPC4,ENSG00000128274,A4GALT,"alpha 1,4-galactosyltransferase (p1pk blood group)",Q9NPC4,uniprot_swissprot,9606
uniprot:Q00587,ENSG00000128283,CDC42EP1,cdc42 effector protein 1,Q00587,uniprot_swissprot,9606
uniprot:Q99705,ENSG00000128285,MCHR1,melanin concentrating hormone receptor 1,Q99705,uniprot_swissprot,9606
uniprot:O60704,ENSG00000128294,TPST2,tyrosylprotein sulfotransferase 2,O60704,uniprot_swissprot,9606
uniprot:P15018,ENSG00000128342,LIF,lif interleukin 6 family cytokine,P15018,uniprot_swissprot,9606
uniprot:P31941,ENSG00000128383,APOBEC3A,apolipoprotein b mrna editing enzyme catalytic subunit 3a,P31941,uniprot_swissprot,9606
uniprot:Q04695,ENSG00000128422,KRT17,keratin 17,Q04695,uniprot_swissprot,9606
uniprot:Q5J8M3,ENSG00000128463,EMC4,er membrane protein complex subunit 4,Q5J8M3,uniprot_swissprot,9606
uniprot:Q5M775,ENSG00000128487,SPECC1,sperm antigen with calponin homology and coiled-coil domains 1,Q5M775,uniprot_swissprot,9606
uniprot:Q9UI42,ENSG00000128510,CPA4,carboxypeptidase a4,Q9UI42,uniprot_swissprot,9606
uniprot:Q8N1I0,ENSG00000128512,DOCK4,dedicator of cytokinesis 4,Q8N1I0,uniprot_swissprot,9606
uniprot:Q9NUX5,ENSG00000128513,POT1,protection of telomeres 1,Q9NUX5,uniprot_swissprot,9606
uniprot:Q6ZTQ4,ENSG00000128536,CDHR3,cadherin related family member 3,Q6ZTQ4,uniprot_swissprot,9606
uniprot:O15240,ENSG00000128564,VGF,vgf nerve growth factor inducible,O15240,uniprot_swissprot,9606
uniprot:O00592,ENSG00000128567,PODXL,podocalyxin like,O00592,uniprot_swissprot,9606
uniprot:O15409,ENSG00000128573,FOXP2,forkhead box p2,O15409,uniprot_swissprot,9606
uniprot:Q9H7X7,ENSG00000128581,IFT22,intraflagellar transport 22,Q9H7X7,uniprot_swissprot,9606
uniprot:Q9UL63,ENSG00000128585,MKLN1,muskelin 1,Q9UL63,uniprot_swissprot,9606
uniprot:Q14315,ENSG00000128591,FLNC,filamin c,Q14315,uniprot_swissprot,9606
uniprot:Q9HBW1,ENSG00000128594,LRRC4,leucine rich repeat containing 4,Q9HBW1,uniprot_swissprot,9606
uniprot:O43852,ENSG00000128595,CALU,calumenin,O43852,uniprot_swissprot,9606
uniprot:Q99835,ENSG00000128602,SMO,"smoothened, frizzled class receptor",Q99835,uniprot_swissprot,9606
uniprot:Q13568,ENSG00000128604,IRF5,interferon regulatory factor 5,Q13568,uniprot_swissprot,9606
uniprot:Q6PID8,ENSG00000128607,KLHDC10,kelch domain containing 10,Q6PID8,uniprot_swissprot,9606
uniprot:Q16718,ENSG00000128609,NDUFA5,nadh:ubiquinone oxidoreductase subunit a5,Q16718,uniprot_swissprot,9606
uniprot:A0PJY2,ENSG00000128610,FEZF1,fez family zinc finger 1,A0PJY2,uniprot_swissprot,9606
uniprot:O15235,ENSG00000128626,MRPS12,mitochondrial ribosomal protein s12,O15235,uniprot_swissprot,9606
uniprot:O43795,ENSG00000128641,MYO1B,myosin ib,O43795,uniprot_swissprot,9606
uniprot:O75431,ENSG00000128654,MTX2,metaxin 2,O75431,uniprot_swissprot,9606
uniprot:Q9HCR9,ENSG00000128655,PDE11A,phosphodiesterase 11a,Q9HCR9,uniprot_swissprot,9606
uniprot:Q99259,ENSG00000128683,GAD1,glutamate decarboxylase 1,Q99259,uniprot_swissprot,9606
uniprot:P28358,ENSG00000128710,HOXD10,homeobox d10,P28358,uniprot_swissprot,9606
uniprot:P31277,ENSG00000128713,HOXD11,homeobox d11,P31277,uniprot_swissprot,9606
uniprot:P35453,ENSG00000128714,HOXD13,homeobox d13,P35453,uniprot_swissprot,9606
uniprot:O95714,ENSG00000128731,HERC2,hect and rld domain containing e3 ubiquitin protein ligase 2,O95714,uniprot_swissprot,9606
uniprot:Q7Z5H3,ENSG00000128805,ARHGAP22,rho gtpase activating protein 22,Q7Z5H3,uniprot_swissprot,9606
uniprot:Q6ZS81,ENSG00000128815,WDFY4,wdfy family member 4,Q6ZS81,uniprot_swissprot,9606
uniprot:Q9P2K8,ENSG00000128829,EIF2AK4,eukaryotic translation initiation factor 2 alpha kinase 4,Q9P2K8,uniprot_swissprot,9606
uniprot:Q9NQX4,ENSG00000128833,MYO5C,myosin vc,Q9NQX4,uniprot_swissprot,9606
uniprot:Q0VF96,ENSG00000128849,CGNL1,cingulin like 1,Q0VF96,uniprot_swissprot,9606
uniprot:Q9BV29,ENSG00000128891,CCDC32,coiled-coil domain containing 32,Q9BV29,uniprot_swissprot,9606
uniprot:Q9ULG1,ENSG00000128908,INO80,ino80 complex atpase subunit,Q9ULG1,uniprot_swissprot,9606
uniprot:Q659A1,ENSG00000128915,ICE2,interactor of little elongation complex ell subunit 2,Q659A1,uniprot_swissprot,9606
uniprot:Q9NR61,ENSG00000128917,DLL4,delta like canonical notch ligand 4,Q9NR61,uniprot_swissprot,9606
uniprot:O94788,ENSG00000128918,ALDH1A2,aldehyde dehydrogenase 1 family member a2,O94788,uniprot_swissprot,9606
uniprot:Q8NBR6,ENSG00000128923,MINDY2,mindy lysine 48 deubiquitinase 2,Q8NBR6,uniprot_swissprot,9606
uniprot:Q9Y448,ENSG00000128944,KNSTRN,kinetochore localized astrin (spag5) binding protein,Q9Y448,uniprot_swissprot,9606
uniprot:Q709C8,ENSG00000129003,VPS13C,vacuolar protein sorting 13 homolog c,Q709C8,uniprot_swissprot,9606
uniprot:O14498,ENSG00000129009,ISLR,immunoglobulin superfamily containing leucine rich repeat,O14498,uniprot_swissprot,9606
uniprot:Q08397,ENSG00000129038,LOXL1,lysyl oxidase like 1,Q08397,uniprot_swissprot,9606
uniprot:Q9NPB9,ENSG00000129048,ACKR4,atypical chemokine receptor 4,Q9NPB9,uniprot_swissprot,9606
uniprot:O95243,ENSG00000129071,MBD4,"methyl-cpg binding domain 4, dna glycosylase",O95243,uniprot_swissprot,9606
uniprot:P53618,ENSG00000129083,COPB1,coat protein complex i subunit beta 1,P53618,uniprot_swissprot,9606
uniprot:P25786,ENSG00000129084,PSMA1,proteasome 20s subunit alpha 1,P25786,uniprot_swissprot,9606
uniprot:Q8WX93,ENSG00000129116,PALLD,"palladin, cytoskeletal associated protein",Q8WX93,uniprot_swissprot,9606
uniprot:P61009,ENSG00000129128,SPCS3,signal peptidase complex subunit 3,P61009,uniprot_swissprot,9606
uniprot:O75936,ENSG00000129151,BBOX1,gamma-butyrobetaine hydroxylase 1,O75936,uniprot_swissprot,9606
uniprot:P15172,ENSG00000129152,MYOD1,myogenic differentiation 1,P15172,uniprot_swissprot,9606
uniprot:P17752,ENSG00000129167,TPH1,tryptophan hydroxylase 1,P17752,uniprot_swissprot,9606
uniprot:A0AVK6,ENSG00000129173,E2F8,e2f transcription factor 8,A0AVK6,uniprot_swissprot,9606
uniprot:P32321,ENSG00000129187,DCTD,dcmp deaminase,P32321,uniprot_swissprot,9606
uniprot:Q9BSJ6,ENSG00000129195,PIMREG,picalm interacting mitotic regulator,Q9BSJ6,uniprot_swissprot,9606
uniprot:P35125,ENSG00000129204,USP6,ubiquitin specific peptidase 6,P35125,uniprot_swissprot,9606
uniprot:P04278,ENSG00000129214,SHBG,sex hormone binding globulin,P04278,uniprot_swissprot,9606
uniprot:O14939,ENSG00000129219,PLD2,phospholipase d2,O14939,uniprot_swissprot,9606
uniprot:P34810,ENSG00000129226,CD68,cd68 molecule,P34810,uniprot_swissprot,9606
uniprot:Q9BRA2,ENSG00000129235,TXNDC17,thioredoxin domain containing 17,Q9BRA2,uniprot_swissprot,9606
uniprot:P14415,ENSG00000129244,ATP1B2,atpase na+/k+ transporting subunit beta 2,P14415,uniprot_swissprot,9606
uniprot:O75352,ENSG00000129255,MPDU1,mannose-p-dolichol utilization defect 1,O75352,uniprot_swissprot,9606
uniprot:A8MW92,ENSG00000129292,PHF20L1,phd finger protein 20 like 1,A8MW92,uniprot_swissprot,9606
uniprot:Q12906,ENSG00000129351,ILF3,interleukin enhancer binding factor 3,Q12906,uniprot_swissprot,9606
uniprot:Q8IWA5,ENSG00000129353,SLC44A2,solute carrier family 44 member 2 (ctl2 blood group),Q8IWA5,uniprot_swissprot,9606
uniprot:Q9Y6Q5,ENSG00000129354,AP1M2,adaptor related protein complex 1 subunit mu 2,Q9Y6Q5,uniprot_swissprot,9606
uniprot:P55273,ENSG00000129355,CDKN2D,cyclin dependent kinase inhibitor 2d,P55273,uniprot_swissprot,9606
uniprot:Q9ULD2,ENSG00000129422,MTUS1,microtubule associated scaffold protein 1,Q9ULD2,uniprot_swissprot,9606
uniprot:Q9Y572,ENSG00000129465,RIPK3,receptor interacting serine/threonine kinase 3,Q9Y572,uniprot_swissprot,9606
uniprot:Q8NFM4,ENSG00000129467,ADCY4,adenylate cyclase 4,Q8NFM4,uniprot_swissprot,9606
uniprot:Q8WUD1,ENSG00000129472,RAB2B,"rab2b, member ras oncogene family",Q8WUD1,uniprot_swissprot,9606
uniprot:Q96IF1,ENSG00000129474,AJUBA,ajuba lim protein,Q96IF1,uniprot_swissprot,9606
uniprot:Q9UGN5,ENSG00000129484,PARP2,poly(adp-ribose) polymerase 2,Q9UGN5,uniprot_swissprot,9606
uniprot:P55317,ENSG00000129514,FOXA1,forkhead box a1,P55317,uniprot_swissprot,9606
uniprot:P07998,ENSG00000129538,RNASE1,"ribonuclease a family member 1, pancreatic",P07998,uniprot_swissprot,9606
uniprot:Q9HCS5,ENSG00000129595,EPB41L4A,erythrocyte membrane protein band 4.1 like 4a,Q9HCS5,uniprot_swissprot,9606
uniprot:Q16878,ENSG00000129596,CDO1,cysteine dioxygenase type 1,Q16878,uniprot_swissprot,9606
uniprot:Q00765,ENSG00000129625,REEP5,receptor accessory protein 5,Q00765,uniprot_swissprot,9606
uniprot:Q8TB96,ENSG00000129636,ITFG1,integrin alpha fg-gap repeat containing 1,Q8TB96,uniprot_swissprot,9606
uniprot:Q92503,ENSG00000129657,SEC14L1,sec14 like lipid binding 1,Q92503,uniprot_swissprot,9606
uniprot:Q6PJF5,ENSG00000129667,RHBDF2,rhomboid 5 homolog 2,Q6PJF5,uniprot_swissprot,9606
uniprot:Q15052,ENSG00000129675,ARHGEF6,rac/cdc42 guanine nucleotide exchange factor 6,Q15052,uniprot_swissprot,9606
uniprot:Q8IWC1,ENSG00000129680,MAP7D3,map7 domain containing 3,Q8IWC1,uniprot_swissprot,9606
uniprot:Q9UBL3,ENSG00000129691,ASH2L,"ash2 like, histone lysine methyltransferase complex subunit",Q9UBL3,uniprot_swissprot,9606
uniprot:P49918,ENSG00000129757,CDKN1C,cyclin dependent kinase inhibitor 1c,P49918,uniprot_swissprot,9606
uniprot:Q5FBB7,ENSG00000129810,SGO1,shugoshin 1,Q5FBB7,uniprot_swissprot,9606
uniprot:P55291,ENSG00000129910,CDH15,cadherin 15,P55291,uniprot_swissprot,9606
uniprot:Q9BXK1,ENSG00000129911,KLF16,klf transcription factor 16,Q9BXK1,uniprot_swissprot,9606
uniprot:Q9Y6X3,ENSG00000129933,MAU2,mau2 sister chromatid cohesion factor,Q9Y6X3,uniprot_swissprot,9606
uniprot:P18428,ENSG00000129988,LBP,lipopolysaccharide binding protein,P18428,uniprot_swissprot,9606
uniprot:P19429,ENSG00000129991,TNNI3,"troponin i3, cardiac type",P19429,uniprot_swissprot,9606
uniprot:O75081,ENSG00000129993,CBFA2T3,cbfa2/runx1 partner transcriptional co-repressor 3,O75081,uniprot_swissprot,9606
uniprot:P22460,ENSG00000130037,KCNA5,potassium voltage-gated channel subfamily a member 5,P22460,uniprot_swissprot,9606
uniprot:Q9P0V3,ENSG00000130147,SH3BP4,sh3 domain binding protein 4,Q9P0V3,uniprot_swissprot,9606
uniprot:Q96HP0,ENSG00000130158,DOCK6,dedicator of cytokinesis 6,Q96HP0,uniprot_swissprot,9606
uniprot:P01130,ENSG00000130164,LDLR,low density lipoprotein receptor,P01130,uniprot_swissprot,9606
uniprot:Q9UKR8,ENSG00000130167,TSPAN16,tetraspanin 16,Q9UKR8,uniprot_swissprot,9606
uniprot:Q6UXH0,ENSG00000130173,ANGPTL8,angiopoietin like 8,Q6UXH0,uniprot_swissprot,9606
uniprot:P51911,ENSG00000130176,CNN1,calponin 1,P51911,uniprot_swissprot,9606
uniprot:Q13042,ENSG00000130177,CDC16,cell division cycle 16,Q13042,uniprot_swissprot,9606
uniprot:Q92692,ENSG00000130202,NECTIN2,nectin cell adhesion molecule 2,Q92692,uniprot_swissprot,9606
uniprot:P02649,ENSG00000130203,APOE,apolipoprotein e,P02649,uniprot_swissprot,9606
uniprot:O96008,ENSG00000130204,TOMM40,translocase of outer mitochondrial membrane 40,O96008,uniprot_swissprot,9606
uniprot:P02654,ENSG00000130208,APOC1,apolipoprotein c1,P02654,uniprot_swissprot,9606
uniprot:O95257,ENSG00000130222,GADD45G,growth arrest and dna damage inducible gamma,O95257,uniprot_swissprot,9606
uniprot:P42658,ENSG00000130226,DPP6,dipeptidyl peptidase like 6,P42658,uniprot_swissprot,9606
uniprot:Q9UIA9,ENSG00000130227,XPO7,exportin 7,Q9UIA9,uniprot_swissprot,9606
uniprot:Q9BYF1,ENSG00000130234,ACE2,angiotensin converting enzyme 2,Q9BYF1,uniprot_swissprot,9606
uniprot:O60423,ENSG00000130270,ATP8B3,atpase phospholipid transporting 8b3,O60423,uniprot_swissprot,9606
uniprot:O14594,ENSG00000130287,NCAN,neurocan,O14594,uniprot_swissprot,9606
uniprot:Q12756,ENSG00000130294,KIF1A,kinesin family member 1a,Q12756,uniprot_swissprot,9606
uniprot:Q10589,ENSG00000130303,BST2,bone marrow stromal cell antigen 2,Q10589,uniprot_swissprot,9606
uniprot:Q9BW61,ENSG00000130311,DDA1,det1 and ddb1 associated 1,Q9BW61,uniprot_swissprot,9606
uniprot:Q9BQ48,ENSG00000130312,MRPL34,mitochondrial ribosomal protein l34,Q9BQ48,uniprot_swissprot,9606
uniprot:Q9NRJ4,ENSG00000130338,TULP4,tub like protein 4,Q9NRJ4,uniprot_swissprot,9606
uniprot:P04201,ENSG00000130368,MAS1,"mas1 proto-oncogene, g protein-coupled receptor",P04201,uniprot_swissprot,9606
uniprot:Q03111,ENSG00000130382,MLLT1,mllt1 super elongation complex subunit,Q03111,uniprot_swissprot,9606
uniprot:P55196,ENSG00000130396,AFDN,"afadin, adherens junction formation factor",P55196,uniprot_swissprot,9606
uniprot:O43707,ENSG00000130402,ACTN4,actinin alpha 4,O43707,uniprot_swissprot,9606
uniprot:Q9BYT3,ENSG00000130413,STK33,serine/threonine kinase 33,Q9BYT3,uniprot_swissprot,9606
uniprot:O95299,ENSG00000130414,NDUFA10,nadh:ubiquinone oxidoreductase subunit a10,O95299,uniprot_swissprot,9606
uniprot:P01588,ENSG00000130427,EPO,erythropoietin,P01588,uniprot_swissprot,9606
uniprot:O15143,ENSG00000130429,ARPC1B,actin related protein 2/3 complex subunit 1b,O15143,uniprot_swissprot,9606
uniprot:Q9BXT2,ENSG00000130433,CACNG6,calcium voltage-gated channel auxiliary subunit gamma 6,Q9BXT2,uniprot_swissprot,9606
uniprot:Q9HCJ5,ENSG00000130449,ZSWIM6,zinc finger swim-type containing 6,Q9HCJ5,uniprot_swissprot,9606
uniprot:O14526,ENSG00000130475,FCHO1,fch and mu domain containing endocytic adaptor 1,O14526,uniprot_swissprot,9606
uniprot:Q66K74,ENSG00000130479,MAP1S,microtubule associated protein 1s,Q66K74,uniprot_swissprot,9606
uniprot:Q92626,ENSG00000130508,PXDN,peroxidasin,Q92626,uniprot_swissprot,9606
uniprot:Q99988,ENSG00000130513,GDF15,growth differentiation factor 15,Q99988,uniprot_swissprot,9606
uniprot:Q9NXJ5,ENSG00000130517,PGPEP1,pyroglutamyl-peptidase i,Q9NXJ5,uniprot_swissprot,9606
uniprot:Q9Y4Z0,ENSG00000130520,LSM4,"lsm4 homolog, u6 small nuclear rna and mrna degradation associated",Q9Y4Z0,uniprot_swissprot,9606
uniprot:Q8TD43,ENSG00000130529,TRPM4,transient receptor potential cation channel subfamily m member 4,Q8TD43,uniprot_swissprot,9606
uniprot:Q8N988,ENSG00000130544,ZNF557,zinc finger protein 557,Q8N988,uniprot_swissprot,9606
uniprot:Q9BUF7,ENSG00000130545,CRB3,crumbs cell polarity complex component 3,Q9BUF7,uniprot_swissprot,9606
uniprot:Q5T5Y3,ENSG00000130559,CAMSAP1,calmodulin regulated spectrin associated protein 1,Q5T5Y3,uniprot_swissprot,9606
uniprot:P10523,ENSG00000130561,SAG,s-antigen visual arrestin,P10523,uniprot_swissprot,9606
uniprot:Q86UZ6,ENSG00000130584,ZBTB46,zinc finger and btb domain containing 46,Q86UZ6,uniprot_swissprot,9606
uniprot:P33241,ENSG00000130592,LSP1,lymphocyte specific protein 1,P33241,uniprot_swissprot,9606
uniprot:P45378,ENSG00000130595,TNNT3,"troponin t3, fast skeletal type",P45378,uniprot_swissprot,9606
uniprot:P48788,ENSG00000130598,TNNI2,"troponin i2, fast skeletal type",P48788,uniprot_swissprot,9606
ensembl:ENSG00000130600,ENSG00000130600,H19,h19 imprinted maternally expressed transcript,,,9606
uniprot:P20908,ENSG00000130635,COL5A1,collagen type v alpha 1 chain,P20908,uniprot_swissprot,9606
uniprot:P05181,ENSG00000130649,CYP2E1,cytochrome p450 family 2 subfamily e member 1,P05181,uniprot_swissprot,9606
uniprot:Q6ZV29,ENSG00000130653,PNPLA7,"patatin like domain 7, lysophospholipase",Q6ZV29,uniprot_swissprot,9606
uniprot:O96013,ENSG00000130669,PAK4,p21 (rac1) activated kinase 4,O96013,uniprot_swissprot,9606
uniprot:P50219,ENSG00000130675,MNX1,motor neuron and pancreas homeobox 1,P50219,uniprot_swissprot,9606
uniprot:Q9BWX5,ENSG00000130700,GATA5,gata binding protein 5,Q9BWX5,uniprot_swissprot,9606
uniprot:O15230,ENSG00000130702,LAMA5,laminin subunit alpha 5,O15230,uniprot_swissprot,9606
uniprot:Q9H1P3,ENSG00000130703,OSBPL2,oxysterol binding protein like 2,Q9H1P3,uniprot_swissprot,9606
uniprot:Q16186,ENSG00000130706,ADRM1,adrm1 26s proteasome ubiquitin receptor,Q16186,uniprot_swissprot,9606
uniprot:P00966,ENSG00000130707,ASS1,argininosuccinate synthase 1,P00966,uniprot_swissprot,9606
uniprot:Q8N539,ENSG00000130720,FIBCD1,fibrinogen c domain containing 1,Q8N539,uniprot_swissprot,9606
uniprot:P61081,ENSG00000130725,UBE2M,ubiquitin conjugating enzyme e2 m,P61081,uniprot_swissprot,9606
uniprot:Q13263,ENSG00000130726,TRIM28,tripartite motif containing 28,Q13263,uniprot_swissprot,9606
uniprot:Q9UPT8,ENSG00000130749,ZC3H4,zinc finger ccch-type containing 4,Q9UPT8,uniprot_swissprot,9606
uniprot:O60234,ENSG00000130755,GMFG,glia maturation factor gamma,O60234,uniprot_swissprot,9606
uniprot:Q02779,ENSG00000130758,MAP3K10,mitogen-activated protein kinase kinase kinase 10,Q02779,uniprot_swissprot,9606
uniprot:P58004,ENSG00000130766,SESN2,sestrin 2,P58004,uniprot_swissprot,9606
uniprot:Q9UII2,ENSG00000130770,ATP5IF1,atp synthase inhibitory factor subunit 1,Q9UII2,uniprot_swissprot,9606
uniprot:Q5TEJ8,ENSG00000130775,THEMIS2,thymocyte selection associated family member 2,Q5TEJ8,uniprot_swissprot,9606
uniprot:P30622,ENSG00000130779,CLIP1,cap-gly domain containing linker protein 1,P30622,uniprot_swissprot,9606
uniprot:Q6P9F0,ENSG00000130783,CCDC62,coiled-coil domain containing 62,Q6P9F0,uniprot_swissprot,9606
uniprot:Q9NQ55,ENSG00000130810,PPAN,peter pan homolog,Q9NQ55,uniprot_swissprot,9606
uniprot:Q8NI99,ENSG00000130812,ANGPTL6,angiopoietin like 6,Q8NI99,uniprot_swissprot,9606
uniprot:P26358,ENSG00000130816,DNMT1,dna methyltransferase 1,P26358,uniprot_swissprot,9606
uniprot:P48029,ENSG00000130821,SLC6A8,solute carrier family 6 member 8,P48029,uniprot_swissprot,9606
uniprot:Q6P2M8,ENSG00000130822,PNCK,pregnancy up-regulated nonubiquitous cam kinase,Q6P2M8,uniprot_swissprot,9606
uniprot:O60832,ENSG00000130826,DKC1,dyskerin pseudouridine synthase 1,O60832,uniprot_swissprot,9606
uniprot:Q99956,ENSG00000130829,DUSP9,dual specificity phosphatase 9,Q99956,uniprot_swissprot,9606
uniprot:Q9NQX6,ENSG00000130844,ZNF331,zinc finger protein 331,Q9NQX6,uniprot_swissprot,9606
uniprot:Q9UL36,ENSG00000130856,ZNF236,zinc finger protein 236,Q9UL36,uniprot_swissprot,9606
uniprot:Q9NS82,ENSG00000130876,SLC7A10,solute carrier family 7 member 10,Q9NS82,uniprot_swissprot,9606
uniprot:Q9H3J6,ENSG00000130921,MTRFR,mitochondrial translation release factor in rescue,Q9H3J6,uniprot_swissprot,9606
uniprot:O95155,ENSG00000130939,UBE4B,ubiquitination factor e4b,O95155,uniprot_swissprot,9606
uniprot:Q86V15,ENSG00000130940,CASZ1,castor zinc finger 1,Q86V15,uniprot_swissprot,9606
uniprot:O00757,ENSG00000130957,FBP2,fructose-bisphosphatase 2,O00757,uniprot_swissprot,9606
uniprot:P22314,ENSG00000130985,UBA1,ubiquitin like modifier activating enzyme 1,P22314,uniprot_swissprot,9606
uniprot:Q7Z5Q5,ENSG00000130997,POLN,dna polymerase nu,Q7Z5Q5,uniprot_swissprot,9606
uniprot:Q9BZM5,ENSG00000131015,ULBP2,ul16 binding protein 2,Q9BZM5,uniprot_swissprot,9606
uniprot:Q02952,ENSG00000131016,AKAP12,a-kinase anchoring protein 12,Q02952,uniprot_swissprot,9606
uniprot:Q8NF91,ENSG00000131018,SYNE1,spectrin repeat containing nuclear envelope protein 1,Q8NF91,uniprot_swissprot,9606
uniprot:O95835,ENSG00000131023,LATS1,large tumor suppressor kinase 1,O95835,uniprot_swissprot,9606
uniprot:Q8N423,ENSG00000131042,LILRB2,leukocyte immunoglobulin like receptor b2,Q8N423,uniprot_swissprot,9606
uniprot:Q14498,ENSG00000131051,RBM39,rna binding motif protein 39,Q14498,uniprot_swissprot,9606
uniprot:Q9BYN7,ENSG00000131061,ZNF341,zinc finger protein 341,Q9BYN7,uniprot_swissprot,9606
uniprot:Q9UJ14,ENSG00000131067,GGT7,gamma-glutamyltransferase 7,Q9UJ14,uniprot_swissprot,9606
uniprot:Q9NR19,ENSG00000131069,ACSS2,acyl-coa synthetase short chain family member 2,Q9NR19,uniprot_swissprot,9606
uniprot:Q9HAV5,ENSG00000131080,EDA2R,ectodysplasin a2 receptor,Q9HAV5,uniprot_swissprot,9606
uniprot:P14136,ENSG00000131095,GFAP,glial fibrillary acidic protein,P14136,uniprot_swissprot,9606
uniprot:Q86WZ6,ENSG00000131115,ZNF227,zinc finger protein 227,Q86WZ6,uniprot_swissprot,9606
uniprot:Q9BY14,ENSG00000131126,TEX101,testis expressed 101,Q9BY14,uniprot_swissprot,9606
uniprot:Q14687,ENSG00000131149,GSE1,gse1 coiled-coil protein,Q14687,uniprot_swissprot,9606
uniprot:Q9Y248,ENSG00000131153,GINS2,gins complex subunit 2,Q9Y248,uniprot_swissprot,9606
uniprot:Q9HD42,ENSG00000131165,CHMP1A,charged multivesicular body protein 1a,Q9HD42,uniprot_swissprot,9606
uniprot:O75368,ENSG00000131171,SH3BGRL,sh3 domain binding glutamate rich protein like,O75368,uniprot_swissprot,9606
uniprot:P24311,ENSG00000131174,COX7B,cytochrome c oxidase subunit 7b,P24311,uniprot_swissprot,9606
uniprot:Q06495,ENSG00000131183,SLC34A1,solute carrier family 34 member 1,Q06495,uniprot_swissprot,9606
uniprot:P00748,ENSG00000131187,F12,coagulation factor xii,P00748,uniprot_swissprot,9606
uniprot:O95644,ENSG00000131196,NFATC1,nuclear factor of activated t cells 1,O95644,uniprot_swissprot,9606
uniprot:P14902,ENSG00000131203,IDO1,"indoleamine 2,3-dioxygenase 1",P14902,uniprot_swissprot,9606
uniprot:Q01518,ENSG00000131236,CAP1,cyclase associated actin cytoskeleton regulatory protein 1,Q01518,uniprot_swissprot,9606
uniprot:P50897,ENSG00000131238,PPT1,palmitoyl-protein thioesterase 1,P50897,uniprot_swissprot,9606
uniprot:Q86YS3,ENSG00000131242,RAB11FIP4,rab11 family interacting protein 4,Q86YS3,uniprot_swissprot,9606
uniprot:Q13114,ENSG00000131323,TRAF3,tnf receptor associated factor 3,Q13114,uniprot_swissprot,9606
uniprot:Q9BT25,ENSG00000131351,HAUS8,haus augmin like complex subunit 8,Q9BT25,uniprot_swissprot,9606
uniprot:Q9BY15,ENSG00000131355,ADGRE3,adhesion g protein-coupled receptor e3,Q9BY15,uniprot_swissprot,9606
uniprot:O60239,ENSG00000131370,SH3BP5,sh3 domain binding protein 5,O60239,uniprot_swissprot,9606
uniprot:Q92609,ENSG00000131374,TBC1D5,tbc1 domain family member 5,Q92609,uniprot_swissprot,9606
uniprot:Q14699,ENSG00000131378,RFTN1,"raftlin, lipid raft linker 1",Q14699,uniprot_swissprot,9606
uniprot:P31641,ENSG00000131389,SLC6A6,solute carrier family 6 member 6,P31641,uniprot_swissprot,9606
uniprot:P55055,ENSG00000131408,NR1H2,nuclear receptor subfamily 1 group h member 2,P55055,uniprot_swissprot,9606
uniprot:P50479,ENSG00000131435,PDLIM4,pdz and lim domain 4,P50479,uniprot_swissprot,9606
uniprot:Q9Y496,ENSG00000131437,KIF3A,kinesin family member 3a,Q9Y496,uniprot_swissprot,9606
uniprot:P26572,ENSG00000131446,MGAT1,"alpha-1,3-mannosyl-glycoprotein 2-beta-n-acetylglucosaminyltransferase",P26572,uniprot_swissprot,9606
uniprot:P61289,ENSG00000131467,PSME3,proteasome activator subunit 3,P61289,uniprot_swissprot,9606
uniprot:Q9P2W1,ENSG00000131470,PSMC3IP,psmc3 interacting protein,Q9P2W1,uniprot_swissprot,9606
uniprot:P53396,ENSG00000131473,ACLY,atp citrate lyase,P53396,uniprot_swissprot,9606
uniprot:O60895,ENSG00000131477,RAMP2,receptor activity modifying protein 2,O60895,uniprot_swissprot,9606
uniprot:O43678,ENSG00000131495,NDUFA2,nadh:ubiquinone oxidoreductase subunit a2,O43678,uniprot_swissprot,9606
uniprot:Q8IWZ3,ENSG00000131503,ANKHD1,ankyrin repeat and kh domain containing 1,Q8IWZ3,uniprot_swissprot,9606
uniprot:Q9BT67,ENSG00000131507,NDFIP1,nedd4 family interacting protein 1,Q9BT67,uniprot_swissprot,9606
uniprot:P62837,ENSG00000131508,UBE2D2,ubiquitin conjugating enzyme e2 d2,P62837,uniprot_swissprot,9606
uniprot:Q96A65,ENSG00000131558,EXOC4,exocyst complex component 4,Q96A65,uniprot_swissprot,9606
uniprot:Q5XXA6,ENSG00000131620,ANO1,anoctamin 1,Q5XXA6,uniprot_swissprot,9606
uniprot:Q6Q0C0,ENSG00000131653,TRAF7,tnf receptor associated factor 7,Q6Q0C0,uniprot_swissprot,9606
uniprot:Q9HBU1,ENSG00000131668,BARX1,barx homeobox 1,Q9HBU1,uniprot_swissprot,9606
uniprot:Q92982,ENSG00000131669,NINJ1,ninjurin 1,Q92982,uniprot_swissprot,9606
uniprot:O75161,ENSG00000131697,NPHP4,nephrocystin 4,O75161,uniprot_swissprot,9606
uniprot:P46821,ENSG00000131711,MAP1B,microtubule associated protein 1b,P46821,uniprot_swissprot,9606
uniprot:P78552,ENSG00000131724,IL13RA1,interleukin 13 receptor subunit alpha 1,P78552,uniprot_swissprot,9606
uniprot:P17540,ENSG00000131730,CKMT2,"creatine kinase, mitochondrial 2",P17540,uniprot_swissprot,9606
uniprot:Q8IZW8,ENSG00000131746,TNS4,tensin 4,Q8IZW8,uniprot_swissprot,9606
uniprot:P11388,ENSG00000131747,TOP2A,dna topoisomerase ii alpha,P11388,uniprot_swissprot,9606
uniprot:Q14849,ENSG00000131748,STARD3,star related lipid transfer domain containing 3,Q14849,uniprot_swissprot,9606
uniprot:P10276,ENSG00000131759,RARA,retinoic acid receptor alpha,P10276,uniprot_swissprot,9606
uniprot:Q9UD71,ENSG00000131771,PPP1R1B,protein phosphatase 1 regulatory inhibitor subunit 1b,Q9UD71,uniprot_swissprot,9606
uniprot:Q86WJ1,ENSG00000131778,CHD1L,chromodomain helicase dna binding protein 1 like,Q86WJ1,uniprot_swissprot,9606
uniprot:P49326,ENSG00000131781,FMO5,flavin containing dimethylaniline monoxygenase 5,P49326,uniprot_swissprot,9606
uniprot:P01225,ENSG00000131808,FSHB,follicle stimulating hormone subunit beta,P01225,uniprot_swissprot,9606
uniprot:Q9Y5P3,ENSG00000131831,RAI2,retinoic acid induced 2,Q9Y5P3,uniprot_swissprot,9606
uniprot:Q9HCC0,ENSG00000131844,MCCC2,methylcrotonyl-coa carboxylase subunit 2,Q9HCC0,uniprot_swissprot,9606
uniprot:Q15466,ENSG00000131910,NR0B2,nuclear receptor subfamily 0 group b member 2,Q15466,uniprot_swissprot,9606
uniprot:Q9H9Z2,ENSG00000131914,LIN28A,lin-28 rna binding posttranscriptional regulator a,Q9H9Z2,uniprot_swissprot,9606
uniprot:Q8IUC4,ENSG00000131941,RHPN2,rhophilin rho gtpase binding protein 2,Q8IUC4,uniprot_swissprot,9606
uniprot:Q9NSK7,ENSG00000131943,C19ORF12,chromosome 19 open reading frame 12,Q9NSK7,uniprot_swissprot,9606
uniprot:Q7Z5M8,ENSG00000131969,ABHD12B,abhydrolase domain containing 12b,Q7Z5M8,uniprot_swissprot,9606
uniprot:P17931,ENSG00000131981,LGALS3,galectin 3,P17931,uniprot_swissprot,9606
uniprot:P25685,ENSG00000132002,DNAJB1,dnaj heat shock protein family (hsp40) member b1,P25685,uniprot_swissprot,9606
uniprot:Q6P1N0,ENSG00000132024,CC2D1A,coiled-coil and c2 domain containing 1a,Q6P1N0,uniprot_swissprot,9606
uniprot:P19474,ENSG00000132109,TRIM21,tripartite motif containing 21,P19474,uniprot_swissprot,9606
uniprot:Q9NWH7,ENSG00000132122,SPATA6,spermatogenesis associated 6,Q9NWH7,uniprot_swissprot,9606
uniprot:Q15345,ENSG00000132128,LRRC41,leucine rich repeat containing 41,Q15345,uniprot_swissprot,9606
uniprot:Q7L2E3,ENSG00000132153,DHX30,dexh-box helicase 30,Q7L2E3,uniprot_swissprot,9606
uniprot:P04049,ENSG00000132155,RAF1,"raf-1 proto-oncogene, serine/threonine kinase",P04049,uniprot_swissprot,9606
uniprot:P37231,ENSG00000132170,PPARG,peroxisome proliferator activated receptor gamma,P37231,uniprot_swissprot,9606
uniprot:Q9BXX0,ENSG00000132205,EMILIN2,elastin microfibril interfacer 2,Q9BXX0,uniprot_swissprot,9606
uniprot:Q9C035,ENSG00000132256,TRIM5,tripartite motif containing 5,Q9C035,uniprot_swissprot,9606
uniprot:Q14156,ENSG00000132294,EFR3A,efr3 homolog a,Q14156,uniprot_swissprot,9606
uniprot:Q9NZE8,ENSG00000132313,MRPL35,mitochondrial ribosomal protein l35,Q9NZE8,uniprot_swissprot,9606
uniprot:O60894,ENSG00000132329,RAMP1,receptor activity modifying protein 1,O60894,uniprot_swissprot,9606
uniprot:Q96I15,ENSG00000132330,SCLY,selenocysteine lyase,Q96I15,uniprot_swissprot,9606
uniprot:P23469,ENSG00000132334,PTPRE,protein tyrosine phosphatase receptor type e,P23469,uniprot_swissprot,9606
uniprot:P62826,ENSG00000132341,RAN,"ran, member ras oncogene family",P62826,uniprot_swissprot,9606
uniprot:Q13131,ENSG00000132356,PRKAA1,protein kinase amp-activated catalytic subunit alpha 1,Q13131,uniprot_swissprot,9606
uniprot:Q684P5,ENSG00000132359,RAP1GAP2,rap1 gtpase activating protein 2,Q684P5,uniprot_swissprot,9606
uniprot:O75153,ENSG00000132361,CLUH,cluh binding protein of numt mrna,O75153,uniprot_swissprot,9606
uniprot:P27694,ENSG00000132383,RPA1,replication protein a1,P27694,uniprot_swissprot,9606
uniprot:P36955,ENSG00000132386,SERPINF1,serpin family f member 1,P36955,uniprot_swissprot,9606
uniprot:P57772,ENSG00000132394,EEFSEC,"eukaryotic elongation factor, selenocysteine-trna specific",P57772,uniprot_swissprot,9606
uniprot:P60059,ENSG00000132432,SEC61G,sec61 translocon subunit gamma,P60059,uniprot_swissprot,9606
uniprot:Q6PIW4,ENSG00000132436,FIGNL1,fidgetin like 1,Q6PIW4,uniprot_swissprot,9606
uniprot:P20711,ENSG00000132437,DDC,dopa decarboxylase,P20711,uniprot_swissprot,9606
uniprot:P01591,ENSG00000132465,JCHAIN,joining chain of multimeric iga and igm,P01591,uniprot_swissprot,9606
uniprot:P16144,ENSG00000132470,ITGB4,integrin subunit beta 4,P16144,uniprot_swissprot,9606
uniprot:Q969T9,ENSG00000132471,WBP2,ww domain binding protein 2,Q969T9,uniprot_swissprot,9606
uniprot:P84243,ENSG00000132475,H3-3B,h3.3 histone b,P84243,uniprot_swissprot,9606
uniprot:Q9C0B0,ENSG00000132478,UNK,unk zinc finger,Q9C0B0,uniprot_swissprot,9606
uniprot:Q96LD4,ENSG00000132481,TRIM47,tripartite motif containing 47,Q96LD4,uniprot_swissprot,9606
uniprot:O15054,ENSG00000132510,KDM6B,lysine demethylase 6b,O15054,uniprot_swissprot,9606
uniprot:Q8IUN9,ENSG00000132514,CLEC10A,c-type lectin domain containing 10a,Q8IUN9,uniprot_swissprot,9606
uniprot:P78352,ENSG00000132535,DLG4,discs large maguk scaffold protein 4,P78352,uniprot_swissprot,9606
uniprot:Q7Z7G8,ENSG00000132549,VPS13B,vacuolar protein sorting 13 homolog b,Q7Z7G8,uniprot_swissprot,9606
uniprot:Q8NE09,ENSG00000132554,RGS22,regulator of g protein signaling 22,Q8NE09,uniprot_swissprot,9606
uniprot:Q9BRK0,ENSG00000132563,REEP2,receptor accessory protein 2,Q9BRK0,uniprot_swissprot,9606
uniprot:Q9H0N5,ENSG00000132570,PCBD2,pterin-4 alpha-carbinolamine dehydratase 2,Q9H0N5,uniprot_swissprot,9606
uniprot:Q14254,ENSG00000132589,FLOT2,flotillin 2,Q14254,uniprot_swissprot,9606
uniprot:Q9NVM4,ENSG00000132600,PRMT7,protein arginine methyltransferase 7,Q9NVM4,uniprot_swissprot,9606
uniprot:Q15554,ENSG00000132604,TERF2,telomeric repeat binding factor 2,Q15554,uniprot_swissprot,9606
uniprot:Q9UN37,ENSG00000132612,VPS4A,vacuolar protein sorting 4 homolog a,Q9UN37,uniprot_swissprot,9606
uniprot:P60880,ENSG00000132639,SNAP25,synaptosome associated protein 25,P60880,uniprot_swissprot,9606
uniprot:Q9Y2F9,ENSG00000132640,BTBD3,btb domain containing 3,Q9Y2F9,uniprot_swissprot,9606
uniprot:P18433,ENSG00000132670,PTPRA,protein tyrosine phosphatase receptor type a,P18433,uniprot_swissprot,9606
uniprot:P31391,ENSG00000132671,SSTR4,somatostatin receptor 4,P31391,uniprot_swissprot,9606
uniprot:P48681,ENSG00000132688,NES,nestin,P48681,uniprot_swissprot,9606
uniprot:P02741,ENSG00000132693,CRP,c-reactive protein,P02741,uniprot_swissprot,9606
uniprot:P57735,ENSG00000132698,RAB25,"rab25, member ras oncogene family",P57735,uniprot_swissprot,9606
uniprot:Q96LA5,ENSG00000132704,FCRL2,fc receptor like 2,Q96LA5,uniprot_swissprot,9606
uniprot:Q9BT88,ENSG00000132718,SYT11,synaptotagmin 11,Q9BT88,uniprot_swissprot,9606
uniprot:P38935,ENSG00000132740,IGHMBP2,immunoglobulin mu dna binding protein 2,P38935,uniprot_swissprot,9606
uniprot:Q96HD9,ENSG00000132744,ACY3,aminoacylase 3,Q96HD9,uniprot_swissprot,9606
uniprot:Q9UIF7,ENSG00000132781,MUTYH,muty dna glycosylase,Q9UIF7,uniprot_swissprot,9606
uniprot:Q8WYA6,ENSG00000132792,CTNNBL1,catenin beta like 1,Q8WYA6,uniprot_swissprot,9606
uniprot:Q9H0Z9,ENSG00000132819,RBM38,rna binding motif protein 38,Q9H0Z9,uniprot_swissprot,9606
uniprot:Q9NX31,ENSG00000132823,OSER1,oxidative stress responsive serine rich 1,Q9NX31,uniprot_swissprot,9606
uniprot:O00203,ENSG00000132842,AP3B1,adaptor related protein complex 3 subunit beta 1,O00203,uniprot_swissprot,9606
uniprot:Q96IU2,ENSG00000132846,ZBED3,zinc finger bed-type containing 3,Q96IU2,uniprot_swissprot,9606
uniprot:Q8NI35,ENSG00000132849,PATJ,patj crumbs cell polarity complex component,Q8NI35,uniprot_swissprot,9606
uniprot:Q9Y5C1,ENSG00000132855,ANGPTL3,angiopoietin like 3,Q9Y5C1,uniprot_swissprot,9606
uniprot:Q9H2B2,ENSG00000132872,SYT4,synaptotagmin 4,Q9H2B2,uniprot_swissprot,9606
uniprot:Q15849,ENSG00000132874,SLC14A2,solute carrier family 14 member 2,Q15849,uniprot_swissprot,9606
uniprot:P55211,ENSG00000132906,CASP9,caspase 9,P55211,uniprot_swissprot,9606
uniprot:Q9GZQ4,ENSG00000132911,NMUR2,neuromedin u receptor 2,Q9GZQ4,uniprot_swissprot,9606
uniprot:P16499,ENSG00000132915,PDE6A,phosphodiesterase 6a,P16499,uniprot_swissprot,9606
uniprot:Q5JR59,ENSG00000132938,MTUS2,microtubule associated scaffold protein 2,Q5JR59,uniprot_swissprot,9606
uniprot:Q9UJ78,ENSG00000132950,ZMYM5,zinc finger mym-type containing 5,Q9UJ78,uniprot_swissprot,9606
uniprot:Q5W0Q7,ENSG00000132952,USPL1,ubiquitin specific peptidase like 1,Q5W0Q7,uniprot_swissprot,9606
uniprot:P49336,ENSG00000132964,CDK8,cyclin dependent kinase 8,P49336,uniprot_swissprot,9606
uniprot:P20292,ENSG00000132965,ALOX5AP,arachidonate 5-lipoxygenase activating protein,P20292,uniprot_swissprot,9606
uniprot:Q9UPY6,ENSG00000132970,WASF3,wasp family member 3,Q9UPY6,uniprot_swissprot,9606
uniprot:P47775,ENSG00000132975,GPR12,g protein-coupled receptor 12,P47775,uniprot_swissprot,9606
uniprot:P20309,ENSG00000133019,CHRM3,cholinergic receptor muscarinic 3,P20309,uniprot_swissprot,9606
uniprot:P35580,ENSG00000133026,MYH10,myosin heavy chain 10,P35580,uniprot_swissprot,9606
uniprot:Q9UBM1,ENSG00000133027,PEMT,phosphatidylethanolamine n-methyltransferase,Q9UBM1,uniprot_swissprot,9606
uniprot:Q6WCQ1,ENSG00000133030,MPRIP,myosin phosphatase rho interacting protein,Q6WCQ1,uniprot_swissprot,9606
uniprot:P36222,ENSG00000133048,CHI3L1,chitinase 3 like 1,P36222,uniprot_swissprot,9606
uniprot:O00750,ENSG00000133056,PIK3C2B,phosphatidylinositol-4-phosphate 3-kinase catalytic subunit type 2 beta,O00750,uniprot_swissprot,9606
uniprot:Q6XUX3,ENSG00000133059,DSTYK,dual serine/threonine and tyrosine protein kinase,Q6XUX3,uniprot_swissprot,9606
uniprot:Q13231,ENSG00000133063,CHIT1,chitinase 1,Q13231,uniprot_swissprot,9606
uniprot:Q8IVJ1,ENSG00000133065,SLC41A1,solute carrier family 41 member 1,Q8IVJ1,uniprot_swissprot,9606
uniprot:Q9HBX8,ENSG00000133067,LGR6,leucine rich repeat containing g protein-coupled receptor 6,Q9HBX8,uniprot_swissprot,9606
uniprot:O75069,ENSG00000133069,TMCC2,transmembrane and coiled-coil domain family 2,O75069,uniprot_swissprot,9606
uniprot:O15075,ENSG00000133083,DCLK1,doublecortin like kinase 1,O15075,uniprot_swissprot,9606
uniprot:Q9Y2V7,ENSG00000133103,COG6,component of oligomeric golgi complex 6,Q9Y2V7,uniprot_swissprot,9606
uniprot:Q8WXD0,ENSG00000133105,RXFP2,relaxin family peptide receptor 2,Q8WXD0,uniprot_swissprot,9606
uniprot:Q96J88,ENSG00000133106,EPSTI1,epithelial stromal interaction 1,Q96J88,uniprot_swissprot,9606
uniprot:Q15063,ENSG00000133110,POSTN,periostin,Q15063,uniprot_swissprot,9606
uniprot:P13693,ENSG00000133112,TPT1,"tumor protein, translationally-controlled 1",P13693,uniprot_swissprot,9606
uniprot:Q9UEF7,ENSG00000133116,KL,klotho,Q9UEF7,uniprot_swissprot,9606
uniprot:P40938,ENSG00000133119,RFC3,replication factor c subunit 3,P40938,uniprot_swissprot,9606
uniprot:Q9Y3M8,ENSG00000133121,STARD13,star related lipid transfer domain containing 13,Q9Y3M8,uniprot_swissprot,9606
uniprot:O14654,ENSG00000133124,IRS4,insulin receptor substrate 4,O14654,uniprot_swissprot,9606
uniprot:Q8TE76,ENSG00000133131,MORC4,morc family cw-type zinc finger 4,Q8TE76,uniprot_swissprot,9606
uniprot:Q9BXY8,ENSG00000133134,BEX2,brain expressed x-linked 2,Q9BXY8,uniprot_swissprot,9606
uniprot:Q8TEB7,ENSG00000133135,RNF128,ring finger protein 128,Q8TEB7,uniprot_swissprot,9606
uniprot:Q8N1S5,ENSG00000133195,SLC39A11,solute carrier family 39 member 11,Q8N1S5,uniprot_swissprot,9606
uniprot:P29323,ENSG00000133216,EPHB2,eph receptor b2,P29323,uniprot_swissprot,9606
uniprot:Q96QH2,ENSG00000133246,PRAM1,pml-rara regulated adaptor molecule 1,Q96QH2,uniprot_swissprot,9606
uniprot:P35913,ENSG00000133256,PDE6B,phosphodiesterase 6b,P35913,uniprot_swissprot,9606
uniprot:P35749,ENSG00000133392,MYH11,myosin heavy chain 11,P35749,uniprot_swissprot,9606
uniprot:Q9BTT4,ENSG00000133398,MED10,mediator complex subunit 10,Q9BTT4,uniprot_swissprot,9606
uniprot:O15018,ENSG00000133401,PDZD2,pdz domain containing 2,O15018,uniprot_swissprot,9606
uniprot:Q9Y6X9,ENSG00000133422,MORC2,morc family cw-type zinc finger 2,Q9Y6X9,uniprot_swissprot,9606
uniprot:O95461,ENSG00000133424,LARGE1,large xylosyl- and glucuronyltransferase 1,O95461,uniprot_swissprot,9606
uniprot:Q9BXI9,ENSG00000133466,C1QTNF6,c1q and tnf related 6,Q9BXI9,uniprot_swissprot,9606
uniprot:Q9UHC7,ENSG00000133606,MKRN1,makorin ring finger protein 1,Q9UHC7,uniprot_swissprot,9606
uniprot:Q9P1U1,ENSG00000133627,ACTR3B,actin related protein 3b,Q9P1U1,uniprot_swissprot,9606
uniprot:P30990,ENSG00000133636,NTS,neurotensin,P30990,uniprot_swissprot,9606
uniprot:P62324,ENSG00000133639,BTG1,btg anti-proliferation factor 1,P62324,uniprot_swissprot,9606
uniprot:Q9H7F0,ENSG00000133657,ATP13A3,atpase 13a3,Q9H7F0,uniprot_swissprot,9606
uniprot:P35247,ENSG00000133661,SFTPD,surfactant protein d,P35247,uniprot_swissprot,9606
uniprot:Q8IUR5,ENSG00000133687,TMTC1,transmembrane o-mannosyltransferase targeting cadherins 1,Q8IUR5,uniprot_swissprot,9606
uniprot:P01116,ENSG00000133703,KRAS,"kras proto-oncogene, gtpase",P01116,uniprot_swissprot,9606
uniprot:O15397,ENSG00000133704,IPO8,importin 8,O15397,uniprot_swissprot,9606
uniprot:Q15329,ENSG00000133740,E2F5,e2f transcription factor 5,Q15329,uniprot_swissprot,9606
uniprot:P00915,ENSG00000133742,CA1,carbonic anhydrase 1,P00915,uniprot_swissprot,9606
uniprot:Q9UH65,ENSG00000133789,SWAP70,switching b cell complex subunit swap70,Q9UH65,uniprot_swissprot,9606
uniprot:O00327,ENSG00000133794,BMAL1,basic helix-loop-helix arnt like 1,O00327,uniprot_swissprot,9606
uniprot:Q86WG5,ENSG00000133812,SBF2,set binding factor 2,Q86WG5,uniprot_swissprot,9606
uniprot:O94851,ENSG00000133816,MICAL2,"microtubule associated monooxygenase, calponin and lim domain containing 2",O94851,uniprot_swissprot,9606
uniprot:P62070,ENSG00000133818,RRAS2,ras related 2,P62070,uniprot_swissprot,9606
uniprot:P51659,ENSG00000133835,HSD17B4,hydroxysteroid 17-beta dehydrogenase 4,P51659,uniprot_swissprot,9606
uniprot:Q9BXT5,ENSG00000133863,TEX15,"testis expressed 15, meiosis and synapsis associated",Q9BXT5,uniprot_swissprot,9606
uniprot:O00255,ENSG00000133895,MEN1,menin 1,O00255,uniprot_swissprot,9606
uniprot:P56915,ENSG00000133937,GSC,goosecoid homeobox,P56915,uniprot_swissprot,9606
uniprot:Q7Z3D6,ENSG00000133943,DGLUCY,d-glutamate cyclase,Q7Z3D6,uniprot_swissprot,9606
uniprot:Q9P2D8,ENSG00000133958,UNC79,unc-79 subunit of nalcn channel complex,Q9P2D8,uniprot_swissprot,9606
uniprot:P49757,ENSG00000133961,NUMB,numb endocytic adaptor protein,P49757,uniprot_swissprot,9606
uniprot:Q9Y4K0,ENSG00000134013,LOXL2,lysyl oxidase like 2,Q9Y4K0,uniprot_swissprot,9606
uniprot:Q9H9T3,ENSG00000134014,ELP3,elongator acetyltransferase complex subunit 3,Q9H9T3,uniprot_swissprot,9606
uniprot:O43310,ENSG00000134030,CTIF,cap binding complex dependent translation initiation factor,O43310,uniprot_swissprot,9606
uniprot:Q9UBB5,ENSG00000134046,MBD2,methyl-cpg binding domain protein 2,Q9UBB5,uniprot_swissprot,9606
uniprot:P14635,ENSG00000134057,CCNB1,cyclin b1,P14635,uniprot_swissprot,9606
uniprot:P50613,ENSG00000134058,CDK7,cyclin dependent kinase 7,P50613,uniprot_swissprot,9606
uniprot:Q99467,ENSG00000134061,CD180,cd180 molecule,Q99467,uniprot_swissprot,9606
uniprot:P40337,ENSG00000134086,VHL,von hippel-lindau tumor suppressor,P40337,uniprot_swissprot,9606
uniprot:O14503,ENSG00000134107,BHLHE40,basic helix-loop-helix family member e40,O14503,uniprot_swissprot,9606
uniprot:Q92611,ENSG00000134109,EDEM1,er degradation enhancing alpha-mannosidase like protein 1,Q92611,uniprot_swissprot,9606
uniprot:O14770,ENSG00000134138,MEIS2,meis homeobox 2,O14770,uniprot_swissprot,9606
uniprot:Q7L8W6,ENSG00000134146,DPH6,diphthamine biosynthesis 6,Q7L8W6,uniprot_swissprot,9606
uniprot:P19087,ENSG00000134183,GNAT2,g protein subunit alpha transducin 2,P19087,uniprot_swissprot,9606
uniprot:P09488,ENSG00000134184,GSTM1,glutathione s-transferase mu 1,P09488,uniprot_swissprot,9606
uniprot:Q9BYZ8,ENSG00000134193,REG4,regenerating family member 4,Q9BYZ8,uniprot_swissprot,9606
uniprot:O60636,ENSG00000134198,TSPAN2,tetraspanin 2,O60636,uniprot_swissprot,9606
uniprot:Q5T7P8,ENSG00000134207,SYT6,synaptotagmin 6,Q5T7P8,uniprot_swissprot,9606
uniprot:Q9UKW4,ENSG00000134215,VAV3,vav guanine nucleotide exchange factor 3,Q9UKW4,uniprot_swissprot,9606
uniprot:Q6PGN9,ENSG00000134222,PSRC1,proline and serine rich coiled-coil 1,Q6PGN9,uniprot_swissprot,9606
uniprot:P54868,ENSG00000134240,HMGCS2,3-hydroxy-3-methylglutaryl-coa synthase 2,P54868,uniprot_swissprot,9606
uniprot:Q9Y2R2,ENSG00000134242,PTPN22,protein tyrosine phosphatase non-receptor type 22,Q9Y2R2,uniprot_swissprot,9606
uniprot:Q99523,ENSG00000134243,SORT1,sortilin 1,Q99523,uniprot_swissprot,9606
uniprot:Q93097,ENSG00000134245,WNT2B,wnt family member 2b,Q93097,uniprot_swissprot,9606
uniprot:Q9P2B2,ENSG00000134247,PTGFRN,prostaglandin f2 receptor inhibitor,Q9P2B2,uniprot_swissprot,9606
uniprot:O43504,ENSG00000134248,LAMTOR5,"late endosomal/lysosomal adaptor, mapk and mtor activator 5",O43504,uniprot_swissprot,9606
uniprot:Q9UKF2,ENSG00000134249,ADAM30,adam metallopeptidase domain 30,Q9UKF2,uniprot_swissprot,9606
uniprot:Q04721,ENSG00000134250,NOTCH2,notch receptor 2,Q04721,uniprot_swissprot,9606
uniprot:Q93033,ENSG00000134256,CD101,cd101 molecule,Q93033,uniprot_swissprot,9606
uniprot:Q7Z7D3,ENSG00000134258,VTCN1,v-set domain containing t cell activation inhibitor 1,Q7Z7D3,uniprot_swissprot,9606
uniprot:P01138,ENSG00000134259,NGF,nerve growth factor,P01138,uniprot_swissprot,9606
uniprot:Q9Y6B7,ENSG00000134262,AP4B1,adaptor related protein complex 4 subunit beta 1,Q9Y6B7,uniprot_swissprot,9606
uniprot:Q96QD8,ENSG00000134294,SLC38A2,solute carrier family 38 member 2,Q96QD8,uniprot_swissprot,9606
uniprot:Q9NZI5,ENSG00000134317,GRHL1,grainyhead like transcription factor 1,Q9NZI5,uniprot_swissprot,9606
uniprot:O75116,ENSG00000134318,ROCK2,rho associated coiled-coil containing protein kinase 2,O75116,uniprot_swissprot,9606
uniprot:P04198,ENSG00000134323,MYCN,"mycn proto-oncogene, bhlh transcription factor",P04198,uniprot_swissprot,9606
uniprot:Q14693,ENSG00000134324,LPIN1,lipin 1,Q14693,uniprot_swissprot,9606
uniprot:Q5EBM0,ENSG00000134326,CMPK2,cytidine/uridine monophosphate kinase 2,Q5EBM0,uniprot_swissprot,9606
uniprot:P00338,ENSG00000134333,LDHA,lactate dehydrogenase a,P00338,uniprot_swissprot,9606
uniprot:P0DJI9,ENSG00000134339,SAA2,serum amyloid a2,P0DJI9,uniprot_swissprot,9606
uniprot:P40189,ENSG00000134352,IL6ST,interleukin 6 cytokine family signal transducer,P40189,uniprot_swissprot,9606
uniprot:P19883,ENSG00000134363,FST,follistatin,P19883,uniprot_swissprot,9606
uniprot:Q8NEY1,ENSG00000134369,NAV1,neuron navigator 1,Q8NEY1,uniprot_swissprot,9606
uniprot:Q6P1J9,ENSG00000134371,CDC73,cell division cycle 73,Q6P1J9,uniprot_swissprot,9606
uniprot:Q99595,ENSG00000134375,TIMM17A,translocase of inner mitochondrial membrane 17a,Q99595,uniprot_swissprot,9606
uniprot:P82279,ENSG00000134376,CRB1,crumbs cell polarity complex component 1,P82279,uniprot_swissprot,9606
uniprot:P07492,ENSG00000134443,GRP,gastrin releasing peptide,P07492,uniprot_swissprot,9606
uniprot:Q96I25,ENSG00000134453,RBM17,rna binding motif protein 17,Q96I25,uniprot_swissprot,9606
uniprot:P01589,ENSG00000134460,IL2RA,interleukin 2 receptor subunit alpha,P01589,uniprot_swissprot,9606
uniprot:Q96DC8,ENSG00000134463,ECHDC3,enoyl-coa hydratase domain containing 3,Q96DC8,uniprot_swissprot,9606
uniprot:P51946,ENSG00000134480,CCNH,cyclin h,P51946,uniprot_swissprot,9606
uniprot:Q9H3N8,ENSG00000134489,HRH4,histamine receptor h4,Q9H3N8,uniprot_swissprot,9606
uniprot:Q719H9,ENSG00000134504,KCTD1,potassium channel tetramerization domain containing 1,Q719H9,uniprot_swissprot,9606
uniprot:Q92608,ENSG00000134516,DOCK2,dedicator of cytokinesis 2,Q92608,uniprot_swissprot,9606
uniprot:P35711,ENSG00000134532,SOX5,sry-box transcription factor 5,P35711,uniprot_swissprot,9606
uniprot:Q96A58,ENSG00000134533,RERG,ras like estrogen regulated growth inhibitor,Q96A58,uniprot_swissprot,9606
uniprot:Q9Y6L6,ENSG00000134538,SLCO1B1,solute carrier organic anion transporter family member 1b1,Q9Y6L6,uniprot_swissprot,9606
uniprot:P26715,ENSG00000134545,KLRC1,killer cell lectin like receptor c1,P26715,uniprot_swissprot,9606
uniprot:O75096,ENSG00000134569,LRP4,ldl receptor related protein 4,O75096,uniprot_swissprot,9606
uniprot:Q14896,ENSG00000134571,MYBPC3,myosin binding protein c3,Q14896,uniprot_swissprot,9606
uniprot:Q92466,ENSG00000134574,DDB2,damage specific dna binding protein 2,Q92466,uniprot_swissprot,9606
uniprot:P11117,ENSG00000134575,ACP2,"acid phosphatase 2, lysosomal",P11117,uniprot_swissprot,9606
uniprot:Q9P289,ENSG00000134602,STK26,serine/threonine kinase 26,Q9P289,uniprot_swissprot,9606
uniprot:P49286,ENSG00000134640,MTNR1B,melatonin receptor 1b,P49286,uniprot_swissprot,9606
uniprot:Q14671,ENSG00000134644,PUM1,pumilio rna binding family member 1,Q14671,uniprot_swissprot,9606
uniprot:Q8IXK0,ENSG00000134686,PHC2,polyhomeotic homolog 2,Q8IXK0,uniprot_swissprot,9606
uniprot:Q53HL2,ENSG00000134690,CDCA8,cell division cycle associated 8,Q53HL2,uniprot_swissprot,9606
uniprot:Q02487,ENSG00000134755,DSC2,desmocollin 2,Q02487,uniprot_swissprot,9606
uniprot:Q8WVD3,ENSG00000134758,RNF138,ring finger protein 138,Q8WVD3,uniprot_swissprot,9606
uniprot:Q9Y4J8,ENSG00000134769,DTNA,dystrobrevin alpha,Q9Y4J8,uniprot_swissprot,9606
uniprot:Q9Y4D2,ENSG00000134780,DAGLA,diacylglycerol lipase alpha,Q9Y4D2,uniprot_swissprot,9606
uniprot:Q8NBI5,ENSG00000134802,SLC43A3,solute carrier family 43 member 3,Q8NBI5,uniprot_swissprot,9606
uniprot:Q14147,ENSG00000134815,DHX34,dexh-box helicase 34,Q14147,uniprot_swissprot,9606
uniprot:P35414,ENSG00000134817,APLNR,apelin receptor,P35414,uniprot_swissprot,9606
uniprot:O95864,ENSG00000134824,FADS2,fatty acid desaturase 2,O95864,uniprot_swissprot,9606
uniprot:P61165,ENSG00000134825,TMEM258,transmembrane protein 258,P61165,uniprot_swissprot,9606
uniprot:P20061,ENSG00000134827,TCN1,transcobalamin 1,P20061,uniprot_swissprot,9606
uniprot:Q9P296,ENSG00000134830,C5AR2,complement c5a receptor 2,Q9P296,uniprot_swissprot,9606
uniprot:Q9HC07,ENSG00000134851,TMEM165,transmembrane protein 165,Q9HC07,uniprot_swissprot,9606
uniprot:O15516,ENSG00000134852,CLOCK,clock circadian regulator,O15516,uniprot_swissprot,9606
uniprot:P16234,ENSG00000134853,PDGFRA,platelet derived growth factor receptor alpha,P16234,uniprot_swissprot,9606
uniprot:P08572,ENSG00000134871,COL4A2,collagen type iv alpha 2 chain,P08572,uniprot_swissprot,9606
uniprot:Q8NBM4,ENSG00000134882,UBAC2,uba domain containing 2,Q8NBM4,uniprot_swissprot,9606
uniprot:Q9NWB6,ENSG00000134884,ARGLU1,arginine and glutamate rich 1,Q9NWB6,uniprot_swissprot,9606
uniprot:P28715,ENSG00000134899,ERCC5,"ercc excision repair 5, endonuclease",P28715,uniprot_swissprot,9606
uniprot:P29144,ENSG00000134900,TPP2,tripeptidyl peptidase 2,P29144,uniprot_swissprot,9606
uniprot:Q9HA77,ENSG00000134905,CARS2,"cysteinyl-trna synthetase 2, mitochondrial",Q9HA77,uniprot_swissprot,9606
uniprot:Q9UP79,ENSG00000134917,ADAMTS8,adam metallopeptidase with thrombospondin type 1 motif 8,Q9UP79,uniprot_swissprot,9606
uniprot:P14921,ENSG00000134954,ETS1,"ets proto-oncogene 1, transcription factor",P14921,uniprot_swissprot,9606
uniprot:Q86Z14,ENSG00000134962,KLB,klotho beta,Q86Z14,uniprot_swissprot,9606
uniprot:Q9Y3B3,ENSG00000134970,TMED7,transmembrane p24 trafficking protein 7,Q9Y3B3,uniprot_swissprot,9606
uniprot:P25054,ENSG00000134982,APC,apc regulator of wnt signaling pathway,P25054,uniprot_swissprot,9606
uniprot:Q16612,ENSG00000134986,NREP,neuronal regeneration related protein,Q16612,uniprot_swissprot,9606
uniprot:A0A0A0MTB8,ENSG00000134987,WDR36,wd repeat domain 36,A0A0A0MTB8,uniprot_trembl,9606
uniprot:Q9UMX0,ENSG00000135018,UBQLN1,ubiquilin 1,Q9UMX0,uniprot_swissprot,9606
uniprot:P04083,ENSG00000135046,ANXA1,annexin a1,P04083,uniprot_swissprot,9606
uniprot:P07711,ENSG00000135047,CTSL,cathepsin l,P07711,uniprot_swissprot,9606
uniprot:Q9UHN6,ENSG00000135048,CEMIP2,cell migration inducing hyaluronidase 2,Q9UHN6,uniprot_swissprot,9606
uniprot:Q8NBJ4,ENSG00000135052,GOLM1,golgi membrane protein 1,Q8NBJ4,uniprot_swissprot,9606
uniprot:Q9Y617,ENSG00000135069,PSAT1,phosphoserine aminotransferase 1,Q9Y617,uniprot_swissprot,9606
uniprot:Q9BUE6,ENSG00000135070,ISCA1,iron-sulfur cluster assembly 1,Q9BUE6,uniprot_swissprot,9606
uniprot:Q9H013,ENSG00000135074,ADAM19,adam metallopeptidase domain 19,Q9H013,uniprot_swissprot,9606
uniprot:Q8TDQ0,ENSG00000135077,HAVCR2,hepatitis a virus cellular receptor 2,Q8TDQ0,uniprot_swissprot,9606
uniprot:Q8IV13,ENSG00000135083,CCNJL,cyclin j like,Q8IV13,uniprot_swissprot,9606
uniprot:Q9H2K8,ENSG00000135090,TAOK3,tao kinase 3,Q9H2K8,uniprot_swissprot,9606
uniprot:Q70CQ3,ENSG00000135093,USP30,ubiquitin specific peptidase 30,Q70CQ3,uniprot_swissprot,9606
uniprot:O43347,ENSG00000135097,MSI1,musashi rna binding protein 1,O43347,uniprot_swissprot,9606
uniprot:P20823,ENSG00000135100,HNF1A,hnf1 homeobox a,P20823,uniprot_swissprot,9606
uniprot:O94952,ENSG00000135108,FBXO21,f-box protein 21,O94952,uniprot_swissprot,9606
uniprot:O15119,ENSG00000135111,TBX3,t-box transcription factor 3,O15119,uniprot_swissprot,9606
uniprot:Q15646,ENSG00000135114,OASL,2'-5'-oligoadenylate synthetase like,Q15646,uniprot_swissprot,9606
uniprot:Q99571,ENSG00000135124,P2RX4,purinergic receptor p2x 4,Q99571,uniprot_swissprot,9606
uniprot:Q86Y01,ENSG00000135144,DTX1,deltex e3 ubiquitin ligase 1,Q86Y01,uniprot_swissprot,9606
uniprot:O14545,ENSG00000135148,TRAFD1,traf-type zinc finger domain containing 1,O14545,uniprot_swissprot,9606
uniprot:Q8IYE0,ENSG00000135205,CCDC146,coiled-coil domain containing 146,Q8IYE0,uniprot_swissprot,9606
uniprot:Q9H2L4,ENSG00000135211,TMEM60,transmembrane protein 60,Q9H2L4,uniprot_swissprot,9606
uniprot:P16671,ENSG00000135218,CD36,cd36 molecule (cd36 blood group),P16671,uniprot_swissprot,9606
uniprot:Q6NUQ1,ENSG00000135249,RINT1,rad50 interactor 1,Q6NUQ1,uniprot_swissprot,9606
uniprot:P78362,ENSG00000135250,SRPK2,srsf protein kinase 2,P78362,uniprot_swissprot,9606
uniprot:Q9UGI8,ENSG00000135269,TES,testin lim domain protein,Q9UGI8,uniprot_swissprot,9606
uniprot:Q9P1T7,ENSG00000135272,MDFIC,myod family inhibitor domain containing,Q9P1T7,uniprot_swissprot,9606
uniprot:O60242,ENSG00000135298,ADGRB3,adhesion g protein-coupled receptor b3,O60242,uniprot_swissprot,9606
uniprot:O60506,ENSG00000135316,SYNCRIP,synaptotagmin binding cytoplasmic rna interacting protein,O60506,uniprot_swissprot,9606
uniprot:P21589,ENSG00000135318,NT5E,5'-nucleotidase ecto,P21589,uniprot_swissprot,9606
uniprot:Q15375,ENSG00000135333,EPHA7,eph receptor a7,Q15375,uniprot_swissprot,9606
uniprot:O43318,ENSG00000135341,MAP3K7,mitogen-activated protein kinase kinase kinase 7,O43318,uniprot_swissprot,9606
uniprot:P01215,ENSG00000135346,CGA,"glycoprotein hormones, alpha polypeptide",P01215,uniprot_swissprot,9606
uniprot:Q6MZQ0,ENSG00000135362,PRR5L,proline rich 5 like,Q6MZQ0,uniprot_swissprot,9606
uniprot:P25791,ENSG00000135363,LMO2,lim domain only 2,P25791,uniprot_swissprot,9606
uniprot:Q96BD5,ENSG00000135365,PHF21A,phd finger protein 21a,Q96BD5,uniprot_swissprot,9606
uniprot:Q9H0A0,ENSG00000135372,NAT10,n-acetyltransferase 10,Q9H0A0,uniprot_swissprot,9606
uniprot:Q9NZC4,ENSG00000135373,EHF,ets homologous factor,Q9NZC4,uniprot_swissprot,9606
uniprot:Q9UKW6,ENSG00000135374,ELF5,e74 like ets transcription factor 5,Q9UKW6,uniprot_swissprot,9606
uniprot:P08962,ENSG00000135404,CD63,cd63 molecule,P08962,uniprot_swissprot,9606
uniprot:Q9UI32,ENSG00000135423,GLS2,glutaminase 2,Q9UI32,uniprot_swissprot,9606
uniprot:Q13683,ENSG00000135424,ITGA7,integrin subunit alpha 7,Q13683,uniprot_swissprot,9606
uniprot:A2RU30,ENSG00000135426,TESPA1,"thymocyte expressed, positive selection associated 1",A2RU30,uniprot_swissprot,9606
uniprot:Q8IYM0,ENSG00000135436,FAM186B,family with sequence similarity 186 member b,Q8IYM0,uniprot_swissprot,9606
uniprot:Q99490,ENSG00000135439,AGAP2,"arfgap with gtpase domain, ankyrin repeat and ph domain 2",Q99490,uniprot_swissprot,9606
uniprot:P11802,ENSG00000135446,CDK4,cyclin dependent kinase 4,P11802,uniprot_swissprot,9606
uniprot:Q12800,ENSG00000135457,TFCP2,transcription factor cp2,Q12800,uniprot_swissprot,9606
uniprot:Q96MF6,ENSG00000135469,COQ10A,coenzyme q10a,Q96MF6,uniprot_swissprot,9606
uniprot:Q9BWQ8,ENSG00000135472,FAIM2,fas apoptotic inhibitory molecule 2,Q9BWQ8,uniprot_swissprot,9606
uniprot:Q14674,ENSG00000135476,ESPL1,"extra spindle pole bodies like 1, separase",Q14674,uniprot_swissprot,9606
uniprot:P08729,ENSG00000135480,KRT7,keratin 7,P08729,uniprot_swissprot,9606
uniprot:P09651,ENSG00000135486,HNRNPA1,heterogeneous nuclear ribonucleoprotein a1,P09651,uniprot_swissprot,9606
uniprot:P36896,ENSG00000135503,ACVR1B,activin a receptor type 1b,P36896,uniprot_swissprot,9606
uniprot:Q13438,ENSG00000135506,OS9,os9 endoplasmic reticulum lectin,Q13438,uniprot_swissprot,9606
uniprot:P30301,ENSG00000135517,MIP,major intrinsic protein of lens fiber,P30301,uniprot_swissprot,9606
uniprot:Q9ULD8,ENSG00000135519,KCNH3,potassium voltage-gated channel subfamily h member 3,Q9ULD8,uniprot_swissprot,9606
uniprot:Q96GA3,ENSG00000135521,LTV1,ltv1 ribosome biogenesis factor,Q96GA3,uniprot_swissprot,9606
uniprot:Q14244,ENSG00000135525,MAP7,microtubule associated protein 7,Q14244,uniprot_swissprot,9606
uniprot:Q04900,ENSG00000135535,CD164,cd164 molecule,Q04900,uniprot_swissprot,9606
uniprot:Q8WV93,ENSG00000135537,AFG1L,afg1 like atpase,Q8WV93,uniprot_swissprot,9606
uniprot:Q5SYE7,ENSG00000135540,NHSL1,nhs like 1,Q5SYE7,uniprot_swissprot,9606
uniprot:Q8N157,ENSG00000135541,AHI1,abelson helper integration site 1,Q8N157,uniprot_swissprot,9606
uniprot:Q9UBP5,ENSG00000135547,HEY2,hes related family bhlh transcription factor with yrpw motif 2,Q9UBP5,uniprot_swissprot,9606
uniprot:O60906,ENSG00000135587,SMPD2,sphingomyelin phosphodiesterase 2,O60906,uniprot_swissprot,9606
uniprot:Q8TDZ2,ENSG00000135596,MICAL1,"microtubule associated monooxygenase, calponin and lim domain containing 1",Q8TDZ2,uniprot_swissprot,9606
uniprot:P42680,ENSG00000135605,TEC,tec protein tyrosine kinase,P42680,uniprot_swissprot,9606
uniprot:Q99832,ENSG00000135624,CCT7,chaperonin containing tcp1 subunit 7,Q99832,uniprot_swissprot,9606
uniprot:O75923,ENSG00000135636,DYSF,dysferlin,O75923,uniprot_swissprot,9606
uniprot:Q9Y4E8,ENSG00000135655,USP15,ubiquitin specific peptidase 15,Q9Y4E8,uniprot_swissprot,9606
uniprot:P15586,ENSG00000135677,GNS,glucosamine (n-acetyl)-6-sulfatase,P15586,uniprot_swissprot,9606
uniprot:Q00987,ENSG00000135679,MDM2,mdm2 proto-oncogene,Q00987,uniprot_swissprot,9606
uniprot:Q9HAY6,ENSG00000135697,BCO1,beta-carotene oxygenase 1,Q9HAY6,uniprot_swissprot,9606
uniprot:P01019,ENSG00000135744,AGT,angiotensinogen,P01019,uniprot_swissprot,9606
uniprot:O00180,ENSG00000135750,KCNK1,potassium two pore domain channel subfamily k member 1,O00180,uniprot_swissprot,9606
uniprot:Q9GZT9,ENSG00000135766,EGLN1,egl-9 family hypoxia inducible factor 1,Q9GZT9,uniprot_swissprot,9606
uniprot:O14815,ENSG00000135773,CAPN9,calpain 9,O14815,uniprot_swissprot,9606
uniprot:Q14746,ENSG00000135775,COG2,component of oligomeric golgi complex 2,Q14746,uniprot_swissprot,9606
uniprot:Q9NRK6,ENSG00000135776,ABCB10,atp binding cassette subfamily b member 10,Q9NRK6,uniprot_swissprot,9606
uniprot:O75529,ENSG00000135801,TAF5L,tata-box binding protein associated factor 5 like,O75529,uniprot_swissprot,9606
uniprot:Q05823,ENSG00000135828,RNASEL,ribonuclease l,Q05823,uniprot_swissprot,9606
uniprot:Q08211,ENSG00000135829,DHX9,dexh-box helicase 9,Q08211,uniprot_swissprot,9606
uniprot:Q92535,ENSG00000135845,PIGC,phosphatidylinositol glycan anchor biosynthesis class c,Q92535,uniprot_swissprot,9606
uniprot:P11047,ENSG00000135862,LAMC1,laminin subunit gamma 1,P11047,uniprot_swissprot,9606
uniprot:Q9Y2T6,ENSG00000135898,GPR55,g protein-coupled receptor 55,Q9Y2T6,uniprot_swissprot,9606
uniprot:P23760,ENSG00000135903,PAX3,paired box 3,P23760,uniprot_swissprot,9606
uniprot:Q86T82,ENSG00000135913,USP37,ubiquitin specific peptidase 37,Q86T82,uniprot_swissprot,9606
uniprot:P41595,ENSG00000135914,HTR2B,5-hydroxytryptamine receptor 2b,P41595,uniprot_swissprot,9606
uniprot:P07093,ENSG00000135919,SERPINE2,serpin family e member 2,P07093,uniprot_swissprot,9606
uniprot:Q969X1,ENSG00000135926,TMBIM1,transmembrane bax inhibitor motif containing 1,Q969X1,uniprot_swissprot,9606
uniprot:O60573,ENSG00000135930,EIF4E2,eukaryotic translation initiation factor 4e family member 2,O60573,uniprot_swissprot,9606
uniprot:Q9UBZ9,ENSG00000135945,REV1,rev1 dna directed polymerase,Q9UBZ9,uniprot_swissprot,9606
uniprot:Q9BZW7,ENSG00000135951,TSGA10,testis specific 10,Q9BZW7,uniprot_swissprot,9606
uniprot:Q8NBP5,ENSG00000135953,SLC67A2,solute carrier family 67 member 2,Q8NBP5,uniprot_swissprot,9606
uniprot:O75204,ENSG00000135956,TMEM127,transmembrane protein 127,O75204,uniprot_swissprot,9606
uniprot:Q52LR7,ENSG00000135999,EPC2,enhancer of polycomb 2,Q52LR7,uniprot_swissprot,9606
uniprot:Q3SY69,ENSG00000136010,ALDH1L2,aldehyde dehydrogenase 1 family member l2,Q3SY69,uniprot_swissprot,9606
uniprot:Q8WWQ8,ENSG00000136011,STAB2,stabilin 2,Q8WWQ8,uniprot_swissprot,9606
uniprot:Q9H0E7,ENSG00000136014,USP44,ubiquitin specific peptidase 44,Q9H0E7,uniprot_swissprot,9606
uniprot:Q07065,ENSG00000136026,CKAP4,cytoskeleton associated protein 4,Q07065,uniprot_swissprot,9606
uniprot:O60486,ENSG00000136040,PLXNC1,plexin c1,O60486,uniprot_swissprot,9606
uniprot:Q96JW4,ENSG00000136052,SLC41A2,solute carrier family 41 member 2,Q96JW4,uniprot_swissprot,9606
uniprot:P51956,ENSG00000136098,NEK3,nima related kinase 3,P51956,uniprot_swissprot,9606
uniprot:Q8WWK9,ENSG00000136108,CKAP2,cytoskeleton associated protein 2,Q8WWK9,uniprot_swissprot,9606
uniprot:O60343,ENSG00000136111,TBC1D4,tbc1 domain family member 4,O60343,uniprot_swissprot,9606
uniprot:Q9NS62,ENSG00000136114,THSD1,thrombospondin type 1 domain containing 1,Q9NS62,uniprot_swissprot,9606
uniprot:Q9Y2L9,ENSG00000136141,LRCH1,leucine rich repeats and calponin homology domain containing 1,Q9Y2L9,uniprot_swissprot,9606
uniprot:Q8WWI1,ENSG00000136153,LMO7,lim domain 7,Q8WWI1,uniprot_swissprot,9606
uniprot:O95171,ENSG00000136155,SCEL,sciellin,O95171,uniprot_swissprot,9606
uniprot:O43597,ENSG00000136158,SPRY2,sprouty rtk signaling antagonist 2,O43597,uniprot_swissprot,9606
uniprot:Q9NV35,ENSG00000136159,NUDT15,nudix hydrolase 15,Q9NV35,uniprot_swissprot,9606
uniprot:P24530,ENSG00000136160,EDNRB,endothelin receptor type b,P24530,uniprot_swissprot,9606
uniprot:P13796,ENSG00000136167,LCP1,lymphocyte cytosolic protein 1,P13796,uniprot_swissprot,9606
uniprot:Q96T68,ENSG00000136169,SETDB2,set domain bifurcated histone lysine methyltransferase 2,Q96T68,uniprot_swissprot,9606
uniprot:Q12765,ENSG00000136193,SCRN1,secernin 1,Q12765,uniprot_swissprot,9606
uniprot:Q68CZ2,ENSG00000136205,TNS3,tensin 3,Q68CZ2,uniprot_swissprot,9606
uniprot:O00425,ENSG00000136231,IGF2BP3,insulin like growth factor 2 mrna binding protein 3,O00425,uniprot_swissprot,9606
uniprot:Q14956,ENSG00000136235,GPNMB,glycoprotein nmb,Q14956,uniprot_swissprot,9606
uniprot:P63000,ENSG00000136238,RAC1,rac family small gtpase 1,P63000,uniprot_swissprot,9606
uniprot:P05231,ENSG00000136244,IL6,interleukin 6,P05231,uniprot_swissprot,9606
uniprot:P28039,ENSG00000136250,AOAH,acyloxyacyl hydrolase,P28039,uniprot_swissprot,9606
uniprot:Q9Y6E2,ENSG00000136261,BZW2,basic leucine zipper and w2 domains 2,Q9Y6E2,uniprot_swissprot,9606
uniprot:Q9Y6T7,ENSG00000136267,DGKB,diacylglycerol kinase beta,Q9Y6T7,uniprot_swissprot,9606
uniprot:Q969Z0,ENSG00000136270,TBRG4,transforming growth factor beta regulator 4,Q969Z0,uniprot_swissprot,9606
uniprot:Q9BSQ5,ENSG00000136280,CCM2,ccm2 scaffold protein,Q9BSQ5,uniprot_swissprot,9606
uniprot:P43699,ENSG00000136352,NKX2-1,nk2 homeobox 1,P43699,uniprot_swissprot,9606
uniprot:P49914,ENSG00000136371,MTHFS,methenyltetrahydrofolate synthetase,P49914,uniprot_swissprot,9606
uniprot:Q9UKP4,ENSG00000136378,ADAMTS7,adam metallopeptidase with thrombospondin type 1 motif 7,Q9UKP4,uniprot_swissprot,9606
uniprot:Q6PCB6,ENSG00000136379,ABHD17C,"abhydrolase domain containing 17c, depalmitoylase",Q6PCB6,uniprot_swissprot,9606
uniprot:P48200,ENSG00000136381,IREB2,iron responsive element binding protein 2,P48200,uniprot_swissprot,9606
uniprot:Q13137,ENSG00000136436,CALCOCO2,calcium binding and coiled-coil domain 2,Q13137,uniprot_swissprot,9606
uniprot:Q9HA92,ENSG00000136444,RSAD1,radical s-adenosyl methionine domain containing 1,Q9HA92,uniprot_swissprot,9606
uniprot:P30419,ENSG00000136448,NMT1,n-myristoyltransferase 1,P30419,uniprot_swissprot,9606
uniprot:Q07955,ENSG00000136450,SRSF1,serine and arginine rich splicing factor 1,Q07955,uniprot_swissprot,9606
uniprot:Q14119,ENSG00000136451,VEZF1,vascular endothelial zinc finger 1,Q14119,uniprot_swissprot,9606
uniprot:P61962,ENSG00000136485,DCAF7,ddb1 and cul4 associated factor 7,P61962,uniprot_swissprot,9606
uniprot:Q9BX63,ENSG00000136492,BRIP1,brca1 interacting dna helicase 1,Q9BX63,uniprot_swissprot,9606
uniprot:O95251,ENSG00000136504,KAT7,lysine acetyltransferase 7,O95251,uniprot_swissprot,9606
uniprot:O96019,ENSG00000136518,ACTL6A,actin like 6a,O96019,uniprot_swissprot,9606
uniprot:O43674,ENSG00000136521,NDUFB5,nadh:ubiquinone oxidoreductase subunit b5,O43674,uniprot_swissprot,9606
uniprot:P62995,ENSG00000136527,TRA2B,transformer 2 beta homolog,P62995,uniprot_swissprot,9606
uniprot:Q99250,ENSG00000136531,SCN2A,sodium voltage-gated channel alpha subunit 2,Q99250,uniprot_swissprot,9606
uniprot:Q9H992,ENSG00000136536,MARCHF7,membrane associated ring-ch-type finger 7,Q9H992,uniprot_swissprot,9606
uniprot:Q01118,ENSG00000136546,SCN7A,sodium voltage-gated channel alpha subunit 7,Q01118,uniprot_swissprot,9606
uniprot:Q92844,ENSG00000136560,TANK,traf family member associated nfkb activator,Q92844,uniprot_swissprot,9606
uniprot:P51451,ENSG00000136573,BLK,"blk proto-oncogene, src family tyrosine kinase",P51451,uniprot_swissprot,9606
uniprot:P43694,ENSG00000136574,GATA4,gata binding protein 4,P43694,uniprot_swissprot,9606
uniprot:P07814,ENSG00000136628,EPRS1,glutamyl-prolyl-trna synthetase 1,P07814,uniprot_swissprot,9606
uniprot:Q14774,ENSG00000136630,HLX,h2.0 like homeobox,Q14774,uniprot_swissprot,9606
uniprot:P22301,ENSG00000136634,IL10,interleukin 10,P22301,uniprot_swissprot,9606
uniprot:Q96S38,ENSG00000136643,RPS6KC1,ribosomal protein s6 kinase c1,Q96S38,uniprot_swissprot,9606
uniprot:Q9NZH8,ENSG00000136688,IL36G,interleukin 36 gamma,Q9NZH8,uniprot_swissprot,9606
uniprot:P18510,ENSG00000136689,IL1RN,interleukin 1 receptor antagonist,P18510,uniprot_swissprot,9606
uniprot:Q9UBH0,ENSG00000136695,IL36RN,interleukin 36 receptor antagonist,Q9UBH0,uniprot_swissprot,9606
uniprot:Q8WWZ1,ENSG00000136697,IL1F10,interleukin 1 family member 10,Q8WWZ1,uniprot_swissprot,9606
uniprot:O00499,ENSG00000136717,BIN1,bridging integrator 1,O00499,uniprot_swissprot,9606
uniprot:P04921,ENSG00000136732,GYPC,glycophorin c (gerbich blood group),P04921,uniprot_swissprot,9606
uniprot:Q05329,ENSG00000136750,GAD2,glutamate decarboxylase 2,Q05329,uniprot_swissprot,9606
uniprot:Q8IZP0,ENSG00000136754,ABI1,abl interactor 1,Q8IZP0,uniprot_swissprot,9606
uniprot:Q96KC8,ENSG00000136770,DNAJC1,dnaj heat shock protein family (hsp40) member c1,Q96KC8,uniprot_swissprot,9606
uniprot:P50750,ENSG00000136807,CDK9,cyclin dependent kinase 9,P50750,uniprot_swissprot,9606
uniprot:P10599,ENSG00000136810,TXN,thioredoxin,P10599,uniprot_swissprot,9606
uniprot:Q5VYK3,ENSG00000136813,ECPAS,ecm29 proteasome adaptor and scaffold,Q5VYK3,uniprot_swissprot,9606
uniprot:O14657,ENSG00000136816,TOR1B,torsin family 1 member b,O14657,uniprot_swissprot,9606
uniprot:O95347,ENSG00000136824,SMC2,structural maintenance of chromosomes 2,O95347,uniprot_swissprot,9606
uniprot:O43474,ENSG00000136826,KLF4,klf transcription factor 4,O43474,uniprot_swissprot,9606
uniprot:Q5JS13,ENSG00000136828,RALGPS1,ral gef with ph domain and sh3 binding motif 1,Q5JS13,uniprot_swissprot,9606
uniprot:Q96TA1,ENSG00000136830,NIBAN2,niban apoptosis regulator 2,Q96TA1,uniprot_swissprot,9606
uniprot:Q5VWQ8,ENSG00000136848,DAB2IP,dab2 interacting protein,Q5VWQ8,uniprot_swissprot,9606
uniprot:Q9UKU9,ENSG00000136859,ANGPTL2,angiopoietin like 2,Q9UKU9,uniprot_swissprot,9606
uniprot:Q96SN8,ENSG00000136861,CDK5RAP2,cdk5 regulatory subunit associated protein 2,Q96SN8,uniprot_swissprot,9606
uniprot:Q9Y6Q3,ENSG00000136866,ZFP37,zfp37 zinc finger protein,Q9Y6Q3,uniprot_swissprot,9606
uniprot:O15431,ENSG00000136868,SLC31A1,solute carrier family 31 member 1,O15431,uniprot_swissprot,9606
uniprot:O00206,ENSG00000136869,TLR4,toll like receptor 4,O00206,uniprot_swissprot,9606
uniprot:A0A1W2PNV5,ENSG00000136883,KIF12,kinesin family member 12,A0A1W2PNV5,uniprot_trembl,9606
uniprot:O75899,ENSG00000136928,GABBR2,gamma-aminobutyric acid type b receptor subunit 2,O75899,uniprot_swissprot,9606
uniprot:Q99436,ENSG00000136930,PSMB7,proteasome 20s subunit beta 7,Q99436,uniprot_swissprot,9606
uniprot:Q7Z6M1,ENSG00000136933,RABEPK,rab9 effector protein with kelch motifs,Q7Z6M1,uniprot_swissprot,9606
uniprot:Q92805,ENSG00000136935,GOLGA1,golgin a1,Q92805,uniprot_swissprot,9606
uniprot:P23025,ENSG00000136936,XPA,"xpa, dna damage recognition and repair factor",P23025,uniprot_swissprot,9606
uniprot:Q09161,ENSG00000136937,NCBP1,nuclear cap binding protein subunit 1,Q09161,uniprot_swissprot,9606
uniprot:O60911,ENSG00000136943,CTSV,cathepsin v,O60911,uniprot_swissprot,9606
uniprot:O60663,ENSG00000136944,LMX1B,lim homeobox transcription factor 1 beta,O60663,uniprot_swissprot,9606
uniprot:Q9BPX5,ENSG00000136950,ARPC5L,actin related protein 2/3 complex subunit 5 like,Q9BPX5,uniprot_swissprot,9606
uniprot:Q13822,ENSG00000136960,ENPP2,ectonucleotide pyrophosphatase/phosphodiesterase 2,Q13822,uniprot_swissprot,9606
uniprot:Q9BUN8,ENSG00000136986,DERL1,derlin 1,Q9BUN8,uniprot_swissprot,9606
uniprot:P01106,ENSG00000136997,MYC,"myc proto-oncogene, bhlh transcription factor",P01106,uniprot_swissprot,9606
uniprot:P48745,ENSG00000136999,CCN3,cellular communication network factor 3,P48745,uniprot_swissprot,9606
uniprot:O95760,ENSG00000137033,IL33,interleukin 33,O95760,uniprot_swissprot,9606
uniprot:Q96GE9,ENSG00000137038,DMAC1,distal membrane arm assembly component 1,Q96GE9,uniprot_swissprot,9606
uniprot:O60518,ENSG00000137040,RANBP6,ran binding protein 6,O60518,uniprot_swissprot,9606
uniprot:Q5T6F2,ENSG00000137073,UBAP2,ubiquitin associated protein 2,Q5T6F2,uniprot_swissprot,9606
uniprot:Q9Y490,ENSG00000137076,TLN1,talin 1,Q9Y490,uniprot_swissprot,9606
uniprot:O00585,ENSG00000137077,CCL21,c-c motif chemokine ligand 21,O00585,uniprot_swissprot,9606
uniprot:P30837,ENSG00000137124,ALDH1B1,aldehyde dehydrogenase 1 family member b1,P30837,uniprot_swissprot,9606
uniprot:Q8N4T4,ENSG00000137135,ARHGEF39,rho guanine nucleotide exchange factor 39,Q8N4T4,uniprot_swissprot,9606
uniprot:Q8WX77,ENSG00000137142,IGFBPL1,insulin like growth factor binding protein like 1,Q8WX77,uniprot_swissprot,9606
uniprot:Q9BT09,ENSG00000137161,CNPY3,canopy fgf signaling regulator 3,Q9BT09,uniprot_swissprot,9606
uniprot:P11309,ENSG00000137193,PIM1,"pim-1 proto-oncogene, serine/threonine kinase",P11309,uniprot_swissprot,9606
uniprot:P36959,ENSG00000137198,GMPR,guanosine monophosphate reductase,P36959,uniprot_swissprot,9606
uniprot:P05549,ENSG00000137203,TFAP2A,transcription factor ap-2 alpha,P05549,uniprot_swissprot,9606
uniprot:Q5JTD0,ENSG00000137221,TJAP1,tight junction associated protein 1,Q5JTD0,uniprot_swissprot,9606
uniprot:Q9UJW2,ENSG00000137251,TINAG,tubulointerstitial nephritis antigen,Q9UJW2,uniprot_swissprot,9606
uniprot:O43614,ENSG00000137252,HCRTR2,hypocretin receptor 2,O43614,uniprot_swissprot,9606
uniprot:Q15306,ENSG00000137265,IRF4,interferon regulatory factor 4,Q15306,uniprot_swissprot,9606
uniprot:A1A5C7,ENSG00000137266,SLC22A23,solute carrier family 22 member 23,A1A5C7,uniprot_swissprot,9606
uniprot:Q13885,ENSG00000137267,TUBB2A,tubulin beta 2a class iia,Q13885,uniprot_swissprot,9606
uniprot:Q9BTT6,ENSG00000137269,LRRC1,leucine rich repeat containing 1,Q9BTT6,uniprot_swissprot,9606
uniprot:Q12947,ENSG00000137273,FOXF2,forkhead box f2,Q12947,uniprot_swissprot,9606
uniprot:Q13546,ENSG00000137275,RIPK1,receptor interacting serine/threonine kinase 1,Q13546,uniprot_swissprot,9606
uniprot:Q9BVA1,ENSG00000137285,TUBB2B,tubulin beta 2b class iib,Q9BVA1,uniprot_swissprot,9606
uniprot:Q9BRT2,ENSG00000137288,UQCC2,ubiquinol-cytochrome c reductase complex assembly factor 2,Q9BRT2,uniprot_swissprot,9606
uniprot:P17096,ENSG00000137309,HMGA1,high mobility group at-hook 1,P17096,uniprot_swissprot,9606
uniprot:Q14676,ENSG00000137337,MDC1,mediator of dna damage checkpoint 1,Q14676,uniprot_swissprot,9606
uniprot:Q7Z419,ENSG00000137393,RNF144B,ring finger protein 144b,Q7Z419,uniprot_swissprot,9606
uniprot:Q5ST30,ENSG00000137411,VARS2,"valyl-trna synthetase 2, mitochondrial",Q5ST30,uniprot_swissprot,9606
uniprot:Q7Z7C8,ENSG00000137413,TAF8,tata-box binding protein associated factor 8,Q7Z7C8,uniprot_swissprot,9606
uniprot:Q9UBU6,ENSG00000137414,FAM8A1,family with sequence similarity 8 member a1,Q9UBU6,uniprot_swissprot,9606
uniprot:Q7Z5Q1,ENSG00000137449,CPEB2,cytoplasmic polyadenylation element binding protein 2,Q7Z5Q1,uniprot_swissprot,9606
uniprot:O60603,ENSG00000137462,TLR2,toll like receptor 2,O60603,uniprot_swissprot,9606
uniprot:Q8NA56,ENSG00000137473,TTC29,tetratricopeptide repeat domain 29,Q8NA56,uniprot_swissprot,9606
uniprot:Q13402,ENSG00000137474,MYO7A,myosin viia,Q13402,uniprot_swissprot,9606
uniprot:O94868,ENSG00000137478,FCHSD2,fch and double sh3 domains 2,O94868,uniprot_swissprot,9606
uniprot:Q14980,ENSG00000137497,NUMA1,nuclear mitotic apparatus protein 1,Q14980,uniprot_swissprot,9606
uniprot:Q9GZT6,ENSG00000137500,CCDC90B,coiled-coil domain containing 90b,Q9GZT6,uniprot_swissprot,9606
uniprot:Q9HCH5,ENSG00000137501,SYTL2,synaptotagmin like 2,Q9HCH5,uniprot_swissprot,9606
uniprot:Q15771,ENSG00000137502,RAB30,"rab30, member ras oncogene family",Q15771,uniprot_swissprot,9606
uniprot:Q14392,ENSG00000137507,LRRC32,leucine rich repeat containing 32,Q14392,uniprot_swissprot,9606
uniprot:O00560,ENSG00000137575,SDCBP,syndecan binding protein,O00560,uniprot_swissprot,9606
uniprot:Q96PY6,ENSG00000137601,NEK1,nima related kinase 1,Q96PY6,uniprot_swissprot,9606
uniprot:Q92673,ENSG00000137642,SORL1,sortilin related receptor 1,Q92673,uniprot_swissprot,9606
uniprot:Q9NRS4,ENSG00000137648,TMPRSS4,transmembrane serine protease 4,Q9NRS4,uniprot_swissprot,9606
uniprot:Q9BRD0,ENSG00000137656,BUD13,bud13 spliceosome associated protein,Q9BRD0,uniprot_swissprot,9606
uniprot:Q9Y210,ENSG00000137672,TRPC6,transient receptor potential cation channel subfamily c member 6,Q9Y210,uniprot_swissprot,9606
uniprot:P09237,ENSG00000137673,MMP7,matrix metallopeptidase 7,P09237,uniprot_swissprot,9606
uniprot:Q9BTE7,ENSG00000137692,DCUN1D5,defective in cullin neddylation 1 domain containing 5,Q9BTE7,uniprot_swissprot,9606
uniprot:P46937,ENSG00000137693,YAP1,yes1 associated transcriptional regulator,P46937,uniprot_swissprot,9606
uniprot:Q14134,ENSG00000137699,TRIM29,tripartite motif containing 29,Q14134,uniprot_swissprot,9606
uniprot:P35241,ENSG00000137710,RDX,radixin,P35241,uniprot_swissprot,9606
uniprot:P30154,ENSG00000137713,PPP2R1B,protein phosphatase 2 scaffold subunit abeta,P30154,uniprot_swissprot,9606
uniprot:P10109,ENSG00000137714,FDX1,ferredoxin 1,P10109,uniprot_swissprot,9606
uniprot:Q9H5F2,ENSG00000137720,CFAP68,cilia and flagella associated protein 68,Q9H5F2,uniprot_swissprot,9606
uniprot:Q9H0Q3,ENSG00000137726,FXYD6,fxyd domain containing ion transport regulator 6,Q9H0Q3,uniprot_swissprot,9606
uniprot:P54710,ENSG00000137731,FXYD2,fxyd domain containing ion transport regulator 2,P54710,uniprot_swissprot,9606
uniprot:P45452,ENSG00000137745,MMP13,matrix metallopeptidase 13,P45452,uniprot_swissprot,9606
uniprot:P29466,ENSG00000137752,CASP1,caspase 1,P29466,uniprot_swissprot,9606
uniprot:P51878,ENSG00000137757,CASP5,caspase 5,P51878,uniprot_swissprot,9606
uniprot:Q13163,ENSG00000137764,MAP2K5,mitogen-activated protein kinase kinase 5,Q13163,uniprot_swissprot,9606
uniprot:Q8NB66,ENSG00000137766,UNC13C,unc-13 homolog c,Q8NB66,uniprot_swissprot,9606
uniprot:Q9Y6N5,ENSG00000137767,SQOR,sulfide quinone oxidoreductase,Q9Y6N5,uniprot_swissprot,9606
uniprot:P07996,ENSG00000137801,THBS1,thrombospondin 1,P07996,uniprot_swissprot,9606
uniprot:O60336,ENSG00000137802,MAPKBP1,mitogen-activated protein kinase binding protein 1,O60336,uniprot_swissprot,9606
uniprot:Q9BXS6,ENSG00000137804,NUSAP1,nucleolar and spindle associated protein 1,Q9BXS6,uniprot_swissprot,9606
uniprot:Q9Y375,ENSG00000137806,NDUFAF1,nadh:ubiquinone oxidoreductase complex assembly factor 1,Q9Y375,uniprot_swissprot,9606
uniprot:Q02241,ENSG00000137807,KIF23,kinesin family member 23,Q02241,uniprot_swissprot,9606
uniprot:Q9UKX5,ENSG00000137809,ITGA11,integrin subunit alpha 11,Q9UKX5,uniprot_swissprot,9606
uniprot:Q8NG31,ENSG00000137812,KNL1,kinetochore scaffold 1,Q8NG31,uniprot_swissprot,9606
uniprot:Q92541,ENSG00000137815,RTF1,"rtf1 homolog, paf1/rna polymerase ii complex component",Q92541,uniprot_swissprot,9606
uniprot:P05386,ENSG00000137818,RPLP1,ribosomal protein lateral stalk subunit p1,P05386,uniprot_swissprot,9606
uniprot:Q9NXK6,ENSG00000137819,PAQR5,progestin and adipoq receptor family member 5,Q9NXK6,uniprot_swissprot,9606
uniprot:P23677,ENSG00000137825,ITPKA,inositol-trisphosphate 3-kinase a,P23677,uniprot_swissprot,9606
uniprot:O43541,ENSG00000137834,SMAD6,smad family member 6,O43541,uniprot_swissprot,9606
uniprot:Q00722,ENSG00000137841,PLCB2,phospholipase c beta 2,Q00722,uniprot_swissprot,9606
uniprot:Q9NQU5,ENSG00000137843,PAK6,p21 (rac1) activated kinase 6,Q9NQU5,uniprot_swissprot,9606
uniprot:O14672,ENSG00000137845,ADAM10,adam metallopeptidase domain 10,O14672,uniprot_swissprot,9606
uniprot:P11511,ENSG00000137869,CYP19A1,cytochrome p450 family 19 subfamily a member 1,P11511,uniprot_swissprot,9606
uniprot:Q8NFY4,ENSG00000137872,SEMA6D,semaphorin 6d,Q8NFY4,uniprot_swissprot,9606
uniprot:Q9UHA3,ENSG00000137876,RSL24D1,ribosomal l24 domain containing 1,Q9UHA3,uniprot_swissprot,9606
uniprot:Q9NRC6,ENSG00000137877,SPTBN5,"spectrin beta, non-erythrocytic 5",Q9NRC6,uniprot_swissprot,9606
uniprot:O75815,ENSG00000137936,BCAR3,"bcar3 adaptor protein, nsp family member",O75815,uniprot_swissprot,9606
uniprot:Q6ZT98,ENSG00000137941,TTLL7,tubulin tyrosine ligase like 7,Q6ZT98,uniprot_swissprot,9606
uniprot:Q6YP21,ENSG00000137944,KYAT3,kynurenine aminotransferase 3,Q6YP21,uniprot_swissprot,9606
uniprot:Q00403,ENSG00000137947,GTF2B,general transcription factor iib,Q00403,uniprot_swissprot,9606
uniprot:Q58F21,ENSG00000137948,BRDT,bromodomain testis associated,Q58F21,uniprot_swissprot,9606
uniprot:Q8TF65,ENSG00000137960,GIPC2,gipc pdz domain containing family member 2,Q8TF65,uniprot_swissprot,9606
uniprot:Q52LW3,ENSG00000137962,ARHGAP29,rho gtpase activating protein 29,Q52LW3,uniprot_swissprot,9606
uniprot:Q8WZ79,ENSG00000137976,DNASE2B,deoxyribonuclease 2 beta,Q8WZ79,uniprot_swissprot,9606
uniprot:Q9C0D9,ENSG00000138018,SELENOI,selenoprotein i,Q9C0D9,uniprot_swissprot,9606
uniprot:O60266,ENSG00000138031,ADCY3,adenylate cyclase 3,O60266,uniprot_swissprot,9606
uniprot:Q8TCX1,ENSG00000138036,DYNC2LI1,dynein cytoplasmic 2 light intermediate chain 1,Q8TCX1,uniprot_swissprot,9606
uniprot:P22888,ENSG00000138039,LHCGR,luteinizing hormone/choriogonadotropin receptor,P22888,uniprot_swissprot,9606
uniprot:Q9BTF0,ENSG00000138050,THUMPD2,thump domain 2 trna and snrna guanosine methyltransferase,Q9BTF0,uniprot_swissprot,9606
uniprot:Q16678,ENSG00000138061,CYP1B1,cytochrome p450 family 1 subfamily b member 1,Q16678,uniprot_swissprot,9606
uniprot:P62820,ENSG00000138069,RAB1A,"rab1a, member ras oncogene family",P62820,uniprot_swissprot,9606
uniprot:P61160,ENSG00000138071,ACTR2,actin related protein 2,P61160,uniprot_swissprot,9606
uniprot:Q9H222,ENSG00000138075,ABCG5,atp binding cassette subfamily g member 5,Q9H222,uniprot_swissprot,9606
uniprot:Q86XK2,ENSG00000138081,FBXO11,f-box protein 11,Q86XK2,uniprot_swissprot,9606
uniprot:O95343,ENSG00000138083,SIX3,six homeobox 3,O95343,uniprot_swissprot,9606
uniprot:Q9BU64,ENSG00000138092,CENPO,centromere protein o,Q9BU64,uniprot_swissprot,9606
uniprot:P42704,ENSG00000138095,LRPPRC,leucine rich pentatricopeptide repeat containing,P42704,uniprot_swissprot,9606
uniprot:O60941,ENSG00000138101,DTNB,dystrobrevin beta,O60941,uniprot_swissprot,9606
uniprot:P61163,ENSG00000138107,ACTR1A,actin related protein 1a,P61163,uniprot_swissprot,9606
uniprot:Q14CX5,ENSG00000138111,SLC68A1,solute carrier family 68 member 1,Q14CX5,uniprot_swissprot,9606
uniprot:P10632,ENSG00000138115,CYP2C8,cytochrome p450 family 2 subfamily c member 8,P10632,uniprot_swissprot,9606
uniprot:Q9NZM1,ENSG00000138119,MYOF,myoferlin,Q9NZM1,uniprot_swissprot,9606
uniprot:Q96JB6,ENSG00000138131,LOXL4,lysyl oxidase like 4,Q96JB6,uniprot_swissprot,9606
uniprot:Q32M84,ENSG00000138152,BTBD16,btb domain containing 16,Q32M84,uniprot_swissprot,9606
uniprot:P52732,ENSG00000138160,KIF11,kinesin family member 11,P52732,uniprot_swissprot,9606
uniprot:O95359,ENSG00000138162,TACC2,transforming acidic coiled-coil containing protein 2,O95359,uniprot_swissprot,9606
uniprot:P36405,ENSG00000138175,ARL3,arf like gtpase 3,P36405,uniprot_swissprot,9606
uniprot:Q53EZ4,ENSG00000138180,CEP55,centrosomal protein 55,Q53EZ4,uniprot_swissprot,9606
uniprot:Q96Q89,ENSG00000138182,KIF20B,kinesin family member 20b,Q96Q89,uniprot_swissprot,9606
uniprot:P49961,ENSG00000138185,ENTPD1,ectonucleoside triphosphate diphosphohydrolase 1,P49961,uniprot_swissprot,9606
uniprot:Q8TAG9,ENSG00000138190,EXOC6,exocyst complex component 6,Q8TAG9,uniprot_swissprot,9606
uniprot:Q9P212,ENSG00000138193,PLCE1,phospholipase c epsilon 1,Q9P212,uniprot_swissprot,9606
uniprot:P02753,ENSG00000138207,RBP4,retinol binding protein 4,P02753,uniprot_swissprot,9606
uniprot:Q8N9N2,ENSG00000138303,ASCC1,activating signal cointegrator 1 complex subunit 1,Q8N9N2,uniprot_swissprot,9606
uniprot:Q70YC5,ENSG00000138311,ZNF365,zinc finger protein 365,Q70YC5,uniprot_swissprot,9606
uniprot:Q8WWZ8,ENSG00000138315,OIT3,oncoprotein induced transcript 3,Q8WWZ8,uniprot_swissprot,9606
uniprot:Q8WXS8,ENSG00000138316,ADAMTS14,adam metallopeptidase with thrombospondin type 1 motif 14,Q8WXS8,uniprot_swissprot,9606
uniprot:P62847,ENSG00000138326,RPS24,ribosomal protein s24,P62847,uniprot_swissprot,9606
uniprot:Q8NFU7,ENSG00000138336,TET1,tet methylcytosine dioxygenase 1,Q8NFU7,uniprot_swissprot,9606
uniprot:P31939,ENSG00000138363,ATIC,5-aminoimidazole-4-carboxamide ribonucleotide formyltransferase/imp cyclohydrolase,P31939,uniprot_swissprot,9606
uniprot:Q99728,ENSG00000138376,BARD1,brca1 associated ring domain 1,Q99728,uniprot_swissprot,9606
uniprot:Q14765,ENSG00000138378,STAT4,signal transducer and activator of transcription 4,Q14765,uniprot_swissprot,9606
uniprot:O14793,ENSG00000138379,MSTN,myostatin,O14793,uniprot_swissprot,9606
uniprot:Q8N187,ENSG00000138380,CARF,calcium responsive transcription factor,Q8N187,uniprot_swissprot,9606
uniprot:P05455,ENSG00000138385,SSB,small rna binding exonuclease protection factor la,P05455,uniprot_swissprot,9606
uniprot:Q13506,ENSG00000138386,NAB1,ngfi-a binding protein 1,Q13506,uniprot_swissprot,9606
uniprot:Q96Q40,ENSG00000138395,CDK15,cyclin dependent kinase 15,Q96Q40,uniprot_swissprot,9606
uniprot:Q13427,ENSG00000138398,PPIG,peptidylprolyl isomerase g,Q13427,uniprot_swissprot,9606
uniprot:O75874,ENSG00000138413,IDH1,isocitrate dehydrogenase (nadp(+)) 1,O75874,uniprot_swissprot,9606
uniprot:Q86X95,ENSG00000138433,CIRSR,corepressor of rbpj and splicing regulator,Q86X95,uniprot_swissprot,9606
uniprot:Q6P1L5,ENSG00000138439,FAM117B,family with sequence similarity 117 member b,Q6P1L5,uniprot_swissprot,9606
uniprot:Q9GZL7,ENSG00000138442,WDR12,wd repeat domain 12,Q9GZL7,uniprot_swissprot,9606
uniprot:P06756,ENSG00000138448,ITGAV,integrin subunit alpha v,P06756,uniprot_swissprot,9606
uniprot:Q9BQF6,ENSG00000138468,SENP7,sumo specific peptidase 7,Q9BQF6,uniprot_swissprot,9606
uniprot:Q8NEL0,ENSG00000138483,CCDC54,coiled-coil domain containing 54,Q8NEL0,uniprot_swissprot,9606
uniprot:Q8IXQ6,ENSG00000138496,PARP9,poly(adp-ribose) polymerase family member 9,Q8IXQ6,uniprot_swissprot,9606
uniprot:Q8NEH6,ENSG00000138587,MNS1,meiosis specific nuclear structural 1,Q8NEH6,uniprot_swissprot,9606
uniprot:P40818,ENSG00000138592,USP8,ubiquitin specific peptidase 8,P40818,uniprot_swissprot,9606
uniprot:Q8TCT8,ENSG00000138600,SPPL2A,signal peptide peptidase like 2a,Q8TCT8,uniprot_swissprot,9606
uniprot:Q8WW43,ENSG00000138613,APH1B,aph-1b gamma-secretase subunit,Q8WW43,uniprot_swissprot,9606
uniprot:Q9Y3Q4,ENSG00000138622,HCN4,hyperpolarization activated cyclic nucleotide gated potassium channel 4,Q9Y3Q4,uniprot_swissprot,9606
uniprot:O75326,ENSG00000138623,SEMA7A,semaphorin 7a (johnmiltonhagen blood group),O75326,uniprot_swissprot,9606
uniprot:Q8N264,ENSG00000138639,ARHGAP24,rho gtpase activating protein 24,Q8N264,uniprot_swissprot,9606
uniprot:O94988,ENSG00000138640,FAM13A,family with sequence similarity 13 member a,O94988,uniprot_swissprot,9606
uniprot:Q9UII4,ENSG00000138646,HERC5,hect and rld domain containing e3 ubiquitin protein ligase 5,Q9UII4,uniprot_swissprot,9606
uniprot:Q9P2E7,ENSG00000138650,PCDH10,protocadherin 10,Q9P2E7,uniprot_swissprot,9606
uniprot:Q9H3R1,ENSG00000138653,NDST4,n-deacetylase and n-sulfotransferase 4,Q9H3R1,uniprot_swissprot,9606
uniprot:Q0VAM2,ENSG00000138670,RASGEF1B,rasgef domain family member 1b,Q0VAM2,uniprot_swissprot,9606
uniprot:P12034,ENSG00000138675,FGF5,fibroblast growth factor 5,P12034,uniprot_swissprot,9606
uniprot:Q53EU6,ENSG00000138678,GPAT3,glycerol-3-phosphate acyltransferase 3,Q53EU6,uniprot_swissprot,9606
uniprot:Q9HBE4,ENSG00000138684,IL21,interleukin 21,Q9HBE4,uniprot_swissprot,9606
uniprot:P09038,ENSG00000138685,FGF2,fibroblast growth factor 2,P09038,uniprot_swissprot,9606
uniprot:Q2LD37,ENSG00000138688,BLTP1,bridge-like lipid transfer protein family member 1,Q2LD37,uniprot_swissprot,9606
uniprot:O00238,ENSG00000138696,BMPR1B,bone morphogenetic protein receptor type 1b,O00238,uniprot_swissprot,9606
uniprot:P52306,ENSG00000138698,RAP1GDS1,rap1 gtpase-gdp dissociation stimulator 1,P52306,uniprot_swissprot,9606
uniprot:Q659C4,ENSG00000138709,LARP1B,la ribonucleoprotein 1b,Q659C4,uniprot_swissprot,9606
uniprot:O76074,ENSG00000138735,PDE5A,phosphodiesterase 5a,O76074,uniprot_swissprot,9606
uniprot:Q9NQX1,ENSG00000138738,PRDM5,pr/set domain 5,Q9NQX1,uniprot_swissprot,9606
uniprot:Q13507,ENSG00000138741,TRPC3,transient receptor potential cation channel subfamily c member 3,Q13507,uniprot_swissprot,9606
uniprot:Q07325,ENSG00000138755,CXCL9,c-x-c motif chemokine ligand 9,Q07325,uniprot_swissprot,9606
uniprot:Q9NSY1,ENSG00000138756,BMP2K,bmp2 inducible kinase,Q9NSY1,uniprot_swissprot,9606
uniprot:Q9UN86,ENSG00000138757,G3BP2,g3bp stress granule assembly factor 2,Q9UN86,uniprot_swissprot,9606
uniprot:Q14108,ENSG00000138760,SCARB2,scavenger receptor class b member 2,Q14108,uniprot_swissprot,9606
uniprot:O60763,ENSG00000138768,USO1,uso1 vesicle transport factor,O60763,uniprot_swissprot,9606
uniprot:Q92772,ENSG00000138769,CDKL2,cyclin dependent kinase like 2,Q92772,uniprot_swissprot,9606
uniprot:Q8TF72,ENSG00000138771,SHROOM3,shroom family member 3,Q8TF72,uniprot_swissprot,9606
uniprot:P12429,ENSG00000138772,ANXA3,annexin a3,P12429,uniprot_swissprot,9606
uniprot:Q9H2U2,ENSG00000138777,PPA2,inorganic pyrophosphatase 2,Q9H2U2,uniprot_swissprot,9606
uniprot:Q02224,ENSG00000138778,CENPE,centromere protein e,Q02224,uniprot_swissprot,9606
uniprot:Q8NEC7,ENSG00000138780,GSTCD,glutathione s-transferase c-terminal domain containing,Q8NEC7,uniprot_swissprot,9606
uniprot:Q96CB8,ENSG00000138785,INTS12,integrator complex subunit 12,Q96CB8,uniprot_swissprot,9606
uniprot:Q07075,ENSG00000138792,ENPEP,glutamyl aminopeptidase,Q07075,uniprot_swissprot,9606
uniprot:P55212,ENSG00000138794,CASP6,caspase 6,P55212,uniprot_swissprot,9606
uniprot:Q9UJU2,ENSG00000138795,LEF1,lymphoid enhancer binding factor 1,Q9UJU2,uniprot_swissprot,9606
uniprot:P01133,ENSG00000138798,EGF,epidermal growth factor,P01133,uniprot_swissprot,9606
uniprot:O43252,ENSG00000138801,PAPSS1,3'-phosphoadenosine 5'-phosphosulfate synthase 1,O43252,uniprot_swissprot,9606
uniprot:Q08209,ENSG00000138814,PPP3CA,protein phosphatase 3 catalytic subunit alpha,Q08209,uniprot_swissprot,9606
uniprot:Q9C0K1,ENSG00000138821,SLC39A8,solute carrier family 39 member 8,Q9C0K1,uniprot_swissprot,9606
uniprot:P55157,ENSG00000138823,MTTP,microsomal triglyceride transfer protein,P55157,uniprot_swissprot,9606
uniprot:P35556,ENSG00000138829,FBN2,fibrillin 2,P35556,uniprot_swissprot,9606
uniprot:Q9UPT6,ENSG00000138834,MAPK8IP3,mitogen-activated protein kinase 8 interacting protein 3,Q9UPT6,uniprot_swissprot,9606
uniprot:Q6L9W6,ENSG00000139044,B4GALNT3,"beta-1,4-n-acetyl-galactosaminyltransferase 3",Q6L9W6,uniprot_swissprot,9606
uniprot:Q13956,ENSG00000139053,PDE6H,phosphodiesterase 6h,Q13956,uniprot_swissprot,9606
uniprot:P41212,ENSG00000139083,ETV6,ets variant transcription factor 6,P41212,uniprot_swissprot,9606
uniprot:Q9H0R8,ENSG00000139112,GABARAPL1,gaba type a receptor associated protein like 1,Q9H0R8,uniprot_swissprot,9606
uniprot:Q86YQ8,ENSG00000139117,CPNE8,copine 8,Q86YQ8,uniprot_swissprot,9606
uniprot:Q96M96,ENSG00000139132,FGD4,"fyve, rhogef and ph domain containing 4",Q96M96,uniprot_swissprot,9606
uniprot:Q5BKT4,ENSG00000139133,ALG10,"alg10 alpha-1,2-glucosyltransferase",Q5BKT4,uniprot_swissprot,9606
uniprot:Q9NP50,ENSG00000139146,SINHCAF,sin3-hdac complex associated factor,Q9NP50,uniprot_swissprot,9606
uniprot:Q6ZN18,ENSG00000139154,AEBP2,ae binding protein 2,Q6ZN18,uniprot_swissprot,9606
uniprot:Q9NYB5,ENSG00000139155,SLCO1C1,solute carrier organic anion transporter family member 1c1,Q9NYB5,uniprot_swissprot,9606
uniprot:Q8IXQ9,ENSG00000139160,ETFBKMT,electron transfer flavoprotein subunit beta lysine methyltransferase,Q8IXQ9,uniprot_swissprot,9606
uniprot:Q9HBU6,ENSG00000139163,ETNK1,ethanolamine kinase 1,Q9HBU6,uniprot_swissprot,9606
uniprot:Q96MT3,ENSG00000139174,PRICKLE1,prickle planar cell polarity protein 1,Q96MT3,uniprot_swissprot,9606
uniprot:Q16795,ENSG00000139180,NDUFA9,nadh:ubiquinone oxidoreductase subunit a9,Q16795,uniprot_swissprot,9606
uniprot:P23763,ENSG00000139190,VAMP1,vesicle associated membrane protein 1,P23763,uniprot_swissprot,9606
uniprot:P26842,ENSG00000139193,CD27,cd27 molecule,P26842,uniprot_swissprot,9606
uniprot:Q86SJ2,ENSG00000139211,AMIGO2,adhesion molecule with ig like domain 2,Q86SJ2,uniprot_swissprot,9606
uniprot:Q99590,ENSG00000139218,SCAF11,sr-related ctd associated factor 11,Q99590,uniprot_swissprot,9606
uniprot:P02458,ENSG00000139219,COL2A1,collagen type ii alpha 1 chain,P02458,uniprot_swissprot,9606
uniprot:O75334,ENSG00000139220,PPFIA2,ppfi scaffold protein a2,O75334,uniprot_swissprot,9606
uniprot:Q9BRT6,ENSG00000139233,LLPH,"llp homolog, long-term synaptic facilitation factor",Q9BRT6,uniprot_swissprot,9606
uniprot:Q6UXM1,ENSG00000139263,LRIG3,leucine rich repeats and immunoglobulin like domains 3,Q6UXM1,uniprot_swissprot,9606
uniprot:Q86YJ5,ENSG00000139266,MARCHF9,membrane associated ring-ch-type finger 9,Q86YJ5,uniprot_swissprot,9606
uniprot:P58166,ENSG00000139269,INHBE,inhibin subunit beta e,P58166,uniprot_swissprot,9606
uniprot:Q8IWU9,ENSG00000139287,TPH2,tryptophan hydroxylase 2,Q8IWU9,uniprot_swissprot,9606
uniprot:Q8WV24,ENSG00000139289,PHLDA1,pleckstrin homology like domain family a member 1,Q8WV24,uniprot_swissprot,9606
uniprot:O75473,ENSG00000139292,LGR5,leucine rich repeat containing g protein-coupled receptor 5,O75473,uniprot_swissprot,9606
uniprot:A0A087WZU1,ENSG00000139304,PTPRQ,protein tyrosine phosphatase receptor type q,A0A087WZU1,uniprot_trembl,9606
uniprot:Q16828,ENSG00000139318,DUSP6,dual specificity phosphatase 6,Q16828,uniprot_swissprot,9606
uniprot:Q8TC44,ENSG00000139323,POC1B,poc1 centriolar protein b,Q8TC44,uniprot_swissprot,9606
uniprot:P51884,ENSG00000139329,LUM,lumican,P51884,uniprot_swissprot,9606
uniprot:P62306,ENSG00000139343,SNRPF,small nuclear ribonucleoprotein polypeptide f,P62306,uniprot_swissprot,9606
uniprot:Q8NHV4,ENSG00000139350,NEDD1,nedd1 gamma-tubulin ring complex targeting factor,Q8NHV4,uniprot_swissprot,9606
uniprot:P50553,ENSG00000139352,ASCL1,achaete-scute family bhlh transcription factor 1,P50553,uniprot_swissprot,9606
uniprot:Q14DG7,ENSG00000139364,TMEM132B,transmembrane protein 132b,Q14DG7,uniprot_swissprot,9606
uniprot:Q8N697,ENSG00000139370,SLC15A4,solute carrier family 15 member 4,Q8N697,uniprot_swissprot,9606
uniprot:Q13569,ENSG00000139372,TDG,thymine dna glycosylase,Q13569,uniprot_swissprot,9606
uniprot:Q96EY8,ENSG00000139428,MMAB,metabolism of cobalamin associated b,Q96EY8,uniprot_swissprot,9606
uniprot:Q9NZD2,ENSG00000139433,GLTP,glycolipid transfer protein,Q9NZD2,uniprot_swissprot,9606
uniprot:Q14161,ENSG00000139436,GIT2,git arfgap 2,Q14161,uniprot_swissprot,9606
uniprot:Q9BT92,ENSG00000139437,TCHP,trichoplein keratin filament binding,Q9BT92,uniprot_swissprot,9606
uniprot:Q5U5X8,ENSG00000139438,FAM222A,family with sequence similarity 222 member a,Q5U5X8,uniprot_swissprot,9606
uniprot:Q9Y217,ENSG00000139505,MTMR6,myotubularin related protein 6,Q9Y217,uniprot_swissprot,9606
uniprot:P30825,ENSG00000139514,SLC7A1,solute carrier family 7 member 1,P30825,uniprot_swissprot,9606
uniprot:P52945,ENSG00000139515,PDX1,pancreatic and duodenal homeobox 1,P52945,uniprot_swissprot,9606
uniprot:P51687,ENSG00000139531,SUOX,sulfite oxidase,P51687,uniprot_swissprot,9606
uniprot:Q15633,ENSG00000139546,TARBP2,tarbp2 subunit of risc loading complex,Q15633,uniprot_swissprot,9606
uniprot:O75452,ENSG00000139547,RDH16,retinol dehydrogenase 16,O75452,uniprot_swissprot,9606
uniprot:P37023,ENSG00000139567,ACVRL1,activin a receptor like type 1,P37023,uniprot_swissprot,9606
uniprot:Q5TBK1,ENSG00000139597,N4BP2L1,nedd4 binding protein 2 like 1,Q5TBK1,uniprot_swissprot,9606
uniprot:Q9UNI1,ENSG00000139610,CELA1,chymotrypsin like elastase 1,Q9UNI1,uniprot_swissprot,9606
uniprot:P51587,ENSG00000139618,BRCA2,brca2 dna repair associated,P51587,uniprot_swissprot,9606
uniprot:Q8N5B7,ENSG00000139624,CERS5,ceramide synthase 5,Q8N5B7,uniprot_swissprot,9606
uniprot:Q12852,ENSG00000139625,MAP3K12,mitogen-activated protein kinase kinase kinase 12,Q12852,uniprot_swissprot,9606
uniprot:Q8NCL4,ENSG00000139629,GALNT6,polypeptide n-acetylgalactosaminyltransferase 6,Q8NCL4,uniprot_swissprot,9606
uniprot:Q9Y600,ENSG00000139631,CSAD,cysteine sulfinic acid decarboxylase,Q9Y600,uniprot_swissprot,9606
uniprot:P55061,ENSG00000139644,TMBIM6,transmembrane bax inhibitor motif containing 6,P55061,uniprot_swissprot,9606
uniprot:P43657,ENSG00000139679,LPAR6,lysophosphatidic acid receptor 6,P43657,uniprot_swissprot,9606
uniprot:P06400,ENSG00000139687,RB1,rb transcriptional corepressor 1,P06400,uniprot_swissprot,9606
uniprot:A3KN83,ENSG00000139697,SBNO1,strawberry notch homolog 1,A3KN83,uniprot_swissprot,9606
uniprot:Q6PF18,ENSG00000139714,MORN3,morn repeat containing 3,Q6PF18,uniprot_swissprot,9606
uniprot:Q9UPS6,ENSG00000139718,SETD1B,"set domain containing 1b, histone lysine methyltransferase",Q9UPS6,uniprot_swissprot,9606
uniprot:Q9HBH0,ENSG00000139725,RHOF,"ras homolog family member f, filopodia associated",Q9HBH0,uniprot_swissprot,9606
uniprot:Q9NSV4,ENSG00000139734,DIAPH3,diaphanous related formin 3,Q9NSV4,uniprot_swissprot,9606
uniprot:Q5T8P6,ENSG00000139746,RBM26,rna binding motif protein 26,Q5T8P6,uniprot_swissprot,9606
uniprot:Q5VZF2,ENSG00000139793,MBNL2,muscleblind like splicing regulator 2,Q5VZF2,uniprot_swissprot,9606
uniprot:Q96T25,ENSG00000139800,ZIC5,zic family zinc finger 5,Q96T25,uniprot_swissprot,9606
uniprot:Q7L211,ENSG00000139826,ABHD13,abhydrolase domain containing 13,Q7L211,uniprot_swissprot,9606
uniprot:Q9NX57,ENSG00000139832,RAB20,"rab20, member ras oncogene family",Q9NX57,uniprot_swissprot,9606
uniprot:Q13619,ENSG00000139842,CUL4A,cullin 4a,Q13619,uniprot_swissprot,9606
uniprot:P30872,ENSG00000139874,SSTR1,somatostatin receptor 1,P30872,uniprot_swissprot,9606
uniprot:P51513,ENSG00000139910,NOVA1,nova alternative splicing regulator 1,P51513,uniprot_swissprot,9606
uniprot:Q7Z553,ENSG00000139915,MDGA2,mam domain containing glycosylphosphatidylinositol anchor 2,Q7Z553,uniprot_swissprot,9606
uniprot:Q9HAT8,ENSG00000139946,PELI2,pellino e3 ubiquitin protein ligase family member 2,Q9HAT8,uniprot_swissprot,9606
uniprot:Q17RD7,ENSG00000139973,SYT16,synaptotagmin 16,Q17RD7,uniprot_swissprot,9606
uniprot:Q96NR8,ENSG00000139988,RDH12,retinol dehydrogenase 12,Q96NR8,uniprot_swissprot,9606
uniprot:Q96JK2,ENSG00000139990,DCAF5,ddb1 and cul4 associated factor 5,Q96JK2,uniprot_swissprot,9606
uniprot:Q92731,ENSG00000140009,ESR2,estrogen receptor 2,Q92731,uniprot_swissprot,9606
uniprot:Q8NCM2,ENSG00000140015,KCNH5,potassium voltage-gated channel subfamily h member 5,Q8NCM2,uniprot_swissprot,9606
uniprot:Q8IYL9,ENSG00000140030,GPR65,g protein-coupled receptor 65,Q8IYL9,uniprot_swissprot,9606
uniprot:Q8NFF2,ENSG00000140090,SLC24A4,solute carrier family 24 member 4,Q8NFF2,uniprot_swissprot,9606
uniprot:Q9UBX5,ENSG00000140092,FBLN5,fibulin 5,Q9UBX5,uniprot_swissprot,9606
uniprot:Q8TBZ3,ENSG00000140153,WDR20,wd repeat domain 20,Q8TBZ3,uniprot_swissprot,9606
uniprot:Q99081,ENSG00000140262,TCF12,transcription factor 12,Q99081,uniprot_swissprot,9606
uniprot:Q9NRD8,ENSG00000140279,DUOX2,dual oxidase 2,Q9NRD8,uniprot_swissprot,9606
uniprot:P21781,ENSG00000140285,FGF7,fibroblast growth factor 7,P21781,uniprot_swissprot,9606
uniprot:Q12982,ENSG00000140299,BNIP2,bcl2 interacting protein 2,Q12982,uniprot_swissprot,9606
uniprot:P37108,ENSG00000140319,SRP14,signal recognition particle 14,P37108,uniprot_swissprot,9606
uniprot:A7MBM2,ENSG00000140323,DISP2,dispatched rnd transporter family member 2,A7MBM2,uniprot_swissprot,9606
uniprot:Q04726,ENSG00000140332,TLE3,"tle family member 3, transcriptional corepressor",Q04726,uniprot_swissprot,9606
uniprot:Q8WVN8,ENSG00000140367,UBE2Q2,ubiquitin conjugating enzyme e2 q2,Q8WVN8,uniprot_swissprot,9606
uniprot:O43586,ENSG00000140368,PSTPIP1,proline-serine-threonine phosphatase interacting protein 1,O43586,uniprot_swissprot,9606
uniprot:Q9NP66,ENSG00000140382,HMG20A,high mobility group 20a,Q9NP66,uniprot_swissprot,9606
uniprot:Q9BY12,ENSG00000140386,SCAPER,s-phase cyclin a associated protein in the er,Q9BY12,uniprot_swissprot,9606
uniprot:O60637,ENSG00000140391,TSPAN3,tetraspanin 3,O60637,uniprot_swissprot,9606
uniprot:Q15596,ENSG00000140396,NCOA2,nuclear receptor coactivator 2,Q15596,uniprot_swissprot,9606
uniprot:Q96FI4,ENSG00000140398,NEIL1,nei like dna glycosylase 1,Q96FI4,uniprot_swissprot,9606
uniprot:Q9NTJ4,ENSG00000140400,MAN2C1,mannosidase alpha class 2c member 1,Q9NTJ4,uniprot_swissprot,9606
uniprot:Q8WW22,ENSG00000140403,DNAJA4,dnaj heat shock protein family (hsp40) member a4,Q8WW22,uniprot_swissprot,9606
uniprot:P08069,ENSG00000140443,IGF1R,insulin like growth factor 1 receptor,P08069,uniprot_swissprot,9606
uniprot:Q8NCT1,ENSG00000140450,ARRDC4,arrestin domain containing 4,Q8NCT1,uniprot_swissprot,9606
uniprot:Q9H611,ENSG00000140451,PIF1,pif1 5'-to-3' dna helicase,Q9H611,uniprot_swissprot,9606
uniprot:Q9Y6I4,ENSG00000140455,USP3,ubiquitin specific peptidase 3,Q9Y6I4,uniprot_swissprot,9606
uniprot:P05108,ENSG00000140459,CYP11A1,cytochrome p450 family 11 subfamily a member 1,P05108,uniprot_swissprot,9606
uniprot:P29590,ENSG00000140464,PML,pml nuclear body scaffold,P29590,uniprot_swissprot,9606
uniprot:P04798,ENSG00000140465,CYP1A1,cytochrome p450 family 1 subfamily a member 1,P04798,uniprot_swissprot,9606
uniprot:Q6PHR2,ENSG00000140474,ULK3,unc-51 like kinase 3,Q6PHR2,uniprot_swissprot,9606
uniprot:P29122,ENSG00000140479,PCSK6,proprotein convertase subtilisin/kexin type 6,P29122,uniprot_swissprot,9606
uniprot:Q8N5R6,ENSG00000140481,CCDC33,coiled-coil domain containing 33,Q8N5R6,uniprot_swissprot,9606
uniprot:P05177,ENSG00000140505,CYP1A2,cytochrome p450 family 1 subfamily a member 2,P05177,uniprot_swissprot,9606
uniprot:Q9HAT1,ENSG00000140506,LMAN1L,"lectin, mannose binding 1 like",Q9HAT1,uniprot_swissprot,9606
uniprot:Q96S86,ENSG00000140511,HAPLN3,hyaluronan and proteoglycan link protein 3,Q96S86,uniprot_swissprot,9606
uniprot:Q9UBD6,ENSG00000140519,RHCG,rh family c glycoprotein,Q9UBD6,uniprot_swissprot,9606
uniprot:P54098,ENSG00000140521,POLG,"dna polymerase gamma, catalytic subunit",P54098,uniprot_swissprot,9606
uniprot:Q9NVI1,ENSG00000140525,FANCI,fa complementation group i,Q9NVI1,uniprot_swissprot,9606
uniprot:P08910,ENSG00000140526,ABHD2,"abhydrolase domain containing 2, acylglycerol lipase",P08910,uniprot_swissprot,9606
uniprot:Q7Z2Z1,ENSG00000140534,TICRR,topbp1 interacting checkpoint and replication regulator,Q7Z2Z1,uniprot_swissprot,9606
uniprot:Q16288,ENSG00000140538,NTRK3,neurotrophic receptor tyrosine kinase 3,Q16288,uniprot_swissprot,9606
uniprot:Q08431,ENSG00000140545,MFGE8,milk fat globule egf and factor v/viii domain containing,Q08431,uniprot_swissprot,9606
uniprot:Q8N1W2,ENSG00000140548,ZNF710,zinc finger protein 710,Q8N1W2,uniprot_swissprot,9606
uniprot:Q9H3U1,ENSG00000140553,UNC45A,unc-45 myosin chaperone a,Q9H3U1,uniprot_swissprot,9606
uniprot:Q6DN12,ENSG00000140563,MCTP2,multiple c2 and transmembrane domain containing 2,Q6DN12,uniprot_swissprot,9606
uniprot:P09958,ENSG00000140564,FURIN,"furin, paired basic amino acid cleaving enzyme",P09958,uniprot_swissprot,9606
uniprot:P46940,ENSG00000140575,IQGAP1,iq motif containing gtpase activating protein 1,P46940,uniprot_swissprot,9606
uniprot:Q6UUV7,ENSG00000140577,CRTC3,creb regulated transcription coactivator 3,Q6UUV7,uniprot_swissprot,9606
uniprot:Q7Z2Z2,ENSG00000140598,EFL1,elongation factor like gtpase 1,Q7Z2Z2,uniprot_swissprot,9606
uniprot:Q99963,ENSG00000140600,SH3GL3,"sh3 domain containing grb2 like 3, endophilin a3",Q99963,uniprot_swissprot,9606
uniprot:P31639,ENSG00000140675,SLC5A2,solute carrier family 5 member 2,P31639,uniprot_swissprot,9606
uniprot:P20702,ENSG00000140678,ITGAX,integrin subunit alpha x,P20702,uniprot_swissprot,9606
uniprot:Q9C0B1,ENSG00000140718,FTO,fto alpha-ketoglutarate dependent dioxygenase,Q9C0B1,uniprot_swissprot,9606
uniprot:Q96J65,ENSG00000140798,ABCC12,atp binding cassette subfamily c member 12,Q96J65,uniprot_swissprot,9606
uniprot:Q969G9,ENSG00000140807,NKD1,nkd inhibitor of wnt signaling pathway 1,Q969G9,uniprot_swissprot,9606
uniprot:Q92620,ENSG00000140829,DHX38,deah-box helicase 38,Q92620,uniprot_swissprot,9606
uniprot:Q9NX01,ENSG00000140830,TXNL4B,thioredoxin like 4b,Q9NX01,uniprot_swissprot,9606
uniprot:Q96A59,ENSG00000140832,MARVELD3,marvel domain containing 3,Q96A59,uniprot_swissprot,9606
uniprot:Q15911,ENSG00000140836,ZFHX3,zinc finger homeobox 3,Q15911,uniprot_swissprot,9606
uniprot:Q96FN4,ENSG00000140848,CPNE2,copine 2,Q96FN4,uniprot_swissprot,9606
uniprot:Q8TE60,ENSG00000140873,ADAMTS18,adam metallopeptidase with thrombospondin type 1 motif 18,Q8TE60,uniprot_swissprot,9606
uniprot:P55287,ENSG00000140937,CDH11,cadherin 11,P55287,uniprot_swissprot,9606
uniprot:Q9GZQ8,ENSG00000140941,MAP1LC3B,microtubule associated protein 1 light chain 3 beta,Q9GZQ8,uniprot_swissprot,9606
uniprot:P55290,ENSG00000140945,CDH13,cadherin 13,P55290,uniprot_swissprot,9606
uniprot:Q6P9B6,ENSG00000140950,MEAK7,mtor associated protein meak7,Q6P9B6,uniprot_swissprot,9606
uniprot:Q9UJX0,ENSG00000140961,OSGIN1,oxidative stress induced growth inhibitor 1,Q9UJX0,uniprot_swissprot,9606
uniprot:Q02556,ENSG00000140968,IRF8,interferon regulatory factor 8,Q02556,uniprot_swissprot,9606
uniprot:Q8IXI1,ENSG00000140983,RHOT2,ras homolog family member t2,Q8IXI1,uniprot_swissprot,9606
uniprot:Q92901,ENSG00000140986,RPL3L,ribosomal protein l3 like,Q92901,uniprot_swissprot,9606
uniprot:O96000,ENSG00000140990,NDUFB10,nadh:ubiquinone oxidoreductase subunit b10,O96000,uniprot_swissprot,9606
uniprot:O15530,ENSG00000140992,PDPK1,3-phosphoinositide dependent protein kinase 1,O15530,uniprot_swissprot,9606
uniprot:Q9BQ70,ENSG00000141002,TCF25,tcf25 ribosome quality control complex subunit,Q9BQ70,uniprot_swissprot,9606
uniprot:O95995,ENSG00000141013,DRC4,dynein regulatory complex subunit 4,O95995,uniprot_swissprot,9606
uniprot:Q9NWA0,ENSG00000141026,MED9,mediator complex subunit 9,Q9NWA0,uniprot_swissprot,9606
uniprot:O75376,ENSG00000141027,NCOR1,nuclear receptor corepressor 1,O75376,uniprot_swissprot,9606
uniprot:Q8IVV7,ENSG00000141034,GID4,gid complex subunit 4 homolog,Q8IVV7,uniprot_swissprot,9606
uniprot:Q8IZQ8,ENSG00000141052,MYOCD,myocardin,Q8IZQ8,uniprot_swissprot,9606
uniprot:Q8IVT5,ENSG00000141068,KSR1,kinase suppressor of ras 1,Q8IVT5,uniprot_swissprot,9606
uniprot:Q9ULX3,ENSG00000141101,NOB1,nin1 (rpn12) binding protein 1 homolog,Q9ULX3,uniprot_swissprot,9606
uniprot:Q15615,ENSG00000141194,OR4D1,olfactory receptor family 4 subfamily d member 1,Q15615,uniprot_swissprot,9606
uniprot:O75674,ENSG00000141198,TOM1L1,target of myb1 like 1 membrane trafficking protein,O75674,uniprot_swissprot,9606
uniprot:Q5VIR6,ENSG00000141252,VPS53,vps53 subunit of garp complex,Q5VIR6,uniprot_swissprot,9606
uniprot:P55786,ENSG00000141279,NPEPPS,aminopeptidase puromycin sensitive,P55786,uniprot_swissprot,9606
uniprot:Q86WV1,ENSG00000141293,SKAP1,src kinase associated phosphoprotein 1,Q86WV1,uniprot_swissprot,9606
uniprot:Q96FV0,ENSG00000141294,LRRC46,leucine rich repeat containing 46,Q96FV0,uniprot_swissprot,9606
uniprot:Q96FV2,ENSG00000141295,SCRN2,secernin 2,Q96FV2,uniprot_swissprot,9606
uniprot:Q8IXA5,ENSG00000141316,SPACA3,sperm acrosome associated 3,Q8IXA5,uniprot_swissprot,9606
uniprot:O94911,ENSG00000141338,ABCA8,atp binding cassette subfamily a member 8,O94911,uniprot_swissprot,9606
uniprot:Q00610,ENSG00000141367,CLTC,clathrin heavy chain,Q00610,uniprot_swissprot,9606
uniprot:Q9H6U6,ENSG00000141376,BCAS3,bcas3 microtubule associated cell migration factor,Q9H6U6,uniprot_swissprot,9606
uniprot:Q9Y3E5,ENSG00000141378,PTRH2,peptidyl-trna hydrolase 2,Q9Y3E5,uniprot_swissprot,9606
uniprot:Q15532,ENSG00000141380,SS18,ss18 subunit of baf chromatin remodeling complex,Q15532,uniprot_swissprot,9606
uniprot:Q13433,ENSG00000141424,SLC39A6,solute carrier family 39 member 6,Q13433,uniprot_swissprot,9606
uniprot:Q32NC0,ENSG00000141428,RMP24,ribonuclease mrp subunit p24,Q32NC0,uniprot_swissprot,9606
uniprot:Q9C0F0,ENSG00000141431,ASXL3,asxl transcriptional regulator 3,Q9C0F0,uniprot_swissprot,9606
uniprot:Q16820,ENSG00000141434,MEP1B,meprin a subunit beta,Q16820,uniprot_swissprot,9606
uniprot:Q9H706,ENSG00000141441,GAREM1,grb2 associated regulator of mapk1 subtype 1,Q9H706,uniprot_swissprot,9606
uniprot:Q92908,ENSG00000141448,GATA6,gata binding protein 6,Q92908,uniprot_swissprot,9606
uniprot:Q96DM3,ENSG00000141452,RMC1,regulator of mon1-ccz1,Q96DM3,uniprot_swissprot,9606
uniprot:Q8IZL8,ENSG00000141456,PELP1,"proline, glutamate and leucine rich protein 1",Q8IZL8,uniprot_swissprot,9606
uniprot:O15118,ENSG00000141458,NPC1,npc intracellular cholesterol transporter 1,O15118,uniprot_swissprot,9606
uniprot:Q9BUR4,ENSG00000141499,WRAP53,wd repeat containing antisense to tp53,Q9BUR4,uniprot_swissprot,9606
uniprot:Q8N4C8,ENSG00000141503,MINK1,misshapen like kinase 1,Q8N4C8,uniprot_swissprot,9606
uniprot:Q8WYR1,ENSG00000141506,PIK3R5,phosphoinositide-3-kinase regulatory subunit 5,Q8WYR1,uniprot_swissprot,9606
uniprot:P04637,ENSG00000141510,TP53,tumor protein p53,P04637,uniprot_swissprot,9606
uniprot:Q4G0X9,ENSG00000141519,CCDC40,coiled-coil domain 40 molecular ruler complex subunit,Q4G0X9,uniprot_swissprot,9606
uniprot:Q7Z403,ENSG00000141524,TMC6,transmembrane channel like 6,Q7Z403,uniprot_swissprot,9606
uniprot:P38919,ENSG00000141543,EIF4A3,eukaryotic translation initiation factor 4a3,P38919,uniprot_swissprot,9606
uniprot:Q9BTW9,ENSG00000141556,TBCD,tubulin folding cofactor d,Q9BTW9,uniprot_swissprot,9606
uniprot:Q9HA64,ENSG00000141560,FN3KRP,fructosamine 3 kinase related protein,Q9HA64,uniprot_swissprot,9606
uniprot:Q9UHQ1,ENSG00000141562,NARF,nuclear prelamin a recognition factor,Q9UHQ1,uniprot_swissprot,9606
uniprot:Q8N122,ENSG00000141564,RPTOR,regulatory associated protein of mtor complex 1,Q8N122,uniprot_swissprot,9606
uniprot:Q01167,ENSG00000141568,FOXK2,forkhead box k2,Q01167,uniprot_swissprot,9606
uniprot:Q6PJ69,ENSG00000141569,TRIM65,tripartite motif containing 65,Q6PJ69,uniprot_swissprot,9606
uniprot:Q9HC52,ENSG00000141570,CBX8,chromobox 8,Q9HC52,uniprot_swissprot,9606
uniprot:O00257,ENSG00000141582,CBX4,chromobox 4,O00257,uniprot_swissprot,9606
uniprot:Q7RTS9,ENSG00000141627,DYM,dymeclin,Q7RTS9,uniprot_swissprot,9606
uniprot:P31152,ENSG00000141639,MAPK4,mitogen-activated protein kinase 4,P31152,uniprot_swissprot,9606
uniprot:Q9H777,ENSG00000141642,ELAC1,elac ribonuclease z 1,Q9H777,uniprot_swissprot,9606
uniprot:Q13485,ENSG00000141646,SMAD4,smad family member 4,Q13485,uniprot_swissprot,9606
uniprot:Q9Y6Q6,ENSG00000141655,TNFRSF11A,tnf receptor superfamily member 11a,Q9Y6Q6,uniprot_swissprot,9606
uniprot:Q9C0B9,ENSG00000141664,ZCCHC2,zinc finger cchc-type containing 2,Q9C0B9,uniprot_swissprot,9606
uniprot:Q8IUK8,ENSG00000141668,CBLN2,cerebellin 2 precursor,Q8IUK8,uniprot_swissprot,9606
uniprot:Q13794,ENSG00000141682,PMAIP1,phorbol-12-myristate-13-acetate-induced protein 1,Q13794,uniprot_swissprot,9606
uniprot:P04626,ENSG00000141736,ERBB2,erb-b2 receptor tyrosine kinase 2,P04626,uniprot_swissprot,9606
uniprot:Q14451,ENSG00000141738,GRB7,growth factor receptor bound protein 7,Q14451,uniprot_swissprot,9606
uniprot:P22692,ENSG00000141753,IGFBP4,insulin like growth factor binding protein 4,P22692,uniprot_swissprot,9606
uniprot:O00555,ENSG00000141837,CACNA1A,calcium voltage-gated channel subunit alpha1 a,O00555,uniprot_swissprot,9606
uniprot:O60885,ENSG00000141867,BRD4,bromodomain containing 4,O60885,uniprot_swissprot,9606
uniprot:P57071,ENSG00000141956,PRDM15,pr/set domain 15,P57071,uniprot_swissprot,9606
uniprot:P17858,ENSG00000141959,PFKL,"phosphofructokinase, liver type",P17858,uniprot_swissprot,9606
uniprot:P15498,ENSG00000141968,VAV1,vav guanine nucleotide exchange factor 1,P15498,uniprot_swissprot,9606
uniprot:Q99961,ENSG00000141985,SH3GL1,"sh3 domain containing grb2 like 1, endophilin a2",Q99961,uniprot_swissprot,9606
uniprot:Q96F63,ENSG00000142039,CCDC97,coiled-coil domain containing 97,Q96F63,uniprot_swissprot,9606
uniprot:Q6ZNR0,ENSG00000142046,TMEM91,transmembrane protein 91,Q6ZNR0,uniprot_swissprot,9606
uniprot:Q9NTG7,ENSG00000142082,SIRT3,sirtuin 3,Q9NTG7,uniprot_swissprot,9606
uniprot:Q01628,ENSG00000142089,IFITM3,interferon induced transmembrane protein 3,Q01628,uniprot_swissprot,9606
uniprot:P57058,ENSG00000142149,HUNK,hormonally up-regulated neu-associated kinase,P57058,uniprot_swissprot,9606
uniprot:P12109,ENSG00000142156,COL6A1,collagen type vi alpha 1 chain,P12109,uniprot_swissprot,9606
ensembl:ENSG00000142163,ENSG00000142163,OR1E3,olfactory receptor family 1 subfamily e member 3 (gene/pseudogene),,,9606
uniprot:P17181,ENSG00000142166,IFNAR1,interferon alpha and beta receptor subunit 1,P17181,uniprot_swissprot,9606
uniprot:P00441,ENSG00000142168,SOD1,superoxide dismutase 1,P00441,uniprot_swissprot,9606
uniprot:P57059,ENSG00000142178,SIK1,salt inducible kinase 1,P57059,uniprot_swissprot,9606
uniprot:Q9UJW3,ENSG00000142182,DNMT3L,dna methyltransferase 3 like,Q9UJW3,uniprot_swissprot,9606
uniprot:O94759,ENSG00000142185,TRPM2,transient receptor potential cation channel subfamily m member 2,O94759,uniprot_swissprot,9606
uniprot:Q96KG9,ENSG00000142186,SCYL1,scy1 like pseudokinase 1,Q96KG9,uniprot_swissprot,9606
uniprot:P56557,ENSG00000142188,TMEM50B,transmembrane protein 50b,P56557,uniprot_swissprot,9606
uniprot:P05067,ENSG00000142192,APP,amyloid beta precursor protein,P05067,uniprot_swissprot,9606
uniprot:P31749,ENSG00000142208,AKT1,akt serine/threonine kinase 1,P31749,uniprot_swissprot,9606
uniprot:Q9UHD0,ENSG00000142224,IL19,interleukin 19,Q9UHD0,uniprot_swissprot,9606
uniprot:P54852,ENSG00000142227,EMP3,epithelial membrane protein 3 (mam blood group),P54852,uniprot_swissprot,9606
uniprot:Q96Q04,ENSG00000142235,LMTK3,lemur tyrosine kinase 3,Q96Q04,uniprot_swissprot,9606
uniprot:Q9ULV8,ENSG00000142273,CBLC,cbl proto-oncogene c,Q9ULV8,uniprot_swissprot,9606
uniprot:Q01959,ENSG00000142319,SLC6A3,solute carrier family 6 member 3,Q01959,uniprot_swissprot,9606
uniprot:Q9HC96,ENSG00000142330,CAPN10,calpain 10,Q9HC96,uniprot_swissprot,9606
uniprot:O00160,ENSG00000142347,MYO1F,myosin if,O00160,uniprot_swissprot,9606
uniprot:Q8WXS5,ENSG00000142408,CACNG8,calcium voltage-gated channel auxiliary subunit gamma 8,Q8WXS5,uniprot_swissprot,9606
uniprot:Q86X55,ENSG00000142453,CARM1,coactivator associated arginine methyltransferase 1,Q86X55,uniprot_swissprot,9606
uniprot:P28072,ENSG00000142507,PSMB6,proteasome 20s subunit beta 6,P28072,uniprot_swissprot,9606
uniprot:P07288,ENSG00000142515,KLK3,kallikrein related peptidase 3,P07288,uniprot_swissprot,9606
uniprot:Q8WTR7,ENSG00000142528,ZNF473,zinc finger protein 473,Q8WTR7,uniprot_swissprot,9606
uniprot:P62280,ENSG00000142534,RPS11,ribosomal protein s11,P62280,uniprot_swissprot,9606
uniprot:Q96D15,ENSG00000142552,RCN3,reticulocalbin 3,Q96D15,uniprot_swissprot,9606
uniprot:Q9P2R6,ENSG00000142599,RERE,arginine-glutamic acid dipeptide repeats,Q9P2R6,uniprot_swissprot,9606
uniprot:Q495T6,ENSG00000142606,MMEL1,membrane metalloendopeptidase like 1,Q495T6,uniprot_swissprot,9606
uniprot:Q9C0B2,ENSG00000142609,CFAP74,cilia and flagella associated protein 74,Q9C0B2,uniprot_swissprot,9606
uniprot:Q9HAZ2,ENSG00000142611,PRDM16,pr/set domain 16,Q9HAZ2,uniprot_swissprot,9606
uniprot:P08217,ENSG00000142615,CELA2A,chymotrypsin like elastase 2a,P08217,uniprot_swissprot,9606
uniprot:P29317,ENSG00000142627,EPHA2,eph receptor a2,P29317,uniprot_swissprot,9606
uniprot:Q8IW93,ENSG00000142632,ARHGEF19,rho guanine nucleotide exchange factor 19,Q8IW93,uniprot_swissprot,9606
uniprot:O75381,ENSG00000142655,PEX14,peroxisomal biogenesis factor 14,O75381,uniprot_swissprot,9606
uniprot:P52209,ENSG00000142657,PGD,phosphogluconate dehydrogenase,P52209,uniprot_swissprot,9606
uniprot:Q9H299,ENSG00000142669,SH3BGRL3,sh3 domain binding glutamate rich protein like 3,Q9H299,uniprot_swissprot,9606
uniprot:P62913,ENSG00000142676,RPL11,ribosomal protein l11,P62913,uniprot_swissprot,9606
uniprot:Q6P1W5,ENSG00000142698,C1ORF94,chromosome 1 open reading frame 94,Q6P1W5,uniprot_swissprot,9606
uniprot:Q96SC8,ENSG00000142700,DMRTA2,dmrt like family a2,Q96SC8,uniprot_swissprot,9606
uniprot:O00444,ENSG00000142731,PLK4,polo like kinase 4,O00444,uniprot_swissprot,9606
uniprot:Q8N5D0,ENSG00000142784,WDTC1,wd and tetratricopeptide repeats 1,Q8N5D0,uniprot_swissprot,9606
uniprot:Q9H094,ENSG00000142794,NBPF3,nbpf member 3,Q9H094,uniprot_swissprot,9606
uniprot:P98160,ENSG00000142798,HSPG2,heparan sulfate proteoglycan 2,P98160,uniprot_swissprot,9606
uniprot:O95999,ENSG00000142867,BCL10,bcl10 immune signaling adaptor,O95999,uniprot_swissprot,9606
uniprot:O00622,ENSG00000142871,CCN1,cellular communication network factor 1,O00622,uniprot_swissprot,9606
uniprot:Q9GZM7,ENSG00000142910,TINAGL1,tubulointerstitial nephritis antigen like 1,Q9GZM7,uniprot_swissprot,9606
uniprot:Q99661,ENSG00000142945,KIF2C,kinesin family member 2c,Q99661,uniprot_swissprot,9606
uniprot:P10586,ENSG00000142949,PTPRF,protein tyrosine phosphatase receptor type f,P10586,uniprot_swissprot,9606
uniprot:P61968,ENSG00000143013,LMO4,lim domain only 4,P61968,uniprot_swissprot,9606
uniprot:Q9NY43,ENSG00000143032,BARHL2,barh like homeobox 2,Q9NY43,uniprot_swissprot,9606
uniprot:Q9Y483,ENSG00000143033,MTF2,metal response element binding transcription factor 2,Q9Y483,uniprot_swissprot,9606
uniprot:Q5TEC3,ENSG00000143067,ZNF697,zinc finger protein 697,Q5TEC3,uniprot_swissprot,9606
uniprot:P28066,ENSG00000143106,PSMA5,proteasome 20s subunit alpha 5,P28066,uniprot_swissprot,9606
uniprot:P58294,ENSG00000143125,PROK1,prokineticin 1,P58294,uniprot_swissprot,9606
uniprot:Q9HCU4,ENSG00000143126,CELSR2,cadherin egf lag seven-pass g-type receptor 2,Q9HCU4,uniprot_swissprot,9606
uniprot:P49189,ENSG00000143149,ALDH9A1,aldehyde dehydrogenase 9 family member a1,P49189,uniprot_swissprot,9606
uniprot:P05026,ENSG00000143153,ATP1B1,atpase na+/k+ transporting subunit beta 1,P05026,uniprot_swissprot,9606
uniprot:Q9Y5B8,ENSG00000143156,NME7,nme/nm23 family member 7,Q9Y5B8,uniprot_swissprot,9606
uniprot:Q99795,ENSG00000143167,GPA33,glycoprotein a33,Q99795,uniprot_swissprot,9606
uniprot:P48443,ENSG00000143171,RXRG,retinoid x receptor gamma,P48443,uniprot_swissprot,9606
uniprot:Q9BZX2,ENSG00000143179,UCK2,uridine-cytidine kinase 2,Q9BZX2,uniprot_swissprot,9606
uniprot:P14859,ENSG00000143190,POU2F1,pou class 2 homeobox 1,P14859,uniprot_swissprot,9606
uniprot:Q07507,ENSG00000143196,DPT,dermatopontin,Q07507,uniprot_swissprot,9606
uniprot:Q8NHY2,ENSG00000143207,COP1,cop1 e3 ubiquitin ligase,Q8NHY2,uniprot_swissprot,9606
uniprot:Q96NY8,ENSG00000143217,NECTIN4,nectin cell adhesion molecule 4,Q96NY8,uniprot_swissprot,9606
uniprot:P12318,ENSG00000143226,FCGR2A,fc gamma receptor iia,P12318,uniprot_swissprot,9606
uniprot:Q9BZD4,ENSG00000143228,NUF2,nuf2 component of ndc80 kinetochore complex,Q9BZD4,uniprot_swissprot,9606
uniprot:O15539,ENSG00000143248,RGS5,regulator of g protein signaling 5,O15539,uniprot_swissprot,9606
uniprot:Q99643,ENSG00000143252,SDHC,succinate dehydrogenase complex subunit c,Q99643,uniprot_swissprot,9606
uniprot:Q9UK80,ENSG00000143258,USP21,ubiquitin specific peptidase 21,Q9UK80,uniprot_swissprot,9606
uniprot:Q92733,ENSG00000143294,PRCC,proline rich mitotic checkpoint control factor,Q92733,uniprot_swissprot,9606
uniprot:P29373,ENSG00000143320,CRABP2,cellular retinoic acid binding protein 2,P29373,uniprot_swissprot,9606
uniprot:P51858,ENSG00000143321,HDGF,heparin binding growth factor,P51858,uniprot_swissprot,9606
uniprot:P42684,ENSG00000143322,ABL2,"abl proto-oncogene 2, non-receptor tyrosine kinase",P42684,uniprot_swissprot,9606
uniprot:Q9UBH6,ENSG00000143324,XPR1,xenotropic and polytropic retrovirus receptor 1,Q9UBH6,uniprot_swissprot,9606
uniprot:O15492,ENSG00000143333,RGS16,regulator of g protein signaling 16,O15492,uniprot_swissprot,9606
uniprot:Q5VWZ2,ENSG00000143353,LYPLAL1,lysophospholipase like 1,Q5VWZ2,uniprot_swissprot,9606
uniprot:P51449,ENSG00000143365,RORC,rar related orphan receptor c,P51449,uniprot_swissprot,9606
uniprot:Q9NNX1,ENSG00000143367,TUFT1,tuftelin 1,Q9NNX1,uniprot_swissprot,9606
uniprot:Q15427,ENSG00000143368,SF3B4,splicing factor 3b subunit 4,Q15427,uniprot_swissprot,9606
uniprot:Q16610,ENSG00000143369,ECM1,extracellular matrix protein 1,Q16610,uniprot_swissprot,9606
uniprot:Q9BW92,ENSG00000143374,TARS2,"threonyl-trna synthetase 2, mitochondrial",Q9BW92,uniprot_swissprot,9606
uniprot:Q15047,ENSG00000143379,SETDB1,set domain bifurcated histone lysine methyltransferase 1,Q15047,uniprot_swissprot,9606
uniprot:Q6UY14,ENSG00000143382,ADAMTSL4,adamts like 4,Q6UY14,uniprot_swissprot,9606
uniprot:Q07820,ENSG00000143384,MCL1,"mcl1 apoptosis regulator, bcl2 family member",Q07820,uniprot_swissprot,9606
uniprot:P43235,ENSG00000143387,CTSK,cathepsin k,P43235,uniprot_swissprot,9606
uniprot:Q9UBF8,ENSG00000143393,PI4KB,phosphatidylinositol 4-kinase beta,Q9UBF8,uniprot_swissprot,9606
uniprot:Q99755,ENSG00000143398,PIP5K1A,phosphatidylinositol-4-phosphate 5-kinase type 1 alpha,Q99755,uniprot_swissprot,9606
uniprot:Q8N5J2,ENSG00000143409,MINDY1,mindy lysine 48 deubiquitinase 1,Q8N5J2,uniprot_swissprot,9606
uniprot:O76027,ENSG00000143412,ANXA9,annexin a9,O76027,uniprot_swissprot,9606
uniprot:Q13228,ENSG00000143416,SELENBP1,selenium binding protein 1,Q13228,uniprot_swissprot,9606
uniprot:Q9H3T2,ENSG00000143434,SEMA6C,semaphorin 6c,Q9H3T2,uniprot_swissprot,9606
uniprot:P27540,ENSG00000143437,ARNT,aryl hydrocarbon receptor nuclear translocator,P27540,uniprot_swissprot,9606
uniprot:Q8TAK5,ENSG00000143458,GABPB2,ga binding protein transcription factor subunit beta 2,Q8TAK5,uniprot_swissprot,9606
uniprot:Q8NB59,ENSG00000143469,SYT14,synaptotagmin 14,Q8NB59,uniprot_swissprot,9606
uniprot:Q9NZJ0,ENSG00000143476,DTL,denticleless e3 ubiquitin protein ligase adapter,Q9NZJ0,uniprot_swissprot,9606
uniprot:O43781,ENSG00000143479,DYRK3,dual specificity tyrosine phosphorylation regulated kinase 3,O43781,uniprot_swissprot,9606
uniprot:Q15573,ENSG00000143498,TAF1A,"tata-box binding protein associated factor, rna polymerase i subunit a",Q15573,uniprot_swissprot,9606
uniprot:Q9NRG4,ENSG00000143499,SMYD2,set and mynd domain containing 2,Q9NRG4,uniprot_swissprot,9606
uniprot:Q5VX71,ENSG00000143502,SUSD4,sushi domain containing 4,Q5VX71,uniprot_swissprot,9606
uniprot:Q9Y6W6,ENSG00000143507,DUSP10,dual specificity phosphatase 10,Q9Y6W6,uniprot_swissprot,9606
uniprot:Q6UWX4,ENSG00000143512,HHIPL2,hhip like 2,Q6UWX4,uniprot_swissprot,9606
uniprot:P98198,ENSG00000143515,ATP8B2,atpase phospholipid transporting 8b2,P98198,uniprot_swissprot,9606
uniprot:Q5D862,ENSG00000143520,FLG2,filaggrin 2,Q5D862,uniprot_swissprot,9606
uniprot:P05109,ENSG00000143546,S100A8,s100 calcium binding protein a8,P05109,uniprot_swissprot,9606
uniprot:P06753,ENSG00000143549,TPM3,tropomyosin 3,P06753,uniprot_swissprot,9606
uniprot:Q5K4L6,ENSG00000143554,SLC27A3,solute carrier family 27 member 3,Q5K4L6,uniprot_swissprot,9606
uniprot:P31151,ENSG00000143556,S100A7,s100 calcium binding protein a7,P31151,uniprot_swissprot,9606
uniprot:O00165,ENSG00000143575,HAX1,hcls1 associated protein x-1,O00165,uniprot_swissprot,9606
uniprot:P52797,ENSG00000143590,EFNA3,ephrin a3,P52797,uniprot_swissprot,9606
uniprot:Q9UGI6,ENSG00000143603,KCNN3,potassium calcium-activated channel subfamily n member 3,Q9UGI6,uniprot_swissprot,9606
uniprot:Q8WXI9,ENSG00000143614,GATAD2B,gata zinc finger domain containing 2b,Q8WXI9,uniprot_swissprot,9606
uniprot:Q68E01,ENSG00000143624,INTS3,integrator complex subunit 3,Q68E01,uniprot_swissprot,9606
uniprot:P30613,ENSG00000143627,PKLR,pyruvate kinase l/r,P30613,uniprot_swissprot,9606
uniprot:P20930,ENSG00000143631,FLG,filaggrin,P20930,uniprot_swissprot,9606
uniprot:Q10471,ENSG00000143641,GALNT2,polypeptide n-acetylgalactosaminyltransferase 2,Q10471,uniprot_swissprot,9606
uniprot:Q8NBP0,ENSG00000143643,TTC13,tetratricopeptide repeat domain 13,Q8NBP0,uniprot_swissprot,9606
uniprot:Q99698,ENSG00000143669,LYST,lysosomal trafficking regulator,Q99698,uniprot_swissprot,9606
uniprot:Q5SW79,ENSG00000143702,CEP170,centrosomal protein 170,Q5SW79,uniprot_swissprot,9606
uniprot:P24666,ENSG00000143727,ACP1,acid phosphatase 1,P24666,uniprot_swissprot,9606
uniprot:O15381,ENSG00000143748,NVL,nuclear vcp like,O15381,uniprot_swissprot,9606
uniprot:P84077,ENSG00000143761,ARF1,arf gtpase 1,P84077,uniprot_swissprot,9606
uniprot:P27987,ENSG00000143772,ITPKB,inositol-trisphosphate 3-kinase b,P27987,uniprot_swissprot,9606
uniprot:Q5VT25,ENSG00000143776,CDC42BPA,cdc42 binding protein kinase alpha,Q5VT25,uniprot_swissprot,9606
uniprot:P09874,ENSG00000143799,PARP1,poly(adp-ribose) polymerase 1,P09874,uniprot_swissprot,9606
uniprot:P49810,ENSG00000143801,PSEN2,presenilin 2,P49810,uniprot_swissprot,9606
uniprot:Q96C36,ENSG00000143811,PYCR2,pyrroline-5-carboxylate reductase 2,Q96C36,uniprot_swissprot,9606
uniprot:P07099,ENSG00000143819,EPHX1,epoxide hydrolase 1,P07099,uniprot_swissprot,9606
uniprot:P00797,ENSG00000143839,REN,renin,P00797,uniprot_swissprot,9606
uniprot:O75335,ENSG00000143847,PPFIA4,ppfi scaffold protein a4,O75335,uniprot_swissprot,9606
uniprot:Q8N9I0,ENSG00000143858,SYT2,synaptotagmin 2,Q8N9I0,uniprot_swissprot,9606
uniprot:Q8TAX0,ENSG00000143867,OSR1,odd-skipped related transcription factor 1,Q8TAX0,uniprot_swissprot,9606
uniprot:Q7Z4P5,ENSG00000143869,GDF7,growth differentiation factor 7,Q7Z4P5,uniprot_swissprot,9606
uniprot:P62745,ENSG00000143878,RHOB,ras homolog family member b,P62745,uniprot_swissprot,9606
uniprot:Q96C23,ENSG00000143891,GALM,galactose mutarotase,Q96C23,uniprot_swissprot,9606
uniprot:Q7Z624,ENSG00000143919,CAMKMT,calmodulin-lysine n-methyltransferase,Q7Z624,uniprot_swissprot,9606
uniprot:Q9H221,ENSG00000143921,ABCG8,atp binding cassette subfamily g member 8,Q9H221,uniprot_swissprot,9606
uniprot:Q9HC35,ENSG00000143924,EML4,emap like 4,Q9HC35,uniprot_swissprot,9606
uniprot:Q8WUX2,ENSG00000143942,CHAC2,chac glutathione specific gamma-glutamylcyclotransferase 2,Q8WUX2,uniprot_swissprot,9606
uniprot:P62979,ENSG00000143947,RPS27A,ribosomal protein s27a,P62979,uniprot_swissprot,9606
uniprot:O95876,ENSG00000143951,WDPCP,wd repeat containing planar cell polarity effector,O95876,uniprot_swissprot,9606
uniprot:Q6UW15,ENSG00000143954,REG3G,regenerating family member 3 gamma,Q6UW15,uniprot_swissprot,9606
uniprot:Q76L83,ENSG00000143970,ASXL2,asxl transcriptional regulator 2,Q76L83,uniprot_swissprot,9606
uniprot:Q9NY74,ENSG00000143971,ETAA1,etaa1 activator of atr kinase,Q9NY74,uniprot_swissprot,9606
uniprot:O00470,ENSG00000143995,MEIS1,meis homeobox 1,O00470,uniprot_swissprot,9606
uniprot:Q9Y2D4,ENSG00000144036,EXOC6B,exocyst complex component 6b,Q9Y2D4,uniprot_swissprot,9606
uniprot:P11234,ENSG00000144118,RALB,ras like proto-oncogene b,P11234,uniprot_swissprot,9606
uniprot:Q53RD9,ENSG00000144152,FBLN7,fibulin 7,Q53RD9,uniprot_swissprot,9606
uniprot:Q8N5P1,ENSG00000144161,ZC3H8,zinc finger ccch-type containing 8,Q8N5P1,uniprot_swissprot,9606
uniprot:P51826,ENSG00000144218,AFF3,alf transcription elongation factor 3,P51826,uniprot_swissprot,9606
uniprot:Q9C0I4,ENSG00000144229,THSD7B,thrombospondin type 1 domain containing 7b,Q9C0I4,uniprot_swissprot,9606
uniprot:O15514,ENSG00000144231,POLR2D,rna polymerase ii subunit d,O15514,uniprot_swissprot,9606
uniprot:Q8IUC8,ENSG00000144278,GALNT13,polypeptide n-acetylgalactosaminyltransferase 13,Q8IUC8,uniprot_swissprot,9606
uniprot:Q99569,ENSG00000144283,PKP4,plakophilin 4,Q99569,uniprot_swissprot,9606
uniprot:P35498,ENSG00000144285,SCN1A,sodium voltage-gated channel alpha subunit 1,P35498,uniprot_swissprot,9606
uniprot:Q6U841,ENSG00000144290,SLC4A10,solute carrier family 4 member 10,Q6U841,uniprot_swissprot,9606
uniprot:Q569K4,ENSG00000144331,ZNF385B,zinc finger protein 385b,Q569K4,uniprot_swissprot,9606
uniprot:Q9BWT1,ENSG00000144354,CDCA7,cell division cycle associated 7,Q9BWT1,uniprot_swissprot,9606
uniprot:P56177,ENSG00000144355,DLX1,distal-less homeobox 1,P56177,uniprot_swissprot,9606
uniprot:Q6ZT12,ENSG00000144357,UBR3,ubiquitin protein ligase e3 component n-recognin 3,Q6ZT12,uniprot_swissprot,9606
uniprot:Q9UBP9,ENSG00000144366,GULP1,gulp ptb domain containing engulfment adaptor 1,Q9UBP9,uniprot_swissprot,9606
uniprot:P10809,ENSG00000144381,HSPD1,heat shock protein family d (hsp60) member 1,P10809,uniprot_swissprot,9606
uniprot:Q8WXB1,ENSG00000144401,METTL21A,"methyltransferase 21a, hspa lysine",Q8WXB1,uniprot_swissprot,9606
uniprot:P49190,ENSG00000144407,PTH2R,parathyroid hormone 2 receptor,P49190,uniprot_swissprot,9606
uniprot:Q6ZS30,ENSG00000144426,NBEAL1,neurobeachin like 1,Q6ZS30,uniprot_swissprot,9606
uniprot:Q8N0X2,ENSG00000144451,SPAG16,sperm associated antigen 16,Q8N0X2,uniprot_swissprot,9606
uniprot:Q8NBK3,ENSG00000144455,SUMF1,sulfatase modifying factor 1,Q8NBK3,uniprot_swissprot,9606
uniprot:Q9P242,ENSG00000144460,NYAP2,neuronal tyrosine-phosphorylated phosphoinositide-3-kinase adaptor 2,Q9P242,uniprot_swissprot,9606
uniprot:Q8TEB9,ENSG00000144468,RHBDD1,rhomboid domain containing 1,Q8TEB9,uniprot_swissprot,9606
uniprot:P25106,ENSG00000144476,ACKR3,atypical chemokine receptor 3,P25106,uniprot_swissprot,9606
uniprot:Q7Z2W7,ENSG00000144481,TRPM8,transient receptor potential cation channel subfamily m member 8,Q7Z2W7,uniprot_swissprot,9606
uniprot:Q6ZVH7,ENSG00000144488,ESPNL,espin like,Q6ZVH7,uniprot_swissprot,9606
uniprot:Q9BXW9,ENSG00000144554,FANCD2,fa complementation group d2,Q9BXW9,uniprot_swissprot,9606
uniprot:Q96BW9,ENSG00000144559,TAMM41,tam41 mitochondrial translocator assembly and maintenance homolog,Q96BW9,uniprot_swissprot,9606
uniprot:Q14135,ENSG00000144560,VGLL4,vestigial like family member 4,Q14135,uniprot_swissprot,9606
uniprot:Q9GZU7,ENSG00000144579,CTDSP1,ctd small phosphatase 1,Q9GZU7,uniprot_swissprot,9606
uniprot:Q8N1F8,ENSG00000144589,STK11IP,serine/threonine kinase 11 interacting protein,Q8N1F8,uniprot_swissprot,9606
uniprot:Q8IWV2,ENSG00000144619,CNTN4,contactin 4,Q8IWV2,uniprot_swissprot,9606
uniprot:Q6XE24,ENSG00000144642,RBMS3,rna binding motif single stranded interacting protein 3,Q6XE24,uniprot_swissprot,9606
uniprot:Q6ZQY3,ENSG00000144644,GADL1,gad like acidic amino acid decarboxylase 1,Q6ZQY3,uniprot_swissprot,9606
uniprot:Q9BXB5,ENSG00000144645,OSBPL10,oxysterol binding protein like 10,Q9BXB5,uniprot_swissprot,9606
uniprot:Q8NAT1,ENSG00000144647,POMGNT2,"protein o-linked mannose n-acetylglucosaminyltransferase 2 (beta 1,4-)",Q8NAT1,uniprot_swissprot,9606
uniprot:O00590,ENSG00000144648,ACKR2,atypical chemokine receptor 2,O00590,uniprot_swissprot,9606
uniprot:Q13797,ENSG00000144668,ITGA9,integrin subunit alpha 9,Q13797,uniprot_swissprot,9606
uniprot:Q6DN90,ENSG00000144711,IQSEC1,iq motif and sec7 domain arfgef 1,Q6DN90,uniprot_swissprot,9606
uniprot:O75155,ENSG00000144712,CAND2,cullin associated and neddylation dissociated 2 (putative),O75155,uniprot_swissprot,9606
uniprot:P23470,ENSG00000144724,PTPRG,protein tyrosine phosphatase receptor type g,P23470,uniprot_swissprot,9606
uniprot:Q8NFM7,ENSG00000144730,IL17RD,interleukin 17 receptor d,Q8NFM7,uniprot_swissprot,9606
uniprot:Q6PI26,ENSG00000144736,SHQ1,"shq1, h/aca ribonucleoprotein assembly factor",Q6PI26,uniprot_swissprot,9606
uniprot:Q70HW3,ENSG00000144741,SLC25A26,solute carrier family 25 member 26,Q70HW3,uniprot_swissprot,9606
uniprot:O75915,ENSG00000144746,ARL6IP5,arf like gtpase 6 interacting protein 5,O75915,uniprot_swissprot,9606
uniprot:Q96JA1,ENSG00000144749,LRIG1,leucine rich repeats and immunoglobulin like domains 1,Q96JA1,uniprot_swissprot,9606
uniprot:Q9HBL6,ENSG00000144771,LRTM1,leucine rich repeat transmembrane protein 1,Q9HBL6,uniprot_swissprot,9606
uniprot:Q9UGP4,ENSG00000144791,LIMD1,lim domain containing 1,Q9UGP4,uniprot_swissprot,9606
uniprot:Q86SQ0,ENSG00000144824,PHLDB2,pleckstrin homology like domain family b member 2,Q86SQ0,uniprot_swissprot,9606
uniprot:O75469,ENSG00000144852,NR1I2,nuclear receptor subfamily 1 group i member 2,O75469,uniprot_swissprot,9606
uniprot:Q9BWV1,ENSG00000144857,BOC,"boc cell adhesion associated, oncogene regulated",Q9BWV1,uniprot_swissprot,9606
uniprot:P30556,ENSG00000144891,AGTR1,angiotensin ii receptor type 1,P30556,uniprot_swissprot,9606
uniprot:P48995,ENSG00000144935,TRPC1,transient receptor potential cation channel subfamily c member 1,P48995,uniprot_swissprot,9606
uniprot:Q6PIU2,ENSG00000144959,NCEH1,neutral cholesterol ester hydrolase 1,Q6PIU2,uniprot_swissprot,9606
uniprot:Q93052,ENSG00000145012,LPP,lim domain containing preferred translocation partner in lipoma,Q93052,uniprot_swissprot,9606
uniprot:Q9BSH3,ENSG00000145029,NICN1,"nicolin 1, tubulin polyglutamylase complex subunit",Q9BSH3,uniprot_swissprot,9606
uniprot:Q96RP3,ENSG00000145040,UCN2,urocortin 2,Q96RP3,uniprot_swissprot,9606
uniprot:Q9Y4B6,ENSG00000145041,DCAF1,ddb1 and cul4 associated factor 1,Q9Y4B6,uniprot_swissprot,9606
uniprot:P55145,ENSG00000145050,MANF,mesencephalic astrocyte derived neurotrophic factor,P55145,uniprot_swissprot,9606
uniprot:Q9Y2K9,ENSG00000145087,STXBP5L,syntaxin binding protein 5l,Q9Y2K9,uniprot_swissprot,9606
uniprot:Q99102,ENSG00000145113,MUC4,"mucin 4, cell surface associated",Q99102,uniprot_swissprot,9606
uniprot:O94813,ENSG00000145147,SLIT2,slit guidance ligand 2,O94813,uniprot_swissprot,9606
uniprot:Q13144,ENSG00000145191,EIF2B5,eukaryotic translation initiation factor 2b subunit epsilon,Q13144,uniprot_swissprot,9606
uniprot:P02765,ENSG00000145192,AHSG,alpha 2-hs glycoprotein,P02765,uniprot_swissprot,9606
uniprot:P0DPD6,ENSG00000145194,ECE2,endothelin converting enzyme 2,P0DPD6,uniprot_swissprot,9606
uniprot:Q8N398,ENSG00000145198,VWA5B2,von willebrand factor a domain containing 5b2,Q8N398,uniprot_swissprot,9606
uniprot:P52824,ENSG00000145214,DGKQ,diacylglycerol kinase theta,P52824,uniprot_swissprot,9606
uniprot:Q6UN15,ENSG00000145216,FIP1L1,factor interacting with papola and cpsf1,Q6UN15,uniprot_swissprot,9606
uniprot:Q9H2B4,ENSG00000145217,SLC26A1,solute carrier family 26 member 1,Q9H2B4,uniprot_swissprot,9606
uniprot:Q03188,ENSG00000145241,CENPC,centromere protein c,Q03188,uniprot_swissprot,9606
uniprot:P54756,ENSG00000145242,EPHA5,eph receptor a5,P54756,uniprot_swissprot,9606
uniprot:Q9Y5Q5,ENSG00000145244,CORIN,"corin, serine peptidase",Q9Y5Q5,uniprot_swissprot,9606
uniprot:Q9P241,ENSG00000145246,ATP10D,atpase phospholipid transporting 10d (putative),Q9P241,uniprot_swissprot,9606
uniprot:Q56VL3,ENSG00000145247,OCIAD2,ocia domain containing 2,Q56VL3,uniprot_swissprot,9606
uniprot:Q86SK9,ENSG00000145284,SCD5,stearoyl-coa desaturase 5,Q86SK9,uniprot_swissprot,9606
uniprot:Q9NZF1,ENSG00000145287,PLAC8,placenta associated 8,Q9NZF1,uniprot_swissprot,9606
uniprot:P02774,ENSG00000145321,GC,gc vitamin d binding protein,P02774,uniprot_swissprot,9606
uniprot:Q9P2G9,ENSG00000145332,KLHL8,kelch like family member 8,Q9P2G9,uniprot_swissprot,9606
uniprot:P37840,ENSG00000145335,SNCA,synuclein alpha,P37840,uniprot_swissprot,9606
uniprot:Q8TEA7,ENSG00000145348,TBCK,tbc1 domain containing kinase,Q8TEA7,uniprot_swissprot,9606
uniprot:Q13557,ENSG00000145349,CAMK2D,calcium/calmodulin dependent protein kinase ii delta,Q13557,uniprot_swissprot,9606
uniprot:Q8N5K1,ENSG00000145354,CISD2,cdgsh iron sulfur domain 2,Q8N5K1,uniprot_swissprot,9606
uniprot:Q8NB90,ENSG00000145375,AFG2A,aaa atpase afg2a,Q8NB90,uniprot_swissprot,9606
uniprot:P12104,ENSG00000145384,FABP2,fatty acid binding protein 2,P12104,uniprot_swissprot,9606
uniprot:P20248,ENSG00000145386,CCNA2,cyclin a2,P20248,uniprot_swissprot,9606
uniprot:Q9HCE5,ENSG00000145388,METTL14,"methyltransferase 14, n6-adenosine-methyltransferase non-catalytic subunit",Q9HCE5,uniprot_swissprot,9606
uniprot:Q70EK8,ENSG00000145390,USP53,ubiquitin specific peptidase 53,Q70EK8,uniprot_swissprot,9606
uniprot:Q8WTS6,ENSG00000145391,SETD7,"set domain containing 7, histone lysine methyltransferase",Q8WTS6,uniprot_swissprot,9606
uniprot:Q96HR8,ENSG00000145414,NAF1,nuclear assembly factor 1 ribonucleoprotein,Q96HR8,uniprot_swissprot,9606
uniprot:Q8TCQ1,ENSG00000145416,MARCHF1,membrane associated ring-ch-type finger 1,Q8TCQ1,uniprot_swissprot,9606
uniprot:Q96HF1,ENSG00000145423,SFRP2,secreted frizzled related protein 2,Q96HF1,uniprot_swissprot,9606
uniprot:Q9NRA1,ENSG00000145431,PDGFC,platelet derived growth factor c,Q9NRA1,uniprot_swissprot,9606
uniprot:Q8N4T8,ENSG00000145439,CBR4,carbonyl reductase 4,Q8N4T8,uniprot_swissprot,9606
uniprot:Q6ZWL3,ENSG00000145476,CYP4V2,cytochrome p450 family 4 subfamily v member 2,Q6ZWL3,uniprot_swissprot,9606
uniprot:O75380,ENSG00000145494,NDUFS6,nadh:ubiquinone oxidoreductase subunit s6,O75380,uniprot_swissprot,9606
uniprot:Q969F2,ENSG00000145506,NKD2,nkd inhibitor of wnt signaling pathway 2,Q969F2,uniprot_swissprot,9606
uniprot:Q8TE57,ENSG00000145536,ADAMTS16,adam metallopeptidase with thrombospondin type 1 motif 16,Q8TE57,uniprot_swissprot,9606
uniprot:Q9HD67,ENSG00000145555,MYO10,myosin x,Q9HD67,uniprot_swissprot,9606
uniprot:Q9NUU6,ENSG00000145569,OTULINL,otu deubiquitinase with linear linkage specificity like,Q9NUU6,uniprot_swissprot,9606
uniprot:Q13309,ENSG00000145604,SKP2,s-phase kinase associated protein 2,Q13309,uniprot_swissprot,9606
uniprot:Q99650,ENSG00000145623,OSMR,oncostatin m receptor,Q99650,uniprot_swissprot,9606
uniprot:Q9NYY3,ENSG00000145632,PLK2,polo like kinase 2,Q9NYY3,uniprot_swissprot,9606
uniprot:P12544,ENSG00000145649,GZMA,granzyme a,P12544,uniprot_swissprot,9606
uniprot:P27986,ENSG00000145675,PIK3R1,phosphoinositide-3-kinase regulatory subunit 1,P27986,uniprot_swissprot,9606
uniprot:P10915,ENSG00000145681,HAPLN1,hyaluronan and proteoglycan link protein 1,P10915,uniprot_swissprot,9606
uniprot:Q6ZUX7,ENSG00000145685,LHFPL2,lhfpl tetraspan subfamily member 2,Q6ZUX7,uniprot_swissprot,9606
uniprot:P81877,ENSG00000145687,SSBP2,single stranded dna binding protein 2,P81877,uniprot_swissprot,9606
uniprot:Q93088,ENSG00000145692,BHMT,betaine--homocysteine s-methyltransferase,Q93088,uniprot_swissprot,9606
uniprot:Q8N7Z5,ENSG00000145700,ANKRD31,ankyrin repeat domain 31,Q8N7Z5,uniprot_swissprot,9606
uniprot:Q13576,ENSG00000145703,IQGAP2,iq motif containing gtpase activating protein 2,Q13576,uniprot_swissprot,9606
uniprot:P20936,ENSG00000145715,RASA1,ras p21 protein activator 1,P20936,uniprot_swissprot,9606
uniprot:Q9NXP7,ENSG00000145723,GIN1,gypsy retrotransposon integrase 1,Q9NXP7,uniprot_swissprot,9606
uniprot:O43314,ENSG00000145725,PPIP5K2,diphosphoinositol pentakisphosphate kinase 2,O43314,uniprot_swissprot,9606
uniprot:P19021,ENSG00000145730,PAM,peptidylglycine alpha-amidating monooxygenase,P19021,uniprot_swissprot,9606
uniprot:Q8TAD4,ENSG00000145740,SLC30A5,solute carrier family 30 member 5,Q8TAD4,uniprot_swissprot,9606
uniprot:P20290,ENSG00000145741,BTF3,basic transcription factor 3,P20290,uniprot_swissprot,9606
uniprot:Q9UF56,ENSG00000145743,FBXL17,f-box and leucine rich repeat protein 17,Q9UF56,uniprot_swissprot,9606
uniprot:Q9BWV2,ENSG00000145757,SPATA9,spermatogenesis associated 9,Q9BWV2,uniprot_swissprot,9606
uniprot:Q969D9,ENSG00000145777,TSLP,thymic stromal lymphopoietin,Q969D9,uniprot_swissprot,9606
uniprot:O95379,ENSG00000145779,TNFAIP8,tnf alpha induced protein 8,O95379,uniprot_swissprot,9606
uniprot:O94817,ENSG00000145782,ATG12,autophagy related 12,O94817,uniprot_swissprot,9606
uniprot:Q9UNA1,ENSG00000145819,ARHGAP26,rho gtpase activating protein 26,Q9UNA1,uniprot_swissprot,9606
uniprot:O95715,ENSG00000145824,CXCL14,c-x-c motif chemokine ligand 14,O95715,uniprot_swissprot,9606
uniprot:P15248,ENSG00000145839,IL9,interleukin 9,P15248,uniprot_swissprot,9606
uniprot:Q96MT1,ENSG00000145860,RNF145,ring finger protein 145,Q96MT1,uniprot_swissprot,9606
uniprot:Q16445,ENSG00000145863,GABRA6,gamma-aminobutyric acid type a receptor subunit alpha6,Q16445,uniprot_swissprot,9606
uniprot:P47870,ENSG00000145864,GABRB2,gamma-aminobutyric acid type a receptor subunit beta2,P47870,uniprot_swissprot,9606
uniprot:Q6PIJ6,ENSG00000145868,FBXO38,f-box protein 38,Q6PIJ6,uniprot_swissprot,9606
uniprot:P58062,ENSG00000145879,SPINK7,serine peptidase inhibitor kazal type 7,P58062,uniprot_swissprot,9606
uniprot:Q8NBM8,ENSG00000145882,PCYOX1L,prenylcysteine oxidase 1 like,Q8NBM8,uniprot_swissprot,9606
uniprot:P23415,ENSG00000145888,GLRA1,glycine receptor alpha 1,P23415,uniprot_swissprot,9606
uniprot:Q15025,ENSG00000145901,TNIP1,tnfaip3 interacting protein 1,Q15025,uniprot_swissprot,9606
uniprot:Q13283,ENSG00000145907,G3BP1,g3bp stress granule assembly factor 1,Q13283,uniprot_swissprot,9606
uniprot:Q9NX24,ENSG00000145912,NHP2,nhp2 ribonucleoprotein,Q9NX24,uniprot_swissprot,9606
uniprot:Q9NT68,ENSG00000145934,TENM2,teneurin transmembrane protein 2,Q9NT68,uniprot_swissprot,9606
uniprot:Q86YV6,ENSG00000145949,MYLK4,myosin light chain kinase family member 4,Q86YV6,uniprot_swissprot,9606
uniprot:O95363,ENSG00000145982,FARS2,"phenylalanyl-trna synthetase 2, mitochondrial",O95363,uniprot_swissprot,9606
uniprot:Q9NXC2,ENSG00000145990,GFOD1,gfo/idh/moca-like oxidoreductase domain containing 1,Q9NXC2,uniprot_swissprot,9606
uniprot:Q5VV42,ENSG00000145996,CDKAL1,cdkal1 threonylcarbamoyladenosine trna methylthiotransferase,Q5VV42,uniprot_swissprot,9606
uniprot:Q9BQI7,ENSG00000146005,PSD2,pleckstrin and sec7 domain containing 2,Q9BQI7,uniprot_swissprot,9606
uniprot:Q9UH77,ENSG00000146021,KLHL3,kelch like family member 3,Q9UH77,uniprot_swissprot,9606
uniprot:Q96A08,ENSG00000146047,H2BC1,h2b clustered histone 1,Q96A08,uniprot_swissprot,9606
uniprot:Q13093,ENSG00000146070,PLA2G7,phospholipase a2 group vii,Q13093,uniprot_swissprot,9606
uniprot:O75509,ENSG00000146072,TNFRSF21,tnf receptor superfamily member 21,O75509,uniprot_swissprot,9606
uniprot:Q8N431,ENSG00000146090,RASGEF1C,rasgef domain family member 1c,Q8N431,uniprot_swissprot,9606
uniprot:Q86T65,ENSG00000146122,DAAM2,dishevelled associated activator of morphogenesis 2,Q86T65,uniprot_swissprot,9606
uniprot:P49643,ENSG00000146143,PRIM2,dna primase subunit 2,P49643,uniprot_swissprot,9606
uniprot:Q5VWP3,ENSG00000146147,MLIP,muscular lmna interacting protein,Q5VWP3,uniprot_swissprot,9606
uniprot:Q8TB92,ENSG00000146151,HMGCLL1,3-hydroxy-3-methylglutaryl-coa lyase like 1,Q8TB92,uniprot_swissprot,9606
uniprot:Q5TDP6,ENSG00000146166,LGSN,"lengsin, lens protein with glutamine synthetase domain",Q5TDP6,uniprot_swissprot,9606
uniprot:Q7Z6J4,ENSG00000146192,FGD2,"fyve, rhogef and ph domain containing 2",Q7Z6J4,uniprot_swissprot,9606
uniprot:Q8IX30,ENSG00000146197,SCUBE3,"signal peptide, cub domain and egf like domain containing 3",Q8IX30,uniprot_swissprot,9606
uniprot:Q6Q6R5,ENSG00000146215,CRIP3,cysteine rich protein 3,Q6Q6R5,uniprot_swissprot,9606
uniprot:Q5TCY1,ENSG00000146216,TTBK1,tau tubulin kinase 1,Q5TCY1,uniprot_swissprot,9606
uniprot:Q5JU00,ENSG00000146221,DRC5,dynein regulatory complex subunit 5,Q5JU00,uniprot_swissprot,9606
uniprot:O00221,ENSG00000146232,NFKBIE,nfkb inhibitor epsilon,O00221,uniprot_swissprot,9606
uniprot:Q13641,ENSG00000146242,TPBG,trophoblast glycoprotein,Q13641,uniprot_swissprot,9606
uniprot:Q5VVH5,ENSG00000146243,IRAK1BP1,interleukin 1 receptor associated kinase 1 binding protein 1,Q5VVH5,uniprot_swissprot,9606
uniprot:Q8WWQ0,ENSG00000146247,PHIP,phip subunit of cul4-ring ligase complex,Q8WWQ0,uniprot_swissprot,9606
uniprot:Q6ZRQ5,ENSG00000146263,MMS22L,"mms22 like, dna repair protein",Q6ZRQ5,uniprot_swissprot,9606
uniprot:Q5T160,ENSG00000146282,RARS2,"arginyl-trna synthetase 2, mitochondrial",Q5T160,uniprot_swissprot,9606
uniprot:Q8N228,ENSG00000146285,SCML4,scm polycomb group protein like 4,Q8N228,uniprot_swissprot,9606
uniprot:Q96NH3,ENSG00000146350,TBC1D32,tbc1 domain family member 32,Q96NH3,uniprot_swissprot,9606
uniprot:P46095,ENSG00000146360,GPR6,g protein-coupled receptor 6,P46095,uniprot_swissprot,9606
uniprot:Q8TC41,ENSG00000146373,RNF217,ring finger protein 217,Q8TC41,uniprot_swissprot,9606
uniprot:Q9BXY4,ENSG00000146374,RSPO3,r-spondin 3,Q9BXY4,uniprot_swissprot,9606
uniprot:Q6P444,ENSG00000146410,MTFR2,mitochondrial fission regulator 2,Q6P444,uniprot_swissprot,9606
uniprot:Q8TD20,ENSG00000146411,SLC2A12,solute carrier family 2 member 12,Q8TD20,uniprot_swissprot,9606
uniprot:Q149N8,ENSG00000146414,SHPRH,snf2 histone linker phd ring helicase,Q149N8,uniprot_swissprot,9606
uniprot:Q9NVV5,ENSG00000146416,AIG1,androgen induced 1,Q9NVV5,uniprot_swissprot,9606
uniprot:P63172,ENSG00000146425,DYNLT1,dynein light chain tctex-type 1,P63172,uniprot_swissprot,9606
uniprot:Q8NA58,ENSG00000146453,PNLDC1,parn like ribonuclease domain containing exonuclease 1,Q8NA58,uniprot_swissprot,9606
uniprot:P01282,ENSG00000146469,VIP,vasoactive intestinal peptide,P01282,uniprot_swissprot,9606
uniprot:O75751,ENSG00000146477,SLC22A3,solute carrier family 22 member 3,O75751,uniprot_swissprot,9606
uniprot:Q8N2E2,ENSG00000146530,VWDE,von willebrand factor d and egf domains,Q8N2E2,uniprot_swissprot,9606
uniprot:Q03113,ENSG00000146535,GNA12,g protein subunit alpha 12,Q03113,uniprot_swissprot,9606
uniprot:Q7Z5N4,ENSG00000146555,SDK1,sidekick cell adhesion molecule 1,Q7Z5N4,uniprot_swissprot,9606
uniprot:Q02930,ENSG00000146592,CREB5,camp responsive element binding protein 5,Q02930,uniprot_swissprot,9606
uniprot:Q96RJ6,ENSG00000146618,FERD3L,fer3 like bhlh transcription factor,Q96RJ6,uniprot_swissprot,9606
uniprot:P00533,ENSG00000146648,EGFR,epidermal growth factor receptor,P00533,uniprot_swissprot,9606
uniprot:Q96FF9,ENSG00000146670,CDCA5,cell division cycle associated 5,Q96FF9,uniprot_swissprot,9606
uniprot:P17936,ENSG00000146674,IGFBP3,insulin like growth factor binding protein 3,P17936,uniprot_swissprot,9606
uniprot:P08833,ENSG00000146678,IGFBP1,insulin like growth factor binding protein 1,P08833,uniprot_swissprot,9606
uniprot:P40926,ENSG00000146701,MDH2,malate dehydrogenase 2,P40926,uniprot_swissprot,9606
uniprot:P40227,ENSG00000146731,CCT6A,chaperonin containing tcp1 subunit 6a,P40227,uniprot_swissprot,9606
uniprot:Q03936,ENSG00000146757,ZNF92,zinc finger protein 92,Q03936,uniprot_swissprot,9606
uniprot:O75420,ENSG00000146830,GIGYF1,grb10 interacting gyf protein 1,O75420,uniprot_swissprot,9606
uniprot:Q9C037,ENSG00000146833,TRIM4,tripartite motif containing 4,Q9C037,uniprot_swissprot,9606
uniprot:Q8NEM8,ENSG00000146856,AGBL3,agbl carboxypeptidase 3,Q8NEM8,uniprot_swissprot,9606
uniprot:Q86UE8,ENSG00000146872,TLK2,tousled like kinase 2,Q86UE8,uniprot_swissprot,9606
uniprot:P21709,ENSG00000146904,EPHA1,eph receptor a1,P21709,uniprot_swissprot,9606
uniprot:Q5C9Z4,ENSG00000146909,NOM1,nucleolar protein with mif4g domain 1,Q5C9Z4,uniprot_swissprot,9606
uniprot:Q13796,ENSG00000146950,SHROOM2,shroom family member 2,Q13796,uniprot_swissprot,9606
uniprot:A4D1S5,ENSG00000146955,RAB19,"rab19, member ras oncogene family",A4D1S5,uniprot_swissprot,9606
uniprot:O15550,ENSG00000147050,KDM6A,lysine demethylase 6a,O15550,uniprot_swissprot,9606
uniprot:Q99865,ENSG00000147059,SPIN2A,spindlin family member 2a,Q99865,uniprot_swissprot,9606
uniprot:P26038,ENSG00000147065,MSN,moesin,P26038,uniprot_swissprot,9606
uniprot:Q9BY41,ENSG00000147099,HDAC8,histone deacetylase 8,Q9BY41,uniprot_swissprot,9606
uniprot:Q9NX14,ENSG00000147123,NDUFB11,nadh:ubiquinone oxidoreductase subunit b11,Q9NX14,uniprot_swissprot,9606
uniprot:Q14202,ENSG00000147130,ZMYM3,zinc finger mym-type containing 3,Q14202,uniprot_swissprot,9606
uniprot:P21675,ENSG00000147133,TAF1,tata-box binding protein associated factor 1,P21675,uniprot_swissprot,9606
uniprot:Q9BXC1,ENSG00000147138,GPR174,g protein-coupled receptor 174,Q9BXC1,uniprot_swissprot,9606
uniprot:Q15233,ENSG00000147140,NONO,non-pou domain containing octamer binding,Q15233,uniprot_swissprot,9606
uniprot:O15294,ENSG00000147162,OGT,o-linked n-acetylglucosamine (glcnac) transferase,O15294,uniprot_swissprot,9606
uniprot:P31785,ENSG00000147168,IL2RG,interleukin 2 receptor subunit gamma,P31785,uniprot_swissprot,9606
uniprot:Q8N123,ENSG00000147183,CPXCR1,cpx chromosome region candidate 1,Q8N123,uniprot_swissprot,9606
uniprot:O60879,ENSG00000147202,DIAPH2,diaphanous related formin 2,O60879,uniprot_swissprot,9606
uniprot:P28335,ENSG00000147246,HTR2C,5-hydroxytryptamine receptor 2c,P28335,uniprot_swissprot,9606
uniprot:Q6ZRI8,ENSG00000147256,ARHGAP36,rho gtpase activating protein 36,Q6ZRI8,uniprot_swissprot,9606
uniprot:P51654,ENSG00000147257,GPC3,glypican 3,P51654,uniprot_swissprot,9606
uniprot:Q8TDV5,ENSG00000147262,GPR119,g protein-coupled receptor 119,Q8TDV5,uniprot_swissprot,9606
uniprot:P38159,ENSG00000147274,RBMX,rna binding motif protein x-linked,P38159,uniprot_swissprot,9606
uniprot:Q8NEM0,ENSG00000147316,MCPH1,microcephalin 1,Q8NEM0,uniprot_swissprot,9606
uniprot:Q9Y4C4,ENSG00000147324,MFHAS1,multifunctional roco family signaling regulator 1,Q9Y4C4,uniprot_swissprot,9606
uniprot:Q15738,ENSG00000147383,NSDHL,nad(p) dependent 3-beta-hydroxysteroid dehydrogenase nsdhl,Q15738,uniprot_swissprot,9606
uniprot:P27635,ENSG00000147403,RPL10,ribosomal protein l10,P27635,uniprot_swissprot,9606
uniprot:P21281,ENSG00000147416,ATP6V1B2,atpase h+ transporting v1 subunit b2,P21281,uniprot_swissprot,9606
uniprot:Q15825,ENSG00000147434,CHRNA6,cholinergic receptor nicotinic alpha 6 subunit,Q15825,uniprot_swissprot,9606
uniprot:P01148,ENSG00000147437,GNRH1,gonadotropin releasing hormone 1,P01148,uniprot_swissprot,9606
uniprot:Q9NQY0,ENSG00000147439,BIN3,bridging integrator 3,Q9NQY0,uniprot_swissprot,9606
uniprot:Q9NYZ2,ENSG00000147454,SLC25A37,solute carrier family 25 member 37,Q9NYZ2,uniprot_swissprot,9606
uniprot:Q9H7D0,ENSG00000147459,DOCK5,dedicator of cytokinesis 5,Q9H7D0,uniprot_swissprot,9606
uniprot:P49675,ENSG00000147465,STAR,steroidogenic acute regulatory protein,P49675,uniprot_swissprot,9606
uniprot:O94905,ENSG00000147475,ERLIN2,er lipid raft associated 2,O94905,uniprot_swissprot,9606
uniprot:Q9NSN8,ENSG00000147481,SNTG1,syntrophin gamma 1,Q9NSN8,uniprot_swissprot,9606
uniprot:Q9BRT9,ENSG00000147536,GINS4,gins complex subunit 4,Q9BRT9,uniprot_swissprot,9606
uniprot:Q9BZ95,ENSG00000147548,NSD3,nuclear receptor binding set domain protein 3,Q9BZ95,uniprot_swissprot,9606
uniprot:P06850,ENSG00000147571,CRH,corticotropin releasing hormone,P06850,uniprot_swissprot,9606
uniprot:Q8IWW8,ENSG00000147576,ADHFE1,alcohol dehydrogenase iron containing 1,Q8IWW8,uniprot_swissprot,9606
uniprot:Q53H82,ENSG00000147592,LACTB2,lactamase beta 2,Q53H82,uniprot_swissprot,9606
uniprot:Q9GZV8,ENSG00000147596,PRDM14,pr/set domain 14,Q9GZV8,uniprot_swissprot,9606
uniprot:P54274,ENSG00000147601,TERF1,telomeric repeat binding factor 1,P54274,uniprot_swissprot,9606
uniprot:Q9NX95,ENSG00000147642,SYBU,syntabulin,Q9NX95,uniprot_swissprot,9606
uniprot:Q14117,ENSG00000147647,DPYS,dihydropyrimidinase,Q14117,uniprot_swissprot,9606
uniprot:Q86UE4,ENSG00000147649,MTDH,metadherin,Q86UE4,uniprot_swissprot,9606
uniprot:Q9Y561,ENSG00000147650,LRP12,ldl receptor related protein 12,Q9Y561,uniprot_swissprot,9606
uniprot:Q6UXX9,ENSG00000147655,RSPO2,r-spondin 2,Q6UXX9,uniprot_swissprot,9606
uniprot:Q969L2,ENSG00000147676,MAL2,"mal, t cell differentiation protein 2",Q969L2,uniprot_swissprot,9606
uniprot:O15372,ENSG00000147677,EIF3H,eukaryotic translation initiation factor 3 subunit h,O15372,uniprot_swissprot,9606
uniprot:Q9BRU9,ENSG00000147679,UTP23,utp23 small subunit processome component,Q9BRU9,uniprot_swissprot,9606
uniprot:Q9Y6M9,ENSG00000147684,NDUFB9,nadh:ubiquinone oxidoreductase subunit b9,Q9Y6M9,uniprot_swissprot,9606
uniprot:Q86UY5,ENSG00000147689,SACK1A,scaffolding ck1 anchoring protein a,Q86UY5,uniprot_swissprot,9606
uniprot:Q49AJ0,ENSG00000147724,FAM135B,family with sequence similarity 135 member b,Q49AJ0,uniprot_swissprot,9606
uniprot:Q96PU4,ENSG00000147854,UHRF2,ubiquitin like with phd and ring finger domains 2,Q96PU4,uniprot_swissprot,9606
uniprot:O00712,ENSG00000147862,NFIB,nuclear factor i b,O00712,uniprot_swissprot,9606
uniprot:Q99541,ENSG00000147872,PLIN2,perilipin 2,Q99541,uniprot_swissprot,9606
uniprot:Q7Z4H7,ENSG00000147874,HAUS6,haus augmin like complex subunit 6,Q7Z4H7,uniprot_swissprot,9606
uniprot:P42772,ENSG00000147883,CDKN2B,cyclin dependent kinase inhibitor 2b,P42772,uniprot_swissprot,9606
uniprot:P42771,ENSG00000147889,CDKN2A,cyclin dependent kinase inhibitor 2a,P42771,uniprot_swissprot,9606
uniprot:Q96LT7,ENSG00000147894,C9ORF72,c9orf72-smcr8 complex subunit,Q96LT7,uniprot_swissprot,9606
uniprot:Q8N3Z6,ENSG00000147905,ZCCHC7,zinc finger cchc-type containing 7,Q8N3Z6,uniprot_swissprot,9606
uniprot:Q99720,ENSG00000147955,SIGMAR1,sigma non-opioid intracellular receptor 1,Q99720,uniprot_swissprot,9606
uniprot:Q16620,ENSG00000148053,NTRK2,neurotrophic receptor tyrosine kinase 2,Q16620,uniprot_swissprot,9606
uniprot:Q92529,ENSG00000148082,SHC3,shc adaptor protein 3,Q92529,uniprot_swissprot,9606
uniprot:Q13825,ENSG00000148090,AUH,au rna binding methylglutaconyl-coa hydratase,Q13825,uniprot_swissprot,9606
uniprot:Q8N6M6,ENSG00000148120,AOPEP,aminopeptidase o (putative),Q8N6M6,uniprot_swissprot,9606
uniprot:Q8TBJ4,ENSG00000148123,PLPPR1,phospholipid phosphatase related 1,Q8TBJ4,uniprot_swissprot,9606
uniprot:Q96JM2,ENSG00000148143,ZNF462,zinc finger protein 462,Q96JM2,uniprot_swissprot,9606
uniprot:Q16739,ENSG00000148154,UGCG,udp-glucose ceramide glucosyltransferase,Q16739,uniprot_swissprot,9606
uniprot:P06396,ENSG00000148180,GSN,gelsolin,P06396,uniprot_swissprot,9606
uniprot:O75129,ENSG00000148219,ASTN2,astrotactin 2,O75129,uniprot_swissprot,9606
uniprot:Q9NRF9,ENSG00000148229,POLE3,"dna polymerase epsilon 3, accessory subunit",Q9NRF9,uniprot_swissprot,9606
uniprot:O15260,ENSG00000148248,SURF4,surfeit 4,O15260,uniprot_swissprot,9606
uniprot:Q8N5D6,ENSG00000148288,GBGT1,"globoside alpha-1,3-n-acetylgalactosaminyltransferase 1 (fors blood group)",Q8N5D6,uniprot_swissprot,9606
uniprot:Q9BV86,ENSG00000148335,NTMT1,n-terminal xaa-pro-lys n-methyltransferase 1,Q9BV86,uniprot_swissprot,9606
uniprot:Q9NR46,ENSG00000148341,SH3GLB2,"sh3 domain containing grb2 like, endophilin b2",Q9NR46,uniprot_swissprot,9606
uniprot:O14684,ENSG00000148344,PTGES,prostaglandin e synthase,O14684,uniprot_swissprot,9606
uniprot:P80188,ENSG00000148346,LCN2,lipocalin 2,P80188,uniprot_swissprot,9606
uniprot:Q8NDA2,ENSG00000148357,HMCN2,hemicentin 2,Q8NDA2,uniprot_swissprot,9606
uniprot:Q8WX39,ENSG00000148386,LCN9,lipocalin 9,Q8WX39,uniprot_swissprot,9606
uniprot:P46531,ENSG00000148400,NOTCH1,notch receptor 1,P46531,uniprot_swissprot,9606
uniprot:Q00975,ENSG00000148408,CACNA1B,calcium voltage-gated channel subunit alpha1 b,Q00975,uniprot_swissprot,9606
uniprot:Q92738,ENSG00000148429,USP6NL,usp6 n-terminal like,Q92738,uniprot_swissprot,9606
uniprot:Q9Y3D2,ENSG00000148450,MSRB2,methionine sulfoxide reductase b2,Q9Y3D2,uniprot_swissprot,9606
uniprot:Q9H8M7,ENSG00000148481,MINDY3,mindy lysine 48 deubiquitinase 3,Q9H8M7,uniprot_swissprot,9606
uniprot:Q504Y0,ENSG00000148482,SLC39A12,solute carrier family 39 member 12,Q504Y0,uniprot_swissprot,9606
uniprot:P61647,ENSG00000148488,ST8SIA6,"st8 alpha-n-acetyl-neuraminide alpha-2,8-sialyltransferase 6",P61647,uniprot_swissprot,9606
uniprot:Q9BXX3,ENSG00000148513,ANKRD30A,ankyrin repeat domain 30a,Q9BXX3,uniprot_swissprot,9606
uniprot:P37275,ENSG00000148516,ZEB1,zinc finger e-box binding homeobox 1,P37275,uniprot_swissprot,9606
uniprot:Q96F24,ENSG00000148572,NRBF2,nuclear receptor binding factor 2,Q96F24,uniprot_swissprot,9606
uniprot:Q9NQ94,ENSG00000148584,A1CF,apobec1 complementation factor,Q9NQ94,uniprot_swissprot,9606
uniprot:O14802,ENSG00000148606,POLR3A,rna polymerase iii subunit a,O14802,uniprot_swissprot,9606
uniprot:Q5GLZ8,ENSG00000148634,HERC4,hect and rld domain containing e3 ubiquitin protein ligase 4,Q5GLZ8,uniprot_swissprot,9606
uniprot:Q9H2I8,ENSG00000148655,LRMDA,leucine rich melanocyte differentiation associated,Q9H2I8,uniprot_swissprot,9606
uniprot:Q13555,ENSG00000148660,CAMK2G,calcium/calmodulin dependent protein kinase ii gamma,Q13555,uniprot_swissprot,9606
uniprot:Q15327,ENSG00000148677,ANKRD1,ankyrin repeat domain 1,Q15327,uniprot_swissprot,9606
uniprot:P34969,ENSG00000148680,HTR7,5-hydroxytryptamine receptor 7,P34969,uniprot_swissprot,9606
uniprot:Q14520,ENSG00000148702,HABP2,hyaluronan binding protein 2,Q14520,uniprot_swissprot,9606
uniprot:Q13542,ENSG00000148730,EIF4EBP2,eukaryotic translation initiation factor 4e binding protein 2,Q13542,uniprot_swissprot,9606
uniprot:Q9NQB0,ENSG00000148737,TCF7L2,transcription factor 7 like 2,Q9NQB0,uniprot_swissprot,9606
uniprot:P46013,ENSG00000148773,MKI67,marker of proliferation ki-67,P46013,uniprot_swissprot,9606
uniprot:P05093,ENSG00000148795,CYP17A1,cytochrome p450 family 17 subfamily a member 1,P05093,uniprot_swissprot,9606
uniprot:Q16352,ENSG00000148798,INA,internexin neuronal intermediate filament protein alpha,Q16352,uniprot_swissprot,9606
uniprot:P78417,ENSG00000148834,GSTO1,glutathione s-transferase omega 1,P78417,uniprot_swissprot,9606
uniprot:Q8IWB1,ENSG00000148841,ITPRIP,"inositol 1,4,5-trisphosphate receptor interacting protein",Q8IWB1,uniprot_swissprot,9606
uniprot:Q9H8M5,ENSG00000148842,CNNM2,cyclin and cbs domain divalent metal cation transport mediator 2,Q9H8M5,uniprot_swissprot,9606
uniprot:Q14690,ENSG00000148843,PDCD11,programmed cell death 11,Q14690,uniprot_swissprot,9606
uniprot:O43184,ENSG00000148848,ADAM12,adam metallopeptidase domain 12,O43184,uniprot_swissprot,9606
uniprot:P35318,ENSG00000148926,ADM,adrenomedullin,P35318,uniprot_swissprot,9606
uniprot:O43903,ENSG00000148935,GAS2,growth arrest specific 2,O43903,uniprot_swissprot,9606
uniprot:Q9HCJ2,ENSG00000148948,LRRC4C,leucine rich repeat containing 4c,Q9HCJ2,uniprot_swissprot,9606
uniprot:P11684,ENSG00000149021,SCGB1A1,secretoglobin family 1a member 1,P11684,uniprot_swissprot,9606
uniprot:Q8NBV8,ENSG00000149043,SYT8,synaptotagmin 8,Q8NBV8,uniprot_swissprot,9606
uniprot:Q53GQ0,ENSG00000149084,HSD17B12,hydroxysteroid 17-beta dehydrogenase 12,Q53GQ0,uniprot_swissprot,9606
uniprot:Q96GX9,ENSG00000149089,APIP,apaf1 interacting protein,Q96GX9,uniprot_swissprot,9606
uniprot:Q6UXH9,ENSG00000149090,PAMR1,peptidase domain containing associated with muscle regeneration 1,Q6UXH9,uniprot_swissprot,9606
uniprot:Q13574,ENSG00000149091,DGKZ,diacylglycerol kinase zeta,Q13574,uniprot_swissprot,9606
uniprot:Q7L2H7,ENSG00000149100,EIF3M,eukaryotic translation initiation factor 3 subunit m,Q7L2H7,uniprot_swissprot,9606
uniprot:Q9C0C2,ENSG00000149115,CNOT12,ccr4-not transcription complex subunit 12,Q9C0C2,uniprot_swissprot,9606
uniprot:P05155,ENSG00000149131,SERPING1,serpin family g member 1,P05155,uniprot_swissprot,9606
uniprot:Q12913,ENSG00000149177,PTPRJ,protein tyrosine phosphatase receptor type j,Q12913,uniprot_swissprot,9606
uniprot:Q9H6J7,ENSG00000149179,CSTPP1,centriolar satellite-associated tubulin polyglutamylase complex regulator 1,Q9H6J7,uniprot_swissprot,9606
uniprot:Q8N6H7,ENSG00000149182,ARFGAP2,arf gtpase activating protein 2,Q8N6H7,uniprot_swissprot,9606
uniprot:Q92879,ENSG00000149187,CELF1,cugbp elav-like family member 1,Q92879,uniprot_swissprot,9606
uniprot:Q6PF15,ENSG00000149243,KLHL35,kelch like family member 35,Q6PF15,uniprot_swissprot,9606
uniprot:Q6N022,ENSG00000149256,TENM4,teneurin transmembrane protein 4,Q6N022,uniprot_swissprot,9606
uniprot:P50454,ENSG00000149257,SERPINH1,serpin family h member 1,P50454,uniprot_swissprot,9606
uniprot:Q96HW7,ENSG00000149262,INTS4,integrator complex subunit 4,Q96HW7,uniprot_swissprot,9606
uniprot:Q13153,ENSG00000149269,PAK1,p21 (rac1) activated kinase 1,Q13153,uniprot_swissprot,9606
uniprot:Q9C0D7,ENSG00000149289,ZC3H12C,zinc finger ccch-type containing 12c,Q9C0D7,uniprot_swissprot,9606
uniprot:P13591,ENSG00000149294,NCAM1,neural cell adhesion molecule 1,P13591,uniprot_swissprot,9606
uniprot:P14416,ENSG00000149295,DRD2,dopamine receptor d2,P14416,uniprot_swissprot,9606
uniprot:O95264,ENSG00000149305,HTR3B,5-hydroxytryptamine receptor 3b,O95264,uniprot_swissprot,9606
uniprot:Q14207,ENSG00000149308,NPAT,"nuclear protein, coactivator of histone transcription",Q14207,uniprot_swissprot,9606
uniprot:Q13315,ENSG00000149311,ATM,atm serine/threonine kinase,Q13315,uniprot_swissprot,9606
uniprot:Q9NRN7,ENSG00000149313,AASDHPPT,aminoadipate-semialdehyde dehydrogenase-phosphopantetheinyl transferase,Q9NRN7,uniprot_swissprot,9606
uniprot:Q5VYV7,ENSG00000149346,SLX4IP,slx4 interacting protein,Q5VYV7,uniprot_swissprot,9606
uniprot:Q6IAA8,ENSG00000149357,LAMTOR1,"late endosomal/lysosomal adaptor, mapk and mtor activator 1",Q6IAA8,uniprot_swissprot,9606
uniprot:Q7Z4N8,ENSG00000149380,P4HA3,prolyl 4-hydroxylase subunit alpha 3,Q7Z4N8,uniprot_swissprot,9606
uniprot:Q16099,ENSG00000149403,GRIK4,glutamate ionotropic receptor kainate type subunit 4,Q16099,uniprot_swissprot,9606
uniprot:Q9Y5Y6,ENSG00000149418,ST14,st14 transmembrane serine protease matriptase,Q9Y5Y6,uniprot_swissprot,9606
uniprot:Q9Y4L1,ENSG00000149428,HYOU1,hypoxia up-regulated 1,Q9Y4L1,uniprot_swissprot,9606
uniprot:Q9BX51,ENSG00000149435,GGTLC1,gamma-glutamyltransferase light chain 1,Q9BX51,uniprot_swissprot,9606
uniprot:Q9BZ11,ENSG00000149451,ADAM33,adam metallopeptidase domain 33,Q9BZ11,uniprot_swissprot,9606
uniprot:O94776,ENSG00000149480,MTA2,metastasis associated 1 family member 2,O94776,uniprot_swissprot,9606
uniprot:O60427,ENSG00000149485,FADS1,fatty acid desaturase 1,O60427,uniprot_swissprot,9606
uniprot:Q9NQS7,ENSG00000149503,INCENP,inner centromere protein,Q9NQS7,uniprot_swissprot,9606
uniprot:O14757,ENSG00000149554,CHEK1,checkpoint kinase 1,O14757,uniprot_swissprot,9606
uniprot:Q96AP7,ENSG00000149564,ESAM,endothelial cell adhesion molecule,Q96AP7,uniprot_swissprot,9606
uniprot:Q8IZU9,ENSG00000149571,KIRREL3,kirre like nephrin family adhesion molecule 3,Q8IZU9,uniprot_swissprot,9606
uniprot:Q8NBJ9,ENSG00000149577,SIDT2,sid1 transmembrane family member 2,Q8NBJ9,uniprot_swissprot,9606
uniprot:Q01995,ENSG00000149591,TAGLN,transgelin,Q01995,uniprot_swissprot,9606
uniprot:Q9BR39,ENSG00000149596,JPH2,junctophilin 2,Q9BR39,uniprot_swissprot,9606
uniprot:Q9BYJ9,ENSG00000149658,YTHDF1,yth n6-methyladenosine rna binding protein f1,Q9BYJ9,uniprot_swissprot,9606
uniprot:Q9BTV7,ENSG00000149679,CABLES2,cdk5 and abl enzyme substrate 2,Q9BTV7,uniprot_swissprot,9606
uniprot:Q8WV07,ENSG00000149716,LTO1,lto1 maturation factor of abce1,Q8WV07,uniprot_swissprot,9606
uniprot:Q86UX7,ENSG00000149781,FERMT3,ferm domain containing kindlin 3,Q86UX7,uniprot_swissprot,9606
uniprot:Q01970,ENSG00000149782,PLCB3,phospholipase c beta 3,Q01970,uniprot_swissprot,9606
uniprot:O95947,ENSG00000149922,TBX6,t-box transcription factor 6,O95947,uniprot_swissprot,9606
uniprot:P04075,ENSG00000149925,ALDOA,"aldolase, fructose-bisphosphate a",P04075,uniprot_swissprot,9606
uniprot:Q14183,ENSG00000149927,DOC2A,double c2 domain alpha,Q14183,uniprot_swissprot,9606
uniprot:Q9UL54,ENSG00000149930,TAOK2,tao kinase 2,Q9UL54,uniprot_swissprot,9606
uniprot:P52926,ENSG00000149948,HMGA2,high mobility group at-hook 2,P52926,uniprot_swissprot,9606
uniprot:P08254,ENSG00000149968,MMP3,matrix metallopeptidase 3,P08254,uniprot_swissprot,9606
uniprot:Q8WXI2,ENSG00000149970,CNKSR2,connector enhancer of kinase suppressor of ras 2,Q8WXI2,uniprot_swissprot,9606
uniprot:Q8IYA7,ENSG00000150051,MKX,mohawk homeobox,Q8IYA7,uniprot_swissprot,9606
uniprot:P05556,ENSG00000150093,ITGB1,integrin subunit beta 1,P05556,uniprot_swissprot,9606
uniprot:Q8IWZ4,ENSG00000150244,TRIM48,tripartite motif containing 48,Q8IWZ4,uniprot_swissprot,9606
uniprot:Q96QU1,ENSG00000150275,PCDH15,protocadherin related 15,Q96QU1,uniprot_swissprot,9606
uniprot:P12314,ENSG00000150337,FCGR1A,fc gamma receptor ia,P12314,uniprot_swissprot,9606
uniprot:Q14865,ENSG00000150347,ARID5B,at-rich interaction domain 5b,Q14865,uniprot_swissprot,9606
uniprot:Q9NR64,ENSG00000150361,KLHL1,kelch like family member 1,Q9NR64,uniprot_swissprot,9606
uniprot:P55286,ENSG00000150394,CDH8,cadherin 8,P55286,uniprot_swissprot,9606
uniprot:Q6UWJ1,ENSG00000150403,SLC9D1,solute carrier family 9 member d1,Q6UWJ1,uniprot_swissprot,9606
uniprot:Q9NRM7,ENSG00000150457,LATS2,large tumor suppressor kinase 2,Q9NRM7,uniprot_swissprot,9606
uniprot:Q9HAR2,ENSG00000150471,ADGRL3,adhesion g protein-coupled receptor l3,Q9HAR2,uniprot_swissprot,9606
uniprot:P50135,ENSG00000150540,HNMT,histamine n-methyltransferase,P50135,uniprot_swissprot,9606
uniprot:Q53EL6,ENSG00000150593,PDCD4,programmed cell death 4,Q53EL6,uniprot_swissprot,9606
uniprot:P08913,ENSG00000150594,ADRA2A,adrenoceptor alpha 2a,P08913,uniprot_swissprot,9606
uniprot:P49767,ENSG00000150630,VEGFC,vascular endothelial growth factor c,P49767,uniprot_swissprot,9606
uniprot:Q15762,ENSG00000150637,CD226,cd226 molecule,Q15762,uniprot_swissprot,9606
uniprot:Q8NA03,ENSG00000150667,FSIP1,fibrous sheath interacting protein 1,Q8NA03,uniprot_swissprot,9606
uniprot:Q15700,ENSG00000150672,DLG2,discs large maguk scaffold protein 2,Q15700,uniprot_swissprot,9606
uniprot:Q9NS28,ENSG00000150681,RGS18,regulator of g protein signaling 18,Q9NS28,uniprot_swissprot,9606
uniprot:O95084,ENSG00000150687,PRSS23,serine protease 23,O95084,uniprot_swissprot,9606
uniprot:Q9C0I1,ENSG00000150712,MTMR12,myotubularin related protein 12,Q9C0I1,uniprot_swissprot,9606
uniprot:Q8WVI7,ENSG00000150722,PPP1R1C,protein phosphatase 1 regulatory inhibitor subunit 1c,Q8WVI7,uniprot_swissprot,9606
uniprot:Q8IXP5,ENSG00000150750,POU2AF2,pou class 2 homeobox associating factor 2,Q8IXP5,uniprot_swissprot,9606
uniprot:Q14185,ENSG00000150760,DOCK1,dedicator of cytokinesis 1,Q14185,uniprot_swissprot,9606
uniprot:Q14116,ENSG00000150782,IL18,interleukin 18,Q14116,uniprot_swissprot,9606
uniprot:P48426,ENSG00000150867,PIP4K2A,phosphatidylinositol-5-phosphate 4-kinase type 2 alpha,P48426,uniprot_swissprot,9606
uniprot:Q12778,ENSG00000150907,FOXO1,forkhead box o1,Q12778,uniprot_swissprot,9606
uniprot:Q9NZV1,ENSG00000150938,CRIM1,cysteine rich transmembrane bmp regulator 1,Q9NZV1,uniprot_swissprot,9606
uniprot:Q8IY37,ENSG00000150990,DHX37,deah-box helicase 37,Q8IY37,uniprot_swissprot,9606
uniprot:Q14643,ENSG00000150995,ITPR1,"inositol 1,4,5-trisphosphate receptor type 1",Q14643,uniprot_swissprot,9606
uniprot:Q2L4Q9,ENSG00000151006,PRSS53,serine protease 53,Q2L4Q9,uniprot_swissprot,9606
uniprot:Q9UPY5,ENSG00000151012,SLC7A11,solute carrier family 7 member 11,Q9UPY5,uniprot_swissprot,9606
uniprot:Q7Z4W2,ENSG00000151033,LYZL2,lysozyme like 2,Q7Z4W2,uniprot_swissprot,9606
uniprot:Q7Z3S7,ENSG00000151062,CACNA2D4,calcium voltage-gated channel auxiliary subunit alpha2delta 4,Q7Z3S7,uniprot_swissprot,9606
uniprot:Q13936,ENSG00000151067,CACNA1C,calcium voltage-gated channel subunit alpha1 c,Q13936,uniprot_swissprot,9606
uniprot:P10828,ENSG00000151090,THRB,thyroid hormone receptor beta,P10828,uniprot_swissprot,9606
uniprot:Q96IV0,ENSG00000151092,NGLY1,n-glycanase 1,Q96IV0,uniprot_swissprot,9606
uniprot:A6QL63,ENSG00000151136,ABTB3,ankyrin repeat and btb domain containing 3,A6QL63,uniprot_swissprot,9606
uniprot:Q7Z3V4,ENSG00000151148,UBE3B,ubiquitin protein ligase e3b,Q7Z3V4,uniprot_swissprot,9606
uniprot:Q12955,ENSG00000151150,ANK3,ankyrin 3,Q12955,uniprot_swissprot,9606
uniprot:Q8NFU5,ENSG00000151151,IPMK,inositol polyphosphate multikinase,Q8NFU5,uniprot_swissprot,9606
uniprot:Q8TDM6,ENSG00000151208,DLG5,discs large maguk scaffold protein 5,Q8TDM6,uniprot_swissprot,9606
uniprot:Q00266,ENSG00000151224,MAT1A,methionine adenosyltransferase 1a,Q00266,uniprot_swissprot,9606
uniprot:Q96QE2,ENSG00000151229,SLC2A13,solute carrier family 2 member 13,Q96QE2,uniprot_swissprot,9606
uniprot:Q4G148,ENSG00000151233,GXYLT1,glucoside xylosyltransferase 1,Q4G148,uniprot_swissprot,9606
uniprot:P06730,ENSG00000151247,EIF4E,eukaryotic translation initiation factor 4e,P06730,uniprot_swissprot,9606
uniprot:Q96QZ7,ENSG00000151276,MAGI1,"membrane associated guanylate kinase, ww and pdz domain containing 1",Q96QZ7,uniprot_swissprot,9606
uniprot:Q9Y6M4,ENSG00000151292,CSNK1G3,casein kinase 1 gamma 3,Q9Y6M4,uniprot_swissprot,9606
uniprot:Q8NEF9,ENSG00000151304,SRFBP1,serum response factor binding protein 1,Q8NEF9,uniprot_swissprot,9606
uniprot:Q13023,ENSG00000151320,AKAP6,a-kinase anchoring protein 6,Q13023,uniprot_swissprot,9606
uniprot:Q8IXF0,ENSG00000151322,NPAS3,neuronal pas domain protein 3,Q8IXF0,uniprot_swissprot,9606
uniprot:Q8N128,ENSG00000151327,FAM177A1,family with sequence similarity 177 member a1,Q8N128,uniprot_swissprot,9606
uniprot:Q93063,ENSG00000151348,EXT2,exostosin glycosyltransferase 2,Q93063,uniprot_swissprot,9606
uniprot:Q96B42,ENSG00000151353,TMEM18,transmembrane protein 18,Q96B42,uniprot_swissprot,9606
uniprot:O95298,ENSG00000151366,NDUFC2,nadh:ubiquinone oxidoreductase subunit c2,O95298,uniprot_swissprot,9606
uniprot:Q16798,ENSG00000151376,ME3,malic enzyme 3,Q16798,uniprot_swissprot,9606
uniprot:Q96LB4,ENSG00000151418,ATP6V1G3,atpase h+ transporting v1 subunit g3,Q96LB4,uniprot_swissprot,9606
uniprot:P16591,ENSG00000151422,FER,fer tyrosine kinase,P16591,uniprot_swissprot,9606
uniprot:Q9HAU5,ENSG00000151461,UPF2,upf2 regulator of nonsense mediated mrna decay,Q9HAU5,uniprot_swissprot,9606
uniprot:O75794,ENSG00000151465,CDC123,cell division cycle 123,O75794,uniprot_swissprot,9606
uniprot:Q9P2Q2,ENSG00000151474,FRMD4A,ferm domain containing 4a,Q9P2Q2,uniprot_swissprot,9606
uniprot:Q16827,ENSG00000151490,PTPRO,protein tyrosine phosphatase receptor type o,Q16827,uniprot_swissprot,9606
uniprot:Q9UKU7,ENSG00000151498,ACAD8,acyl-coa dehydrogenase family member 8,Q9UKU7,uniprot_swissprot,9606
uniprot:Q9P016,ENSG00000151500,THYN1,thymocyte nuclear protein 1,Q9P016,uniprot_swissprot,9606
uniprot:P42695,ENSG00000151503,NCAPD3,non-smc condensin ii complex subunit d3,P42695,uniprot_swissprot,9606
uniprot:Q96AJ9,ENSG00000151532,VTI1A,vesicle transport through interaction with t-snares 1a,Q96AJ9,uniprot_swissprot,9606
uniprot:P35462,ENSG00000151577,DRD3,dopamine receptor d3,P35462,uniprot_swissprot,9606
uniprot:Q17R98,ENSG00000151612,ZNF827,zinc finger protein 827,Q17R98,uniprot_swissprot,9606
uniprot:Q12837,ENSG00000151615,POU4F2,pou class 4 homeobox 2,Q12837,uniprot_swissprot,9606
uniprot:P25101,ENSG00000151617,EDNRA,endothelin receptor type a,P25101,uniprot_swissprot,9606
uniprot:P08235,ENSG00000151623,NR3C2,nuclear receptor subfamily 3 group c member 2,P08235,uniprot_swissprot,9606
uniprot:P78325,ENSG00000151651,ADAM8,adam metallopeptidase domain 8,P78325,uniprot_swissprot,9606
uniprot:P19823,ENSG00000151655,ITIH2,inter-alpha-trypsin inhibitor heavy chain 2,P19823,uniprot_swissprot,9606
uniprot:O60870,ENSG00000151657,KIN,kin17 dna and rna binding protein,O60870,uniprot_swissprot,9606
uniprot:P50876,ENSG00000151692,RNF144A,ring finger protein 144a,P50876,uniprot_swissprot,9606
uniprot:O43150,ENSG00000151693,ASAP2,"arfgap with sh3 domain, ankyrin repeat and ph domain 2",O43150,uniprot_swissprot,9606
uniprot:P78536,ENSG00000151694,ADAM17,adam metallopeptidase domain 17,P78536,uniprot_swissprot,9606
uniprot:Q01543,ENSG00000151702,FLI1,"fli-1 proto-oncogene, ets transcription factor",Q01543,uniprot_swissprot,9606
uniprot:Q96B21,ENSG00000151715,TMEM45B,transmembrane protein 45b,Q96B21,uniprot_swissprot,9606
uniprot:Q6AWC2,ENSG00000151718,WWC2,ww and c2 domain containing 2,Q6AWC2,uniprot_swissprot,9606
uniprot:Q71F23,ENSG00000151725,CENPU,centromere protein u,Q71F23,uniprot_swissprot,9606
uniprot:P33121,ENSG00000151726,ACSL1,acyl-coa synthetase long chain family member 1,P33121,uniprot_swissprot,9606
uniprot:P12235,ENSG00000151729,SLC25A4,solute carrier family 25 member 4,P12235,uniprot_swissprot,9606
uniprot:Q9H4B6,ENSG00000151748,SAV1,salvador family ww domain containing protein 1,Q9H4B6,uniprot_swissprot,9606
uniprot:Q8N6R1,ENSG00000151778,SERP2,stress associated endoplasmic reticulum protein family member 2,Q8N6R1,uniprot_swissprot,9606
uniprot:Q9H6B1,ENSG00000151789,ZNF385D,zinc finger protein 385d,Q9H6B1,uniprot_swissprot,9606
uniprot:P48775,ENSG00000151790,TDO2,"tryptophan 2,3-dioxygenase",P48775,uniprot_swissprot,9606
uniprot:P47869,ENSG00000151834,GABRA2,gamma-aminobutyric acid type a receptor subunit alpha2,P47869,uniprot_swissprot,9606
uniprot:Q9NRJ3,ENSG00000151882,CCL28,c-c motif chemokine ligand 28,Q9NRJ3,uniprot_swissprot,9606
uniprot:Q8N3A8,ENSG00000151883,PARP8,poly(adp-ribose) polymerase family member 8,Q8N3A8,uniprot_swissprot,9606
uniprot:O95817,ENSG00000151929,BAG3,bag cochaperone 3,O95817,uniprot_swissprot,9606
uniprot:P0DPB3,ENSG00000151967,SCHIP1,schwannomin interacting protein 1,P0DPB3,uniprot_swissprot,9606
uniprot:Q96PC3,ENSG00000152056,AP1S3,adaptor related protein complex 1 subunit sigma 3,Q96PC3,uniprot_swissprot,9606
uniprot:Q6PEY2,ENSG00000152086,TUBA3E,tubulin alpha 3e,Q6PEY2,uniprot_swissprot,9606
uniprot:Q09328,ENSG00000152127,MGAT5,"alpha-1,6-mannosylglycoprotein 6-beta-n-acetylglucosaminyltransferase",Q09328,uniprot_swissprot,9606
uniprot:Q8TC26,ENSG00000152128,TMEM163,transmembrane protein 163,Q8TC26,uniprot_swissprot,9606
uniprot:Q5W0B1,ENSG00000152193,OBI1,orc ubiquitin ligase 1,Q5W0B1,uniprot_swissprot,9606
uniprot:Q9NS75,ENSG00000152207,CYSLTR2,cysteinyl leukotriene receptor 2,Q9NS75,uniprot_swissprot,9606
uniprot:O43424,ENSG00000152208,GRID2,glutamate ionotropic receptor delta type subunit 2,O43424,uniprot_swissprot,9606
uniprot:Q99578,ENSG00000152214,RIT2,ras like without caax 2,Q99578,uniprot_swissprot,9606
uniprot:Q9Y6X0,ENSG00000152217,SETBP1,set binding protein 1,Q9Y6X0,uniprot_swissprot,9606
uniprot:Q8N8R7,ENSG00000152219,ARL14EP,arf like gtpase 14 effector protein,Q8N8R7,uniprot_swissprot,9606
uniprot:Q9HBM1,ENSG00000152253,SPC25,spc25 component of ndc80 kinetochore complex,Q9HBM1,uniprot_swissprot,9606
uniprot:Q9NQR9,ENSG00000152254,G6PC2,glucose-6-phosphatase catalytic subunit 2,Q9NQR9,uniprot_swissprot,9606
uniprot:Q15118,ENSG00000152256,PDK1,pyruvate dehydrogenase kinase 1,Q15118,uniprot_swissprot,9606
uniprot:P01270,ENSG00000152266,PTH,parathyroid hormone,P01270,uniprot_swissprot,9606
uniprot:Q13370,ENSG00000152270,PDE3B,phosphodiesterase 3b,Q13370,uniprot_swissprot,9606
uniprot:Q9HCS4,ENSG00000152284,TCF7L1,transcription factor 7 like 1,Q9HCS4,uniprot_swissprot,9606
uniprot:Q9H0Y0,ENSG00000152348,ATG10,autophagy related 10,Q9H0Y0,uniprot_swissprot,9606
uniprot:Q8NA72,ENSG00000152359,POC5,poc5 centriolar protein,Q8NA72,uniprot_swissprot,9606
uniprot:Q08629,ENSG00000152377,SPOCK1,"sparc (osteonectin), cwcv and kazal like domains proteoglycan 1",Q08629,uniprot_swissprot,9606
uniprot:Q6UXP7,ENSG00000152380,FAM151B,family with sequence similarity 151 member b,Q6UXP7,uniprot_swissprot,9606
uniprot:P33402,ENSG00000152402,GUCY1A2,guanylate cyclase 1 soluble subunit alpha 2,P33402,uniprot_swissprot,9606
uniprot:Q2TBE0,ENSG00000152404,CWF19L2,cwf19 like cell cycle control factor 2,Q2TBE0,uniprot_swissprot,9606
uniprot:Q8N9B5,ENSG00000152409,JMY,"junction mediating and regulatory protein, p53 cofactor",Q8N9B5,uniprot_swissprot,9606
uniprot:Q13426,ENSG00000152422,XRCC4,x-ray repair cross complementing 4,Q13426,uniprot_swissprot,9606
uniprot:Q8N9W6,ENSG00000152430,BOLL,boule rna binding protein,Q8N9W6,uniprot_swissprot,9606
uniprot:O60551,ENSG00000152465,NMT2,n-myristoyltransferase 2,O60551,uniprot_swissprot,9606
uniprot:Q96EG3,ENSG00000152475,ZNF837,zinc finger protein 837,Q96EG3,uniprot_swissprot,9606
uniprot:Q16566,ENSG00000152495,CAMK4,calcium/calmodulin dependent protein kinase iv,Q16566,uniprot_swissprot,9606
uniprot:Q9NQ86,ENSG00000152503,TRIM36,tripartite motif containing 36,Q9NQ86,uniprot_swissprot,9606
uniprot:P47974,ENSG00000152518,ZFP36L2,zfp36 like 2 zinc finger ccch-type,P47974,uniprot_swissprot,9606
uniprot:Q8IVE3,ENSG00000152527,PLEKHH2,"pleckstrin homology, myth4 and ferm domain containing h2",Q8IVE3,uniprot_swissprot,9606
uniprot:P08237,ENSG00000152556,PFKM,"phosphofructokinase, muscle",P08237,uniprot_swissprot,9606
uniprot:P48058,ENSG00000152578,GRIA4,glutamate ionotropic receptor ampa type subunit 4,P48058,uniprot_swissprot,9606
uniprot:Q6WRI0,ENSG00000152580,IGSF10,immunoglobulin superfamily member 10,Q6WRI0,uniprot_swissprot,9606
uniprot:Q9C093,ENSG00000152582,SPEF2,sperm flagellar and cilia associated 2,Q9C093,uniprot_swissprot,9606
uniprot:Q14515,ENSG00000152583,SPARCL1,sparc like 1,Q14515,uniprot_swissprot,9606
uniprot:Q13316,ENSG00000152592,DMP1,dentin matrix acidic phosphoprotein 1,Q13316,uniprot_swissprot,9606
uniprot:Q9NR56,ENSG00000152601,MBNL1,muscleblind like splicing regulator 1,Q9NR56,uniprot_swissprot,9606
uniprot:Q4G0N4,ENSG00000152620,NADK2,"nad kinase 2, mitochondrial",Q4G0N4,uniprot_swissprot,9606
uniprot:Q8N335,ENSG00000152642,GPD1L,glycerol-3-phosphate dehydrogenase 1 like,Q8N335,uniprot_swissprot,9606
uniprot:P17302,ENSG00000152661,GJA1,gap junction protein alpha 1,P17302,uniprot_swissprot,9606
uniprot:Q9BRX2,ENSG00000152684,PELO,pelota mrna surveillance and ribosome rescue factor,Q9BRX2,uniprot_swissprot,9606
uniprot:Q8IV61,ENSG00000152689,RASGRP3,ras guanyl releasing protein 3,Q8IV61,uniprot_swissprot,9606
uniprot:Q9Y6B6,ENSG00000152700,SAR1B,secretion associated ras related gtpase 1b,Q9Y6B6,uniprot_swissprot,9606
uniprot:Q9Y4F1,ENSG00000152767,FARP1,"ferm, arh/rhogef and pleckstrin domain protein 1",Q9Y4F1,uniprot_swissprot,9606
uniprot:Q6ZSM3,ENSG00000152779,SLC16A12,solute carrier family 16 member 12,Q6ZSM3,uniprot_swissprot,9606
uniprot:Q8TE04,ENSG00000152782,PANK1,pantothenate kinase 1,Q8TE04,uniprot_swissprot,9606
uniprot:Q9NQV8,ENSG00000152784,PRDM8,pr/set domain 8,Q9NQV8,uniprot_swissprot,9606
uniprot:P12645,ENSG00000152785,BMP3,bone morphogenetic protein 3,P12645,uniprot_swissprot,9606
uniprot:Q03014,ENSG00000152804,HHEX,hematopoietically expressed homeobox,Q03014,uniprot_swissprot,9606
uniprot:P46939,ENSG00000152818,UTRN,utrophin,P46939,uniprot_swissprot,9606
uniprot:Q13255,ENSG00000152822,GRM1,glutamate metabotropic receptor 1,Q13255,uniprot_swissprot,9606
uniprot:Q15262,ENSG00000152894,PTPRK,protein tyrosine phosphatase receptor type k,Q15262,uniprot_swissprot,9606
uniprot:O95749,ENSG00000152904,GGPS1,geranylgeranyl diphosphate synthase 1,O95749,uniprot_swissprot,9606
ensembl:ENSG00000152931,ENSG00000152931,PART1,prostate androgen-regulated transcript 1,,,9606
uniprot:Q96E17,ENSG00000152932,RAB3C,"rab3c, member ras oncogene family",Q96E17,uniprot_swissprot,9606
uniprot:O75943,ENSG00000152942,RAD17,rad17 checkpoint clamp loader component,O75943,uniprot_swissprot,9606
uniprot:O00469,ENSG00000152952,PLOD2,"procollagen-lysine,2-oxoglutarate 5-dioxygenase 2",O00469,uniprot_swissprot,9606
uniprot:Q9NY57,ENSG00000152953,STK32B,serine/threonine kinase 32b,Q9NY57,uniprot_swissprot,9606
uniprot:Q8IZ57,ENSG00000152954,NRSN1,neurensin 1,Q8IZ57,uniprot_swissprot,9606
uniprot:Q96N16,ENSG00000152969,JAKMIP1,janus kinase and microtubule interacting protein 1,Q96N16,uniprot_swissprot,9606
uniprot:Q15915,ENSG00000152977,ZIC1,zic family zinc finger 1,Q15915,uniprot_swissprot,9606
uniprot:Q8IWK6,ENSG00000152990,ADGRA3,adhesion g protein-coupled receptor a3,Q8IWK6,uniprot_swissprot,9606
uniprot:Q8N0V4,ENSG00000153012,LGI2,leucine rich repeat lgi family member 2,Q8N0V4,uniprot_swissprot,9606
uniprot:Q95460,ENSG00000153029,MR1,"major histocompatibility complex, class i-related",Q95460,uniprot_swissprot,9606
uniprot:Q9Y232,ENSG00000153046,CDYL,chromodomain y like,Q9Y232,uniprot_swissprot,9606
uniprot:Q96M29,ENSG00000153060,TEKT5,tektin 5,Q96M29,uniprot_swissprot,9606
uniprot:Q8NDB2,ENSG00000153064,BANK1,b cell scaffold protein with ankyrin repeats 1,Q8NDB2,uniprot_swissprot,9606
uniprot:Q6PKC3,ENSG00000153066,TXNDC11,thioredoxin domain containing 11,Q6PKC3,uniprot_swissprot,9606
uniprot:P98082,ENSG00000153071,DAB2,dab adaptor protein 2,P98082,uniprot_swissprot,9606
uniprot:Q8TDX5,ENSG00000153086,ACMSD,aminocarboxymuconate semialdehyde decarboxylase,Q8TDX5,uniprot_swissprot,9606
uniprot:Q9NUZ1,ENSG00000153093,ACOXL,acyl-coa oxidase like,Q9NUZ1,uniprot_swissprot,9606
uniprot:O43521,ENSG00000153094,BCL2L11,bcl2 like 11,O43521,uniprot_swissprot,9606
uniprot:Q9H1A4,ENSG00000153107,ANAPC1,anaphase promoting complex subunit 1,Q9H1A4,uniprot_swissprot,9606
ensembl:ENSG00000153113,ENSG00000153113,CAST,calpastatin,,,9606
uniprot:Q5T4T6,ENSG00000153157,SYCP2L,synaptonemal complex protein 2 like,Q5T4T6,uniprot_swissprot,9606
uniprot:P22004,ENSG00000153162,BMP6,bone morphogenetic protein 6,P22004,uniprot_swissprot,9606
uniprot:A6NKT7,ENSG00000153165,RGPD3,ranbp2 like and grip domain containing 3,A6NKT7,uniprot_swissprot,9606
uniprot:P49792,ENSG00000153201,RANBP2,ran binding protein 2,P49792,uniprot_swissprot,9606
uniprot:Q12866,ENSG00000153208,MERTK,"mer proto-oncogene, tyrosine kinase",Q12866,uniprot_swissprot,9606
uniprot:Q96K49,ENSG00000153214,TMEM87B,transmembrane protein 87b,Q96K49,uniprot_swissprot,9606
uniprot:Q15256,ENSG00000153233,PTPRR,protein tyrosine phosphatase receptor type r,Q15256,uniprot_swissprot,9606
uniprot:P43354,ENSG00000153234,NR4A2,nuclear receptor subfamily 4 group a member 2,P43354,uniprot_swissprot,9606
uniprot:Q8NFR7,ENSG00000153237,CCDC148,coiled-coil domain containing 148,Q8NFR7,uniprot_swissprot,9606
uniprot:Q13018,ENSG00000153246,PLA2R1,phospholipase a2 receptor 1,Q13018,uniprot_swissprot,9606
uniprot:P29558,ENSG00000153250,RBMS1,rna binding motif single stranded interacting protein 1,P29558,uniprot_swissprot,9606
uniprot:Q9NY46,ENSG00000153253,SCN3A,sodium voltage-gated channel alpha subunit 3,Q9NY46,uniprot_swissprot,9606
uniprot:Q5T601,ENSG00000153292,ADGRF1,adhesion g protein-coupled receptor f1,Q5T601,uniprot_swissprot,9606
uniprot:Q8IZF3,ENSG00000153294,ADGRF4,adhesion g protein-coupled receptor f4,Q8IZF3,uniprot_swissprot,9606
uniprot:Q8N878,ENSG00000153303,FRMD1,ferm domain containing 1,Q8N878,uniprot_swissprot,9606
uniprot:Q9NUQ9,ENSG00000153310,CYRIB,cyfip related rac1 interactor b,Q9NUQ9,uniprot_swissprot,9606
uniprot:Q9ULH1,ENSG00000153317,ASAP1,"arfgap with sh3 domain, ankyrin repeat and ph domain 1",Q9ULH1,uniprot_swissprot,9606
uniprot:Q8NF37,ENSG00000153395,LPCAT1,lysophosphatidylcholine acyltransferase 1,Q8NF37,uniprot_swissprot,9606
uniprot:Q96PX9,ENSG00000153404,PLEKHG4B,pleckstrin homology and rhogef domain containing g4b,Q96PX9,uniprot_swissprot,9606
uniprot:Q9HBL8,ENSG00000153406,NMRAL1,nmra like redox sensor 1,Q9HBL8,uniprot_swissprot,9606
uniprot:Q9UK53,ENSG00000153487,ING1,inhibitor of growth family member 1,Q9UK53,uniprot_swissprot,9606
uniprot:Q8N6K0,ENSG00000153495,TEX29,testis expressed 29,Q8N6K0,uniprot_swissprot,9606
uniprot:Q96FZ5,ENSG00000153551,CMTM7,cklf like marvel transmembrane domain containing 7,Q96FZ5,uniprot_swissprot,9606
uniprot:Q9NZI7,ENSG00000153560,UBP1,upstream binding protein 1,Q9NZI7,uniprot_swissprot,9606
uniprot:P01732,ENSG00000153563,CD8A,cd8 subunit alpha,P01732,uniprot_swissprot,9606
uniprot:P23468,ENSG00000153707,PTPRD,protein tyrosine phosphatase receptor type d,P23468,uniprot_swissprot,9606
uniprot:Q6P9H4,ENSG00000153721,CNKSR3,cnksr family member 3,Q6P9H4,uniprot_swissprot,9606
uniprot:Q9UEE9,ENSG00000153774,CFDP1,chromatin remodeling protein cfdp1,Q9UEE9,uniprot_swissprot,9606
uniprot:Q86VZ6,ENSG00000153814,JAZF1,jazf zinc finger 1,Q86VZ6,uniprot_swissprot,9606
uniprot:Q8IY22,ENSG00000153815,CMIP,c-maf inducing protein,Q8IY22,uniprot_swissprot,9606
uniprot:Q2M3C7,ENSG00000153820,SPHKAP,"sphk1 interactor, akap domain containing",Q2M3C7,uniprot_swissprot,9606
uniprot:Q7Z2X4,ENSG00000153823,PID1,phosphotyrosine interaction domain containing 1,Q7Z2X4,uniprot_swissprot,9606
uniprot:P53567,ENSG00000153879,CEBPG,ccaat enhancer binding protein gamma,P53567,uniprot_swissprot,9606
uniprot:Q96SI1,ENSG00000153885,KCTD15,potassium channel tetramerization domain containing 15,Q96SI1,uniprot_swissprot,9606
uniprot:O94760,ENSG00000153904,DDAH1,dimethylarginine dimethylaminohydrolase 1,O94760,uniprot_swissprot,9606
uniprot:Q8WXA9,ENSG00000153914,SREK1,splicing regulatory glutamic acid and lysine rich protein 1,Q8WXA9,uniprot_swissprot,9606
uniprot:O14646,ENSG00000153922,CHD1,chromodomain helicase dna binding protein 1,O14646,uniprot_swissprot,9606
uniprot:Q96DH6,ENSG00000153944,MSI2,musashi rna binding protein 2,Q96DH6,uniprot_swissprot,9606
uniprot:P54289,ENSG00000153956,CACNA2D1,calcium voltage-gated channel auxiliary subunit alpha2delta 1,P54289,uniprot_swissprot,9606
uniprot:Q96E22,ENSG00000153989,NUS1,nus1 dehydrodolichyl diphosphate synthase subunit,Q96E22,uniprot_swissprot,9606
uniprot:Q16537,ENSG00000154001,PPP2R5E,protein phosphatase 2 regulatory subunit b'epsilon,Q16537,uniprot_swissprot,9606
uniprot:Q13588,ENSG00000154016,GRAP,grb2 related adaptor protein,Q13588,uniprot_swissprot,9606
uniprot:Q7L1S5,ENSG00000154080,CHST9,carbohydrate sulfotransferase 9,Q7L1S5,uniprot_swissprot,9606
uniprot:P04216,ENSG00000154096,THY1,thy-1 cell surface antigen,P04216,uniprot_swissprot,9606
uniprot:Q8NEP3,ENSG00000154099,DNAAF1,dynein axonemal assembly factor 1,Q8NEP3,uniprot_swissprot,9606
uniprot:Q9HCJ1,ENSG00000154122,ANKH,ankh inorganic pyrophosphate transport regulator,Q9HCJ1,uniprot_swissprot,9606
uniprot:Q96BN8,ENSG00000154124,OTULIN,otu deubiquitinase with linear linkage specificity,Q96BN8,uniprot_swissprot,9606
uniprot:Q8TF42,ENSG00000154127,UBASH3B,ubiquitin associated and sh3 domain containing b,Q8TF42,uniprot_swissprot,9606
uniprot:Q92686,ENSG00000154146,NRGN,neurogranin,Q92686,uniprot_swissprot,9606
uniprot:Q9H6L5,ENSG00000154153,RETREG1,reticulophagy regulator 1,Q9H6L5,uniprot_swissprot,9606
uniprot:P55289,ENSG00000154162,CDH12,cadherin 12,P55289,uniprot_swissprot,9606
uniprot:P49685,ENSG00000154165,GPR15,g protein-coupled receptor 15,P49685,uniprot_swissprot,9606
uniprot:Q15389,ENSG00000154188,ANGPT1,angiopoietin 1,Q15389,uniprot_swissprot,9606
uniprot:Q9UKF7,ENSG00000154217,PITPNC1,phosphatidylinositol transfer protein cytoplasmic 1,Q9UKF7,uniprot_swissprot,9606
uniprot:P17252,ENSG00000154229,PRKCA,protein kinase c alpha,P17252,uniprot_swissprot,9606
uniprot:Q38SD2,ENSG00000154237,LRRK1,leucine rich repeat kinase 1,Q38SD2,uniprot_swissprot,9606
uniprot:Q8N8E3,ENSG00000154240,CEP112,centrosomal protein 112,Q8N8E3,uniprot_swissprot,9606
uniprot:Q9H3Q3,ENSG00000154252,GAL3ST2,galactose-3-o-sulfotransferase 2,Q9H3Q3,uniprot_swissprot,9606
uniprot:O14638,ENSG00000154269,ENPP3,ectonucleotide pyrophosphatase/phosphodiesterase 3,O14638,uniprot_swissprot,9606
uniprot:Q8IY42,ENSG00000154274,PGCKA1,pdcd10 and gckiii kinases associated 1,Q8IY42,uniprot_swissprot,9606
uniprot:P09936,ENSG00000154277,UCHL1,ubiquitin c-terminal hydrolase l1,P09936,uniprot_swissprot,9606
uniprot:Q5JRA6,ENSG00000154305,MIA3,mia sh3 domain er export factor 3,Q5JRA6,uniprot_swissprot,9606
uniprot:Q9UKE5,ENSG00000154310,TNIK,traf2 and nck interacting kinase,Q9UKE5,uniprot_swissprot,9606
uniprot:Q96KS9,ENSG00000154319,FAM167A,family with sequence similarity 167 member a,Q96KS9,uniprot_swissprot,9606
uniprot:Q15124,ENSG00000154330,PGM5,phosphoglucomutase 5,Q15124,uniprot_swissprot,9606
uniprot:P56704,ENSG00000154342,WNT3A,wnt family member 3a,P56704,uniprot_swissprot,9606
uniprot:Q5VST9,ENSG00000154358,OBSCN,"obscurin, cytoskeletal calmodulin and titin-interacting rhogef",Q5VST9,uniprot_swissprot,9606
uniprot:Q17RB8,ENSG00000154359,LONRF1,lon peptidase n-terminal domain and ring finger 1,Q17RB8,uniprot_swissprot,9606
uniprot:Q96F44,ENSG00000154370,TRIM11,tripartite motif containing 11,Q96F44,uniprot_swissprot,9606
uniprot:Q8N8S7,ENSG00000154380,ENAH,enah actin regulator,Q8N8S7,uniprot_swissprot,9606
uniprot:Q16821,ENSG00000154415,PPP1R3A,protein phosphatase 1 regulatory subunit 3a,Q16821,uniprot_swissprot,9606
uniprot:Q8NDV2,ENSG00000154478,GPR26,g protein-coupled receptor 26,Q8NDV2,uniprot_swissprot,9606
uniprot:Q96M02,ENSG00000154493,C10ORF90,chromosome 10 open reading frame 90,Q96M02,uniprot_swissprot,9606
uniprot:Q5T7M9,ENSG00000154511,DIPK1A,divergent protein kinase domain 1a,Q5T7M9,uniprot_swissprot,9606
uniprot:Q53GG5,ENSG00000154553,PDLIM3,pdz and lim domain 3,Q53GG5,uniprot_swissprot,9606
uniprot:O94875,ENSG00000154556,SORBS2,sorbin and sh3 domain containing 2,O94875,uniprot_swissprot,9606
uniprot:Q9Y6Y9,ENSG00000154589,LY96,lymphocyte antigen 96,Q9Y6Y9,uniprot_swissprot,9606
uniprot:Q8TAA3,ENSG00000154611,PSMA8,proteasome 20s subunit alpha 8,Q8TAA3,uniprot_swissprot,9606
uniprot:P78310,ENSG00000154639,CXADR,cxadr cell adhesion molecule,P78310,uniprot_swissprot,9606
uniprot:Q14201,ENSG00000154640,BTG3,btg anti-proliferation factor 3,Q14201,uniprot_swissprot,9606
uniprot:O15394,ENSG00000154654,NCAM2,neural cell adhesion molecule 2,O15394,uniprot_swissprot,9606
uniprot:Q8NA19,ENSG00000154655,L3MBTL4,l3mbtl histone methyl-lysine binding protein 4,Q8NA19,uniprot_swissprot,9606
uniprot:Q14123,ENSG00000154678,PDE1C,phosphodiesterase 1c,Q14123,uniprot_swissprot,9606
uniprot:Q9UJ41,ENSG00000154710,RABGEF1,rab guanine nucleotide exchange factor 1,Q9UJ41,uniprot_swissprot,9606
uniprot:Q9NYK5,ENSG00000154719,MRPL39,mitochondrial ribosomal protein l39,Q9NYK5,uniprot_swissprot,9606
uniprot:P18859,ENSG00000154723,ATP5PF,atp synthase peripheral stalk subunit f6,P18859,uniprot_swissprot,9606
uniprot:Q06546,ENSG00000154727,GABPA,ga binding protein transcription factor subunit alpha,Q06546,uniprot_swissprot,9606
uniprot:Q9UHI8,ENSG00000154734,ADAMTS1,adam metallopeptidase with thrombospondin type 1 motif 1,Q9UHI8,uniprot_swissprot,9606
uniprot:Q9UNA0,ENSG00000154736,ADAMTS5,adam metallopeptidase with thrombospondin type 1 motif 5,Q9UNA0,uniprot_swissprot,9606
uniprot:Q8NCE0,ENSG00000154743,TSEN2,trna splicing endonuclease subunit 2,Q8NCE0,uniprot_swissprot,9606
uniprot:O00755,ENSG00000154764,WNT7A,wnt family member 7a,O00755,uniprot_swissprot,9606
uniprot:Q01831,ENSG00000154767,XPC,"xpc complex subunit, dna damage recognition and repair factor",Q01831,uniprot_swissprot,9606
uniprot:Q6ZNL6,ENSG00000154783,FGD5,"fyve, rhogef and ph domain containing 5",Q6ZNL6,uniprot_swissprot,9606
uniprot:Q8NFG4,ENSG00000154803,FLCN,folliculin,Q8NFG4,uniprot_swissprot,9606
uniprot:Q96HP4,ENSG00000154814,OXNAD1,oxidoreductase nad binding domain containing 1,Q96HP4,uniprot_swissprot,9606
uniprot:Q9UPR0,ENSG00000154822,PLCL2,phospholipase c like 2,Q9UPR0,uniprot_swissprot,9606
uniprot:Q9P0U4,ENSG00000154832,CXXC1,cxxc finger protein 1,Q9P0U4,uniprot_swissprot,9606
uniprot:Q8TF05,ENSG00000154845,PPP4R1,protein phosphatase 4 regulatory subunit 1,Q8TF05,uniprot_swissprot,9606
uniprot:P54762,ENSG00000154928,EPHB1,eph receptor b1,P54762,uniprot_swissprot,9606
uniprot:P17022,ENSG00000154957,ZNF18,zinc finger protein 18,P17022,uniprot_swissprot,9606
uniprot:Q9NS85,ENSG00000154975,CA10,carbonic anhydrase 10 (inactive),Q9NS85,uniprot_swissprot,9606
uniprot:Q6ZU15,ENSG00000154997,SEPTIN14,septin 14,Q6ZU15,uniprot_swissprot,9606
uniprot:Q9UBU2,ENSG00000155011,DKK2,dickkopf wnt signaling pathway inhibitor 2,Q9UBU2,uniprot_swissprot,9606
uniprot:Q8WYK1,ENSG00000155052,CNTNAP5,contactin associated protein family member 5,Q8WYK1,uniprot_swissprot,9606
uniprot:Q92932,ENSG00000155093,PTPRN2,protein tyrosine phosphatase receptor type n2,Q92932,uniprot_swissprot,9606
uniprot:O14977,ENSG00000155096,AZIN1,antizyme inhibitor 1,O14977,uniprot_swissprot,9606
uniprot:P21283,ENSG00000155097,ATP6V1C1,atpase h+ transporting v1 subunit c1,P21283,uniprot_swissprot,9606
uniprot:Q8N6M0,ENSG00000155100,OTUD6B,otu deubiquitinase 6b,Q8N6M0,uniprot_swissprot,9606
uniprot:Q9BTU6,ENSG00000155252,PI4K2A,phosphatidylinositol 4-kinase type 2 alpha,Q9BTU6,uniprot_swissprot,9606
uniprot:Q9BSK0,ENSG00000155254,MARVELD1,marvel domain containing 1,Q9BSK0,uniprot_swissprot,9606
uniprot:Q5T4F4,ENSG00000155256,ZFYVE27,zinc finger fyve-type containing 27,Q5T4F4,uniprot_swissprot,9606
uniprot:Q9UHP3,ENSG00000155313,USP25,ubiquitin specific peptidase 25,Q9UHP3,uniprot_swissprot,9606
uniprot:Q96HH9,ENSG00000155324,GRAMD2B,gram domain containing 2b,Q96HH9,uniprot_swissprot,9606
uniprot:Q8TBK6,ENSG00000155329,ZCCHC10,zinc finger cchc-type containing 10,Q8TBK6,uniprot_swissprot,9606
uniprot:Q9HCE1,ENSG00000155363,MOV10,mov10 rna helicase,Q9HCE1,uniprot_swissprot,9606
uniprot:P08134,ENSG00000155366,RHOC,ras homolog family member c,P08134,uniprot_swissprot,9606
uniprot:P53985,ENSG00000155380,SLC16A1,solute carrier family 16 member 1,P53985,uniprot_swissprot,9606
uniprot:Q9UM01,ENSG00000155465,SLC7A7,solute carrier family 7 member 7,Q9UM01,uniprot_swissprot,9606
uniprot:P42261,ENSG00000155511,GRIA1,glutamate ionotropic receptor ampa type subunit 1,P42261,uniprot_swissprot,9606
uniprot:Q8NE22,ENSG00000155542,SETD9,set domain containing 9,Q8NE22,uniprot_swissprot,9606
uniprot:Q7Z3K6,ENSG00000155545,MIER3,mier family member 3,Q7Z3K6,uniprot_swissprot,9606
uniprot:Q92621,ENSG00000155561,NUP205,nucleoporin 205,Q92621,uniprot_swissprot,9606
uniprot:Q8WZ42,ENSG00000155657,TTN,titin,Q8WZ42,uniprot_swissprot,9606
uniprot:Q96Q35,ENSG00000155749,FLACC1,flagellum associated containing coiled-coil domains 1,Q96Q35,uniprot_swissprot,9606
uniprot:O75084,ENSG00000155760,FZD7,frizzled class receptor 7,O75084,uniprot_swissprot,9606
uniprot:Q8TB45,ENSG00000155792,DEPTOR,dep domain containing mtor interacting protein,Q8TB45,uniprot_swissprot,9606
uniprot:Q5VTR2,ENSG00000155827,RNF20,ring finger protein 20,Q5VTR2,uniprot_swissprot,9606
uniprot:Q86YN6,ENSG00000155846,PPARGC1B,pparg coactivator 1 beta,Q86YN6,uniprot_swissprot,9606
uniprot:Q92556,ENSG00000155849,ELMO1,engulfment and cell motility 1,Q92556,uniprot_swissprot,9606
uniprot:Q8IYX7,ENSG00000155875,SAXO1,stabilizer of axonemal microtubules 1,Q8IYX7,uniprot_swissprot,9606
uniprot:Q15283,ENSG00000155903,RASA2,ras p21 protein activator 2,Q15283,uniprot_swissprot,9606
uniprot:Q9Y3R0,ENSG00000155974,GRIP1,glutamate receptor interacting protein 1,Q9Y3R0,uniprot_swissprot,9606
uniprot:P11245,ENSG00000156006,NAT2,n-acetyltransferase 2,P11245,uniprot_swissprot,9606
uniprot:Q9NYI0,ENSG00000156011,PSD3,pleckstrin and sec7 domain containing 3,Q9NYI0,uniprot_swissprot,9606
uniprot:Q8NE86,ENSG00000156026,MCU,mitochondrial calcium uniporter,Q8NE86,uniprot_swissprot,9606
uniprot:P50148,ENSG00000156052,GNAQ,g protein subunit alpha q,P50148,uniprot_swissprot,9606
uniprot:Q9Y5W5,ENSG00000156076,WIF1,wnt inhibitory factor 1,Q9Y5W5,uniprot_swissprot,9606
uniprot:P51512,ENSG00000156103,MMP16,matrix metallopeptidase 16,P51512,uniprot_swissprot,9606
uniprot:P55263,ENSG00000156110,ADK,adenosine kinase,P55263,uniprot_swissprot,9606
uniprot:Q12791,ENSG00000156113,KCNMA1,potassium calcium-activated channel subfamily m alpha 1,Q12791,uniprot_swissprot,9606
uniprot:O15072,ENSG00000156140,ADAMTS3,adam metallopeptidase with thrombospondin type 1 motif 3,O15072,uniprot_swissprot,9606
uniprot:Q7Z388,ENSG00000156162,DPY19L4,dpy-19 like 4,Q7Z388,uniprot_swissprot,9606
uniprot:Q330K2,ENSG00000156170,NDUFAF6,nadh:ubiquinone oxidoreductase complex assembly factor 6,Q330K2,uniprot_swissprot,9606
uniprot:O14830,ENSG00000156194,PPEF2,protein phosphatase with ef-hand domain 2,O14830,uniprot_swissprot,9606
uniprot:Q6P656,ENSG00000156206,CFAP161,cilia and flagella associated protein 161,Q6P656,uniprot_swissprot,9606
uniprot:P82987,ENSG00000156218,ADAMTSL3,adamts like 3,P82987,uniprot_swissprot,9606
uniprot:Q13508,ENSG00000156219,ART3,adp-ribosyltransferase 3 (inactive),Q13508,uniprot_swissprot,9606
uniprot:Q8TF30,ENSG00000156232,WHAMM,"wasp homolog associated with actin, golgi membranes and microtubules",Q8TF30,uniprot_swissprot,9606
uniprot:O43927,ENSG00000156234,CXCL13,c-x-c motif chemokine ligand 13,O43927,uniprot_swissprot,9606
uniprot:P57077,ENSG00000156265,MAP3K7CL,map3k7 c-terminal like,P57077,uniprot_swissprot,9606
uniprot:O14867,ENSG00000156273,BACH1,bach transcriptional regulator 1,O14867,uniprot_swissprot,9606
uniprot:P56748,ENSG00000156284,CLDN8,claudin 8,P56748,uniprot_swissprot,9606
uniprot:Q13009,ENSG00000156299,TIAM1,tiam rac1 associated gef 1,Q13009,uniprot_swissprot,9606
uniprot:Q8IZL9,ENSG00000156345,CDK20,cyclin dependent kinase 20,Q8IZL9,uniprot_swissprot,9606
uniprot:Q96BM1,ENSG00000156381,ANKRD9,ankyrin repeat domain 9,Q96BM1,uniprot_swissprot,9606
uniprot:Q9UPU3,ENSG00000156395,SORCS3,sortilin related vps10 domain containing receptor 3,Q9UPU3,uniprot_swissprot,9606
uniprot:O76093,ENSG00000156427,FGF18,fibroblast growth factor 18,O76093,uniprot_swissprot,9606
uniprot:Q08174,ENSG00000156453,PCDH1,protocadherin 1,Q08174,uniprot_swissprot,9606
uniprot:Q6KF10,ENSG00000156466,GDF6,growth differentiation factor 6,Q6KF10,uniprot_swissprot,9606
uniprot:P14927,ENSG00000156467,UQCRB,ubiquinol-cytochrome c reductase binding protein,P14927,uniprot_swissprot,9606
uniprot:P48651,ENSG00000156471,PTDSS1,phosphatidylserine synthase 1,P48651,uniprot_swissprot,9606
uniprot:Q00005,ENSG00000156475,PPP2R2B,protein phosphatase 2 regulatory subunit bbeta,Q00005,uniprot_swissprot,9606
uniprot:Q9ULS6,ENSG00000156486,KCNS2,potassium voltage-gated channel modifier subfamily s member 2,Q9ULS6,uniprot_swissprot,9606
uniprot:P68104,ENSG00000156508,EEF1A1,eukaryotic translation elongation factor 1 alpha 1,P68104,uniprot_swissprot,9606
uniprot:Q4G163,ENSG00000156509,FBXO43,f-box protein 43,Q4G163,uniprot_swissprot,9606
uniprot:P19367,ENSG00000156515,HK1,hexokinase 1,P19367,uniprot_swissprot,9606
uniprot:Q8IWS0,ENSG00000156531,PHF6,phd finger protein 6,Q8IWS0,uniprot_swissprot,9606
uniprot:Q6YHK3,ENSG00000156535,CD109,cd109 molecule,Q6YHK3,uniprot_swissprot,9606
uniprot:Q9ULH4,ENSG00000156564,LRFN2,leucine rich repeat and fibronectin type iii domain containing 2,Q9ULH4,uniprot_swissprot,9606
uniprot:Q96S42,ENSG00000156574,NODAL,nodal growth differentiation factor,Q96S42,uniprot_swissprot,9606
uniprot:Q9H8U3,ENSG00000156639,ZFAND3,zinc finger an1-type containing 3,Q9H8U3,uniprot_swissprot,9606
uniprot:Q9Y639,ENSG00000156642,NPTN,neuroplastin,Q9Y639,uniprot_swissprot,9606
uniprot:Q8WYB5,ENSG00000156650,KAT6B,lysine acetyltransferase 6b,Q8WYB5,uniprot_swissprot,9606
uniprot:Q96LT4,ENSG00000156671,SAMD8,sterile alpha motif domain containing 8,Q96LT4,uniprot_swissprot,9606
uniprot:P11836,ENSG00000156738,MS4A1,membrane spanning 4-domains a1,P11836,uniprot_swissprot,9606
uniprot:Q6PL18,ENSG00000156802,ATAD2,atpase family aaa domain containing 2,Q6PL18,uniprot_swissprot,9606
uniprot:Q969P5,ENSG00000156804,FBXO32,f-box protein 32,Q969P5,uniprot_swissprot,9606
uniprot:P15735,ENSG00000156873,PHKG2,phosphorylase kinase catalytic subunit gamma 2,P15735,uniprot_swissprot,9606
uniprot:Q02221,ENSG00000156885,COX6A2,cytochrome c oxidase subunit 6a2,Q02221,uniprot_swissprot,9606
uniprot:Q8IZF6,ENSG00000156920,ADGRG4,adhesion g protein-coupled receptor g4,Q8IZF6,uniprot_swissprot,9606
uniprot:O60481,ENSG00000156925,ZIC3,zic family zinc finger 3,O60481,uniprot_swissprot,9606
uniprot:Q8N3P4,ENSG00000156931,VPS8,vps8 subunit of corvet complex,Q8N3P4,uniprot_swissprot,9606
uniprot:Q01415,ENSG00000156958,GALK2,galactokinase 2,Q01415,uniprot_swissprot,9606
uniprot:O60566,ENSG00000156970,BUB1B,bub1 mitotic checkpoint serine/threonine kinase b,O60566,uniprot_swissprot,9606
uniprot:O43924,ENSG00000156973,PDE6D,phosphodiesterase 6d,O43924,uniprot_swissprot,9606
uniprot:Q14240,ENSG00000156976,EIF4A2,eukaryotic translation initiation factor 4a2,Q14240,uniprot_swissprot,9606
uniprot:Q6P087,ENSG00000156990,RPUSD3,rna pseudouridine synthase d3,Q6P087,uniprot_swissprot,9606
uniprot:P61278,ENSG00000157005,SST,somatostatin,P61278,uniprot_swissprot,9606
uniprot:Q9UBU3,ENSG00000157017,GHRL,ghrelin and obestatin prepropeptide,Q9UBU3,uniprot_swissprot,9606
uniprot:P55735,ENSG00000157020,SEC13,"sec13 homolog, nuclear pore and copii component",P55735,uniprot_swissprot,9606
uniprot:Q96AB6,ENSG00000157045,NTAN1,n-terminal asparagine amidase,Q96AB6,uniprot_swissprot,9606
uniprot:Q9BZQ2,ENSG00000157060,SHCBP1L,shc binding and spindle associated 1 like,Q9BZQ2,uniprot_swissprot,9606
uniprot:Q01814,ENSG00000157087,ATP2B2,atpase plasma membrane ca2+ transporting 2,Q01814,uniprot_swissprot,9606
uniprot:P30531,ENSG00000157103,SLC6A1,solute carrier family 6 member 1,P30531,uniprot_swissprot,9606
uniprot:Q93062,ENSG00000157110,RBPMS,"rna binding protein, mrna processing factor",Q93062,uniprot_swissprot,9606
uniprot:Q8WVE6,ENSG00000157111,TMEM171,transmembrane protein 171,Q8WVE6,uniprot_swissprot,9606
uniprot:P07357,ENSG00000157131,C8A,complement c8 alpha chain,P07357,uniprot_swissprot,9606
uniprot:Q99727,ENSG00000157150,TIMP4,timp metallopeptidase inhibitor 4,Q99727,uniprot_swissprot,9606
uniprot:Q92777,ENSG00000157152,SYN2,synapsin ii,Q92777,uniprot_swissprot,9606
uniprot:Q02297,ENSG00000157168,NRG1,neuregulin 1,Q02297,uniprot_swissprot,9606
uniprot:P23786,ENSG00000157184,CPT2,carnitine palmitoyltransferase 2,P23786,uniprot_swissprot,9606
uniprot:Q9NVZ3,ENSG00000157191,NECAP2,necap endocytosis associated 2,Q9NVZ3,uniprot_swissprot,9606
uniprot:Q14114,ENSG00000157193,LRP8,ldl receptor related protein 8,Q14114,uniprot_swissprot,9606
uniprot:Q8NFT2,ENSG00000157214,STEAP2,steap2 metalloreductase,Q8NFT2,uniprot_swissprot,9606
uniprot:Q9BWW4,ENSG00000157216,SSBP3,single stranded dna binding protein 3,Q9BWW4,uniprot_swissprot,9606
uniprot:P50281,ENSG00000157227,MMP14,matrix metallopeptidase 14,P50281,uniprot_swissprot,9606
uniprot:Q9UP38,ENSG00000157240,FZD1,frizzled class receptor 1,Q9UP38,uniprot_swissprot,9606
uniprot:A5D8T8,ENSG00000157322,CLEC18A,c-type lectin domain family 18 member a,A5D8T8,uniprot_swissprot,9606
uniprot:Q9UMR2,ENSG00000157349,DDX19B,dead-box helicase 19b,Q9UMR2,uniprot_swissprot,9606
uniprot:Q6ZMJ4,ENSG00000157368,IL34,interleukin 34,Q6ZMJ4,uniprot_swissprot,9606
uniprot:Q01668,ENSG00000157388,CACNA1D,calcium voltage-gated channel subunit alpha1 d,Q01668,uniprot_swissprot,9606
uniprot:P10721,ENSG00000157404,KIT,"kit proto-oncogene, receptor tyrosine kinase",P10721,uniprot_swissprot,9606
uniprot:Q4G0P3,ENSG00000157423,HYDIN,hydin axonemal central pair apparatus protein,Q4G0P3,uniprot_swissprot,9606
uniprot:Q4L235,ENSG00000157426,AASDH,aminoadipate-semialdehyde dehydrogenase,Q4L235,uniprot_swissprot,9606
uniprot:Q8IZS8,ENSG00000157445,CACNA2D3,calcium voltage-gated channel auxiliary subunit alpha2delta 3,Q8IZS8,uniprot_swissprot,9606
uniprot:Q12965,ENSG00000157483,MYO1E,myosin ie,Q12965,uniprot_swissprot,9606
uniprot:Q9UKG1,ENSG00000157500,APPL1,"adaptor protein, phosphotyrosine interacting with ph domain and leucine zipper 1",Q9UKG1,uniprot_swissprot,9606
uniprot:Q13627,ENSG00000157540,DYRK1A,dual specificity tyrosine phosphorylation regulated kinase 1a,Q13627,uniprot_swissprot,9606
uniprot:P48051,ENSG00000157542,KCNJ6,potassium inwardly rectifying channel subfamily j member 6,P48051,uniprot_swissprot,9606
uniprot:P11308,ENSG00000157554,ERG,ets transcription factor erg,P11308,uniprot_swissprot,9606
uniprot:P15036,ENSG00000157557,ETS2,"ets proto-oncogene 2, transcription factor",P15036,uniprot_swissprot,9606
uniprot:Q96SJ8,ENSG00000157570,TSPAN18,tetraspanin 18,Q96SJ8,uniprot_swissprot,9606
uniprot:P20591,ENSG00000157601,MX1,mx dynamin like gtpase 1,P20591,uniprot_swissprot,9606
uniprot:Q96BA8,ENSG00000157613,CREB3L1,camp responsive element binding protein 3 like 1,Q96BA8,uniprot_swissprot,9606
uniprot:Q9HBR0,ENSG00000157637,SLC38A10,solute carrier family 38 member 10,Q9HBR0,uniprot_swissprot,9606
uniprot:Q9Y2D5,ENSG00000157654,PALM2AKAP2,palm2 and akap2 fusion,Q9Y2D5,uniprot_swissprot,9606
uniprot:Q5T7W0,ENSG00000157657,ZNF618,zinc finger protein 618,Q5T7W0,uniprot_swissprot,9606
uniprot:O75912,ENSG00000157680,DGKI,diacylglycerol kinase iota,O75912,uniprot_swissprot,9606
uniprot:Q5VZI3,ENSG00000157693,TMEM268,transmembrane protein 268,Q5VZI3,uniprot_swissprot,9606
uniprot:P15056,ENSG00000157764,BRAF,"b-raf proto-oncogene, serine/threonine kinase",P15056,uniprot_swissprot,9606
uniprot:O95436,ENSG00000157765,SLC34A2,solute carrier family 34 member 2,O95436,uniprot_swissprot,9606
uniprot:P16112,ENSG00000157766,ACAN,aggrecan,P16112,uniprot_swissprot,9606
uniprot:Q9BT73,ENSG00000157778,PSMG3,proteasome assembly chaperone 3,Q9BT73,uniprot_swissprot,9606
uniprot:Q9NZU7,ENSG00000157782,CABP1,calcium binding protein 1,Q9NZU7,uniprot_swissprot,9606
uniprot:P59780,ENSG00000157823,AP3S2,adaptor related protein complex 3 subunit sigma 2,P59780,uniprot_swissprot,9606
uniprot:Q96PY5,ENSG00000157827,FMNL2,formin like 2,Q96PY5,uniprot_swissprot,9606
uniprot:Q8TCT6,ENSG00000157837,SPPL3,signal peptide peptidase like 3,Q8TCT6,uniprot_swissprot,9606
uniprot:Q9BPU6,ENSG00000157851,DPYSL5,dihydropyrimidinase like 5,Q9BPU6,uniprot_swissprot,9606
uniprot:Q96MC2,ENSG00000157856,DRC1,dynein regulatory complex subunit 1,Q96MC2,uniprot_swissprot,9606
uniprot:P51157,ENSG00000157869,RAB28,"rab28, member ras oncogene family",P51157,uniprot_swissprot,9606
uniprot:Q8TBF2,ENSG00000157870,PRXL2B,peroxiredoxin like 2b,Q8TBF2,uniprot_swissprot,9606
uniprot:Q92956,ENSG00000157873,TNFRSF14,tnf receptor superfamily member 14,Q92956,uniprot_swissprot,9606
uniprot:A0PJX0,ENSG00000157884,CIB4,calcium and integrin binding family member 4,A0PJX0,uniprot_swissprot,9606
uniprot:Q96C57,ENSG00000157895,C12ORF43,chromosome 12 open reading frame 43,Q96C57,uniprot_swissprot,9606
uniprot:P12755,ENSG00000157933,SKI,ski proto-oncogene,P12755,uniprot_swissprot,9606
uniprot:Q9Y4P8,ENSG00000157954,WIPI2,"wd repeat domain, phosphoinositide interacting 2",Q9Y4P8,uniprot_swissprot,9606
uniprot:Q5SW96,ENSG00000157978,LDLRAP1,low density lipoprotein receptor adaptor protein 1,Q5SW96,uniprot_swissprot,9606
uniprot:Q9BRI3,ENSG00000158014,SLC30A2,solute carrier family 30 member 2,Q9BRI3,uniprot_swissprot,9606
uniprot:Q9NXR7,ENSG00000158019,BABAM2,brisc and brca1 a complex member 2,Q9NXR7,uniprot_swissprot,9606
uniprot:Q969Q1,ENSG00000158022,TRIM63,tripartite motif containing 63,Q969Q1,uniprot_swissprot,9606
uniprot:Q05923,ENSG00000158050,DUSP2,dual specificity phosphatase 2,Q05923,uniprot_swissprot,9606
uniprot:A2A3K4,ENSG00000158079,PTPDC1,protein tyrosine phosphatase domain containing 1,A2A3K4,uniprot_swissprot,9606
uniprot:Q96FL9,ENSG00000158089,GALNT14,polypeptide n-acetylgalactosaminyltransferase 14,Q96FL9,uniprot_swissprot,9606
uniprot:P16333,ENSG00000158092,NCK1,nck adaptor protein 1,P16333,uniprot_swissprot,9606
uniprot:Q5T0D9,ENSG00000158109,TPRG1L,tumor protein p63 regulated 1 like,Q5T0D9,uniprot_swissprot,9606
uniprot:Q8N309,ENSG00000158113,LRRC43,leucine rich repeat containing 43,Q8N309,uniprot_swissprot,9606
uniprot:Q7RTV5,ENSG00000158122,PRXL2C,peroxiredoxin like 2c,Q7RTV5,uniprot_swissprot,9606
uniprot:P47989,ENSG00000158125,XDH,xanthine dehydrogenase,P47989,uniprot_swissprot,9606
uniprot:Q8IYY4,ENSG00000158163,DZIP1L,daz interacting zinc finger protein 1 like,Q8IYY4,uniprot_swissprot,9606
uniprot:Q00597,ENSG00000158169,FANCC,fa complementation group c,Q00597,uniprot_swissprot,9606
uniprot:O14807,ENSG00000158186,MRAS,muscle ras oncogene homolog,O14807,uniprot_swissprot,9606
uniprot:Q9Y6W5,ENSG00000158195,WASF2,wasp family member 2,Q9Y6W5,uniprot_swissprot,9606
uniprot:Q13620,ENSG00000158290,CUL4B,cullin 4b,Q13620,uniprot_swissprot,9606
uniprot:Q8WWT9,ENSG00000158296,SLC13A3,solute carrier family 13 member 3,Q8WWT9,uniprot_swissprot,9606
uniprot:Q8WXX7,ENSG00000158321,AUTS2,activator of transcription and developmental regulator auts2,Q8WXX7,uniprot_swissprot,9606
uniprot:Q9ULL8,ENSG00000158352,SHROOM4,shroom family member 4,Q9ULL8,uniprot_swissprot,9606
uniprot:P58876,ENSG00000158373,H2BC5,h2b clustered histone 5,P58876,uniprot_swissprot,9606
uniprot:P30307,ENSG00000158402,CDC25C,cell division cycle 25c,P30307,uniprot_swissprot,9606
uniprot:P62805,ENSG00000158406,H4C8,h4 clustered histone 8,P62805,uniprot_swissprot,9606
uniprot:Q8N443,ENSG00000158423,RIBC1,rib43a domain with coiled-coils 1,Q8N443,uniprot_swissprot,9606
uniprot:Q7Z7H3,ENSG00000158428,CATIP,ciliogenesis associated ttc17 interacting protein,Q7Z7H3,uniprot_swissprot,9606
uniprot:Q14721,ENSG00000158445,KCNB1,potassium voltage-gated channel subfamily b member 1,Q14721,uniprot_swissprot,9606
uniprot:Q96HN2,ENSG00000158467,AHCYL2,adenosylhomocysteinase like 2,Q96HN2,uniprot_swissprot,9606
uniprot:P15813,ENSG00000158473,CD1D,cd1d molecule,P15813,uniprot_swissprot,9606
uniprot:P29017,ENSG00000158481,CD1C,cd1c molecule,P29017,uniprot_swissprot,9606
uniprot:Q8TD57,ENSG00000158486,DNAH3,dynein axonemal heavy chain 3,Q8TD57,uniprot_swissprot,9606
uniprot:O97980,ENSG00000158497,HMHB1,histocompatibility minor hb-1,O97980,uniprot_swissprot,9606
uniprot:P14598,ENSG00000158517,NCF1,neutrophil cytosolic factor 1,P14598,uniprot_swissprot,9606
uniprot:Q9ULJ8,ENSG00000158528,PPP1R9A,protein phosphatase 1 regulatory subunit 9a,Q9ULJ8,uniprot_swissprot,9606
uniprot:Q7Z7H5,ENSG00000158604,TMED4,transmembrane p24 trafficking protein 4,Q7Z7H5,uniprot_swissprot,9606
uniprot:Q5SWA1,ENSG00000158615,PPP1R15B,protein phosphatase 1 regulatory subunit 15b,Q5SWA1,uniprot_swissprot,9606
uniprot:Q9UBF2,ENSG00000158623,COPG2,coat protein complex i subunit gamma 2,Q9UBF2,uniprot_swissprot,9606
uniprot:Q7Z589,ENSG00000158636,EMSY,"emsy transcriptional repressor, brca2 interacting",Q7Z589,uniprot_swissprot,9606
uniprot:Q86UL3,ENSG00000158669,GPAT4,glycerol-3-phosphate acyltransferase 4,Q86UL3,uniprot_swissprot,9606
uniprot:P37802,ENSG00000158710,TAGLN2,transgelin 2,P37802,uniprot_swissprot,9606
uniprot:P28324,ENSG00000158711,ELK4,ets transcription factor elk4,P28324,uniprot_swissprot,9606
uniprot:Q96JT2,ENSG00000158715,SLC45A3,solute carrier family 45 member 3,Q96JT2,uniprot_swissprot,9606
uniprot:Q96A37,ENSG00000158717,RNF166,ring finger protein 166,Q96A37,uniprot_swissprot,9606
uniprot:P50406,ENSG00000158748,HTR6,5-hydroxytryptamine receptor 6,P50406,uniprot_swissprot,9606
uniprot:Q9Y624,ENSG00000158769,F11R,f11 receptor,Q9Y624,uniprot_swissprot,9606
uniprot:P22415,ENSG00000158773,USF1,upstream transcription factor 1,P22415,uniprot_swissprot,9606
uniprot:Q9BZM2,ENSG00000158786,PLA2G2F,phospholipase a2 group iif,Q9BZM2,uniprot_swissprot,9606
uniprot:Q86X76,ENSG00000158793,NIT1,nitrilase 1,Q86X76,uniprot_swissprot,9606
uniprot:Q8N554,ENSG00000158805,ZNF276,zinc finger protein 276,Q8N554,uniprot_swissprot,9606
uniprot:Q92838,ENSG00000158813,EDA,ectodysplasin a,Q92838,uniprot_swissprot,9606
uniprot:Q5TIE3,ENSG00000158816,VWA5B1,von willebrand factor a domain containing 5b1,Q5TIE3,uniprot_swissprot,9606
uniprot:P32320,ENSG00000158825,CDA,cytidine deaminase,P32320,uniprot_swissprot,9606
uniprot:Q08495,ENSG00000158856,DMTN,dematin actin binding protein,Q08495,uniprot_swissprot,9606
uniprot:O75173,ENSG00000158859,ADAMTS4,adam metallopeptidase with thrombospondin type 1 motif 4,O75173,uniprot_swissprot,9606
uniprot:O75306,ENSG00000158864,NDUFS2,nadh:ubiquinone oxidoreductase core subunit s2,O75306,uniprot_swissprot,9606
uniprot:Q8WWX8,ENSG00000158865,SLC5A11,solute carrier family 5 member 11,Q8WWX8,uniprot_swissprot,9606
uniprot:P30273,ENSG00000158869,FCER1G,fc epsilon receptor ig,P30273,uniprot_swissprot,9606
uniprot:Q8N163,ENSG00000158941,CCAR2,cell cycle and apoptosis regulator 2,Q8N163,uniprot_swissprot,9606
uniprot:O14905,ENSG00000158955,WNT9B,wnt family member 9b,O14905,uniprot_swissprot,9606
uniprot:Q5VU97,ENSG00000158966,CACHD1,cache domain containing 1,Q5VU97,uniprot_swissprot,9606
uniprot:Q9NRR3,ENSG00000158985,CDC42SE2,cdc42 small effector 2,Q9NRR3,uniprot_swissprot,9606
uniprot:Q8TEU7,ENSG00000158987,RAPGEF6,rap guanine nucleotide exchange factor 6,Q8TEU7,uniprot_swissprot,9606
uniprot:Q9NYP9,ENSG00000159055,MIS18A,mis18 kinetochore protein a,Q9NYP9,uniprot_swissprot,9606
uniprot:O43426,ENSG00000159082,SYNJ1,synaptojanin 1,O43426,uniprot_swissprot,9606
uniprot:P48551,ENSG00000159110,IFNAR2,interferon alpha and beta receptor subunit 2,P48551,uniprot_swissprot,9606
uniprot:Q7Z7H8,ENSG00000159111,MRPL10,mitochondrial ribosomal protein l10,Q7Z7H8,uniprot_swissprot,9606
uniprot:P38484,ENSG00000159128,IFNGR2,interferon gamma receptor 2,P38484,uniprot_swissprot,9606
uniprot:P22102,ENSG00000159131,GART,"phosphoribosylglycinamide formyltransferase, phosphoribosylglycinamide synthetase, phosphoribosylaminoimidazole synthetase",P22102,uniprot_swissprot,9606
uniprot:P18583,ENSG00000159140,SON,son dna and rna binding protein,P18583,uniprot_swissprot,9606
uniprot:Q7L0J3,ENSG00000159164,SV2A,synaptic vesicle glycoprotein 2a,Q7L0J3,uniprot_swissprot,9606
uniprot:P52823,ENSG00000159167,STC1,stanniocalcin 1,P52823,uniprot_swissprot,9606
uniprot:Q92826,ENSG00000159184,HOXB13,homeobox b13,Q92826,uniprot_swissprot,9606
uniprot:Q9Y6J6,ENSG00000159197,KCNE2,potassium voltage-gated channel subfamily e regulatory subunit 2,Q9Y6J6,uniprot_swissprot,9606
uniprot:P05496,ENSG00000159199,ATP5MC1,atp synthase membrane subunit c locus 1,P05496,uniprot_swissprot,9606
uniprot:P53805,ENSG00000159200,RCAN1,regulator of calcineurin 1,P53805,uniprot_swissprot,9606
uniprot:Q9H832,ENSG00000159202,UBE2Z,ubiquitin conjugating enzyme e2 z,Q9H832,uniprot_swissprot,9606
uniprot:Q96H20,ENSG00000159210,SNF8,snf8 subunit of escrt-ii,Q96H20,uniprot_swissprot,9606
uniprot:Q96NY7,ENSG00000159212,CLIC6,clic family member 6,Q96NY7,uniprot_swissprot,9606
uniprot:Q01196,ENSG00000159216,RUNX1,runx family transcription factor 1,Q01196,uniprot_swissprot,9606
uniprot:Q9NZI8,ENSG00000159217,IGF2BP1,insulin like growth factor 2 mrna binding protein 1,Q9NZI8,uniprot_swissprot,9606
uniprot:P09681,ENSG00000159224,GIP,gastric inhibitory polypeptide,P09681,uniprot_swissprot,9606
uniprot:O75828,ENSG00000159231,CBR3,carbonyl reductase 3,O75828,uniprot_swissprot,9606
uniprot:Q14149,ENSG00000159256,MORC3,morc family cw-type zinc finger 3,Q14149,uniprot_swissprot,9606
uniprot:O95500,ENSG00000159261,CLDN14,claudin 14,O95500,uniprot_swissprot,9606
uniprot:Q6ZUM4,ENSG00000159314,ARHGAP27,rho gtpase activating protein 27,Q6ZUM4,uniprot_swissprot,9606
uniprot:Q9BRR6,ENSG00000159322,ADPGK,adp dependent glucokinase,Q9BRR6,uniprot_swissprot,9606
uniprot:Q9UM07,ENSG00000159339,PADI4,peptidyl arginine deiminase 4,Q9UM07,uniprot_swissprot,9606
uniprot:Q96A54,ENSG00000159346,ADIPOR1,adiponectin receptor 1,Q96A54,uniprot_swissprot,9606
uniprot:P55036,ENSG00000159352,PSMD4,"proteasome 26s subunit ubiquitin receptor, non-atpase 4",P55036,uniprot_swissprot,9606
uniprot:Q9NQ11,ENSG00000159363,ATP13A2,atpase cation transporting 13a2,Q9NQ11,uniprot_swissprot,9606
uniprot:P28070,ENSG00000159377,PSMB4,proteasome 20s subunit beta 4,P28070,uniprot_swissprot,9606
uniprot:P78412,ENSG00000159387,IRX6,iroquois homeobox 6,P78412,uniprot_swissprot,9606
uniprot:P78543,ENSG00000159388,BTG2,btg anti-proliferation factor 2,P78543,uniprot_swissprot,9606
uniprot:Q6NT32,ENSG00000159398,CES5A,carboxylesterase 5a,Q6NT32,uniprot_swissprot,9606
uniprot:P52789,ENSG00000159399,HK2,hexokinase 2,P52789,uniprot_swissprot,9606
uniprot:A0A3B3ISR2,ENSG00000159403,C1R,complement c1r,A0A3B3ISR2,uniprot_trembl,9606
uniprot:Q5SZQ8,ENSG00000159409,CELF3,cugbp elav-like family member 3,Q5SZQ8,uniprot_swissprot,9606
uniprot:Q9UKV5,ENSG00000159461,AMFR,autocrine motility factor receptor,Q9UKV5,uniprot_swissprot,9606
uniprot:Q96G25,ENSG00000159479,MED8,mediator complex subunit 8,Q96G25,uniprot_swissprot,9606
uniprot:Q96PF1,ENSG00000159495,TGM7,transglutaminase 7,Q96PF1,uniprot_swissprot,9606
uniprot:Q96DX4,ENSG00000159579,RSPRY1,ring finger and spry domain containing 1,Q96DX4,uniprot_swissprot,9606
uniprot:Q9HC44,ENSG00000159592,GPBP1L1,gc-rich promoter binding protein 1 like 1,Q9HC44,uniprot_swissprot,9606
uniprot:Q5SWH9,ENSG00000159596,TMEM69,transmembrane protein 69,Q5SWH9,uniprot_swissprot,9606
uniprot:P12821,ENSG00000159640,ACE,angiotensin i converting enzyme,P12821,uniprot_swissprot,9606
uniprot:Q6URK8,ENSG00000159648,SPMIP8,sperm microtubule inner protein 8,Q6URK8,uniprot_swissprot,9606
uniprot:Q9BUD6,ENSG00000159674,SPON2,spondin 2,Q9BUD6,uniprot_swissprot,9606
uniprot:Q13363,ENSG00000159692,CTBP1,c-terminal binding protein 1,Q13363,uniprot_swissprot,9606
uniprot:Q9HCC9,ENSG00000159733,ZFYVE28,zinc finger fyve-type containing 28,Q9HCC9,uniprot_swissprot,9606
uniprot:Q86XD5,ENSG00000159784,FAM131B,family with sequence similarity 131 member b,Q86XD5,uniprot_swissprot,9606
uniprot:O14924,ENSG00000159788,RGS12,regulator of g protein signaling 12,O14924,uniprot_swissprot,9606
uniprot:P11801,ENSG00000159792,PSKH1,protein serine kinase h1,P11801,uniprot_swissprot,9606
uniprot:Q12979,ENSG00000159842,ABR,abr activator of rhogef and gtpase,Q12979,uniprot_swissprot,9606
uniprot:Q6UWN5,ENSG00000159871,LYPD5,ly6/plaur domain containing 5,Q6UWN5,uniprot_swissprot,9606
uniprot:Q8IWD4,ENSG00000159873,CCDC117,coiled-coil domain containing 117,Q8IWD4,uniprot_swissprot,9606
uniprot:Q8WV48,ENSG00000159884,CCDC107,coiled-coil domain containing 107,Q8WV48,uniprot_swissprot,9606
uniprot:Q9Y223,ENSG00000159921,GNE,glucosamine (udp-n-acetyl)-2-epimerase/n-acetylmannosamine kinase,Q9Y223,uniprot_swissprot,9606
uniprot:Q96RJ3,ENSG00000159958,TNFRSF13C,tnf receptor superfamily member 13c,Q96RJ3,uniprot_swissprot,9606
uniprot:Q9NRY4,ENSG00000160007,ARHGAP35,rho gtpase activating protein 35,Q9NRY4,uniprot_swissprot,9606
uniprot:P43119,ENSG00000160013,PTGIR,prostaglandin i2 receptor,P43119,uniprot_swissprot,9606
uniprot:Q5T0B9,ENSG00000160094,ZNF362,zinc finger protein 362,Q5T0B9,uniprot_swissprot,9606
uniprot:Q8NAU1,ENSG00000160097,FNDC5,fibronectin type iii domain containing 5,Q8NAU1,uniprot_swissprot,9606
uniprot:Q8IZJ3,ENSG00000160111,CPAMD8,c3 and pzp like alpha-2-macroglobulin domain containing 8,Q8IZJ3,uniprot_swissprot,9606
uniprot:P10588,ENSG00000160113,NR2F6,nuclear receptor subfamily 2 group f member 6,P10588,uniprot_swissprot,9606
uniprot:Q8NAG6,ENSG00000160117,ANKLE1,ankyrin repeat and lem domain containing 1,Q8NAG6,uniprot_swissprot,9606
uniprot:O60229,ENSG00000160145,KALRN,kalirin rhogef kinase,O60229,uniprot_swissprot,9606
uniprot:Q8IUL8,ENSG00000160161,CILP2,cartilage intermediate layer protein 2,Q8IUL8,uniprot_swissprot,9606
uniprot:P45844,ENSG00000160179,ABCG1,atp binding cassette subfamily g member 1,P45844,uniprot_swissprot,9606
uniprot:Q07654,ENSG00000160180,TFF3,trefoil factor 3,Q07654,uniprot_swissprot,9606
uniprot:Q03403,ENSG00000160181,TFF2,trefoil factor 2,Q03403,uniprot_swissprot,9606
uniprot:P04155,ENSG00000160182,TFF1,trefoil factor 1,P04155,uniprot_swissprot,9606
uniprot:P57727,ENSG00000160183,TMPRSS3,transmembrane serine protease 3,P57727,uniprot_swissprot,9606
uniprot:P57075,ENSG00000160185,UBASH3A,ubiquitin associated and sh3 domain containing a,P57075,uniprot_swissprot,9606
uniprot:O76083,ENSG00000160191,PDE9A,phosphodiesterase 9a,O76083,uniprot_swissprot,9606
uniprot:P56181,ENSG00000160194,NDUFV3,nadh:ubiquinone oxidoreductase subunit v3,P56181,uniprot_swissprot,9606
uniprot:P55347,ENSG00000160199,PKNOX1,pbx/knotted 1 homeobox 1,P55347,uniprot_swissprot,9606
uniprot:P35520,ENSG00000160200,CBS,cystathionine beta-synthase,P35520,uniprot_swissprot,9606
uniprot:Q01081,ENSG00000160201,U2AF1,u2 small nuclear rna auxiliary factor 1,Q01081,uniprot_swissprot,9606
uniprot:P02489,ENSG00000160202,CRYAA,crystallin alpha a,P02489,uniprot_swissprot,9606
uniprot:O75031,ENSG00000160207,HSF2BP,heat shock transcription factor 2 binding protein,O75031,uniprot_swissprot,9606
uniprot:Q14684,ENSG00000160208,RRP1B,ribosomal rna processing 1b,Q14684,uniprot_swissprot,9606
uniprot:O00764,ENSG00000160209,PDXK,pyridoxal kinase,O00764,uniprot_swissprot,9606
uniprot:P11413,ENSG00000160211,G6PD,glucose-6-phosphate dehydrogenase,P11413,uniprot_swissprot,9606
uniprot:P04080,ENSG00000160213,CSTB,cystatin b,P04080,uniprot_swissprot,9606
uniprot:P56182,ENSG00000160214,RRP1,ribosomal rna processing 1,P56182,uniprot_swissprot,9606
uniprot:O75144,ENSG00000160223,ICOSLG,inducible t cell costimulator ligand,O75144,uniprot_swissprot,9606
uniprot:O43918,ENSG00000160224,AIRE,autoimmune regulator,O43918,uniprot_swissprot,9606
uniprot:P05107,ENSG00000160255,ITGB2,integrin subunit beta 2,P05107,uniprot_swissprot,9606
uniprot:Q12967,ENSG00000160271,RALGDS,ral guanine nucleotide dissociation stimulator,Q12967,uniprot_swissprot,9606
uniprot:O95954,ENSG00000160282,FTCD,formimidoyltransferase cyclodeaminase,O95954,uniprot_swissprot,9606
uniprot:P52735,ENSG00000160293,VAV2,vav guanine nucleotide exchange factor 2,P52735,uniprot_swissprot,9606
uniprot:O60318,ENSG00000160294,MCM3AP,minichromosome maintenance complex component 3 associated protein,O60318,uniprot_swissprot,9606
uniprot:O95613,ENSG00000160299,PCNT,pericentrin,O95613,uniprot_swissprot,9606
uniprot:P04271,ENSG00000160307,S100B,s100 calcium binding protein b,P04271,uniprot_swissprot,9606
uniprot:O43345,ENSG00000160321,ZNF208,zinc finger protein 208,O43345,uniprot_swissprot,9606
uniprot:Q76LX8,ENSG00000160323,ADAMTS13,adam metallopeptidase with thrombospondin type 1 motif 13,Q76LX8,uniprot_swissprot,9606
uniprot:Q86YR5,ENSG00000160360,GPSM1,g protein signaling modulator 1,Q86YR5,uniprot_swissprot,9606
uniprot:Q96GR4,ENSG00000160446,ZDHHC12,zdhhc palmitoyltransferase 12,Q96GR4,uniprot_swissprot,9606
uniprot:Q6P5Z2,ENSG00000160447,PKN3,protein kinase n3,Q6P5Z2,uniprot_swissprot,9606
uniprot:Q7L7X3,ENSG00000160551,TAOK1,tao kinase 1,Q7L7X3,uniprot_swissprot,9606
uniprot:Q6P2C8,ENSG00000160563,MED27,mediator complex subunit 27,Q6P2C8,uniprot_swissprot,9606
uniprot:Q9Y2K2,ENSG00000160584,SIK3,sik family kinase 3,Q9Y2K2,uniprot_swissprot,9606
uniprot:Q16549,ENSG00000160613,PCSK7,proprotein convertase subtilisin/kexin type 7,Q16549,uniprot_swissprot,9606
uniprot:P23297,ENSG00000160678,S100A1,s100 calcium binding protein a1,P23297,uniprot_swissprot,9606
uniprot:P32302,ENSG00000160683,CXCR5,c-x-c motif chemokine receptor 5,P32302,uniprot_swissprot,9606
uniprot:O15156,ENSG00000160685,ZBTB7B,zinc finger and btb domain containing 7b,O15156,uniprot_swissprot,9606
uniprot:P29353,ENSG00000160691,SHC1,shc adaptor protein 1,P29353,uniprot_swissprot,9606
uniprot:A0A087WXL6,ENSG00000160695,VPS11,vps11 core subunit of corvet and hops complexes,A0A087WXL6,uniprot_trembl,9606
uniprot:P55265,ENSG00000160710,ADAR,adenosine deaminase rna specific,P55265,uniprot_swissprot,9606
uniprot:P08887,ENSG00000160712,IL6R,interleukin 6 receptor,P08887,uniprot_swissprot,9606
uniprot:P17787,ENSG00000160716,CHRNB2,cholinergic receptor nicotinic beta 2 subunit,P17787,uniprot_swissprot,9606
uniprot:P14324,ENSG00000160752,FDPS,farnesyl diphosphate synthase,P14324,uniprot_swissprot,9606
uniprot:Q9BVN2,ENSG00000160753,RUSC1,run and sh3 domain containing 1,Q9BVN2,uniprot_swissprot,9606
uniprot:P02545,ENSG00000160789,LMNA,lamin a/c,P02545,uniprot_swissprot,9606
uniprot:P51681,ENSG00000160791,CCR5,c-c motif chemokine receptor 5,P51681,uniprot_swissprot,9606
uniprot:Q6ZNJ1,ENSG00000160796,NBEAL2,neurobeachin like 2,Q6ZNJ1,uniprot_swissprot,9606
uniprot:Q03431,ENSG00000160801,PTH1R,parathyroid hormone 1 receptor,Q03431,uniprot_swissprot,9606
uniprot:P08590,ENSG00000160808,MYL3,myosin light chain 3,P08590,uniprot_swissprot,9606
uniprot:Q96P31,ENSG00000160856,FCRL3,fc receptor like 3,Q96P31,uniprot_swissprot,9606
uniprot:P25311,ENSG00000160862,AZGP1,"alpha-2-glycoprotein 1, zinc-binding",P25311,uniprot_swissprot,9606
uniprot:P22455,ENSG00000160867,FGFR4,fibroblast growth factor receptor 4,P22455,uniprot_swissprot,9606
uniprot:P08684,ENSG00000160868,CYP3A4,cytochrome p450 family 3 subfamily a member 4,P08684,uniprot_swissprot,9606
uniprot:P15538,ENSG00000160882,CYP11B1,cytochrome p450 family 11 subfamily b member 1,P15538,uniprot_swissprot,9606
uniprot:Q17RY6,ENSG00000160886,LY6K,lymphocyte antigen 6 family member k,Q17RY6,uniprot_swissprot,9606
uniprot:Q9UK41,ENSG00000160948,VPS28,vps28 subunit of escrt-i,Q9UK41,uniprot_swissprot,9606
uniprot:O94761,ENSG00000160957,RECQL4,recq like helicase 4,O94761,uniprot_swissprot,9606
uniprot:Q96JL9,ENSG00000160961,ZNF333,zinc finger protein 333,Q96JL9,uniprot_swissprot,9606
uniprot:Q96A83,ENSG00000160963,COL26A1,collagen type xxvi alpha 1 chain,Q96A83,uniprot_swissprot,9606
uniprot:Q96SN7,ENSG00000160991,ORAI2,orai calcium release-activated calcium modulator 2,Q96SN7,uniprot_swissprot,9606
uniprot:O14492,ENSG00000160999,SH2B2,sh2b adaptor protein 2,O14492,uniprot_swissprot,9606
uniprot:Q13501,ENSG00000161011,SQSTM1,sequestosome 1,Q13501,uniprot_swissprot,9606
uniprot:Q8NEE6,ENSG00000161040,FBXL13,f-box and leucine rich repeat protein 13,Q8NEE6,uniprot_swissprot,9606
uniprot:P35998,ENSG00000161057,PSMC2,"proteasome 26s subunit, atpase 2",P35998,uniprot_swissprot,9606
uniprot:Q8N6W0,ENSG00000161082,CELF5,cugbp elav-like family member 5,Q8N6W0,uniprot_swissprot,9606
ensembl:ENSG00000161133,ENSG00000161133,USP41P,"ubiquitin specific peptidase 41, pseudogene",,,9606
uniprot:A8MPS7,ENSG00000161179,YDJC,ydjc chitooligosaccharide deacetylase homolog,A8MPS7,uniprot_swissprot,9606
uniprot:Q8IYX3,ENSG00000161180,CCDC116,coiled-coil domain containing 116,Q8IYX3,uniprot_swissprot,9606
uniprot:Q92997,ENSG00000161202,DVL3,dishevelled segment polarity protein 3,Q92997,uniprot_swissprot,9606
uniprot:Q96CW1,ENSG00000161203,AP2M1,adaptor related protein complex 2 subunit mu 1,Q96CW1,uniprot_swissprot,9606
uniprot:Q9NUQ8,ENSG00000161204,ABCF3,atp binding cassette subfamily f member 3,Q9NUQ8,uniprot_swissprot,9606
uniprot:P49585,ENSG00000161217,PCYT1A,"phosphate cytidylyltransferase 1a, choline",P49585,uniprot_swissprot,9606
uniprot:Q02338,ENSG00000161267,BDH1,3-hydroxybutyrate dehydrogenase 1,Q02338,uniprot_swissprot,9606
uniprot:O60500,ENSG00000161270,NPHS1,"nphs1 adhesion molecule, nephrin",O60500,uniprot_swissprot,9606
uniprot:P24310,ENSG00000161281,COX7A1,cytochrome c oxidase subunit 7a1,P24310,uniprot_swissprot,9606
uniprot:Q96FM1,ENSG00000161395,PGAP3,post-gpi attachment to proteins phospholipase 3,Q96FM1,uniprot_swissprot,9606
uniprot:Q9UKT9,ENSG00000161405,IKZF3,ikaros family zinc finger 3,Q9UKT9,uniprot_swissprot,9606
uniprot:Q14957,ENSG00000161509,GRIN2C,glutamate ionotropic receptor nmda type subunit 2c,Q14957,uniprot_swissprot,9606
uniprot:Q15067,ENSG00000161533,ACOX1,acyl-coa oxidase 1,Q15067,uniprot_swissprot,9606
uniprot:Q01130,ENSG00000161547,SRSF2,serine and arginine rich splicing factor 2,Q01130,uniprot_swissprot,9606
uniprot:O43612,ENSG00000161610,HCRT,hypocretin neuropeptide precursor,O43612,uniprot_swissprot,9606
uniprot:P08648,ENSG00000161638,ITGA5,integrin subunit alpha 5,P08648,uniprot_swissprot,9606
uniprot:Q5UCC4,ENSG00000161671,EMC10,er membrane protein complex subunit 10,Q5UCC4,uniprot_swissprot,9606
uniprot:A8MVW0,ENSG00000161682,FAM171A2,family with sequence similarity 171 member a2,A8MVW0,uniprot_swissprot,9606
uniprot:Q8N3E9,ENSG00000161714,PLCD3,phospholipase c delta 3,Q8N3E9,uniprot_swissprot,9606
uniprot:Q8IVF7,ENSG00000161791,FMNL3,formin like 3,Q8IVF7,uniprot_swissprot,9606
uniprot:P55064,ENSG00000161798,AQP5,aquaporin 5,P55064,uniprot_swissprot,9606
uniprot:Q9H0H5,ENSG00000161800,RACGAP1,rac gtpase activating protein 1,Q9H0H5,uniprot_swissprot,9606
uniprot:Q71RC2,ENSG00000161813,LARP4,la ribonucleoprotein 4,Q71RC2,uniprot_swissprot,9606
uniprot:A0A087WZ13,ENSG00000161847,RAVER1,"ribonucleoprotein, ptb binding 1",A0A087WZ13,uniprot_trembl,9606
uniprot:Q8NBT2,ENSG00000161888,SPC24,spc24 component of ndc80 kinetochore complex,Q8NBT2,uniprot_swissprot,9606
uniprot:Q96PC2,ENSG00000161896,IP6K3,inositol hexakisphosphate kinase 3,Q96PC2,uniprot_swissprot,9606
uniprot:Q8NC56,ENSG00000161904,LEMD2,lem domain nuclear envelope protein 2,Q8NC56,uniprot_swissprot,9606
uniprot:P16050,ENSG00000161905,ALOX15,arachidonate 15-lipoxygenase,P16050,uniprot_swissprot,9606
uniprot:Q9H2A7,ENSG00000161921,CXCL16,c-x-c motif chemokine ligand 16,Q9H2A7,uniprot_swissprot,9606
uniprot:Q6UWF3,ENSG00000161929,SCIMP,slp adaptor and csk interacting membrane protein,Q6UWF3,uniprot_swissprot,9606
uniprot:O75888,ENSG00000161955,TNFSF13,tnf superfamily member 13,O75888,uniprot_swissprot,9606
uniprot:P35346,ENSG00000162009,SSTR5,somatostatin receptor 5,P35346,uniprot_swissprot,9606
uniprot:Q9ULP9,ENSG00000162065,TBC1D24,tbc1 domain family member 24,Q9ULP9,uniprot_swissprot,9606
uniprot:O60503,ENSG00000162104,ADCY9,adenylate cyclase 9,O60503,uniprot_swissprot,9606
uniprot:Q9UPX8,ENSG00000162105,SHANK2,sh3 and multiple ankyrin repeat domains 2,Q9UPX8,uniprot_swissprot,9606
uniprot:Q8NBI2,ENSG00000162144,CYB561A3,cytochrome b561 family member a3,Q8NBI2,uniprot_swissprot,9606
uniprot:Q7Z5V6,ENSG00000162148,SAXO4,stabilizer of axonemal microtubules 4,Q7Z5V6,uniprot_swissprot,9606
uniprot:P63215,ENSG00000162188,GNG3,g protein subunit gamma 3,P63215,uniprot_swissprot,9606
uniprot:Q86TM6,ENSG00000162298,SYVN1,synoviolin 1,Q86TM6,uniprot_swissprot,9606
uniprot:O75676,ENSG00000162302,RPS6KA4,ribosomal protein s6 kinase a4,O75676,uniprot_swissprot,9606
uniprot:O75197,ENSG00000162337,LRP5,ldl receptor related protein 5,O75197,uniprot_swissprot,9606
uniprot:Q8NHX9,ENSG00000162341,TPCN2,two pore segment channel 2,Q8NHX9,uniprot_swissprot,9606
uniprot:O95750,ENSG00000162344,FGF19,fibroblast growth factor 19,O95750,uniprot_swissprot,9606
uniprot:P17542,ENSG00000162367,TAL1,"tal bhlh transcription factor 1, erythroid differentiation factor",P17542,uniprot_swissprot,9606
uniprot:P30085,ENSG00000162368,CMPK1,cytidine/uridine monophosphate kinase 1,P30085,uniprot_swissprot,9606
uniprot:Q8WZ55,ENSG00000162399,BSND,barttin clcnk type accessory subunit beta,Q8WZ55,uniprot_swissprot,9606
uniprot:Q9UPU5,ENSG00000162402,USP24,ubiquitin specific peptidase 24,Q9UPU5,uniprot_swissprot,9606
uniprot:O14495,ENSG00000162407,PLPP3,phospholipid phosphatase 3,O14495,uniprot_swissprot,9606
uniprot:Q5SY16,ENSG00000162408,NOL9,nucleolar protein 9,Q5SY16,uniprot_swissprot,9606
uniprot:P54646,ENSG00000162409,PRKAA2,protein kinase amp-activated catalytic subunit alpha 2,P54646,uniprot_swissprot,9606
uniprot:Q9UJP4,ENSG00000162413,KLHL21,kelch like family member 21,Q9UJP4,uniprot_swissprot,9606
uniprot:Q9Y692,ENSG00000162419,GMEB1,glucocorticoid modulatory element binding protein 1,Q9Y692,uniprot_swissprot,9606
uniprot:Q9Y2W3,ENSG00000162426,SLC45A1,solute carrier family 45 member 1,Q9Y2W3,uniprot_swissprot,9606
uniprot:P27144,ENSG00000162433,AK4,adenylate kinase 4,P27144,uniprot_swissprot,9606
uniprot:P23458,ENSG00000162434,JAK1,janus kinase 1,P23458,uniprot_swissprot,9606
uniprot:Q96R05,ENSG00000162444,RBP7,retinol binding protein 7,Q96R05,uniprot_swissprot,9606
uniprot:Q8NBI3,ENSG00000162490,DRAXIN,dorsal inhibitory axon guidance protein,Q8NBI3,uniprot_swissprot,9606
uniprot:Q86YL7,ENSG00000162493,PDPN,podoplanin,Q86YL7,uniprot_swissprot,9606
uniprot:Q5VT99,ENSG00000162494,LRRC38,leucine rich repeat containing 38,Q5VT99,uniprot_swissprot,9606
uniprot:P21941,ENSG00000162510,MATN1,matrilin 1,P21941,uniprot_swissprot,9606
uniprot:Q13571,ENSG00000162511,LAPTM5,lysosomal protein transmembrane 5,Q13571,uniprot_swissprot,9606
uniprot:Q9H7C4,ENSG00000162520,SYNC,"syncoilin, intermediate filament protein",Q9H7C4,uniprot_swissprot,9606
uniprot:Q09028,ENSG00000162521,RBBP4,"rb binding protein 4, chromatin remodeling factor",Q09028,uniprot_swissprot,9606
uniprot:Q9P206,ENSG00000162522,NHSL3,nhs like 3,Q9P206,uniprot_swissprot,9606
uniprot:Q7Z7J9,ENSG00000162545,CAMK2N1,calcium/calmodulin dependent protein kinase ii inhibitor 1,Q7Z7J9,uniprot_swissprot,9606
uniprot:P05186,ENSG00000162551,ALPL,"alkaline phosphatase, biomineralization associated",P05186,uniprot_swissprot,9606
uniprot:P56705,ENSG00000162552,WNT4,wnt family member 4,P56705,uniprot_swissprot,9606
uniprot:Q6ZVT0,ENSG00000162571,TTLL10,tubulin tyrosine ligase like 10,Q6ZVT0,uniprot_swissprot,9606
uniprot:Q6NZ36,ENSG00000162585,FAAP20,fa core complex associated protein 20,Q6NZ36,uniprot_swissprot,9606
uniprot:Q5VWK5,ENSG00000162594,IL23R,interleukin 23 receptor,Q5VWK5,uniprot_swissprot,9606
uniprot:Q8N0U7,ENSG00000162598,C1ORF87,chromosome 1 open reading frame 87,Q8N0U7,uniprot_swissprot,9606
uniprot:Q12857,ENSG00000162599,NFIA,nuclear factor i a,Q12857,uniprot_swissprot,9606
uniprot:Q96E52,ENSG00000162600,OMA1,oma1 zinc metallopeptidase,Q96E52,uniprot_swissprot,9606
uniprot:O94782,ENSG00000162607,USP1,ubiquitin specific peptidase 1,O94782,uniprot_swissprot,9606
uniprot:Q96AE4,ENSG00000162613,FUBP1,far upstream element binding protein 1,Q96AE4,uniprot_swissprot,9606
uniprot:Q9UDY4,ENSG00000162616,DNAJB4,dnaj heat shock protein family (hsp40) member b4,Q9UDY4,uniprot_swissprot,9606
uniprot:Q9UNH6,ENSG00000162627,SNX7,sorting nexin 7,Q9UNH6,uniprot_swissprot,9606
uniprot:O43825,ENSG00000162630,B3GALT2,"beta-1,3-galactosyltransferase 2",O43825,uniprot_swissprot,9606
uniprot:Q9Y2I2,ENSG00000162631,NTNG1,netrin g1,Q9Y2I2,uniprot_swissprot,9606
uniprot:Q8N6N3,ENSG00000162642,C1ORF52,chromosome 1 open reading frame 52,Q8N6N3,uniprot_swissprot,9606
uniprot:P32456,ENSG00000162645,GBP2,guanylate binding protein 2,P32456,uniprot_swissprot,9606
uniprot:Q76B58,ENSG00000162670,BRINP3,bmp/retinoic acid inducible neural specific 3,Q76B58,uniprot_swissprot,9606
uniprot:Q99684,ENSG00000162676,GFI1,growth factor independent 1 transcriptional repressor,Q99684,uniprot_swissprot,9606
uniprot:Q6UVM3,ENSG00000162687,KCNT2,potassium sodium-activated channel subfamily t member 2,Q6UVM3,uniprot_swissprot,9606
uniprot:P19320,ENSG00000162692,VCAM1,vascular cell adhesion molecule 1,P19320,uniprot_swissprot,9606
uniprot:Q9Y2X9,ENSG00000162702,ZNF281,zinc finger protein 281,Q9Y2X9,uniprot_swissprot,9606
uniprot:Q8N126,ENSG00000162706,CADM3,cell adhesion molecule 3,Q8N126,uniprot_swissprot,9606
uniprot:A0A2R8YEG7,ENSG00000162711,NLRP3,nlr family pyrin domain containing 3,A0A2R8YEG7,uniprot_trembl,9606
uniprot:Q16832,ENSG00000162733,DDR2,discoidin domain receptor tyrosine kinase 2,Q16832,uniprot_swissprot,9606
uniprot:Q92542,ENSG00000162736,NCSTN,nicastrin,Q92542,uniprot_swissprot,9606
uniprot:Q9ULK5,ENSG00000162738,VANGL2,vangl planar cell polarity protein 2,Q9ULK5,uniprot_swissprot,9606
uniprot:Q96DU3,ENSG00000162739,SLAMF6,slam family member 6,Q96DU3,uniprot_swissprot,9606
uniprot:Q6BAA4,ENSG00000162746,FCRLB,fc receptor like b,Q6BAA4,uniprot_swissprot,9606
uniprot:O75015,ENSG00000162747,FCGR3B,fc gamma receptor iiib,O75015,uniprot_swissprot,9606
uniprot:Q5TAH2,ENSG00000162753,SLC9C2,solute carrier family 9 member c2 (putative),Q5TAH2,uniprot_swissprot,9606
uniprot:Q8TE12,ENSG00000162761,LMX1A,lim homeobox transcription factor 1 alpha,Q8TE12,uniprot_swissprot,9606
uniprot:P18847,ENSG00000162772,ATF3,activating transcription factor 3,P18847,uniprot_swissprot,9606
uniprot:Q96T37,ENSG00000162775,RBM15,rna binding motif protein 15,Q96T37,uniprot_swissprot,9606
uniprot:Q9H6A0,ENSG00000162777,DENND2D,denn domain containing 2d,Q9H6A0,uniprot_swissprot,9606
uniprot:Q5T1B0,ENSG00000162779,AXDND1,axonemal dynein light chain domain containing 1,Q5T1B0,uniprot_swissprot,9606
uniprot:Q96L03,ENSG00000162814,SPATA17,spermatogenesis associated 17,Q96L03,uniprot_swissprot,9606
uniprot:Q2KJY2,ENSG00000162849,KIF26B,kinesin family member 26b,Q2KJY2,uniprot_swissprot,9606
uniprot:Q6ZMI0,ENSG00000162869,PPP1R21,protein phosphatase 1 regulatory subunit 21,Q6ZMI0,uniprot_swissprot,9606
uniprot:Q6GTS8,ENSG00000162877,PM20D1,peptidase m20 domain containing 1,Q6GTS8,uniprot_swissprot,9606
uniprot:Q504Y2,ENSG00000162878,PKDCC,"protein kinase domain containing, cytoplasmic",Q504Y2,uniprot_swissprot,9606
uniprot:Q8TDS5,ENSG00000162881,OXER1,oxoeicosanoid receptor 1,Q8TDS5,uniprot_swissprot,9606
uniprot:P46952,ENSG00000162882,HAAO,"3-hydroxyanthranilate 3,4-dioxygenase",P46952,uniprot_swissprot,9606
uniprot:Q8NCR0,ENSG00000162885,B3GALNT2,"beta-1,3-n-acetylgalactosaminyltransferase 2",Q8NCR0,uniprot_swissprot,9606
uniprot:Q9NYY1,ENSG00000162891,IL20,interleukin 20,Q9NYY1,uniprot_swissprot,9606
uniprot:Q13007,ENSG00000162892,IL24,interleukin 24,Q13007,uniprot_swissprot,9606
uniprot:P01833,ENSG00000162896,PIGR,polymeric immunoglobulin receptor,P01833,uniprot_swissprot,9606
uniprot:P17655,ENSG00000162909,CAPN2,calpain 2,P17655,uniprot_swissprot,9606
uniprot:Q7Z7F7,ENSG00000162910,MRPL55,mitochondrial ribosomal protein l55,Q7Z7F7,uniprot_swissprot,9606
uniprot:Q9H7D7,ENSG00000162923,WDR26,wd repeat domain 26,Q9H7D7,uniprot_swissprot,9606
uniprot:Q04864,ENSG00000162924,REL,"rel proto-oncogene, nf-kb subunit",Q04864,uniprot_swissprot,9606
uniprot:Q3MIT2,ENSG00000162927,PUS10,pseudouridine synthase 10,Q3MIT2,uniprot_swissprot,9606
uniprot:Q92968,ENSG00000162928,PEX13,peroxisomal biogenesis factor 13,Q92968,uniprot_swissprot,9606
uniprot:Q52LD8,ENSG00000162944,RFTN2,raftlin family member 2,Q52LD8,uniprot_swissprot,9606
uniprot:Q9NRI5,ENSG00000162946,DISC1,disc1 scaffold protein,Q9NRI5,uniprot_swissprot,9606
uniprot:Q6MZZ7,ENSG00000162949,CAPN13,calpain 13,Q6MZZ7,uniprot_swissprot,9606
uniprot:Q9Y316,ENSG00000162959,MEMO1,mediator of cell motility 1,Q9Y316,uniprot_swissprot,9606
uniprot:Q9C005,ENSG00000162961,DPY30,dpy-30 histone methyltransferase complex regulatory subunit,Q9C005,uniprot_swissprot,9606
uniprot:Q96KN4,ENSG00000162981,LRATD1,lrat domain containing 1,Q96KN4,uniprot_swissprot,9606
uniprot:P48549,ENSG00000162989,KCNJ3,potassium inwardly rectifying channel subfamily j member 3,P48549,uniprot_swissprot,9606
uniprot:Q13562,ENSG00000162992,NEUROD1,neuronal differentiation 1,Q13562,uniprot_swissprot,9606
uniprot:Q8NFH5,ENSG00000163002,NUP35,nucleoporin 35,Q8NFH5,uniprot_swissprot,9606
uniprot:Q8NEG5,ENSG00000163012,ZSWIM2,zinc finger swim-type containing 2,Q8NEG5,uniprot_swissprot,9606
uniprot:Q9H6R7,ENSG00000163026,WDCP,wd repeat and coiled coil containing,Q9H6R7,uniprot_swissprot,9606
uniprot:P62760,ENSG00000163032,VSNL1,visinin like 1,P62760,uniprot_swissprot,9606
uniprot:Q05925,ENSG00000163064,EN1,engrailed homeobox 1,Q05925,uniprot_swissprot,9606
uniprot:Q16585,ENSG00000163069,SGCB,sarcoglycan beta,Q16585,uniprot_swissprot,9606
uniprot:Q8TC71,ENSG00000163071,SPATA18,spermatogenesis associated 18,Q8TC71,uniprot_swissprot,9606
uniprot:Q4G0U5,ENSG00000163075,CFAP221,cilia and flagella associated protein 221,Q4G0U5,uniprot_swissprot,9606
uniprot:P09529,ENSG00000163083,INHBB,inhibin subunit beta b,P09529,uniprot_swissprot,9606
ensembl:ENSG00000163098,ENSG00000163098,BIRC8,baculoviral iap repeat containing 8,,,9606
uniprot:Q9H4L7,ENSG00000163104,SMARCAD1,snf2 related chromatin remodeling atpase with dexd box 1,Q9H4L7,uniprot_swissprot,9606
uniprot:Q96HC4,ENSG00000163110,PDLIM5,pdz and lim domain 5,Q96HC4,uniprot_swissprot,9606
uniprot:P29803,ENSG00000163114,PDHA2,pyruvate dehydrogenase e1 subunit alpha 2,P29803,uniprot_swissprot,9606
uniprot:Q8N412,ENSG00000163116,STPG2,sperm tail pg-rich repeat containing 2,Q8N412,uniprot_swissprot,9606
uniprot:P25774,ENSG00000163131,CTSS,cathepsin s,P25774,uniprot_swissprot,9606
uniprot:P28360,ENSG00000163132,MSX1,msh homeobox 1,P28360,uniprot_swissprot,9606
uniprot:Q7Z465,ENSG00000163141,BNIPL,bcl2 interacting protein like,Q7Z465,uniprot_swissprot,9606
uniprot:Q6P589,ENSG00000163154,TIPE2,tnf alpha induced protein 8 like 2,Q6P589,uniprot_swissprot,9606
uniprot:Q9NZQ9,ENSG00000163157,TMOD4,tropomodulin 4,Q9NZQ9,uniprot_swissprot,9606
uniprot:Q15906,ENSG00000163159,VPS72,vacuolar protein sorting 72 homolog,Q15906,uniprot_swissprot,9606
uniprot:P19447,ENSG00000163161,ERCC3,"ercc excision repair 3, tfiih core complex helicase subunit",P19447,uniprot_swissprot,9606
uniprot:Q9UKI2,ENSG00000163171,CDC42EP3,cdc42 effector protein 3,Q9UKI2,uniprot_swissprot,9606
uniprot:P31949,ENSG00000163191,S100A11,s100 calcium binding protein a11,P31949,uniprot_swissprot,9606
uniprot:P42331,ENSG00000163219,ARHGAP25,rho gtpase activating protein 25,P42331,uniprot_swissprot,9606
uniprot:P06702,ENSG00000163220,S100A9,s100 calcium binding protein a9,P06702,uniprot_swissprot,9606
uniprot:P80511,ENSG00000163221,S100A12,s100 calcium binding protein a12,P80511,uniprot_swissprot,9606
uniprot:Q8N7R7,ENSG00000163249,CCNYL1,cyclin y like 1,Q8N7R7,uniprot_swissprot,9606
uniprot:Q9NXF7,ENSG00000163257,DCAF16,ddb1 and cul4 associated factor 16,Q9NXF7,uniprot_swissprot,9606
uniprot:Q8TDQ7,ENSG00000163281,GNPDA2,glucosamine-6-phosphate deaminase 2,Q8TDQ7,uniprot_swissprot,9606
uniprot:Q8N1C3,ENSG00000163285,GABRG1,gamma-aminobutyric acid type a receptor subunit gamma1,Q8N1C3,uniprot_swissprot,9606
uniprot:P18505,ENSG00000163288,GABRB1,gamma-aminobutyric acid type a receptor subunit beta1,P18505,uniprot_swissprot,9606
uniprot:Q6NVV3,ENSG00000163293,NIPAL1,nipa like domain containing 1,Q6NVV3,uniprot_swissprot,9606
uniprot:P58335,ENSG00000163297,ANTXR2,antxr cell adhesion molecule 2,P58335,uniprot_swissprot,9606
uniprot:Q9Y3D5,ENSG00000163319,MRPS18C,mitochondrial ribosomal protein s18c,Q9Y3D5,uniprot_swissprot,9606
uniprot:Q9UFW8,ENSG00000163320,CGGBP1,cgg triplet repeat binding protein 1,Q9UFW8,uniprot_swissprot,9606
uniprot:Q6UWZ7,ENSG00000163322,ABRAXAS1,"abraxas 1, brca1 a complex subunit",Q6UWZ7,uniprot_swissprot,9606
uniprot:O95832,ENSG00000163347,CLDN1,claudin 1,O95832,uniprot_swissprot,9606
uniprot:Q9BRQ0,ENSG00000163348,PYGO2,pygopus family phd finger 2,Q9BRQ0,uniprot_swissprot,9606
uniprot:Q86Z02,ENSG00000163349,HIPK1,homeodomain interacting protein kinase 1,Q86Z02,uniprot_swissprot,9606
uniprot:P12111,ENSG00000163359,COL6A3,collagen type vi alpha 3 chain,P12111,uniprot_swissprot,9606
uniprot:Q3KP66,ENSG00000163362,INAVA,innate immunity activator,Q3KP66,uniprot_swissprot,9606
uniprot:Q8NFY9,ENSG00000163376,KBTBD8,kelch repeat and btb domain containing 8,Q8NFY9,uniprot_swissprot,9606
uniprot:Q96LR4,ENSG00000163377,TAFA4,tafa chemokine like family member 4,Q96LR4,uniprot_swissprot,9606
uniprot:P32238,ENSG00000163394,CCKAR,cholecystokinin a receptor,P32238,uniprot_swissprot,9606
uniprot:P05023,ENSG00000163399,ATP1A1,atpase na+/k+ transporting subunit alpha 1,P05023,uniprot_swissprot,9606
uniprot:Q16348,ENSG00000163406,SLC15A2,solute carrier family 15 member 2,Q16348,uniprot_swissprot,9606
uniprot:Q8N5X7,ENSG00000163412,EIF4E3,eukaryotic translation initiation factor 4e family member 3,Q8N5X7,uniprot_swissprot,9606
uniprot:Q9HC23,ENSG00000163421,PROK2,prokineticin 2,Q9HC23,uniprot_swissprot,9606
uniprot:Q12841,ENSG00000163430,FSTL1,follistatin like 1,Q12841,uniprot_swissprot,9606
uniprot:P29536,ENSG00000163431,LMOD1,leiomodin 1,P29536,uniprot_swissprot,9606
uniprot:P78545,ENSG00000163435,ELF3,e74 like ets transcription factor 3,P78545,uniprot_swissprot,9606
uniprot:Q8N4E4,ENSG00000163440,PDCL2,phosducin like 2,Q8N4E4,uniprot_swissprot,9606
uniprot:Q16270,ENSG00000163453,IGFBP7,insulin like growth factor binding protein 7,Q16270,uniprot_swissprot,9606
uniprot:Q7Z4K8,ENSG00000163462,TRIM46,tripartite motif containing 46,Q7Z4K8,uniprot_swissprot,9606
uniprot:P25024,ENSG00000163464,CXCR1,c-x-c motif chemokine receptor 1,P25024,uniprot_swissprot,9606
uniprot:O15144,ENSG00000163466,ARPC2,actin related protein 2/3 complex subunit 2,O15144,uniprot_swissprot,9606
uniprot:P49368,ENSG00000163468,CCT3,chaperonin containing tcp1 subunit 3,P49368,uniprot_swissprot,9606
uniprot:P30542,ENSG00000163485,ADORA1,adenosine a1 receptor,P30542,uniprot_swissprot,9606
uniprot:Q6ZWH5,ENSG00000163491,NEK10,nima related kinase 10,Q6ZWH5,uniprot_swissprot,9606
uniprot:Q99581,ENSG00000163497,FEV,"fev transcription factor, ets family member",Q99581,uniprot_swissprot,9606
uniprot:P53672,ENSG00000163499,CRYBA2,crystallin beta a2,P53672,uniprot_swissprot,9606
uniprot:Q8TCG1,ENSG00000163507,CIP2A,cellular inhibitor of pp2a,Q8TCG1,uniprot_swissprot,9606
uniprot:O95936,ENSG00000163508,EOMES,eomesodermin,O95936,uniprot_swissprot,9606
uniprot:Q9H6S1,ENSG00000163512,AZI2,5-azacytidine induced 2,Q9H6S1,uniprot_swissprot,9606
uniprot:P37173,ENSG00000163513,TGFBR2,transforming growth factor beta receptor 2,P37173,uniprot_swissprot,9606
uniprot:Q9BQ08,ENSG00000163515,RETNLB,resistin like beta,Q9BQ08,uniprot_swissprot,9606
uniprot:Q9H8Y5,ENSG00000163516,ANKZF1,ankyrin repeat and zinc finger peptidyl trna hydrolase 1,Q9H8Y5,uniprot_swissprot,9606
uniprot:Q96DB2,ENSG00000163517,HDAC11,histone deacetylase 11,Q96DB2,uniprot_swissprot,9606
uniprot:Q96PJ5,ENSG00000163518,FCRL4,fc receptor like 4,Q96PJ5,uniprot_swissprot,9606
uniprot:P98095,ENSG00000163520,FBLN2,fibulin 2,P98095,uniprot_swissprot,9606
uniprot:Q8TCJ2,ENSG00000163527,STT3B,stt3 oligosaccharyltransferase complex catalytic subunit b,Q8TCJ2,uniprot_swissprot,9606
uniprot:Q8N4Q1,ENSG00000163528,CHCHD4,coiled-coil-helix-coiled-coil-helix domain containing 4,Q8N4Q1,uniprot_swissprot,9606
uniprot:Q99574,ENSG00000163536,SERPINI1,serpin family i member 1,Q99574,uniprot_swissprot,9606
uniprot:Q9H093,ENSG00000163545,NUAK2,nuak family kinase 2,Q9H093,uniprot_swissprot,9606
uniprot:P02549,ENSG00000163554,SPTA1,"spectrin alpha, erythrocytic 1",P02549,uniprot_swissprot,9606
uniprot:P41743,ENSG00000163558,PRKCI,protein kinase c iota,P41743,uniprot_swissprot,9606
uniprot:Q6K0P9,ENSG00000163564,PYHIN1,pyrin and hin domain family member 1,Q6K0P9,uniprot_swissprot,9606
uniprot:Q16666,ENSG00000163565,IFI16,interferon gamma inducible protein 16,Q16666,uniprot_swissprot,9606
uniprot:O14862,ENSG00000163568,AIM2,absent in melanoma 2,O14862,uniprot_swissprot,9606
uniprot:Q9GZV4,ENSG00000163577,EIF5A2,eukaryotic translation initiation factor 5a2,Q9GZV4,uniprot_swissprot,9606
uniprot:P11168,ENSG00000163581,SLC2A2,solute carrier family 2 member 2,P11168,uniprot_swissprot,9606
uniprot:Q6P5R6,ENSG00000163584,RPL22L1,ribosomal protein l22 like 1,Q6P5R6,uniprot_swissprot,9606
uniprot:P07148,ENSG00000163586,FABP1,fatty acid binding protein 1,P07148,uniprot_swissprot,9606
uniprot:Q5SGD2,ENSG00000163590,PPM1L,"protein phosphatase, mg2+/mn2+ dependent 1l",Q5SGD2,uniprot_swissprot,9606
uniprot:Q8NDH6,ENSG00000163596,ICA1L,islet cell autoantigen 1 like,Q8NDH6,uniprot_swissprot,9606
uniprot:P16410,ENSG00000163599,CTLA4,cytotoxic t-lymphocyte associated protein 4,P16410,uniprot_swissprot,9606
uniprot:Q9Y6W8,ENSG00000163600,ICOS,inducible t cell costimulator,Q9Y6W8,uniprot_swissprot,9606
uniprot:Q8N488,ENSG00000163602,RYBP,ring1 and yy1 binding protein,Q8N488,uniprot_swissprot,9606
uniprot:Q8TD46,ENSG00000163606,CD200R1,cd200 receptor 1,Q8TD46,uniprot_swissprot,9606
uniprot:Q9ULU8,ENSG00000163618,CADPS,calcium dependent secretion activator,Q9ULU8,uniprot_swissprot,9606
uniprot:P78426,ENSG00000163623,NKX6-1,nk6 homeobox 1,P78426,uniprot_swissprot,9606
uniprot:Q92903,ENSG00000163624,CDS1,cdp-diacylglycerol synthase 1,Q92903,uniprot_swissprot,9606
uniprot:Q8IZQ1,ENSG00000163625,WDFY3,wd repeat and fyve domain containing 3,Q8IZQ1,uniprot_swissprot,9606
uniprot:Q12923,ENSG00000163629,PTPN13,protein tyrosine phosphatase non-receptor type 13,Q12923,uniprot_swissprot,9606
uniprot:Q8TBG9,ENSG00000163630,SYNPR,synaptoporin,Q8TBG9,uniprot_swissprot,9606
uniprot:P02768,ENSG00000163631,ALB,albumin,P02768,uniprot_swissprot,9606
uniprot:Q6I9Y2,ENSG00000163634,THOC7,tho complex subunit 7,Q6I9Y2,uniprot_swissprot,9606
uniprot:O15265,ENSG00000163635,ATXN7,ataxin 7,O15265,uniprot_swissprot,9606
uniprot:Q15008,ENSG00000163636,PSMD6,"proteasome 26s subunit, non-atpase 6",Q15008,uniprot_swissprot,9606
uniprot:Q9P2N4,ENSG00000163638,ADAMTS9,adam metallopeptidase with thrombospondin type 1 motif 9,Q9P2N4,uniprot_swissprot,9606
uniprot:Q8N3J5,ENSG00000163644,PPM1K,"protein phosphatase, mg2+/mn2+ dependent 1k",Q8N3J5,uniprot_swissprot,9606
uniprot:Q7L0X2,ENSG00000163645,ERICH6,glutamate rich 6,Q7L0X2,uniprot_swissprot,9606
uniprot:P49915,ENSG00000163655,GMPS,guanosine monophosphate synthase,P49915,uniprot_swissprot,9606
uniprot:Q7Z3E1,ENSG00000163659,TIPARP,tcdd inducible poly(adp-ribose) polymerase,Q7Z3E1,uniprot_swissprot,9606
uniprot:Q9UK58,ENSG00000163660,CCNL1,cyclin l1,Q9UK58,uniprot_swissprot,9606
uniprot:P26022,ENSG00000163661,PTX3,pentraxin 3,P26022,uniprot_swissprot,9606
uniprot:Q9C098,ENSG00000163673,DCLK3,doublecortin like kinase 3,Q9C098,uniprot_swissprot,9606
uniprot:Q14BN4,ENSG00000163681,SLMAP,sarcolemma associated protein,Q14BN4,uniprot_swissprot,9606
uniprot:Q96QK8,ENSG00000163683,SMIM14,small integral membrane protein 14,Q96QK8,uniprot_swissprot,9606
uniprot:O95059,ENSG00000163684,RPP14,ribonuclease p/mrp subunit p14,O95059,uniprot_swissprot,9606
uniprot:Q9BV23,ENSG00000163686,ABHD6,"abhydrolase domain containing 6, acylglycerol lipase",Q9BV23,uniprot_swissprot,9606
uniprot:Q13609,ENSG00000163687,DNASE1L3,deoxyribonuclease 1l3,Q13609,uniprot_swissprot,9606
uniprot:Q6ZVT6,ENSG00000163689,CFAP20DC,cfap20 domain containing,Q6ZVT6,uniprot_swissprot,9606
uniprot:A0AV96,ENSG00000163694,RBM47,rna binding motif protein 47,A0AV96,uniprot_swissprot,9606
uniprot:Q96PS1,ENSG00000163705,FANCD2OS,fancd2 opposite strand,Q96PS1,uniprot_swissprot,9606
uniprot:Q8NCE2,ENSG00000163719,MTMR14,myotubularin related protein 14,Q8NCE2,uniprot_swissprot,9606
uniprot:P19876,ENSG00000163734,CXCL3,c-x-c motif chemokine ligand 3,P19876,uniprot_swissprot,9606
uniprot:P42830,ENSG00000163735,CXCL5,c-x-c motif chemokine ligand 5,P42830,uniprot_swissprot,9606
uniprot:P02775,ENSG00000163736,PPBP,pro-platelet basic protein,P02775,uniprot_swissprot,9606
uniprot:P09341,ENSG00000163739,CXCL1,c-x-c motif chemokine ligand 1,P09341,uniprot_swissprot,9606
uniprot:Q969F9,ENSG00000163755,HPS3,hps3 biogenesis of lysosomal organelles complex 2 subunit 1,Q969F9,uniprot_swissprot,9606
uniprot:Q92547,ENSG00000163781,TOPBP1,dna topoisomerase ii binding protein 1,Q92547,uniprot_swissprot,9606
uniprot:P34925,ENSG00000163785,RYK,receptor like tyrosine kinase,P34925,uniprot_swissprot,9606
uniprot:Q9NRH2,ENSG00000163788,SNRK,snf related kinase,Q9NRH2,uniprot_swissprot,9606
uniprot:Q8N8E2,ENSG00000163795,ZNF513,zinc finger protein 513,Q8N8E2,uniprot_swissprot,9606
uniprot:Q6P1J6,ENSG00000163803,PLB1,phospholipase b1,Q6P1J6,uniprot_swissprot,9606
uniprot:Q5MJ70,ENSG00000163806,SPDYA,speedy/ringo cell cycle regulator family member a,Q5MJ70,uniprot_swissprot,9606
uniprot:Q9NS87,ENSG00000163808,KIF15,kinesin family member 15,Q9NS87,uniprot_swissprot,9606
uniprot:P49221,ENSG00000163810,TGM4,transglutaminase 4,P49221,uniprot_swissprot,9606
uniprot:Q15061,ENSG00000163811,WDR43,wd repeat domain 43,Q15061,uniprot_swissprot,9606
uniprot:Q9H5V8,ENSG00000163814,CDCP1,cub domain containing protein 1,Q9H5V8,uniprot_swissprot,9606
uniprot:P05452,ENSG00000163815,CLEC3B,c-type lectin domain family 3 member b,P05452,uniprot_swissprot,9606
uniprot:P32246,ENSG00000163823,CCR1,c-c motif chemokine receptor 1,P32246,uniprot_swissprot,9606
uniprot:Q9UQR1,ENSG00000163848,ZNF148,zinc finger protein 148,Q9UQR1,uniprot_swissprot,9606
uniprot:Q9ULM3,ENSG00000163872,YEATS2,yeats domain containing 2,Q9ULM3,uniprot_swissprot,9606
uniprot:Q13003,ENSG00000163873,GRIK3,glutamate ionotropic receptor kainate type subunit 3,Q13003,uniprot_swissprot,9606
uniprot:Q8TAD8,ENSG00000163877,SNIP1,smad nuclear interacting protein 1,Q8TAD8,uniprot_swissprot,9606
uniprot:O14645,ENSG00000163879,DNALI1,dynein axonemal light intermediate chain 1,O14645,uniprot_swissprot,9606
uniprot:Q9UIH9,ENSG00000163884,KLF15,klf transcription factor 15,Q9UIH9,uniprot_swissprot,9606
uniprot:Q8WWY8,ENSG00000163898,LIPH,lipase h,Q8WWY8,uniprot_swissprot,9606
uniprot:P04843,ENSG00000163902,RPN1,ribophorin i,P04843,uniprot_swissprot,9606
uniprot:Q9HC62,ENSG00000163904,SENP2,sumo specific peptidase 2,Q9HC62,uniprot_swissprot,9606
uniprot:Q96EH5,ENSG00000163923,RPL39L,ribosomal protein l39 like,Q96EH5,uniprot_swissprot,9606
uniprot:Q92560,ENSG00000163930,BAP1,brca1 associated deubiquitinase 1,Q92560,uniprot_swissprot,9606
uniprot:P29401,ENSG00000163931,TKT,transketolase,P29401,uniprot_swissprot,9606
uniprot:Q05655,ENSG00000163932,PRKCD,protein kinase c delta,Q05655,uniprot_swissprot,9606
uniprot:Q96AA3,ENSG00000163933,RFT1,rft1 glycolipid translocator homolog,Q96AA3,uniprot_swissprot,9606
uniprot:Q9UHJ3,ENSG00000163935,SFMBT1,scm like with four mbt domains 1,Q9UHJ3,uniprot_swissprot,9606
uniprot:Q9BVP2,ENSG00000163938,GNL3,g protein nucleolar 3,Q9BVP2,uniprot_swissprot,9606
uniprot:Q86U86,ENSG00000163939,PBRM1,polybromo 1,Q86U86,uniprot_swissprot,9606
uniprot:Q2YD98,ENSG00000163945,UVSSA,uv stimulated scaffold protein a,Q2YD98,uniprot_swissprot,9606
uniprot:Q9UK61,ENSG00000163946,TASOR,transcription activation suppressor,Q9UK61,uniprot_swissprot,9606
uniprot:Q9NR81,ENSG00000163947,ARHGEF3,rho guanine nucleotide exchange factor 3,Q9NR81,uniprot_swissprot,9606
uniprot:Q8WVZ1,ENSG00000163958,ZDHHC19,zdhhc palmitoyltransferase 19,Q8WVZ1,uniprot_swissprot,9606
uniprot:Q8IYW5,ENSG00000163961,RNF168,ring finger protein 168,Q8IYW5,uniprot_swissprot,9606
uniprot:P25815,ENSG00000163993,S100P,s100 calcium binding protein p,P25815,uniprot_swissprot,9606
uniprot:Q96PL5,ENSG00000164010,ERMAP,erythroblast membrane associated protein (scianna blood group),Q96PL5,uniprot_swissprot,9606
uniprot:Q12904,ENSG00000164022,AIMP1,aminoacyl trna synthetase complex interacting multifunctional protein 1,Q12904,uniprot_swissprot,9606
uniprot:Q8NHU3,ENSG00000164023,SGMS2,sphingomyelin synthase 2,Q8NHU3,uniprot_swissprot,9606
uniprot:Q4ZJI4,ENSG00000164037,SLC9B1,solute carrier family 9 member b1,Q4ZJI4,uniprot_swissprot,9606
uniprot:Q86UD5,ENSG00000164038,SLC9B2,solute carrier family 9 member b2,Q86UD5,uniprot_swissprot,9606
uniprot:O15173,ENSG00000164040,PGRMC2,progesterone receptor membrane component 2,O15173,uniprot_swissprot,9606
uniprot:P30304,ENSG00000164045,CDC25A,cell division cycle 25a,P30304,uniprot_swissprot,9606
uniprot:P49913,ENSG00000164047,CAMP,cathelicidin antimicrobial peptide,P49913,uniprot_swissprot,9606
uniprot:Q86UQ0,ENSG00000164048,ZNF589,zinc finger protein 589,Q86UQ0,uniprot_swissprot,9606
uniprot:Q8WXE1,ENSG00000164053,ATRIP,atr interacting protein,Q8WXE1,uniprot_swissprot,9606
uniprot:O43609,ENSG00000164056,SPRY1,sprouty rtk signaling antagonist 1,O43609,uniprot_swissprot,9606
uniprot:P13798,ENSG00000164062,APEH,acylaminoacyl-peptide hydrolase,P13798,uniprot_swissprot,9606
uniprot:Q5XPI4,ENSG00000164068,RNF123,ring finger protein 123,Q5XPI4,uniprot_swissprot,9606
uniprot:Q8NCB2,ENSG00000164076,CAMKV,cam kinase like vesicle associated,Q8NCB2,uniprot_swissprot,9606
uniprot:Q04912,ENSG00000164078,MST1R,macrophage stimulating 1 receptor,Q04912,uniprot_swissprot,9606
uniprot:Q9Y6I9,ENSG00000164081,TEX264,"testis expressed 264, er-phagy receptor",Q9Y6I9,uniprot_swissprot,9606
uniprot:Q99697,ENSG00000164093,PITX2,paired like homeodomain 2,Q99697,uniprot_swissprot,9606
uniprot:Q8WVX3,ENSG00000164096,ARLN,allregulin,Q8WVX3,uniprot_swissprot,9606
uniprot:P56730,ENSG00000164099,PRSS12,serine protease 12,P56730,uniprot_swissprot,9606
uniprot:O95803,ENSG00000164100,NDST3,n-deacetylase and n-sulfotransferase 3,O95803,uniprot_swissprot,9606
uniprot:P26583,ENSG00000164104,HMGB2,high mobility group box 2,P26583,uniprot_swissprot,9606
uniprot:P61296,ENSG00000164107,HAND2,heart and neural crest derivatives expressed 2,P61296,uniprot_swissprot,9606
uniprot:Q13257,ENSG00000164109,MAD2L1,mitotic arrest deficient 2 like 1,Q13257,uniprot_swissprot,9606
uniprot:Q96M93,ENSG00000164113,ADAD1,adenosine deaminase domain containing 1,Q96M93,uniprot_swissprot,9606
uniprot:Q49MG5,ENSG00000164114,MAP9,microtubule associated protein 9,Q49MG5,uniprot_swissprot,9606
uniprot:Q02108,ENSG00000164116,GUCY1A1,guanylate cyclase 1 soluble subunit alpha 1,Q02108,uniprot_swissprot,9606
uniprot:Q8WWX0,ENSG00000164122,ASB5,ankyrin repeat and socs box containing 5,Q8WWX0,uniprot_swissprot,9606
uniprot:Q96LM5,ENSG00000164123,SPMIP2,sperm microtubule inner protein 2,Q96LM5,uniprot_swissprot,9606
uniprot:Q7Z5S9,ENSG00000164124,TMEM144,transmembrane protein 144,Q7Z5S9,uniprot_swissprot,9606
uniprot:Q6UWH4,ENSG00000164125,GASK1B,golgi associated kinase 1b,Q6UWH4,uniprot_swissprot,9606
uniprot:P25929,ENSG00000164128,NPY1R,neuropeptide y receptor y1,P25929,uniprot_swissprot,9606
uniprot:P40933,ENSG00000164136,IL15,interleukin 15,P40933,uniprot_swissprot,9606
uniprot:Q05DH4,ENSG00000164142,FHIP1A,fhf complex subunit hook interacting protein 1a,Q05DH4,uniprot_swissprot,9606
uniprot:Q9Y2F5,ENSG00000164151,ICE1,interactor of little elongation complex ell subunit 1,Q9Y2F5,uniprot_swissprot,9606
uniprot:Q96QV1,ENSG00000164161,HHIP,hedgehog interacting protein,Q96QV1,uniprot_swissprot,9606
uniprot:P61221,ENSG00000164163,ABCE1,atp binding cassette subfamily e member 1,P61221,uniprot_swissprot,9606
uniprot:Q01804,ENSG00000164164,OTUD4,otu deubiquitinase 4,Q01804,uniprot_swissprot,9606
uniprot:P62312,ENSG00000164167,LSM6,"lsm6 homolog, u6 small nuclear rna and mrna degradation associated",P62312,uniprot_swissprot,9606
uniprot:Q9NVA4,ENSG00000164168,TMEM184C,transmembrane protein 184c,Q9NVA4,uniprot_swissprot,9606
uniprot:P17301,ENSG00000164171,ITGA2,integrin subunit alpha 2,P17301,uniprot_swissprot,9606
uniprot:O43854,ENSG00000164176,EDIL3,egf like and discoidin domains 3,O43854,uniprot_swissprot,9606
uniprot:Q8NDZ6,ENSG00000164180,TMEM161B,transmembrane protein 161b,Q8NDZ6,uniprot_swissprot,9606
uniprot:A1L3X0,ENSG00000164181,ELOVL7,elovl fatty acid elongase 7,A1L3X0,uniprot_swissprot,9606
uniprot:Q8N183,ENSG00000164182,NDUFAF2,nadh:ubiquinone oxidoreductase complex assembly factor 2,Q8N183,uniprot_swissprot,9606
uniprot:Q86VV4,ENSG00000164188,RANBP3L,ran binding protein 3 like,Q86VV4,uniprot_swissprot,9606
uniprot:Q86T96,ENSG00000164197,RNF180,ring finger protein 180,Q86T96,uniprot_swissprot,9606
uniprot:Q8WXG9,ENSG00000164199,ADGRV1,adhesion g protein-coupled receptor v1,Q8WXG9,uniprot_swissprot,9606
uniprot:Q96AG3,ENSG00000164209,SLC25A46,solute carrier family 25 member 46,Q96AG3,uniprot_swissprot,9606
uniprot:Q8NEF3,ENSG00000164221,CCDC112,coiled-coil domain containing 112,Q8NEF3,uniprot_swissprot,9606
uniprot:P55085,ENSG00000164251,F2RL1,f2r like trypsin receptor 1,P55085,uniprot_swissprot,9606
uniprot:Q9NQV7,ENSG00000164256,PRDM9,pr/set domain 9,Q9NQV7,uniprot_swissprot,9606
uniprot:O43181,ENSG00000164258,NDUFS4,nadh:ubiquinone oxidoreductase subunit s4,O43181,uniprot_swissprot,9606
uniprot:P00995,ENSG00000164266,SPINK1,serine peptidase inhibitor kazal type 1,P00995,uniprot_swissprot,9606
uniprot:Q13639,ENSG00000164270,HTR4,5-hydroxytryptamine receptor 4,Q13639,uniprot_swissprot,9606
uniprot:Q9NQ30,ENSG00000164283,ESM1,endothelial cell specific molecule 1,Q9NQ30,uniprot_swissprot,9606
uniprot:Q6UWR7,ENSG00000164303,ENPP6,ectonucleotide pyrophosphatase/phosphodiesterase 6,Q6UWR7,uniprot_swissprot,9606
uniprot:Q8TC20,ENSG00000164304,CAGE1,cancer antigen 1,Q8TC20,uniprot_swissprot,9606
uniprot:P42574,ENSG00000164305,CASP3,caspase 3,P42574,uniprot_swissprot,9606
uniprot:Q9NZ08,ENSG00000164307,ERAP1,endoplasmic reticulum aminopeptidase 1,Q9NZ08,uniprot_swissprot,9606
uniprot:Q6P179,ENSG00000164308,ERAP2,endoplasmic reticulum aminopeptidase 2,Q6P179,uniprot_swissprot,9606
uniprot:Q63HQ2,ENSG00000164318,EGFLAM,"egf like, fibronectin type iii and laminin g domains",Q63HQ2,uniprot_swissprot,9606
uniprot:Q16568,ENSG00000164326,CARTPT,cart prepropeptide,Q16568,uniprot_swissprot,9606
uniprot:Q6R327,ENSG00000164327,RICTOR,rptor independent companion of mtor complex 2,Q6R327,uniprot_swissprot,9606
uniprot:Q9UH73,ENSG00000164330,EBF1,ebf transcription factor 1,Q9UH73,uniprot_swissprot,9606
uniprot:Q8WVY7,ENSG00000164332,UBLCP1,ubiquitin like domain containing ctd phosphatase 1,Q8WVY7,uniprot_swissprot,9606
uniprot:A1A519,ENSG00000164334,FAM170A,family with sequence similarity 170 member a,A1A519,uniprot_swissprot,9606
uniprot:Q8TED0,ENSG00000164338,UTP15,utp15 small subunit processome component,Q8TED0,uniprot_swissprot,9606
uniprot:O15455,ENSG00000164342,TLR3,toll like receptor 3,O15455,uniprot_swissprot,9606
uniprot:P03952,ENSG00000164344,KLKB1,kallikrein b1,P03952,uniprot_swissprot,9606
uniprot:Q969S9,ENSG00000164347,GFM2,gtp dependent ribosome recycling factor mitochondrial 2,Q969S9,uniprot_swissprot,9606
uniprot:O14746,ENSG00000164362,TERT,telomerase reverse transcriptase,O14746,uniprot_swissprot,9606
uniprot:Q96N87,ENSG00000164363,SLC6A18,solute carrier family 6 member 18,Q96N87,uniprot_swissprot,9606
uniprot:Q9C009,ENSG00000164379,FOXQ1,forkhead box q1,Q9C009,uniprot_swissprot,9606
uniprot:Q9UKU0,ENSG00000164398,ACSL6,acyl-coa synthetase long chain family member 6,Q9UKU0,uniprot_swissprot,9606
uniprot:P08700,ENSG00000164399,IL3,interleukin 3,P08700,uniprot_swissprot,9606
uniprot:P04141,ENSG00000164400,CSF2,colony stimulating factor 2,P04141,uniprot_swissprot,9606
uniprot:Q92599,ENSG00000164402,SEPTIN8,septin 8,Q92599,uniprot_swissprot,9606
uniprot:Q2M3G4,ENSG00000164403,SHROOM1,shroom family member 1,Q2M3G4,uniprot_swissprot,9606
uniprot:O14949,ENSG00000164405,UQCRQ,ubiquinol-cytochrome c reductase complex iii subunit vii,O14949,uniprot_swissprot,9606
uniprot:Q13002,ENSG00000164418,GRIK2,glutamate ionotropic receptor kainate type subunit 2,Q13002,uniprot_swissprot,9606
uniprot:Q8N884,ENSG00000164430,CGAS,cyclic gmp-amp synthase,Q8N884,uniprot_swissprot,9606
uniprot:O15540,ENSG00000164434,FABP7,fatty acid binding protein 7,O15540,uniprot_swissprot,9606
uniprot:O43711,ENSG00000164438,TLX3,t cell leukemia homeobox 3,O43711,uniprot_swissprot,9606
uniprot:Q99967,ENSG00000164442,CITED2,cbp/p300 interacting transactivator with ed-rich tail 2,Q99967,uniprot_swissprot,9606
uniprot:Q8N8Z6,ENSG00000164465,DCBLD1,"discoidin, cub and lccl domain containing 1",Q8N8Z6,uniprot_swissprot,9606
uniprot:Q8N6K7,ENSG00000164483,SAMD3,sterile alpha motif domain containing 3,Q8N6K7,uniprot_swissprot,9606
uniprot:Q86VY9,ENSG00000164484,TMEM200A,transmembrane protein 200a,Q86VY9,uniprot_swissprot,9606
uniprot:Q5SW24,ENSG00000164488,DACT2,dishevelled binding antagonist of beta catenin 2,Q5SW24,uniprot_swissprot,9606
uniprot:Q5T5C0,ENSG00000164506,STXBP5,syntaxin binding protein 5,Q5T5C0,uniprot_swissprot,9606
uniprot:Q3KP44,ENSG00000164512,ANKRD55,ankyrin repeat domain 55,Q3KP44,uniprot_swissprot,9606
uniprot:Q6UXB8,ENSG00000164530,PI16,peptidase inhibitor 16,Q6UXB8,uniprot_swissprot,9606
uniprot:Q9UMR3,ENSG00000164532,TBX20,t-box transcription factor 20,Q9UMR3,uniprot_swissprot,9606
uniprot:Q8NCG7,ENSG00000164535,DAGLB,diacylglycerol lipase beta,Q8NCG7,uniprot_swissprot,9606
uniprot:Q86SR1,ENSG00000164574,GALNT10,polypeptide n-acetylgalactosaminyltransferase 10,Q86SR1,uniprot_swissprot,9606
uniprot:Q9HAJ7,ENSG00000164576,SAP30L,sap30 like,Q9HAJ7,uniprot_swissprot,9606
uniprot:O60741,ENSG00000164588,HCN1,hyperpolarization activated cyclic nucleotide gated potassium channel 1,O60741,uniprot_swissprot,9606
uniprot:Q9UP83,ENSG00000164597,COG5,component of oligomeric golgi complex 5,Q9UP83,uniprot_swissprot,9606
uniprot:Q96NK8,ENSG00000164600,NEUROD6,neuronal differentiation 6,Q96NK8,uniprot_swissprot,9606
uniprot:O95391,ENSG00000164609,SLU7,spliceosome associated slu7,O95391,uniprot_swissprot,9606
uniprot:O95997,ENSG00000164611,PTTG1,"pttg1 regulator of sister chromatid separation, securin",O95997,uniprot_swissprot,9606
uniprot:P49069,ENSG00000164615,CAMLG,calcium modulating ligand,P49069,uniprot_swissprot,9606
uniprot:Q8N8U9,ENSG00000164619,BMPER,bmp binding endothelial regulator,Q8N8U9,uniprot_swissprot,9606
uniprot:O95279,ENSG00000164626,KCNK5,potassium two pore domain channel subfamily k member 5,O95279,uniprot_swissprot,9606
uniprot:Q6ZMV9,ENSG00000164627,KIF6,kinesin family member 6,Q6ZMV9,uniprot_swissprot,9606
uniprot:Q9UHE8,ENSG00000164647,STEAP1,steap family member 1,Q9UHE8,uniprot_swissprot,9606
uniprot:Q8IXZ3,ENSG00000164651,SP8,sp8 transcription factor,Q8IXZ3,uniprot_swissprot,9606
uniprot:Q9NXC5,ENSG00000164654,MIOS,meiosis regulator for oocyte development,Q9NXC5,uniprot_swissprot,9606
uniprot:A8MWY0,ENSG00000164659,ELAPOR2,endosome-lysosome associated apoptosis and autophagy regulator family member 2,A8MWY0,uniprot_swissprot,9606
uniprot:Q70CQ1,ENSG00000164663,USP49,ubiquitin specific peptidase 49,Q70CQ1,uniprot_swissprot,9606
uniprot:Q8NA54,ENSG00000164675,IQUB,iq motif and ubiquitin domain containing,Q8NA54,uniprot_swissprot,9606
uniprot:Q9Y5J3,ENSG00000164683,HEY1,hes related family bhlh transcription factor with yrpw motif 1,Q9Y5J3,uniprot_swissprot,9606
uniprot:Q6ZNC4,ENSG00000164684,ZNF704,zinc finger protein 704,Q6ZNC4,uniprot_swissprot,9606
uniprot:Q01469,ENSG00000164687,FABP5,fatty acid binding protein 5,Q01469,uniprot_swissprot,9606
uniprot:Q15465,ENSG00000164690,SHH,sonic hedgehog signaling molecule,Q15465,uniprot_swissprot,9606
uniprot:Q8N103,ENSG00000164691,TAGAP,t cell activation rhogtpase activating protein,Q8N103,uniprot_swissprot,9606
uniprot:P08123,ENSG00000164692,COL1A2,collagen type i alpha 2 chain,P08123,uniprot_swissprot,9606
uniprot:Q4ZHG4,ENSG00000164694,FNDC1,fibronectin type iii domain containing 1,Q4ZHG4,uniprot_swissprot,9606
uniprot:P15259,ENSG00000164708,PGAM2,phosphoglycerate mutase 2,P15259,uniprot_swissprot,9606
uniprot:O95415,ENSG00000164713,BRI3,brain protein i3,O95415,uniprot_swissprot,9606
uniprot:Q8IWU2,ENSG00000164715,LMTK2,lemur tyrosine kinase 2,Q8IWU2,uniprot_swissprot,9606
uniprot:P07858,ENSG00000164733,CTSB,cathepsin b,P07858,uniprot_swissprot,9606
uniprot:Q9H6I2,ENSG00000164736,SOX17,sry-box transcription factor 17,Q9H6I2,uniprot_swissprot,9606
uniprot:Q96QB1,ENSG00000164741,DLC1,dlc1 rho gtpase activating protein,Q96QB1,uniprot_swissprot,9606
uniprot:Q08828,ENSG00000164742,ADCY1,adenylate cyclase 1,Q08828,uniprot_swissprot,9606
uniprot:Q96LL4,ENSG00000164743,C8ORF48,chromosome 8 open reading frame 48,Q96LL4,uniprot_swissprot,9606
uniprot:Q8TAQ9,ENSG00000164744,SUN3,sad1 and unc84 domain containing 3,Q8TAQ9,uniprot_swissprot,9606
uniprot:Q14541,ENSG00000164749,HNF4G,hepatocyte nuclear factor 4 gamma,Q14541,uniprot_swissprot,9606
uniprot:O60216,ENSG00000164754,RAD21,rad21 cohesin complex component,O60216,uniprot_swissprot,9606
uniprot:Q8IWU4,ENSG00000164756,SLC30A8,solute carrier family 30 member 8,Q8IWU4,uniprot_swissprot,9606
uniprot:Q96HR3,ENSG00000164758,MED30,mediator complex subunit 30,Q96HR3,uniprot_swissprot,9606
uniprot:O00300,ENSG00000164761,TNFRSF11B,tnf receptor superfamily member 11b,O00300,uniprot_swissprot,9606
uniprot:P19622,ENSG00000164778,EN2,engrailed homeobox 2,P19622,uniprot_swissprot,9606
uniprot:Q7Z407,ENSG00000164796,CSMD3,cub and sushi multiple domains 3,Q7Z407,uniprot_swissprot,9606
uniprot:Q14159,ENSG00000164808,SPIDR,scaffold protein involved in dna repair,Q14159,uniprot_swissprot,9606
uniprot:Q9Y236,ENSG00000164823,OSGIN2,oxidative stress induced growth inhibitor family member 2,Q9Y236,uniprot_swissprot,9606
uniprot:Q8N573,ENSG00000164830,OXR1,oxidation resistance 1,Q8N573,uniprot_swissprot,9606
uniprot:Q96CH1,ENSG00000164849,GPR146,g protein-coupled receptor 146,Q96CH1,uniprot_swissprot,9606
uniprot:Q99527,ENSG00000164850,GPER1,g protein-coupled estrogen receptor 1,Q99527,uniprot_swissprot,9606
uniprot:Q6ZMB5,ENSG00000164855,TMEM184A,transmembrane protein 184a,Q6ZMB5,uniprot_swissprot,9606
uniprot:P29474,ENSG00000164867,NOS3,nitric oxide synthase 3,P29474,uniprot_swissprot,9606
uniprot:Q00535,ENSG00000164885,CDK5,cyclin dependent kinase 5,Q00535,uniprot_swissprot,9606
uniprot:Q14296,ENSG00000164896,FASTK,fas activated serine/threonine kinase,Q14296,uniprot_swissprot,9606
uniprot:P85037,ENSG00000164916,FOXK1,forkhead box k1,P85037,uniprot_swissprot,9606
uniprot:P09669,ENSG00000164919,COX6C,cytochrome c oxidase subunit 6c,P09669,uniprot_swissprot,9606
uniprot:Q8N2R0,ENSG00000164920,OSR2,odd-skipped related transciption factor 2,Q8N2R0,uniprot_swissprot,9606
uniprot:P63104,ENSG00000164924,YWHAZ,tyrosine 3-monooxygenase/tryptophan 5-monooxygenase activation protein zeta,P63104,uniprot_swissprot,9606
uniprot:O60353,ENSG00000164930,FZD6,frizzled class receptor 6,O60353,uniprot_swissprot,9606
uniprot:Q96CG8,ENSG00000164932,CTHRC1,collagen triple helix repeat containing 1,Q96CG8,uniprot_swissprot,9606
uniprot:Q9NV06,ENSG00000164934,DCAF13,ddb1 and cul4 associated factor 13,Q9NV06,uniprot_swissprot,9606
uniprot:Q9H295,ENSG00000164935,DCSTAMP,dendrocyte expressed seven transmembrane protein,Q9H295,uniprot_swissprot,9606
uniprot:Q96A56,ENSG00000164938,TP53INP1,tumor protein p53 inducible nuclear protein 1,Q96A56,uniprot_swissprot,9606
uniprot:Q75QN2,ENSG00000164941,INTS8,integrator complex subunit 8,Q75QN2,uniprot_swissprot,9606
uniprot:Q69YN4,ENSG00000164944,VIRMA,vir like m6a methyltransferase associated,Q69YN4,uniprot_swissprot,9606
uniprot:Q5H8C1,ENSG00000164946,FREM1,fras1 related extracellular matrix 1,Q5H8C1,uniprot_swissprot,9606
uniprot:P55040,ENSG00000164949,GEM,gtp binding protein overexpressed in skeletal muscle,P55040,uniprot_swissprot,9606
uniprot:Q5HYA8,ENSG00000164953,TMEM67,transmembrane protein 67,Q5HYA8,uniprot_swissprot,9606
uniprot:Q8N5L8,ENSG00000164967,RPP25L,ribonuclease p/mrp subunit p25 like,Q8N5L8,uniprot_swissprot,9606
uniprot:O75475,ENSG00000164985,PSIP1,pc4 and srsf1 interacting protein 1,O75475,uniprot_swissprot,9606
uniprot:Q6TFL3,ENSG00000164989,CCDC171,coiled-coil domain containing 171,Q6TFL3,uniprot_swissprot,9606
uniprot:Q9NZ09,ENSG00000165006,UBAP1,ubiquitin associated protein 1,Q9NZ09,uniprot_swissprot,9606
uniprot:Q96HU8,ENSG00000165023,DIRAS2,diras family gtpase 2,Q96HU8,uniprot_swissprot,9606
uniprot:P43405,ENSG00000165025,SYK,spleen associated tyrosine kinase,P43405,uniprot_swissprot,9606
uniprot:O95477,ENSG00000165029,ABCA1,atp binding cassette subfamily a member 1,O95477,uniprot_swissprot,9606
uniprot:Q16649,ENSG00000165030,NFIL3,"nuclear factor, interleukin 3 regulated",Q16649,uniprot_swissprot,9606
uniprot:Q2VYF4,ENSG00000165046,LETM2,leucine zipper and ef-hand containing transmembrane protein 2,Q2VYF4,uniprot_swissprot,9606
uniprot:Q9H898,ENSG00000165061,ZMAT4,zinc finger matrin-type 4,Q9H898,uniprot_swissprot,9606
uniprot:A6NJ46,ENSG00000165066,NKX6-3,nk6 homeobox 3,A6NJ46,uniprot_swissprot,9606
uniprot:Q8N4T0,ENSG00000165078,CPA6,carboxypeptidase a6,Q8N4T0,uniprot_swissprot,9606
uniprot:Q8TDI8,ENSG00000165091,TMC1,transmembrane channel like 1,Q8TDI8,uniprot_swissprot,9606
uniprot:P00352,ENSG00000165092,ALDH1A1,aldehyde dehydrogenase 1 family member a1,P00352,uniprot_swissprot,9606
uniprot:Q8NB78,ENSG00000165097,KDM1B,lysine demethylase 1b,Q8NB78,uniprot_swissprot,9606
uniprot:Q8IZ41,ENSG00000165105,RASEF,ras and ef-hand domain containing,Q8IZ41,uniprot_swissprot,9606
uniprot:Q5VSY0,ENSG00000165113,GKAP1,g kinase anchoring protein 1,Q5VSY0,uniprot_swissprot,9606
uniprot:P61978,ENSG00000165119,HNRNPK,heterogeneous nuclear ribonucleoprotein k,P61978,uniprot_swissprot,9606
uniprot:Q4LDE5,ENSG00000165124,SVEP1,"sushi, von willebrand factor type a, egf and pentraxin domain containing 1",Q4LDE5,uniprot_swissprot,9606
uniprot:Q9H1D0,ENSG00000165125,TRPV6,transient receptor potential cation channel subfamily v member 6,Q9H1D0,uniprot_swissprot,9606
uniprot:Q68DC2,ENSG00000165138,ANKS6,ankyrin repeat and sterile alpha motif domain containing 6,Q68DC2,uniprot_swissprot,9606
uniprot:P09467,ENSG00000165140,FBP1,fructose-bisphosphatase 1,P09467,uniprot_swissprot,9606
uniprot:Q9UKY1,ENSG00000165156,ZHX1,zinc fingers and homeoboxes 1,Q9UKY1,uniprot_swissprot,9606
uniprot:P04839,ENSG00000165168,CYBB,cytochrome b-245 beta chain,P04839,uniprot_swissprot,9606
uniprot:Q8N6F8,ENSG00000165171,METTL27,methyltransferase like 27,Q8N6F8,uniprot_swissprot,9606
uniprot:Q5VXU9,ENSG00000165181,SHOC1,shortage in chiasmata 1,Q5VXU9,uniprot_swissprot,9606
uniprot:Q8TAB3,ENSG00000165194,PCDH19,protocadherin 19,Q8TAB3,uniprot_swissprot,9606
uniprot:Q96SI9,ENSG00000165209,STRBP,spermatid perinuclear rna binding protein,Q96SI9,uniprot_swissprot,9606
uniprot:O15551,ENSG00000165215,CLDN3,claudin 3,O15551,uniprot_swissprot,9606
uniprot:Q9Y3S1,ENSG00000165238,WNK2,wnk lysine deficient protein kinase 2,Q9Y3S1,uniprot_swissprot,9606
uniprot:Q04656,ENSG00000165240,ATP7A,atpase copper transporting alpha,Q04656,uniprot_swissprot,9606
uniprot:O95139,ENSG00000165264,NDUFB6,nadh:ubiquinone oxidoreductase subunit b6,O95139,uniprot_swissprot,9606
uniprot:Q92482,ENSG00000165272,AQP3,aquaporin 3 (gill blood group),Q92482,uniprot_swissprot,9606
uniprot:P55072,ENSG00000165280,VCP,valosin containing protein,P55072,uniprot_swissprot,9606
uniprot:Q9UJZ1,ENSG00000165283,STOML2,stomatin like 2,Q9UJZ1,uniprot_swissprot,9606
uniprot:O94991,ENSG00000165300,SLITRK5,slit and ntrk like family member 5,O94991,uniprot_swissprot,9606
uniprot:Q14680,ENSG00000165304,MELK,maternal embryonic leucine zipper kinase,Q14680,uniprot_swissprot,9606
uniprot:Q8IWW6,ENSG00000165322,ARHGAP12,rho gtpase activating protein 12,Q8IWW6,uniprot_swissprot,9606
uniprot:Q8TDW7,ENSG00000165323,FAT3,fat atypical cadherin 3,Q8TDW7,uniprot_swissprot,9606
uniprot:Q05D60,ENSG00000165325,DEUP1,deuterosome assembly protein 1,Q05D60,uniprot_swissprot,9606
uniprot:Q96P66,ENSG00000165370,GPR101,g protein-coupled receptor 101,Q96P66,uniprot_swissprot,9606
uniprot:P57739,ENSG00000165376,CLDN2,claudin 2,P57739,uniprot_swissprot,9606
uniprot:Q969W0,ENSG00000165389,SPTSSA,serine palmitoyltransferase small subunit a,Q969W0,uniprot_swissprot,9606
uniprot:Q14191,ENSG00000165392,WRN,wrn recq like helicase,Q14191,uniprot_swissprot,9606
uniprot:P16473,ENSG00000165409,TSHR,thyroid stimulating hormone receptor,P16473,uniprot_swissprot,9606
uniprot:Q7RTY1,ENSG00000165449,SLC16A9,solute carrier family 16 member 9,Q7RTY1,uniprot_swissprot,9606
uniprot:O15357,ENSG00000165458,INPPL1,inositol polyphosphate phosphatase like 1,O15357,uniprot_swissprot,9606
uniprot:O14813,ENSG00000165462,PHOX2A,paired like homeobox 2a,O14813,uniprot_swissprot,9606
uniprot:P11226,ENSG00000165471,MBL2,mannose binding lectin 2,P11226,uniprot_swissprot,9606
uniprot:P29033,ENSG00000165474,GJB2,gap junction protein beta 2,P29033,uniprot_swissprot,9606
uniprot:Q6NUK4,ENSG00000165476,REEP3,receptor accessory protein 3,Q6NUK4,uniprot_swissprot,9606
uniprot:Q8IYU8,ENSG00000165487,MICU2,mitochondrial calcium uptake 2,Q8IYU8,uniprot_swissprot,9606
uniprot:Q96KN3,ENSG00000165495,PKNOX2,pbx/knotted 1 homeobox 2,Q96KN3,uniprot_swissprot,9606
uniprot:Q96L21,ENSG00000165496,RPL10L,ribosomal protein l10 like,Q96L21,uniprot_swissprot,9606
uniprot:Q9NVR5,ENSG00000165506,DNAAF2,dynein axonemal assembly factor 2,Q9NVR5,uniprot_swissprot,9606
uniprot:Q05BV3,ENSG00000165521,EML5,emap like 5,Q05BV3,uniprot_swissprot,9606
uniprot:O60524,ENSG00000165525,NEMF,nuclear export mediator factor,O60524,uniprot_swissprot,9606
uniprot:Q8TAM2,ENSG00000165533,TTC8,tetratricopeptide repeat domain 8,Q8TAM2,uniprot_swissprot,9606
uniprot:Q9NPG2,ENSG00000165553,NGB,neuroglobin,Q9NPG2,uniprot_swissprot,9606
uniprot:Q99626,ENSG00000165556,CDX2,caudal type homeobox 2,Q99626,uniprot_swissprot,9606
uniprot:Q6GMR7,ENSG00000165591,FAAH2,fatty acid amide hydrolase 2,Q6GMR7,uniprot_swissprot,9606
uniprot:Q9UKK9,ENSG00000165609,NUDT5,nudix hydrolase 5,Q9UKK9,uniprot_swissprot,9606
uniprot:Q9NYF0,ENSG00000165617,DACT1,dishevelled binding antagonist of beta catenin 1,Q9NYF0,uniprot_swissprot,9606
uniprot:Q8WVF2,ENSG00000165623,UCMA,upper zone of growth plate and cartilage matrix associated,Q8WVF2,uniprot_swissprot,9606
uniprot:Q8N7W2,ENSG00000165626,BEND7,ben domain containing 7,Q8N7W2,uniprot_swissprot,9606
uniprot:P36542,ENSG00000165629,ATP5F1C,atp synthase f1 subunit gamma,P36542,uniprot_swissprot,9606
uniprot:Q8IW00,ENSG00000165633,VSTM4,v-set and transmembrane domain containing 4,Q8IW00,uniprot_swissprot,9606
uniprot:Q5JUK2,ENSG00000165643,SOHLH1,spermatogenesis and oogenesis specific basic helix-loop-helix 1,Q5JUK2,uniprot_swissprot,9606
uniprot:Q86VU5,ENSG00000165644,COMTD1,catechol-o-methyltransferase domain containing 1,Q86VU5,uniprot_swissprot,9606
uniprot:Q05940,ENSG00000165646,SLC18A2,solute carrier family 18 member a2,Q05940,uniprot_swissprot,9606
uniprot:Q8NEN9,ENSG00000165650,PDZD8,pdz domain containing 8,Q8NEN9,uniprot_swissprot,9606
uniprot:Q15018,ENSG00000165660,ABRAXAS2,"abraxas 2, brisc complex subunit",Q15018,uniprot_swissprot,9606
uniprot:Q6ZRP7,ENSG00000165661,QSOX2,quiescin sulfhydryl oxidase 2,Q6ZRP7,uniprot_swissprot,9606
uniprot:Q9H8W3,ENSG00000165669,FAM204A,family with sequence similarity 204 member a,Q9H8W3,uniprot_swissprot,9606
uniprot:Q96L73,ENSG00000165671,NSD1,nuclear receptor binding set domain protein 1,Q96L73,uniprot_swissprot,9606
uniprot:P30048,ENSG00000165672,PRDX3,peroxiredoxin 3,P30048,uniprot_swissprot,9606
uniprot:Q9H3K2,ENSG00000165678,GHITM,growth hormone inducible transmembrane protein,Q9H3K2,uniprot_swissprot,9606
uniprot:Q5SXM2,ENSG00000165684,SNAPC4,small nuclear rna activating complex polypeptide 4,Q5SXM2,uniprot_swissprot,9606
uniprot:Q92574,ENSG00000165699,TSC1,tsc complex subunit 1,Q92574,uniprot_swissprot,9606
uniprot:Q5VTD9,ENSG00000165702,GFI1B,growth factor independent 1b transcriptional repressor,Q5VTD9,uniprot_swissprot,9606
uniprot:Q969J3,ENSG00000165714,BORCS5,bloc-1 related complex subunit 5,Q969J3,uniprot_swissprot,9606
uniprot:Q6ZVD7,ENSG00000165730,STOX1,storkhead box 1,Q6ZVD7,uniprot_swissprot,9606
uniprot:P07949,ENSG00000165731,RET,ret proto-oncogene,P07949,uniprot_swissprot,9606
uniprot:Q9NR30,ENSG00000165732,DDX21,dexd-box helicase 21,Q9NR30,uniprot_swissprot,9606
uniprot:Q14692,ENSG00000165733,BMS1,bms1 ribosome biogenesis factor,Q14692,uniprot_swissprot,9606
uniprot:Q9P266,ENSG00000165757,JCAD,junctional cadherin 5 associated,Q9P266,uniprot_swissprot,9606
uniprot:Q9UN36,ENSG00000165795,NDRG2,ndrg family member 2,Q9UN36,uniprot_swissprot,9606
uniprot:Q8NA57,ENSG00000165805,ZC3H11D,zinc finger ccch-type containing 11d,Q8NA57,uniprot_swissprot,9606
uniprot:P55210,ENSG00000165806,CASP7,caspase 7,P55210,uniprot_swissprot,9606
uniprot:Q5GFL6,ENSG00000165816,VWA2,von willebrand factor a domain containing 2,Q5GFL6,uniprot_swissprot,9606
uniprot:Q86U44,ENSG00000165819,METTL3,"methyltransferase 3, n6-adenosine-methyltransferase complex catalytic subunit",Q86U44,uniprot_swissprot,9606
uniprot:Q9Y467,ENSG00000165821,SALL2,spalt like transcription factor 2,Q9Y467,uniprot_swissprot,9606
uniprot:P33261,ENSG00000165841,CYP2C19,cytochrome p450 family 2 subfamily c member 19,P33261,uniprot_swissprot,9606
uniprot:Q8WW14,ENSG00000165863,SPMIP5,sperm microtubule inner protein 5,Q8WW14,uniprot_swissprot,9606
uniprot:O43301,ENSG00000165868,HSPA12A,heat shock protein family a (hsp70) member 12a,O43301,uniprot_swissprot,9606
uniprot:Q92837,ENSG00000165879,FRAT1,frat regulator of wnt signaling pathway 1,Q92837,uniprot_swissprot,9606
uniprot:Q96AV8,ENSG00000165891,E2F7,e2f transcription factor 7,Q96AV8,uniprot_swissprot,9606
uniprot:A6NI28,ENSG00000165895,ARHGAP42,rho gtpase activating protein 42,A6NI28,uniprot_swissprot,9606
uniprot:Q96H72,ENSG00000165915,SLC39A13,solute carrier family 39 member 13,Q96H72,uniprot_swissprot,9606
uniprot:P17980,ENSG00000165916,PSMC3,"proteasome 26s subunit, atpase 3",P17980,uniprot_swissprot,9606
uniprot:Q5U5Z8,ENSG00000165923,AGBL2,agbl carboxypeptidase 2,Q5U5Z8,uniprot_swissprot,9606
uniprot:Q8N9U0,ENSG00000165929,TC2N,"tandem c2 domains, nuclear",Q8N9U0,uniprot_swissprot,9606
uniprot:A6NFE2,ENSG00000165935,SMCO2,single-pass membrane protein with coiled-coil domains 2,A6NFE2,uniprot_swissprot,9606
uniprot:P40305,ENSG00000165949,IFI27,interferon alpha inducible protein 27,P40305,uniprot_swissprot,9606
uniprot:Q8IW75,ENSG00000165953,SERPINA12,serpin family a member 12,Q8IW75,uniprot_swissprot,9606
uniprot:Q6ZMN7,ENSG00000165966,PDZRN4,pdz domain containing ring finger 4,Q6ZMN7,uniprot_swissprot,9606
uniprot:Q502W7,ENSG00000165972,CCDC38,coiled-coil domain containing 38,Q502W7,uniprot_swissprot,9606
uniprot:Q92832,ENSG00000165973,NELL1,neural egfl like 1,Q92832,uniprot_swissprot,9606
uniprot:Q96BW5,ENSG00000165983,PTER,phosphotriesterase related,Q96BW5,uniprot_swissprot,9606
uniprot:Q08289,ENSG00000165995,CACNB2,calcium voltage-gated channel auxiliary subunit beta 2,Q08289,uniprot_swissprot,9606
uniprot:Q96KC2,ENSG00000165997,ARL5B,arf like gtpase 5b,Q96KC2,uniprot_swissprot,9606
uniprot:Q7Z5L2,ENSG00000166024,R3HCC1L,r3h domain and coiled-coil containing 1 like,Q7Z5L2,uniprot_swissprot,9606
uniprot:Q92743,ENSG00000166033,HTRA1,htra serine peptidase 1,Q92743,uniprot_swissprot,9606
uniprot:P11150,ENSG00000166035,LIPC,"lipase c, hepatic type",P11150,uniprot_swissprot,9606
uniprot:Q86XR8,ENSG00000166037,CEP57,centrosomal protein 57,Q86XR8,uniprot_swissprot,9606
uniprot:Q8N6Q1,ENSG00000166069,TMCO5A,transmembrane and coiled-coil domains 5a,Q8N6Q1,uniprot_swissprot,9606
uniprot:Q14439,ENSG00000166073,GPR176,g protein-coupled receptor 176,Q14439,uniprot_swissprot,9606
uniprot:Q9H293,ENSG00000166090,IL25,interleukin 25,Q9H293,uniprot_swissprot,9606
uniprot:Q96DZ9,ENSG00000166091,CMTM5,cklf like marvel transmembrane domain containing 5,Q96DZ9,uniprot_swissprot,9606
uniprot:Q8TD30,ENSG00000166123,GPT2,glutamic--pyruvic transaminase 2,Q8TD30,uniprot_swissprot,9606
uniprot:Q9BXJ7,ENSG00000166126,AMN,amnion associated transmembrane protein,Q9BXJ7,uniprot_swissprot,9606
uniprot:O95169,ENSG00000166136,NDUFB8,nadh:ubiquinone oxidoreductase subunit b8,O95169,uniprot_swissprot,9606
uniprot:O43278,ENSG00000166145,SPINT1,"serine peptidase inhibitor, kunitz type 1",O43278,uniprot_swissprot,9606
uniprot:P35555,ENSG00000166147,FBN1,fibrillin 1,P35555,uniprot_swissprot,9606
uniprot:P37288,ENSG00000166148,AVPR1A,arginine vasopressin receptor 1a,P37288,uniprot_swissprot,9606
uniprot:Q9NPI1,ENSG00000166164,BRD7,bromodomain containing 7,Q9NPI1,uniprot_swissprot,9606
uniprot:P12277,ENSG00000166165,CKB,creatine kinase b,P12277,uniprot_swissprot,9606
uniprot:Q96FX7,ENSG00000166166,TRMT61A,trna methyltransferase 61a,Q96FX7,uniprot_swissprot,9606
uniprot:Q9BZZ5,ENSG00000166181,API5,apoptosis inhibitor 5,Q9BZZ5,uniprot_swissprot,9606
uniprot:Q9P2F9,ENSG00000166188,ZNF319,zinc finger protein 319,Q9P2F9,uniprot_swissprot,9606
uniprot:P28472,ENSG00000166206,GABRB3,gamma-aminobutyric acid type a receptor subunit beta3,P28472,uniprot_swissprot,9606
uniprot:O95470,ENSG00000166224,SGPL1,sphingosine-1-phosphate lyase 1,O95470,uniprot_swissprot,9606
uniprot:P78371,ENSG00000166226,CCT2,chaperonin containing tcp1 subunit 2,P78371,uniprot_swissprot,9606
uniprot:P61457,ENSG00000166228,PCBD1,pterin-4 alpha-carbinolamine dehydratase 1,P61457,uniprot_swissprot,9606
uniprot:Q9Y4X5,ENSG00000166233,ARIH1,ariadne rbr e3 ubiquitin protein ligase 1,Q9Y4X5,uniprot_swissprot,9606
uniprot:Q9H6B4,ENSG00000166250,CLMP,cxadr like cell adhesion molecule,Q9H6B4,uniprot_swissprot,9606
uniprot:Q9Y6N1,ENSG00000166260,COX11,cytochrome c oxidase copper chaperone cox11,Q9Y6N1,uniprot_swissprot,9606
uniprot:Q96M60,ENSG00000166262,FAM227B,family with sequence similarity 227 member b,Q96M60,uniprot_swissprot,9606
uniprot:Q6ZWJ1,ENSG00000166263,STXBP4,syntaxin binding protein 4,Q6ZWJ1,uniprot_swissprot,9606
uniprot:Q96J86,ENSG00000166265,CYYR1,cysteine and tyrosine rich 1,Q96J86,uniprot_swissprot,9606
uniprot:Q93034,ENSG00000166266,CUL5,cullin 5,Q93034,uniprot_swissprot,9606
uniprot:Q96LU7,ENSG00000166268,MYRFL,myelin regulatory factor like,Q96LU7,uniprot_swissprot,9606
uniprot:Q9NX94,ENSG00000166272,WBP1L,ww domain binding protein 1 like,Q9NX94,uniprot_swissprot,9606
uniprot:Q9NV29,ENSG00000166292,TMEM100,transmembrane protein 100,Q9NV29,uniprot_swissprot,9606
uniprot:P17405,ENSG00000166311,SMPD1,sphingomyelin phosphodiesterase 1,P17405,uniprot_swissprot,9606
uniprot:Q9H987,ENSG00000166317,SYNPO2L,synaptopodin 2 like,Q9H987,uniprot_swissprot,9606
uniprot:Q8NCR3,ENSG00000166323,C11ORF65,chromosome 11 open reading frame 65,Q8NCR3,uniprot_swissprot,9606
uniprot:Q13418,ENSG00000166333,ILK,integrin linked kinase,Q13418,uniprot_swissprot,9606
uniprot:Q8TDF5,ENSG00000166342,NETO1,neuropilin and tolloid like 1,Q8TDF5,uniprot_swissprot,9606
uniprot:Q86YR6,ENSG00000166351,POTED,pote ankyrin domain family member d,Q86YR6,uniprot_swissprot,9606
uniprot:Q3SYC2,ENSG00000166391,MOGAT2,monoacylglycerol o-acyltransferase 2,Q3SYC2,uniprot_swissprot,9606
uniprot:O75635,ENSG00000166396,SERPINB7,serpin family b member 7,O75635,uniprot_swissprot,9606
uniprot:P25800,ENSG00000166407,LMO1,lim domain only 1,P25800,uniprot_swissprot,9606
uniprot:P50213,ENSG00000166411,IDH3A,isocitrate dehydrogenase (nad(+)) 3 catalytic subunit alpha,P50213,uniprot_swissprot,9606
uniprot:Q3MJ13,ENSG00000166415,WDR72,wd repeat domain 72,Q3MJ13,uniprot_swissprot,9606
uniprot:Q96BZ4,ENSG00000166428,PLD4,phospholipase d family member 4,Q96BZ4,uniprot_swissprot,9606
uniprot:Q6P2D8,ENSG00000166435,XRRA1,x-ray radiation resistance associated 1,Q6P2D8,uniprot_swissprot,9606
uniprot:A0A2R8YE93,ENSG00000166436,TRIM66,tripartite motif containing 66,A0A2R8YE93,uniprot_trembl,9606
uniprot:Q8NCN4,ENSG00000166439,RNF169,ring finger protein 169,Q8NCN4,uniprot_swissprot,9606
uniprot:P78524,ENSG00000166444,DENND2B,denn domain containing 2b,P78524,uniprot_swissprot,9606
uniprot:Q8N8U2,ENSG00000166446,CDYL2,chromodomain y like 2,Q8N8U2,uniprot_swissprot,9606
uniprot:Q2VWP7,ENSG00000166450,PRTG,protogenin,Q2VWP7,uniprot_swissprot,9606
uniprot:Q96H22,ENSG00000166451,CENPN,centromere protein n,Q96H22,uniprot_swissprot,9606
uniprot:Q5BJD5,ENSG00000166471,TMEM41B,transmembrane protein 41b,Q5BJD5,uniprot_swissprot,9606
uniprot:P52747,ENSG00000166478,ZNF143,zinc finger protein 143,P52747,uniprot_swissprot,9606
uniprot:Q96JJ7,ENSG00000166479,TMX3,thioredoxin related transmembrane protein 3,Q96JJ7,uniprot_swissprot,9606
uniprot:P30291,ENSG00000166483,WEE1,wee1 g2 checkpoint kinase,P30291,uniprot_swissprot,9606
uniprot:Q13164,ENSG00000166484,MAPK7,mitogen-activated protein kinase 7,Q13164,uniprot_swissprot,9606
uniprot:P05771,ENSG00000166501,PRKCB,protein kinase c beta,P05771,uniprot_swissprot,9606
uniprot:P52849,ENSG00000166507,NDST2,n-deacetylase and n-sulfotransferase 2,P52849,uniprot_swissprot,9606
uniprot:O75596,ENSG00000166509,CLEC3A,c-type lectin domain family 3 member a,O75596,uniprot_swissprot,9606
uniprot:Q9H2F9,ENSG00000166510,CCDC68,coiled-coil domain containing 68,Q9H2F9,uniprot_swissprot,9606
uniprot:Q9ULI2,ENSG00000166532,RIMKLB,ribosomal modification protein rimk like family member b,Q9ULI2,uniprot_swissprot,9606
uniprot:Q9Y3Q3,ENSG00000166557,TMED3,transmembrane p24 trafficking protein 3,Q9Y3Q3,uniprot_swissprot,9606
uniprot:A6NNN8,ENSG00000166558,SLC38A8,solute carrier family 38 member 8,A6NNN8,uniprot_swissprot,9606
uniprot:P47211,ENSG00000166573,GALR1,galanin receptor 1,P47211,uniprot_swissprot,9606
uniprot:Q7Z7K6,ENSG00000166582,CENPV,centromere protein v,Q7Z7K6,uniprot_swissprot,9606
uniprot:P14625,ENSG00000166598,HSP90B1,heat shock protein 90 beta family member 1,P14625,uniprot_swissprot,9606
uniprot:P32245,ENSG00000166603,MC4R,melanocortin 4 receptor,P32245,uniprot_swissprot,9606
uniprot:P62952,ENSG00000166619,BLCAP,blcap apoptosis inducing factor,P62952,uniprot_swissprot,9606
uniprot:P09238,ENSG00000166670,MMP10,matrix metallopeptidase 10,P09238,uniprot_swissprot,9606
uniprot:A6NH52,ENSG00000166676,TVP23A,trans-golgi network vesicle protein 23 homolog a,A6NH52,uniprot_swissprot,9606
uniprot:Q9H3S3,ENSG00000166682,TMPRSS5,transmembrane serine protease 5,Q9H3S3,uniprot_swissprot,9606
uniprot:Q6IQ23,ENSG00000166689,PLEKHA7,pleckstrin homology domain containing a7,Q6IQ23,uniprot_swissprot,9606
uniprot:P61769,ENSG00000166710,B2M,beta-2-microglobulin,P61769,uniprot_swissprot,9606
uniprot:P46098,ENSG00000166736,HTR3A,5-hydroxytryptamine receptor 3a,P46098,uniprot_swissprot,9606
uniprot:P40261,ENSG00000166741,NNMT,nicotinamide n-methyltransferase,P40261,uniprot_swissprot,9606
uniprot:Q08AF3,ENSG00000166750,SLFN5,schlafen family member 5,Q08AF3,uniprot_swissprot,9606
uniprot:Q96MC5,ENSG00000166780,BMERB1,bmerb domain containing 1,Q96MC5,uniprot_swissprot,9606
uniprot:Q9Y4F3,ENSG00000166783,MARF1,meiosis regulator and mrna stability factor 1,Q9Y4F3,uniprot_swissprot,9606
uniprot:P23284,ENSG00000166794,PPIB,peptidylprolyl isomerase b,P23284,uniprot_swissprot,9606
uniprot:P07864,ENSG00000166796,LDHC,lactate dehydrogenase c,P07864,uniprot_swissprot,9606
uniprot:Q15004,ENSG00000166803,PCLAF,pcna clamp associated factor,Q15004,uniprot_swissprot,9606
uniprot:Q2M1P5,ENSG00000166813,KIF7,kinesin family member 7,Q2M1P5,uniprot_swissprot,9606
uniprot:O60240,ENSG00000166819,PLIN1,perilipin 1,O60240,uniprot_swissprot,9606
uniprot:P15144,ENSG00000166825,ANPEP,"alanyl aminopeptidase, membrane",P15144,uniprot_swissprot,9606
uniprot:P51170,ENSG00000166828,SCNN1G,sodium channel epithelial 1 subunit gamma,P51170,uniprot_swissprot,9606
uniprot:Q6ZRY4,ENSG00000166831,RBPMS2,"rna binding protein, mrna processing factor 2",Q6ZRY4,uniprot_swissprot,9606
uniprot:Q8IVL1,ENSG00000166833,NAV2,neuron navigator 2,Q8IVL1,uniprot_swissprot,9606
uniprot:P53350,ENSG00000166851,PLK1,polo like kinase 1,P53350,uniprot_swissprot,9606
uniprot:Q9Y698,ENSG00000166862,CACNG2,calcium voltage-gated channel auxiliary subunit gamma 2,Q9Y698,uniprot_swissprot,9606
uniprot:Q15742,ENSG00000166886,NAB2,ngfi-a binding protein 2,Q15742,uniprot_swissprot,9606
uniprot:P42226,ENSG00000166888,STAT6,signal transducer and activator of transcription 6,P42226,uniprot_swissprot,9606
uniprot:Q9NX20,ENSG00000166902,MRPL16,mitochondrial ribosomal protein l16,Q9NX20,uniprot_swissprot,9606
uniprot:Q9NXD2,ENSG00000166912,MTMR10,myotubularin related protein 10,Q9NXD2,uniprot_swissprot,9606
uniprot:P31946,ENSG00000166913,YWHAB,tyrosine 3-monooxygenase/tryptophan 5-monooxygenase activation protein beta,P31946,uniprot_swissprot,9606
uniprot:P05408,ENSG00000166922,SCG5,secretogranin v,P05408,uniprot_swissprot,9606
uniprot:O60565,ENSG00000166923,GREM1,"gremlin 1, dan family bmp antagonist",O60565,uniprot_swissprot,9606
uniprot:Q96DS6,ENSG00000166926,MS4A6E,membrane spanning 4-domains a6e,Q96DS6,uniprot_swissprot,9606
uniprot:Q8TF46,ENSG00000166938,DIS3L,dis3 like exosome 3'-5' exoribonuclease,Q8TF46,uniprot_swissprot,9606
uniprot:P16452,ENSG00000166947,EPB42,erythrocyte membrane protein band 4.2,P16452,uniprot_swissprot,9606
uniprot:P84022,ENSG00000166949,SMAD3,smad family member 3,P84022,uniprot_swissprot,9606
uniprot:A6NED2,ENSG00000166965,RCCD1,rcc1 domain containing 1,A6NED2,uniprot_swissprot,9606
uniprot:P30101,ENSG00000167004,PDIA3,protein disulfide isomerase family a member 3,P30101,uniprot_swissprot,9606
uniprot:O43809,ENSG00000167005,NUDT21,nudix hydrolase 21,O43809,uniprot_swissprot,9606
uniprot:Q2NKQ1,ENSG00000167037,SGSM1,small g protein signaling modulator 1,Q2NKQ1,uniprot_swissprot,9606
uniprot:Q10587,ENSG00000167074,TEF,"tef transcription factor, par bzip family member",Q10587,uniprot_swissprot,9606
uniprot:P40426,ENSG00000167081,PBX3,pbx homeobox 3,P40426,uniprot_swissprot,9606
uniprot:P35232,ENSG00000167085,PHB1,prohibitin 1,P35232,uniprot_swissprot,9606
uniprot:P62314,ENSG00000167088,SNRPD1,small nuclear ribonucleoprotein d1 polypeptide,P62314,uniprot_swissprot,9606
uniprot:Q08379,ENSG00000167110,GOLGA2,golgin a2,Q08379,uniprot_swissprot,9606
uniprot:Q6P1M0,ENSG00000167114,SLC27A4,solute carrier family 27 member 4,Q6P1M0,uniprot_swissprot,9606
uniprot:Q9BTM9,ENSG00000167118,URM1,ubiquitin related modifier 1,Q9BTM9,uniprot_swissprot,9606
uniprot:Q99811,ENSG00000167157,PRRX2,paired related homeobox 2,Q99811,uniprot_swissprot,9606
uniprot:Q02086,ENSG00000167182,SP2,sp2 transcription factor,Q02086,uniprot_swissprot,9606
uniprot:Q9BU68,ENSG00000167183,PRR15L,proline rich 15 like,Q9BU68,uniprot_swissprot,9606
uniprot:Q9NZH0,ENSG00000167191,GPRC5B,g protein-coupled receptor class c group 5 member b,Q9NZH0,uniprot_swissprot,9606
uniprot:P46108,ENSG00000167193,CRK,"crk proto-oncogene, adaptor protein",P46108,uniprot_swissprot,9606
uniprot:Q8NEZ5,ENSG00000167196,FBXO22,f-box protein 22,Q8NEZ5,uniprot_swissprot,9606
uniprot:Q9UPU7,ENSG00000167202,TBC1D2B,tbc1 domain family member 2b,Q9UPU7,uniprot_swissprot,9606
uniprot:Q9HC29,ENSG00000167207,NOD2,nucleotide binding oligomerization domain containing 2,Q9HC29,uniprot_swissprot,9606
uniprot:Q8IVV2,ENSG00000167210,LOXHD1,lipoxygenase homology plat domains 1,Q8IVV2,uniprot_swissprot,9606
uniprot:P01344,ENSG00000167244,IGF2,insulin like growth factor 2,P01344,uniprot_swissprot,9606
uniprot:Q9NYV4,ENSG00000167258,CDK12,cyclin dependent kinase 12,Q9NYV4,uniprot_swissprot,9606
uniprot:Q9H4A9,ENSG00000167261,DPEP2,dipeptidase 2,Q9H4A9,uniprot_swissprot,9606
uniprot:A6NFN3,ENSG00000167281,RBFOX3,rna binding fox-1 homolog 3,A6NFN3,uniprot_swissprot,9606
uniprot:P04234,ENSG00000167286,CD3D,cd3 delta subunit of t-cell receptor complex,P04234,uniprot_swissprot,9606
uniprot:Q13586,ENSG00000167323,STIM1,stromal interaction molecule 1,Q13586,uniprot_swissprot,9606
uniprot:P23921,ENSG00000167325,RRM1,ribonucleotide reductase catalytic subunit m1,P23921,uniprot_swissprot,9606
uniprot:Q9H255,ENSG00000167332,OR51E2,olfactory receptor family 51 subfamily e member 2,Q9H255,uniprot_swissprot,9606
uniprot:Q9NRE1,ENSG00000167346,MMP26,matrix metallopeptidase 26,Q9NRE1,uniprot_swissprot,9606
uniprot:Q9H479,ENSG00000167363,FN3K,fructosamine 3 kinase,Q9H479,uniprot_swissprot,9606
uniprot:Q7Z6L0,ENSG00000167371,PRRT2,proline rich transmembrane protein 2,Q7Z6L0,uniprot_swissprot,9606
uniprot:Q9UJW8,ENSG00000167384,ZNF180,zinc finger protein 180,Q9UJW8,uniprot_swissprot,9606
uniprot:P22748,ENSG00000167434,CA4,carbonic anhydrase 4,P22748,uniprot_swissprot,9606
uniprot:Q8ND04,ENSG00000167447,SMG8,smg8 nonsense mediated mrna decay factor,Q8ND04,uniprot_swissprot,9606
uniprot:P67936,ENSG00000167460,TPM4,tropomyosin 4,P67936,uniprot_swissprot,9606
uniprot:P36969,ENSG00000167468,GPX4,glutathione peroxidase 4,P36969,uniprot_swissprot,9606
uniprot:Q53HC5,ENSG00000167487,KLHL26,kelch like family member 26,Q53HC5,uniprot_swissprot,9606
uniprot:Q86YP4,ENSG00000167491,GATAD2A,gata zinc finger domain containing 2a,Q86YP4,uniprot_swissprot,9606
uniprot:Q6UB99,ENSG00000167522,ANKRD11,ankyrin repeat domain 11,Q6UB99,uniprot_swissprot,9606
uniprot:Q96N06,ENSG00000167523,SPATA33,spermatogenesis associated 33,Q96N06,uniprot_swissprot,9606
uniprot:P26373,ENSG00000167526,RPL13,ribosomal protein l13,P26373,uniprot_swissprot,9606
uniprot:Q96N77,ENSG00000167528,ZNF641,zinc finger protein 641,Q96N77,uniprot_swissprot,9606
uniprot:P54284,ENSG00000167535,CACNB3,calcium voltage-gated channel auxiliary subunit beta 3,P54284,uniprot_swissprot,9606
uniprot:O14686,ENSG00000167548,KMT2D,lysine methyltransferase 2d,O14686,uniprot_swissprot,9606
uniprot:Q6QEF8,ENSG00000167549,CORO6,coronin 6,Q6QEF8,uniprot_swissprot,9606
uniprot:Q71U36,ENSG00000167552,TUBA1A,tubulin alpha 1a,Q71U36,uniprot_swissprot,9606
uniprot:Q9BQE3,ENSG00000167553,TUBA1C,tubulin alpha 1c,Q9BQE3,uniprot_swissprot,9606
uniprot:P61018,ENSG00000167578,RAB4B,"rab4b, member ras oncogene family",P61018,uniprot_swissprot,9606
uniprot:P21695,ENSG00000167588,GPD1,glycerol-3-phosphate dehydrogenase 1,P21695,uniprot_swissprot,9606
uniprot:P30530,ENSG00000167601,AXL,axl receptor tyrosine kinase,P30530,uniprot_swissprot,9606
uniprot:Q6NZY7,ENSG00000167617,CDC42EP5,cdc42 effector protein 5,Q6NZY7,uniprot_swissprot,9606
uniprot:Q8NBT3,ENSG00000167619,TMEM145,transmembrane protein 145,Q8NBT3,uniprot_swissprot,9606
uniprot:Q96Q05,ENSG00000167632,TRAPPC9,trafficking protein particle complex subunit 9,Q96Q05,uniprot_swissprot,9606
uniprot:Q15072,ENSG00000167635,ZNF146,zinc finger protein 146,Q15072,uniprot_swissprot,9606
uniprot:O43653,ENSG00000167653,PSCA,prostate stem cell antigen,O43653,uniprot_swissprot,9606
uniprot:P13639,ENSG00000167658,EEF2,eukaryotic translation elongation factor 2,P13639,uniprot_swissprot,9606
uniprot:Q9BZV1,ENSG00000167671,UBXN6,ubx domain protein 6,Q9BZV1,uniprot_swissprot,9606
uniprot:Q6DKJ4,ENSG00000167693,NXN,nucleoredoxin,Q6DKJ4,uniprot_swissprot,9606
uniprot:P24298,ENSG00000167701,GPT,glutamic--pyruvic transaminase,P24298,uniprot_swissprot,9606
uniprot:Q8N370,ENSG00000167703,SLC43A2,solute carrier family 43 member 2,Q8N370,uniprot_swissprot,9606
uniprot:Q96NA2,ENSG00000167705,RILP,rab interacting lysosomal protein,Q96NA2,uniprot_swissprot,9606
uniprot:Q9GZT4,ENSG00000167720,SRR,serine racemase,Q9GZT4,uniprot_swissprot,9606
uniprot:P20151,ENSG00000167751,KLK2,kallikrein related peptidase 2,P20151,uniprot_swissprot,9606
uniprot:Q9Y337,ENSG00000167754,KLK5,kallikrein related peptidase 5,Q9Y337,uniprot_swissprot,9606
uniprot:Q92876,ENSG00000167755,KLK6,kallikrein related peptidase 6,Q92876,uniprot_swissprot,9606
uniprot:Q6KB66,ENSG00000167767,KRT80,keratin 80,Q6KB66,uniprot_swissprot,9606
uniprot:Q96FW1,ENSG00000167770,OTUB1,"otu deubiquitinase, ubiquitin aldehyde binding 1",Q96FW1,uniprot_swissprot,9606
uniprot:Q9BY76,ENSG00000167772,ANGPTL4,angiopoietin like 4,Q9BY76,uniprot_swissprot,9606
uniprot:Q9NPF0,ENSG00000167775,CD320,cd320 molecule,Q9NPF0,uniprot_swissprot,9606
uniprot:Q8NCJ5,ENSG00000167778,SPRYD3,spry domain containing 3,Q8NCJ5,uniprot_swissprot,9606
uniprot:P24592,ENSG00000167779,IGFBP6,insulin like growth factor binding protein 6,P24592,uniprot_swissprot,9606
uniprot:Q96NG5,ENSG00000167785,ZNF558,zinc finger protein 558,Q96NG5,uniprot_swissprot,9606
uniprot:P49821,ENSG00000167792,NDUFV1,nadh:ubiquinone oxidoreductase core subunit v1,P49821,uniprot_swissprot,9606
uniprot:P32119,ENSG00000167815,PRDX2,peroxiredoxin 2,P32119,uniprot_swissprot,9606
uniprot:Q9UNY5,ENSG00000167840,ZNF232,zinc finger protein 232,Q9UNY5,uniprot_swissprot,9606
uniprot:Q8IU68,ENSG00000167895,TMC8,transmembrane channel like 8,Q8IU68,uniprot_swissprot,9606
uniprot:P04183,ENSG00000167900,TK1,thymidine kinase 1,P04183,uniprot_swissprot,9606
uniprot:Q96QA5,ENSG00000167914,GSDMA,gasdermin a,Q96QA5,uniprot_swissprot,9606
uniprot:Q2M2I5,ENSG00000167916,KRT24,keratin 24,Q2M2I5,uniprot_swissprot,9606
uniprot:Q9H0X4,ENSG00000167930,FAM234A,family with sequence similarity 234 member a,Q9H0X4,uniprot_swissprot,9606
uniprot:Q9BQB4,ENSG00000167941,SOST,sclerostin,Q9BQB4,uniprot_swissprot,9606
uniprot:Q9ULW5,ENSG00000167964,RAB26,"rab26, member ras oncogene family",Q9ULW5,uniprot_swissprot,9606
uniprot:Q9UQ35,ENSG00000167978,SRRM2,serine/arginine repetitive matrix 2,Q9UQ35,uniprot_swissprot,9606
uniprot:Q7RTR2,ENSG00000167984,NLRC3,nlr family card domain containing 3,Q7RTR2,uniprot_swissprot,9606
uniprot:Q9NX18,ENSG00000167985,SDHAF2,succinate dehydrogenase complex assembly factor 2,Q9NX18,uniprot_swissprot,9606
uniprot:Q16531,ENSG00000167986,DDB1,damage specific dna binding protein 1,Q16531,uniprot_swissprot,9606
uniprot:Q96DN2,ENSG00000167992,VWCE,von willebrand factor c and egf domains,Q96DN2,uniprot_swissprot,9606
uniprot:Q8TBN0,ENSG00000167994,RAB3IL1,rab3a interacting protein like 1,Q8TBN0,uniprot_swissprot,9606
uniprot:Q96G97,ENSG00000168000,BSCL2,"bscl2 lipid droplet biogenesis associated, seipin",Q96G97,uniprot_swissprot,9606
uniprot:P08195,ENSG00000168003,SLC3A2,solute carrier family 3 member 2,P08195,uniprot_swissprot,9606
uniprot:Q8NAA4,ENSG00000168010,ATG16L2,autophagy related 16 like 2,Q8NAA4,uniprot_swissprot,9606
uniprot:O15050,ENSG00000168016,TRANK1,tetratricopeptide repeat and ankyrin repeat containing 1,O15050,uniprot_swissprot,9606
uniprot:P08865,ENSG00000168028,RPSA,ribosomal protein sa,P08865,uniprot_swissprot,9606
uniprot:P35222,ENSG00000168036,CTNNB1,catenin beta 1,P35222,uniprot_swissprot,9606
uniprot:Q96C45,ENSG00000168038,ULK4,unc-51 like kinase 4,Q96C45,uniprot_swissprot,9606
uniprot:Q13158,ENSG00000168040,FADD,fas associated via death domain,Q13158,uniprot_swissprot,9606
uniprot:Q9NS15,ENSG00000168056,LTBP3,latent transforming growth factor beta binding protein 3,Q9NS15,uniprot_swissprot,9606
uniprot:Q12851,ENSG00000168067,MAP4K2,mitogen-activated protein kinase kinase kinase kinase 2,Q12851,uniprot_swissprot,9606
uniprot:A6NC98,ENSG00000168071,CCDC88B,coiled-coil and hook domain protein 88b,A6NC98,uniprot_swissprot,9606
uniprot:Q96KB5,ENSG00000168078,PBK,pdz binding kinase,Q96KB5,uniprot_swissprot,9606
uniprot:Q6ZMJ2,ENSG00000168079,SCARA5,scavenger receptor class a member 5,Q6ZMJ2,uniprot_swissprot,9606
uniprot:Q13519,ENSG00000168081,PNOC,prepronociceptin,Q13519,uniprot_swissprot,9606
uniprot:P68402,ENSG00000168092,PAFAH1B2,platelet activating factor acetylhydrolase 1b catalytic subunit 2,P68402,uniprot_swissprot,9606
uniprot:Q9BRJ7,ENSG00000168101,NUDT16L1,nudix hydrolase 16 like 1,Q9BRJ7,uniprot_swissprot,9606
uniprot:Q9HCI6,ENSG00000168116,KIAA1586,kiaa1586,Q9HCI6,uniprot_swissprot,9606
uniprot:Q9C0A6,ENSG00000168137,SETD5,set domain containing 5,Q9C0A6,uniprot_swissprot,9606
uniprot:Q6EMK4,ENSG00000168140,VASN,vasorin,Q6EMK4,uniprot_swissprot,9606
uniprot:Q5T0W9,ENSG00000168143,SACK1B,scaffolding ck1 anchoring protein b,Q5T0W9,uniprot_swissprot,9606
uniprot:Q86VS8,ENSG00000168172,HOOK3,hook microtubule tethering protein 3,Q86VS8,uniprot_swissprot,9606
uniprot:Q9NX09,ENSG00000168209,DDIT4,dna damage inducible transcript 4,Q9NX09,uniprot_swissprot,9606
uniprot:Q06330,ENSG00000168214,RBPJ,recombination signal binding protein for immunoglobulin kappa j region,Q06330,uniprot_swissprot,9606
uniprot:Q13258,ENSG00000168229,PTGDR,prostaglandin d2 receptor,Q13258,uniprot_swissprot,9606
uniprot:P50150,ENSG00000168243,GNG4,g protein subunit gamma 4,P50150,uniprot_swissprot,9606
uniprot:Q12951,ENSG00000168269,FOXI1,forkhead box i1,Q12951,uniprot_swissprot,9606
uniprot:O60282,ENSG00000168280,KIF5C,kinesin family member 5c,O60282,uniprot_swissprot,9606
uniprot:P35226,ENSG00000168283,BMI1,"bmi1 proto-oncogene, polycomb ring finger",P35226,uniprot_swissprot,9606
uniprot:Q9H3L0,ENSG00000168288,MMADHC,metabolism of cobalamin associated d,Q9H3L0,uniprot_swissprot,9606
uniprot:P11177,ENSG00000168291,PDHB,pyruvate dehydrogenase e1 subunit beta,P11177,uniprot_swissprot,9606
uniprot:Q7Z7A4,ENSG00000168297,PXK,px domain containing serine/threonine kinase like,Q7Z7A4,uniprot_swissprot,9606
uniprot:P14316,ENSG00000168310,IRF2,interferon regulatory factor 2,P14316,uniprot_swissprot,9606
uniprot:P49238,ENSG00000168329,CX3CR1,c-x3-c motif chemokine receptor 1,P49238,uniprot_swissprot,9606
uniprot:Q702N8,ENSG00000168334,XIRP1,xin actin binding repeat containing 1,Q702N8,uniprot_swissprot,9606
uniprot:Q9UI33,ENSG00000168356,SCN11A,sodium voltage-gated channel alpha subunit 11,Q9UI33,uniprot_swissprot,9606
uniprot:P18085,ENSG00000168374,ARF4,arf gtpase 4,P18085,uniprot_swissprot,9606
uniprot:Q15019,ENSG00000168385,SEPTIN2,septin 2,Q15019,uniprot_swissprot,9606
uniprot:Q4L180,ENSG00000168386,FILIP1L,filamin a interacting protein 1 like,Q4L180,uniprot_swissprot,9606
uniprot:Q8WYH8,ENSG00000168395,ING5,inhibitor of growth family member 5,Q8WYH8,uniprot_swissprot,9606
uniprot:Q9Y4P1,ENSG00000168397,ATG4B,autophagy related 4b cysteine peptidase,Q9Y4P1,uniprot_swissprot,9606
uniprot:P30411,ENSG00000168398,BDKRB2,bradykinin receptor b2,P30411,uniprot_swissprot,9606
uniprot:Q8NB16,ENSG00000168404,MLKL,mixed lineage kinase domain like pseudokinase,Q8NB16,uniprot_swissprot,9606
uniprot:Q6PCD5,ENSG00000168411,RFWD3,ring finger and wd repeat domain 3,Q6PCD5,uniprot_swissprot,9606
uniprot:P48039,ENSG00000168412,MTNR1A,melatonin receptor 1a,P48039,uniprot_swissprot,9606
uniprot:Q15669,ENSG00000168421,RHOH,ras homolog family member h,Q15669,uniprot_swissprot,9606
uniprot:P51168,ENSG00000168447,SCNN1B,sodium channel epithelial 1 subunit beta,P51168,uniprot_swissprot,9606
uniprot:Q13636,ENSG00000168461,RAB31,"rab31, member ras oncogene family",Q13636,uniprot_swissprot,9606
uniprot:P22105,ENSG00000168477,TNXB,tenascin xb,P22105,uniprot_swissprot,9606
uniprot:P11686,ENSG00000168484,SFTPC,surfactant protein c,P11686,uniprot_swissprot,9606
uniprot:P13497,ENSG00000168487,BMP1,bone morphogenetic protein 1,P13497,uniprot_swissprot,9606
uniprot:Q8WWM7,ENSG00000168488,ATXN2L,ataxin 2 like,Q8WWM7,uniprot_swissprot,9606
uniprot:P39748,ENSG00000168496,FEN1,flap structure-specific endonuclease 1,P39748,uniprot_swissprot,9606
uniprot:O95810,ENSG00000168497,CAVIN2,caveolae associated protein 2,O95810,uniprot_swissprot,9606
uniprot:Q9Y4B5,ENSG00000168502,MTCL1,microtubule crosslinking factor 1,Q9Y4B5,uniprot_swissprot,9606
uniprot:P52951,ENSG00000168505,GBX2,gastrulation brain homeobox 2,P52951,uniprot_swissprot,9606
uniprot:Q96MH2,ENSG00000168517,HEXIM2,hexim p-tefb complex subunit 2,Q96MH2,uniprot_swissprot,9606
uniprot:P49354,ENSG00000168522,FNTA,"farnesyltransferase, caax box, subunit alpha",P49354,uniprot_swissprot,9606
uniprot:Q7Z392,ENSG00000168538,TRAPPC11,trafficking protein particle complex subunit 11,Q7Z392,uniprot_swissprot,9606
uniprot:P11229,ENSG00000168539,CHRM1,cholinergic receptor muscarinic 1,P11229,uniprot_swissprot,9606
uniprot:P02461,ENSG00000168542,COL3A1,collagen type iii alpha 1 chain,P02461,uniprot_swissprot,9606
uniprot:O00451,ENSG00000168546,GFRA2,gdnf family receptor alpha 2,O00451,uniprot_swissprot,9606
uniprot:Q9H160,ENSG00000168556,ING2,inhibitor of growth family member 2,Q9H160,uniprot_swissprot,9606
uniprot:Q6IEG0,ENSG00000168566,SNRNP48,small nuclear ribonucleoprotein u11/u12 subunit 48,Q6IEG0,uniprot_swissprot,9606
uniprot:Q9UKF5,ENSG00000168594,ADAM29,adam metallopeptidase domain 29,Q9UKF5,uniprot_swissprot,9606
uniprot:P40763,ENSG00000168610,STAT3,signal transducer and activator of transcription 3,P40763,uniprot_swissprot,9606
uniprot:Q13443,ENSG00000168615,ADAM9,adam metallopeptidase domain 9,Q13443,uniprot_swissprot,9606
uniprot:P39905,ENSG00000168621,GDNF,glial cell derived neurotrophic factor,P39905,uniprot_swissprot,9606
uniprot:Q9Y2T1,ENSG00000168646,AXIN2,axin 2,Q9Y2T1,uniprot_swissprot,9606
uniprot:O43920,ENSG00000168653,NDUFS5,nadh:ubiquinone oxidoreductase subunit s5,O43920,uniprot_swissprot,9606
uniprot:Q96KN1,ENSG00000168672,LRATD2,lrat domain containing 2,Q96KN1,uniprot_swissprot,9606
uniprot:O15165,ENSG00000168675,LDLRAD4,low density lipoprotein receptor class a domain containing 4,O15165,uniprot_swissprot,9606
uniprot:P16871,ENSG00000168685,IL7R,interleukin 7 receptor,P16871,uniprot_swissprot,9606
uniprot:Q9NZR2,ENSG00000168702,LRP1B,ldl receptor related protein 1b,Q9NZR2,uniprot_swissprot,9606
uniprot:Q5F1R6,ENSG00000168724,DNAJC21,dnaj heat shock protein family (hsp40) member c21,Q5F1R6,uniprot_swissprot,9606
uniprot:Q9Y2B9,ENSG00000168734,PKIG,camp-dependent protein kinase inhibitor gamma,Q9Y2B9,uniprot_swissprot,9606
uniprot:Q6UXI9,ENSG00000168743,NPNT,nephronectin,Q6UXI9,uniprot_swissprot,9606
uniprot:Q9C0C4,ENSG00000168758,SEMA4C,semaphorin 4c,Q9C0C4,uniprot_swissprot,9606
uniprot:Q6N021,ENSG00000168769,TET2,tet methylcytosine dioxygenase 2,Q6N021,uniprot_swissprot,9606
uniprot:P0CG13,ENSG00000168802,CHTF8,chromosome transmission fidelity factor 8,P0CG13,uniprot_swissprot,9606
uniprot:Q13425,ENSG00000168807,SNTB2,syntrophin beta 2,Q13425,uniprot_swissprot,9606
uniprot:P29459,ENSG00000168811,IL12A,interleukin 12a,P29459,uniprot_swissprot,9606
uniprot:Q8TCN5,ENSG00000168813,ZNF507,zinc finger protein 507,Q8TCN5,uniprot_swissprot,9606
uniprot:Q8N475,ENSG00000168843,FSTL5,follistatin like 5,Q8N475,uniprot_swissprot,9606
uniprot:Q9NUU7,ENSG00000168872,DDX19A,dead-box helicase 19a,Q9NUU7,uniprot_swissprot,9606
uniprot:Q96SQ7,ENSG00000168874,ATOH8,atonal bhlh transcription factor 8,Q96SQ7,uniprot_swissprot,9606
uniprot:O95416,ENSG00000168875,SOX14,sry-box transcription factor 14,O95416,uniprot_swissprot,9606
uniprot:P07988,ENSG00000168878,SFTPB,surfactant protein b,P07988,uniprot_swissprot,9606
uniprot:Q8NFZ5,ENSG00000168884,TNIP2,tnfaip3 interacting protein 2,Q8NFZ5,uniprot_swissprot,9606
uniprot:O95183,ENSG00000168899,VAMP5,vesicle associated membrane protein 5,O95183,uniprot_swissprot,9606
uniprot:P31153,ENSG00000168906,MAT2A,methionine adenosyltransferase 2a,P31153,uniprot_swissprot,9606
uniprot:Q8TBE7,ENSG00000168917,SLC35G2,solute carrier family 35 member g2,Q8TBE7,uniprot_swissprot,9606
uniprot:Q92835,ENSG00000168918,INPP5D,inositol polyphosphate-5-phosphatase d,Q92835,uniprot_swissprot,9606
uniprot:P17538,ENSG00000168925,CTRB1,chymotrypsinogen b1,P17538,uniprot_swissprot,9606
uniprot:Q6GPI1,ENSG00000168928,CTRB2,chymotrypsinogen b2,Q6GPI1,uniprot_swissprot,9606
uniprot:P45877,ENSG00000168938,PPIC,peptidylprolyl isomerase c,P45877,uniprot_swissprot,9606
uniprot:Q8N960,ENSG00000168944,CEP120,centrosomal protein 120,Q8N960,uniprot_swissprot,9606
uniprot:Q8NFX7,ENSG00000168952,STXBP6,syntaxin binding protein 6,Q8NFX7,uniprot_swissprot,9606
uniprot:Q9GZY8,ENSG00000168958,MFF,mitochondrial fission factor,Q9GZY8,uniprot_swissprot,9606
uniprot:P41594,ENSG00000168959,GRM5,glutamate metabotropic receptor 5,P41594,uniprot_swissprot,9606
uniprot:O00182,ENSG00000168961,LGALS9,galectin 9,O00182,uniprot_swissprot,9606
uniprot:Q5TGL8,ENSG00000168994,PXDC1,px domain containing 1,Q5TGL8,uniprot_swissprot,9606
uniprot:Q01955,ENSG00000169031,COL4A3,collagen type iv alpha 3 chain,Q01955,uniprot_swissprot,9606
uniprot:Q02750,ENSG00000169032,MAP2K1,mitogen-activated protein kinase kinase 1,Q02750,uniprot_swissprot,9606
uniprot:P35568,ENSG00000169047,IRS1,insulin receptor substrate 1,P35568,uniprot_swissprot,9606
uniprot:P51608,ENSG00000169057,MECP2,methyl-cpg binding protein 2,P51608,uniprot_swissprot,9606
uniprot:Q9H1J1,ENSG00000169062,UPF3A,upf3a regulator of nonsense mediated mrna decay,Q9H1J1,uniprot_swissprot,9606
uniprot:Q562R1,ENSG00000169067,ACTBL2,actin beta like 2,Q562R1,uniprot_swissprot,9606
uniprot:Q01974,ENSG00000169071,ROR2,ror family wnt receptor 2,Q01974,uniprot_swissprot,9606
uniprot:P10275,ENSG00000169083,AR,androgen receptor,P10275,uniprot_swissprot,9606
uniprot:P12236,ENSG00000169100,SLC25A6,solute carrier family 25 member 6,P12236,uniprot_swissprot,9606
uniprot:Q6UWI2,ENSG00000169116,PARM1,prostate androgen-regulated mucin-like protein 1,Q6UWI2,uniprot_swissprot,9606
uniprot:Q9HCP0,ENSG00000169118,CSNK1G1,casein kinase 1 gamma 1,Q9HCP0,uniprot_swissprot,9606
uniprot:Q5T2S8,ENSG00000169126,ODAD2,outer dynein arm docking complex subunit 2,Q5T2S8,uniprot_swissprot,9606
uniprot:Q8N4X5,ENSG00000169129,AFAP1L2,actin filament associated protein 1 like 2,Q8N4X5,uniprot_swissprot,9606
uniprot:Q9Y2D1,ENSG00000169136,ATF5,activating transcription factor 5,Q9Y2D1,uniprot_swissprot,9606
uniprot:Q15819,ENSG00000169139,UBE2V2,ubiquitin conjugating enzyme e2 v2,Q15819,uniprot_swissprot,9606
uniprot:O43298,ENSG00000169155,ZBTB43,zinc finger and btb domain containing 43,O43298,uniprot_swissprot,9606
uniprot:Q8TCG5,ENSG00000169169,CPT1C,carnitine palmitoyltransferase 1c,Q8TCG5,uniprot_swissprot,9606
uniprot:Q8NBP7,ENSG00000169174,PCSK9,proprotein convertase subtilisin/kexin type 9,Q8NBP7,uniprot_swissprot,9606
uniprot:Q10571,ENSG00000169184,MN1,"mn1 proto-oncogene, transcriptional regulator",Q10571,uniprot_swissprot,9606
uniprot:Q8WV22,ENSG00000169189,NSMCE1,nse1 component of smc5/6 complex,Q8WV22,uniprot_swissprot,9606
uniprot:P35225,ENSG00000169194,IL13,interleukin 13,P35225,uniprot_swissprot,9606
uniprot:P20337,ENSG00000169213,RAB3B,"rab3b, member ras oncogene family",P20337,uniprot_swissprot,9606
uniprot:O43566,ENSG00000169220,RGS14,regulator of g protein signaling 14,O43566,uniprot_swissprot,9606
uniprot:Q12907,ENSG00000169223,LMAN2,"lectin, mannose binding 2",Q12907,uniprot_swissprot,9606
uniprot:Q9Y255,ENSG00000169230,PRELID1,preli domain containing 1,Q9Y255,uniprot_swissprot,9606
uniprot:P49746,ENSG00000169231,THBS3,thrombospondin 3,P49746,uniprot_swissprot,9606
uniprot:P20827,ENSG00000169242,EFNA1,ephrin a1,P20827,uniprot_swissprot,9606
uniprot:P02778,ENSG00000169245,CXCL10,c-x-c motif chemokine ligand 10,P02778,uniprot_swissprot,9606
uniprot:Q8TF17,ENSG00000169247,SH3TC2,sh3 domain and tetratricopeptide repeats 2,Q8TF17,uniprot_swissprot,9606
uniprot:O14625,ENSG00000169248,CXCL11,c-x-c motif chemokine ligand 11,O14625,uniprot_swissprot,9606
uniprot:Q15696,ENSG00000169249,ZRSR2,"zinc finger ccch-type, rna binding motif and serine/arginine rich 2",Q15696,uniprot_swissprot,9606
uniprot:P07550,ENSG00000169252,ADRB2,adrenoceptor beta 2,P07550,uniprot_swissprot,9606
uniprot:O75752,ENSG00000169255,B3GALNT1,"beta-1,3-n-acetylgalactosaminyltransferase 1 (globoside blood group)",O75752,uniprot_swissprot,9606
uniprot:Q14722,ENSG00000169282,KCNAB1,potassium voltage-gated channel subfamily a regulatory beta subunit 1,Q14722,uniprot_swissprot,9606
uniprot:Q9BYD6,ENSG00000169288,MRPL1,mitochondrial ribosomal protein l1,Q9BYD6,uniprot_swissprot,9606
uniprot:Q8WU08,ENSG00000169302,STK32A,serine/threonine kinase 32a,Q8WU08,uniprot_swissprot,9606
uniprot:Q9H244,ENSG00000169313,P2RY12,purinergic receptor p2y12,Q9H244,uniprot_swissprot,9606
uniprot:Q8N807,ENSG00000169340,PDILT,"protein disulfide isomerase like, testis expressed",Q8N807,uniprot_swissprot,9606
uniprot:P07911,ENSG00000169344,UMOD,uromodulin,P07911,uniprot_swissprot,9606
uniprot:P55259,ENSG00000169347,GP2,glycoprotein 2,P55259,uniprot_swissprot,9606
uniprot:O00400,ENSG00000169359,SLC33A1,solute carrier family 33 member 1,O00400,uniprot_swissprot,9606
uniprot:O95149,ENSG00000169371,SNUPN,snurportin 1,O95149,uniprot_swissprot,9606
uniprot:Q96ST3,ENSG00000169375,SIN3A,sin3 transcription regulator family member a,Q96ST3,uniprot_swissprot,9606
uniprot:Q05397,ENSG00000169398,PTK2,protein tyrosine kinase 2,Q05397,uniprot_swissprot,9606
uniprot:P25105,ENSG00000169403,PTAFR,platelet activating factor receptor,P25105,uniprot_swissprot,9606
uniprot:P43378,ENSG00000169410,PTPN9,protein tyrosine phosphatase non-receptor type 9,P43378,uniprot_swissprot,9606
uniprot:P16066,ENSG00000169418,NPR1,natriuretic peptide receptor 1,P16066,uniprot_swissprot,9606
uniprot:Q9NPC2,ENSG00000169427,KCNK9,potassium two pore domain channel subfamily k member 9,Q9NPC2,uniprot_swissprot,9606
uniprot:P10145,ENSG00000169429,CXCL8,c-x-c motif chemokine ligand 8,P10145,uniprot_swissprot,9606
uniprot:Q15858,ENSG00000169432,SCN9A,sodium voltage-gated channel alpha subunit 9,Q15858,uniprot_swissprot,9606
uniprot:Q8NFW1,ENSG00000169436,COL22A1,collagen type xxii alpha 1 chain,Q8NFW1,uniprot_swissprot,9606
uniprot:P34741,ENSG00000169439,SDC2,syndecan 2,P34741,uniprot_swissprot,9606
uniprot:P31358,ENSG00000169442,CD52,cd52 molecule,P31358,uniprot_swissprot,9606
uniprot:Q9Y696,ENSG00000169504,CLIC4,clic family member 4,Q9Y696,uniprot_swissprot,9606
uniprot:Q08AI6,ENSG00000169507,SLC38A11,solute carrier family 38 member 11,Q08AI6,uniprot_swissprot,9606
uniprot:P32249,ENSG00000169508,GPR183,g protein-coupled receptor 183,P32249,uniprot_swissprot,9606
uniprot:A6NJ78,ENSG00000169519,METTL15,"methyltransferase 15, mitochondrial 12s rrna n4-cytidine",A6NJ78,uniprot_swissprot,9606
uniprot:O60315,ENSG00000169554,ZEB2,zinc finger e-box binding homeobox 2,O60315,uniprot_swissprot,9606
uniprot:Q15365,ENSG00000169564,PCBP1,poly(rc) binding protein 1,Q15365,uniprot_swissprot,9606
uniprot:P49773,ENSG00000169567,HINT1,histidine triad nucleotide binding protein 1,P49773,uniprot_swissprot,9606
uniprot:Q8NBA8,ENSG00000169570,DTWD2,dtw motif trna-uridine aminocarboxypropyltransferase 2,Q8NBA8,uniprot_swissprot,9606
uniprot:P12018,ENSG00000169575,VPREB1,v-set pre-b cell surrogate light chain 1,P12018,uniprot_swissprot,9606
uniprot:Q9UMS0,ENSG00000169599,NFU1,nfu1 iron-sulfur cluster scaffold,Q9UMS0,uniprot_swissprot,9606
uniprot:Q9H6X2,ENSG00000169604,ANTXR1,antxr cell adhesion molecule 1,Q9H6X2,uniprot_swissprot,9606
uniprot:Q8WUR7,ENSG00000169609,C15ORF40,chromosome 15 open reading frame 40,Q8WUR7,uniprot_swissprot,9606
uniprot:O14715,ENSG00000169629,RGPD8,ranbp2 like and grip domain containing 8,O14715,uniprot_swissprot,9606
uniprot:O43683,ENSG00000169679,BUB1,bub1 mitotic checkpoint serine/threonine kinase,O43683,uniprot_swissprot,9606
uniprot:Q9H2V7,ENSG00000169682,SPNS1,"spns lysolipid transporter 1, lysophospholipid",Q9H2V7,uniprot_swissprot,9606
uniprot:P30532,ENSG00000169684,CHRNA5,cholinergic receptor nicotinic alpha 5 subunit,P30532,uniprot_swissprot,9606
uniprot:Q9BZE9,ENSG00000169696,ASPSCR1,"aspscr1 tether for slc2a4, ubx domain containing",Q9BZE9,uniprot_swissprot,9606
uniprot:P49327,ENSG00000169710,FASN,fatty acid synthase,P49327,uniprot_swissprot,9606
uniprot:P62633,ENSG00000169714,CNBP,cchc-type zinc finger nucleic acid binding protein,P62633,uniprot_swissprot,9606
uniprot:Q8TDY3,ENSG00000169717,ACTRT2,actin related protein t2,Q8TDY3,uniprot_swissprot,9606
uniprot:P17041,ENSG00000169740,ZNF32,zinc finger protein 32,P17041,uniprot_swissprot,9606
uniprot:O43679,ENSG00000169744,LDB2,lim domain binding 2,O43679,uniprot_swissprot,9606
uniprot:Q8WWG1,ENSG00000169752,NRG4,neuregulin 4,Q8WWG1,uniprot_swissprot,9606
uniprot:Q2M3C6,ENSG00000169758,TMEM266,transmembrane protein 266,Q2M3C6,uniprot_swissprot,9606
uniprot:Q8N2Q7,ENSG00000169760,NLGN1,neuroligin 1,Q8N2Q7,uniprot_swissprot,9606
uniprot:Q16851,ENSG00000169764,UGP2,udp-glucose pyrophosphorylase 2,Q16851,uniprot_swissprot,9606
uniprot:Q96FE5,ENSG00000169783,LINGO1,leucine rich repeat and ig domain containing 1,Q96FE5,uniprot_swissprot,9606
uniprot:P52597,ENSG00000169813,HNRNPF,heterogeneous nuclear ribonucleoprotein f,P52597,uniprot_swissprot,9606
uniprot:O60245,ENSG00000169851,PCDH7,protocadherin 7,O60245,uniprot_swissprot,9606
uniprot:Q9Y6N7,ENSG00000169855,ROBO1,roundabout guidance receptor 1,Q9Y6N7,uniprot_swissprot,9606
uniprot:Q9UBC0,ENSG00000169856,ONECUT1,one cut homeobox 1,Q9UBC0,uniprot_swissprot,9606
uniprot:P47900,ENSG00000169860,P2RY1,purinergic receptor p2y1,P47900,uniprot_swissprot,9606
uniprot:Q9UQB3,ENSG00000169862,CTNND2,catenin delta 2,Q9UQB3,uniprot_swissprot,9606
uniprot:P11215,ENSG00000169896,ITGAM,integrin subunit alpha m,P11215,uniprot_swissprot,9606
uniprot:P48230,ENSG00000169903,TM4SF4,transmembrane 4 l six family member 4,P48230,uniprot_swissprot,9606
uniprot:P30408,ENSG00000169908,TM4SF1,transmembrane 4 l six family member 1,P30408,uniprot_swissprot,9606
uniprot:Q5T2D3,ENSG00000169914,OTUD3,otu deubiquitinase 3,Q5T2D3,uniprot_swissprot,9606
uniprot:P08236,ENSG00000169919,GUSB,glucuronidase beta,P08236,uniprot_swissprot,9606
uniprot:Q15059,ENSG00000169925,BRD3,bromodomain containing 3,Q15059,uniprot_swissprot,9606
uniprot:Q9Y2Y9,ENSG00000169926,KLF13,klf transcription factor 13,Q9Y2Y9,uniprot_swissprot,9606
uniprot:Q8WW38,ENSG00000169946,ZFPM2,"zinc finger protein, fog family member 2",Q8WW38,uniprot_swissprot,9606
uniprot:Q96H86,ENSG00000169951,ZNF764,zinc finger protein 764,Q96H86,uniprot_swissprot,9606
uniprot:Q12873,ENSG00000170004,CHD3,chromodomain helicase dna binding protein 3,Q12873,uniprot_swissprot,9606
uniprot:Q6P9G4,ENSG00000170006,TMEM154,transmembrane protein 154,Q6P9G4,uniprot_swissprot,9606
uniprot:Q8NFW9,ENSG00000170011,MYRIP,myosin viia and rab interacting protein,Q8NFW9,uniprot_swissprot,9606
uniprot:Q13740,ENSG00000170017,ALCAM,activated leukocyte cell adhesion molecule,Q13740,uniprot_swissprot,9606
uniprot:Q969T4,ENSG00000170035,UBE2E3,ubiquitin conjugating enzyme e2 e3,Q969T4,uniprot_swissprot,9606
uniprot:Q8TCW7,ENSG00000170044,ZPLD1,zona pellucida like domain containing 1,Q8TCW7,uniprot_swissprot,9606
uniprot:Q8NDZ2,ENSG00000170085,SIMC1,sumo interacting motifs containing 1,Q8NDZ2,uniprot_swissprot,9606
uniprot:A6NIY4,ENSG00000170092,SPDYE5,speedy/ringo cell cycle regulator family member e5,A6NIY4,uniprot_swissprot,9606
uniprot:P08185,ENSG00000170099,SERPINA6,serpin family a member 6,P08185,uniprot_swissprot,9606
uniprot:P51965,ENSG00000170142,UBE2E1,ubiquitin conjugating enzyme e2 e1,P51965,uniprot_swissprot,9606
uniprot:P51991,ENSG00000170144,HNRNPA3,heterogeneous nuclear ribonucleoprotein a3,P51991,uniprot_swissprot,9606
uniprot:Q9H0K1,ENSG00000170145,SIK2,salt inducible kinase 2,Q9H0K1,uniprot_swissprot,9606
uniprot:Q9ULK6,ENSG00000170153,RNF150,ring finger protein 150,Q9ULK6,uniprot_swissprot,9606
uniprot:Q8N8G2,ENSG00000170162,VGLL2,vestigial like family member 2,Q8N8G2,uniprot_swissprot,9606
uniprot:Q8NB14,ENSG00000170185,USP38,ubiquitin specific peptidase 38,Q8NB14,uniprot_swissprot,9606
uniprot:P35368,ENSG00000170214,ADRA1B,adrenoceptor alpha 1b,P35368,uniprot_swissprot,9606
uniprot:P51161,ENSG00000170231,FABP6,fatty acid binding protein 6,P51161,uniprot_swissprot,9606
uniprot:Q96N64,ENSG00000170234,PWWP2A,pwwp domain containing 2a,Q96N64,uniprot_swissprot,9606
uniprot:Q96K76,ENSG00000170242,USP47,ubiquitin specific peptidase 47,Q96K76,uniprot_swissprot,9606
uniprot:Q8WUM4,ENSG00000170248,PDCD6IP,programmed cell death 6 interacting protein,Q8WUM4,uniprot_swissprot,9606
uniprot:Q8TCY5,ENSG00000170262,MRAP,melanocortin 2 receptor accessory protein,Q8TCY5,uniprot_swissprot,9606
uniprot:P16278,ENSG00000170266,GLB1,galactosidase beta 1,P16278,uniprot_swissprot,9606
uniprot:Q8WU49,ENSG00000170279,C7ORF33,chromosome 7 open reading frame 33,Q8WU49,uniprot_swissprot,9606
uniprot:O00631,ENSG00000170290,SLN,sarcolipin,O00631,uniprot_swissprot,9606
uniprot:O95166,ENSG00000170296,GABARAP,gaba type a receptor-associated protein,O95166,uniprot_swissprot,9606
uniprot:Q9UNK0,ENSG00000170310,STX8,syntaxin 8,Q9UNK0,uniprot_swissprot,9606
uniprot:P06493,ENSG00000170312,CDK1,cyclin dependent kinase 1,P06493,uniprot_swissprot,9606
uniprot:P0CG47,ENSG00000170315,UBB,ubiquitin b,P0CG47,uniprot_swissprot,9606
uniprot:P15090,ENSG00000170323,FABP4,fatty acid binding protein 4,P15090,uniprot_swissprot,9606
uniprot:Q68DX3,ENSG00000170324,FRMPD2,ferm and pdz domain containing 2,Q68DX3,uniprot_swissprot,9606
uniprot:Q9NY97,ENSG00000170340,B3GNT2,"udp-glcnac:betagal beta-1,3-n-acetylglucosaminyltransferase 2",Q9NY97,uniprot_swissprot,9606
uniprot:P01100,ENSG00000170345,FOS,"fos proto-oncogene, ap-1 transcription factor subunit",P01100,uniprot_swissprot,9606
uniprot:P49755,ENSG00000170348,TMED10,transmembrane p24 trafficking protein 10,P49755,uniprot_swissprot,9606
uniprot:Q15797,ENSG00000170365,SMAD1,smad family member 1,Q15797,uniprot_swissprot,9606
uniprot:Q04743,ENSG00000170370,EMX2,empty spiracles homeobox 2,Q04743,uniprot_swissprot,9606
uniprot:P01037,ENSG00000170373,CST1,cystatin sn,P01037,uniprot_swissprot,9606
uniprot:Q8TDD2,ENSG00000170374,SP7,sp7 transcription factor,Q8TDD2,uniprot_swissprot,9606
uniprot:O75325,ENSG00000170382,LRRN2,leucine rich repeat neuronal 2,O75325,uniprot_swissprot,9606
uniprot:Q9Y6M5,ENSG00000170385,SLC30A1,solute carrier family 30 member 1,Q9Y6M5,uniprot_swissprot,9606
uniprot:Q8N568,ENSG00000170390,DCLK2,doublecortin like kinase 2,Q8N568,uniprot_swissprot,9606
uniprot:Q7Z570,ENSG00000170396,ZNF804A,zinc finger protein 804a,Q7Z570,uniprot_swissprot,9606
uniprot:Q6ZP80,ENSG00000170417,TMEM182,transmembrane protein 182,Q6ZP80,uniprot_swissprot,9606
uniprot:Q8TAG5,ENSG00000170419,VSTM2A,v-set and transmembrane domain containing 2a,Q8TAG5,uniprot_swissprot,9606
uniprot:P05787,ENSG00000170421,KRT8,keratin 8,P05787,uniprot_swissprot,9606
uniprot:Q8N1N4,ENSG00000170423,KRT78,keratin 78,Q8N1N4,uniprot_swissprot,9606
uniprot:P29275,ENSG00000170425,ADORA2B,adenosine a2b receptor,P29275,uniprot_swissprot,9606
uniprot:P16455,ENSG00000170430,MGMT,o-6-methylguanine-dna methyltransferase,P16455,uniprot_swissprot,9606
uniprot:O43790,ENSG00000170442,KRT86,keratin 86,O43790,uniprot_swissprot,9606
uniprot:Q6ZNB6,ENSG00000170448,NFXL1,"nuclear transcription factor, x-box binding like 1",Q6ZNB6,uniprot_swissprot,9606
uniprot:P08571,ENSG00000170458,CD14,cd14 molecule,P08571,uniprot_swissprot,9606
uniprot:Q99743,ENSG00000170485,NPAS2,neuronal pas domain protein 2,Q99743,uniprot_swissprot,9606
uniprot:Q15726,ENSG00000170498,KISS1,kiss-1 metastasis suppressor,Q15726,uniprot_swissprot,9606
uniprot:Q1L5Z9,ENSG00000170500,LONRF2,lon peptidase n-terminal domain and ring finger 2,Q1L5Z9,uniprot_swissprot,9606
uniprot:Q9BW91,ENSG00000170502,NUDT9,nudix hydrolase 9,Q9BW91,uniprot_swissprot,9606
uniprot:Q7Z5P4,ENSG00000170509,HSD17B13,hydroxysteroid 17-beta dehydrogenase 13,Q7Z5P4,uniprot_swissprot,9606
uniprot:Q8TF08,ENSG00000170516,COX7B2,cytochrome c oxidase subunit 7b2,Q8TF08,uniprot_swissprot,9606
uniprot:Q9H5J4,ENSG00000170522,ELOVL6,elovl fatty acid elongase 6,Q9H5J4,uniprot_swissprot,9606
uniprot:Q16875,ENSG00000170525,PFKFB3,"6-phosphofructo-2-kinase/fructose-2,6-biphosphatase 3",Q16875,uniprot_swissprot,9606
uniprot:P78414,ENSG00000170549,IRX1,iroquois homeobox 1,P78414,uniprot_swissprot,9606
uniprot:P19022,ENSG00000170558,CDH2,cadherin 2,P19022,uniprot_swissprot,9606
uniprot:Q6PCB8,ENSG00000170571,EMB,embigin,Q6PCB8,uniprot_swissprot,9606
uniprot:Q9NPC8,ENSG00000170577,SIX2,six homeobox 2,Q9NPC8,uniprot_swissprot,9606
uniprot:O14490,ENSG00000170579,DLGAP1,dlg associated protein 1,O14490,uniprot_swissprot,9606
uniprot:P34932,ENSG00000170606,HSPA4,heat shock protein family a (hsp70) member 4,P34932,uniprot_swissprot,9606
uniprot:P58743,ENSG00000170615,SLC26A5,solute carrier family 26 member 5,P58743,uniprot_swissprot,9606
uniprot:Q92629,ENSG00000170624,SGCD,sarcoglycan delta,Q92629,uniprot_swissprot,9606
uniprot:Q969K3,ENSG00000170633,RNF34,ring finger protein 34,Q969K3,uniprot_swissprot,9606
uniprot:O14544,ENSG00000170677,SOCS6,suppressor of cytokine signaling 6,O14544,uniprot_swissprot,9606
uniprot:Q5BKX8,ENSG00000170681,CAVIN4,caveolae associated protein 4,Q5BKX8,uniprot_swissprot,9606
uniprot:P17482,ENSG00000170689,HOXB9,homeobox b9,P17482,uniprot_swissprot,9606
uniprot:Q8N841,ENSG00000170703,TTLL6,tubulin tyrosine ligase like 6,Q8N841,uniprot_swissprot,9606
uniprot:P33176,ENSG00000170759,KIF5B,kinesin family member 5b,P33176,uniprot_swissprot,9606
uniprot:Q12802,ENSG00000170776,AKAP13,a-kinase anchoring protein 13,Q12802,uniprot_swissprot,9606
uniprot:Q96J77,ENSG00000170777,TPD52L3,tpd52 like 3,Q96J77,uniprot_swissprot,9606
uniprot:Q9BXL8,ENSG00000170779,CDCA4,cell division cycle associated 4,Q9BXL8,uniprot_swissprot,9606
uniprot:Q9BUK0,ENSG00000170791,CHCHD7,coiled-coil-helix-coiled-coil-helix domain containing 7,Q9BUK0,uniprot_swissprot,9606
uniprot:P23945,ENSG00000170820,FSHR,follicle stimulating hormone receptor,P23945,uniprot_swissprot,9606
uniprot:P19835,ENSG00000170835,CEL,carboxyl ester lipase,P19835,uniprot_swissprot,9606
uniprot:O15297,ENSG00000170836,PPM1D,"protein phosphatase, mg2+/mn2+ dependent 1d",O15297,uniprot_swissprot,9606
uniprot:Q8IUF8,ENSG00000170854,RIOX2,ribosomal oxygenase 2,Q8IUF8,uniprot_swissprot,9606
uniprot:O43312,ENSG00000170873,MTSS1,mtss i-bar domain containing 1,O43312,uniprot_swissprot,9606
uniprot:Q9NRR1,ENSG00000170891,CYTL1,cytokine like 1,Q9NRR1,uniprot_swissprot,9606
uniprot:O15217,ENSG00000170899,GSTA4,glutathione s-transferase alpha 4,O15217,uniprot_swissprot,9606
uniprot:Q8NCY6,ENSG00000170903,MSANTD4,myb/sant dna binding domain containing 4 with coiled-coils,Q8NCY6,uniprot_swissprot,9606
uniprot:O95167,ENSG00000170906,NDUFA3,nadh:ubiquinone oxidoreductase subunit a3,O95167,uniprot_swissprot,9606
uniprot:P53370,ENSG00000170917,NUDT6,nudix hydrolase 6,P53370,uniprot_swissprot,9606
uniprot:P08F94,ENSG00000170927,PKHD1,pkhd1 ciliary ipt domain containing fibrocystin/polyductin,P08F94,uniprot_swissprot,9606
uniprot:Q8NGA1,ENSG00000170929,OR1M1,olfactory receptor family 1 subfamily m member 1,Q8NGA1,uniprot_swissprot,9606
uniprot:Q8NGG6,ENSG00000170953,OR8B12,olfactory receptor family 8 subfamily b member 12,Q8NGG6,uniprot_swissprot,9606
uniprot:M0R2J8,ENSG00000170959,DCDC1,doublecortin domain containing 1,M0R2J8,uniprot_swissprot,9606
uniprot:Q92819,ENSG00000170961,HAS2,hyaluronan synthase 2,Q92819,uniprot_swissprot,9606
uniprot:Q9GZP0,ENSG00000170962,PDGFD,platelet derived growth factor d,Q9GZP0,uniprot_swissprot,9606
uniprot:Q9HBJ0,ENSG00000170965,PLAC1,placenta associated 1,Q9HBJ0,uniprot_swissprot,9606
uniprot:Q8WTU0,ENSG00000170967,DDI1,ddi proteasomal shuttling factor 1,Q8WTU0,uniprot_swissprot,9606
uniprot:P21453,ENSG00000170989,S1PR1,sphingosine-1-phosphate receptor 1,P21453,uniprot_swissprot,9606
uniprot:Q6NSJ5,ENSG00000171017,LRRC8E,leucine rich repeat containing 8 vrac subunit e,Q6NSJ5,uniprot_swissprot,9606
uniprot:P61925,ENSG00000171033,PKIA,camp-dependent protein kinase inhibitor alpha,P61925,uniprot_swissprot,9606
uniprot:Q5GH73,ENSG00000171044,XKR6,xk related 6,Q5GH73,uniprot_swissprot,9606
uniprot:Q96NA8,ENSG00000171045,TSNARE1,t-snare domain containing 1,Q96NA8,uniprot_swissprot,9606
uniprot:P21462,ENSG00000171051,FPR1,formyl peptide receptor 1,P21462,uniprot_swissprot,9606
uniprot:Q9BT81,ENSG00000171056,SOX7,sry-box transcription factor 7,Q9BT81,uniprot_swissprot,9606
uniprot:Q6P047,ENSG00000171060,C8ORF74,chromosome 8 open reading frame 74,Q6P047,uniprot_swissprot,9606
uniprot:Q9UM73,ENSG00000171094,ALK,alk receptor tyrosine kinase,Q9UM73,uniprot_swissprot,9606
uniprot:Q13496,ENSG00000171100,MTM1,myotubularin 1,Q13496,uniprot_swissprot,9606
uniprot:Q9BVS5,ENSG00000171103,TRMT61B,trna methyltransferase 61b,Q9BVS5,uniprot_swissprot,9606
uniprot:P06213,ENSG00000171105,INSR,insulin receptor,P06213,uniprot_swissprot,9606
uniprot:Q8IWA4,ENSG00000171109,MFN1,mitofusin 1,Q8IWA4,uniprot_swissprot,9606
uniprot:Q99748,ENSG00000171119,NRTN,neurturin,Q99748,uniprot_swissprot,9606
uniprot:Q02156,ENSG00000171132,PRKCE,protein kinase c epsilon,Q02156,uniprot_swissprot,9606
uniprot:O75528,ENSG00000171148,TADA3,transcriptional adaptor 3,O75528,uniprot_swissprot,9606
uniprot:Q96EU7,ENSG00000171155,C1GALT1C1,c1galt1 specific chaperone 1,Q96EU7,uniprot_swissprot,9606
uniprot:Q8NDC4,ENSG00000171160,MORN4,morn repeat containing 4,Q8NDC4,uniprot_swissprot,9606
uniprot:P39086,ENSG00000171189,GRIK1,glutamate ionotropic receptor kainate type subunit 1,P39086,uniprot_swissprot,9606
uniprot:Q8TAX7,ENSG00000171195,MUC7,"mucin 7, secreted",Q8TAX7,uniprot_swissprot,9606
uniprot:Q96D05,ENSG00000171224,FAM241B,family with sequence similarity 241 member b,Q96D05,uniprot_swissprot,9606
uniprot:Q8WXS4,ENSG00000171227,TMEM37,transmembrane protein 37,Q8WXS4,uniprot_swissprot,9606
uniprot:P02750,ENSG00000171236,LRG1,leucine rich alpha-2-glycoprotein 1,P02750,uniprot_swissprot,9606
uniprot:Q8NEM2,ENSG00000171241,SHCBP1,shc binding and spindle associated 1,Q8NEM2,uniprot_swissprot,9606
uniprot:Q6X4U4,ENSG00000171243,SOSTDC1,sclerostin domain containing 1,Q6X4U4,uniprot_swissprot,9606
uniprot:P10253,ENSG00000171298,GAA,alpha glucosidase,P10253,uniprot_swissprot,9606
uniprot:Q8WVQ1,ENSG00000171302,CANT1,calcium activated nucleotidase 1,Q8WVQ1,uniprot_swissprot,9606
uniprot:O14649,ENSG00000171303,KCNK3,potassium two pore domain channel subfamily k member 3,O14649,uniprot_swissprot,9606
uniprot:Q9NPF2,ENSG00000171310,CHST11,carbohydrate sulfotransferase 11,Q9NPF2,uniprot_swissprot,9606
uniprot:Q9P2D1,ENSG00000171316,CHD7,chromodomain helicase dna binding protein 7,Q9P2D1,uniprot_swissprot,9606
uniprot:Q56NI9,ENSG00000171320,ESCO2,establishment of sister chromatid cohesion n-acetyltransferase 2,Q56NI9,uniprot_swissprot,9606
uniprot:P08727,ENSG00000171345,KRT19,keratin 19,P08727,uniprot_swissprot,9606
uniprot:P19012,ENSG00000171346,KRT15,keratin 15,P19012,uniprot_swissprot,9606
uniprot:O94811,ENSG00000171368,TPPP,tubulin polymerization promoting protein,O94811,uniprot_swissprot,9606
uniprot:Q9UK17,ENSG00000171385,KCND3,potassium voltage-gated channel subfamily d member 3,Q9UK17,uniprot_swissprot,9606
uniprot:Q9ULZ1,ENSG00000171388,APLN,apelin,Q9ULZ1,uniprot_swissprot,9606
uniprot:P13646,ENSG00000171401,KRT13,keratin 13,P13646,uniprot_swissprot,9606
uniprot:Q9NP56,ENSG00000171408,PDE7B,phosphodiesterase 7b,Q9NP56,uniprot_swissprot,9606
uniprot:Q9P0J6,ENSG00000171421,MRPL36,mitochondrial ribosomal protein l36,Q9P0J6,uniprot_swissprot,9606
uniprot:P18440,ENSG00000171428,NAT1,n-acetyltransferase 1,P18440,uniprot_swissprot,9606
uniprot:P35900,ENSG00000171431,KRT20,keratin 20,P35900,uniprot_swissprot,9606
uniprot:Q6VAB6,ENSG00000171435,KSR2,kinase suppressor of ras 2,Q6VAB6,uniprot_swissprot,9606
uniprot:P23508,ENSG00000171444,MCC,mcc regulator of wnt signaling pathway,P23508,uniprot_swissprot,9606
uniprot:Q13319,ENSG00000171450,CDK5R2,cyclin dependent kinase 5 regulatory subunit 2,Q13319,uniprot_swissprot,9606
uniprot:Q8IXJ9,ENSG00000171456,ASXL1,asxl transcriptional regulator 1,Q8IXJ9,uniprot_swissprot,9606
uniprot:Q5VUA4,ENSG00000171467,ZNF318,zinc finger protein 318,Q5VUA4,uniprot_swissprot,9606
uniprot:Q8TF74,ENSG00000171475,WIPF2,was/wasl interacting protein family member 2,Q8TF74,uniprot_swissprot,9606
uniprot:Q9BPY8,ENSG00000171476,HOPX,hop homeobox,Q9BPY8,uniprot_swissprot,9606
uniprot:P59047,ENSG00000171487,NLRP5,nlr family pyrin domain containing 5,P59047,uniprot_swissprot,9606
uniprot:Q17RW2,ENSG00000171502,COL24A1,collagen type xxiv alpha 1 chain,Q17RW2,uniprot_swissprot,9606
uniprot:P35408,ENSG00000171522,PTGER4,prostaglandin e receptor 4,P35408,uniprot_swissprot,9606
uniprot:Q15784,ENSG00000171532,NEUROD2,neuronal differentiation 2,Q15784,uniprot_swissprot,9606
uniprot:Q07817,ENSG00000171552,BCL2L1,bcl2 like 1,Q07817,uniprot_swissprot,9606
uniprot:P02679,ENSG00000171557,FGG,fibrinogen gamma chain,P02679,uniprot_swissprot,9606
uniprot:P02671,ENSG00000171560,FGA,fibrinogen alpha chain,P02671,uniprot_swissprot,9606
uniprot:P02675,ENSG00000171564,FGB,fibrinogen beta chain,P02675,uniprot_swissprot,9606
uniprot:O43660,ENSG00000171566,PLRG1,pleiotropic regulator 1,O43660,uniprot_swissprot,9606
uniprot:O60469,ENSG00000171587,DSCAM,ds cell adhesion molecule,O60469,uniprot_swissprot,9606
uniprot:Q9GZS0,ENSG00000171595,DNAI2,dynein axonemal intermediate chain 2,Q9GZS0,uniprot_swissprot,9606
uniprot:Q7LFL8,ENSG00000171604,CXXC5,cxxc finger protein 5,Q7LFL8,uniprot_swissprot,9606
uniprot:O00329,ENSG00000171608,PIK3CD,"phosphatidylinositol-4,5-bisphosphate 3-kinase catalytic subunit delta",O00329,uniprot_swissprot,9606
uniprot:O14682,ENSG00000171617,ENC1,ectodermal-neural cortex 1,O14682,uniprot_swissprot,9606
uniprot:Q96BD6,ENSG00000171621,SPSB1,spla/ryanodine receptor domain and socs box containing 1,Q96BD6,uniprot_swissprot,9606
uniprot:Q12830,ENSG00000171634,BPTF,bromodomain phd finger transcription factor,Q12830,uniprot_swissprot,9606
uniprot:Q6VMQ6,ENSG00000171681,ATF7IP,activating transcription factor 7 interacting protein,Q6VMQ6,uniprot_swissprot,9606
uniprot:Q8TD35,ENSG00000171695,LKAAEAR1,lkaaear motif containing 1,Q8TD35,uniprot_swissprot,9606
uniprot:P49795,ENSG00000171700,RGS19,regulator of g protein signaling 19,P49795,uniprot_swissprot,9606
uniprot:Q15560,ENSG00000171703,TCEA2,transcription elongation factor a2,Q15560,uniprot_swissprot,9606
uniprot:Q75V66,ENSG00000171714,ANO5,anoctamin 5,Q75V66,uniprot_swissprot,9606
uniprot:O15379,ENSG00000171720,HDAC3,histone deacetylase 3,O15379,uniprot_swissprot,9606
uniprot:Q9NQX3,ENSG00000171723,GPHN,gephyrin,Q9NQX3,uniprot_swissprot,9606
uniprot:Q9NW97,ENSG00000171729,TMEM51,transmembrane protein 51,Q9NW97,uniprot_swissprot,9606
uniprot:Q9Y6Y1,ENSG00000171735,CAMTA1,calmodulin binding transcription activator 1,Q9Y6Y1,uniprot_swissprot,9606
uniprot:P00439,ENSG00000171759,PAH,phenylalanine hydroxylase,P00439,uniprot_swissprot,9606
uniprot:P50440,ENSG00000171766,GATM,glycine amidinotransferase,P50440,uniprot_swissprot,9606
uniprot:P10415,ENSG00000171791,BCL2,bcl2 apoptosis regulator,P10415,uniprot_swissprot,9606
uniprot:Q5T230,ENSG00000171794,UTF1,undifferentiated embryonic cell transcription factor 1,Q5T230,uniprot_swissprot,9606
uniprot:Q76NI1,ENSG00000171798,KNDC1,kinase non-catalytic c-lobe domain containing 1,Q76NI1,uniprot_swissprot,9606
uniprot:P25067,ENSG00000171812,COL8A2,collagen type viii alpha 2 chain,P25067,uniprot_swissprot,9606
uniprot:O43827,ENSG00000171819,ANGPTL7,angiopoietin like 7,O43827,uniprot_swissprot,9606
uniprot:Q9NZG7,ENSG00000171840,NINJ2,ninjurin 2,Q9NZG7,uniprot_swissprot,9606
uniprot:P42568,ENSG00000171843,MLLT3,mllt3 super elongation complex subunit,P42568,uniprot_swissprot,9606
uniprot:P31350,ENSG00000171848,RRM2,ribonucleotide reductase regulatory subunit m2,P31350,uniprot_swissprot,9606
uniprot:P01574,ENSG00000171855,IFNB1,interferon beta 1,P01574,uniprot_swissprot,9606
uniprot:P63220,ENSG00000171858,RPS21,ribosomal protein s21,P63220,uniprot_swissprot,9606
uniprot:Q16581,ENSG00000171860,C3AR1,complement c3a receptor 1,Q16581,uniprot_swissprot,9606
uniprot:P60484,ENSG00000171862,PTEN,phosphatase and tensin homolog,P60484,uniprot_swissprot,9606
uniprot:P62081,ENSG00000171863,RPS7,ribosomal protein s7,P62081,uniprot_swissprot,9606
uniprot:P04156,ENSG00000171867,PRNP,prion protein (kanno blood group),P04156,uniprot_swissprot,9606
uniprot:Q5JT82,ENSG00000171872,KLF17,klf transcription factor 17,Q5JT82,uniprot_swissprot,9606
uniprot:P25100,ENSG00000171873,ADRA1D,adrenoceptor alpha 1d,P25100,uniprot_swissprot,9606
uniprot:Q7Z6J6,ENSG00000171877,FRMD5,ferm domain containing 5,Q7Z6J6,uniprot_swissprot,9606
uniprot:P55087,ENSG00000171885,AQP4,aquaporin 4,P55087,uniprot_swissprot,9606
uniprot:O75362,ENSG00000171940,ZNF217,zinc finger protein 217,O75362,uniprot_swissprot,9606
uniprot:O60403,ENSG00000171942,OR10H2,olfactory receptor family 10 subfamily h member 2,O60403,uniprot_swissprot,9606
uniprot:P0DJJ0,ENSG00000171943,SRGAP2C,slit-robo rho gtpase activating protein 2c,P0DJJ0,uniprot_swissprot,9606
uniprot:P13521,ENSG00000171951,SCG2,secretogranin ii,P13521,uniprot_swissprot,9606
uniprot:Q15652,ENSG00000171988,JMJD1C,jumonji domain containing 1c,Q15652,uniprot_swissprot,9606
uniprot:Q86TJ5,ENSG00000172006,ZNF554,zinc finger protein 554,Q86TJ5,uniprot_swissprot,9606
uniprot:P52888,ENSG00000172009,THOP1,thimet oligopeptidase 1,P52888,uniprot_swissprot,9606
uniprot:Q06141,ENSG00000172016,REG3A,regenerating family member 3 alpha,Q06141,uniprot_swissprot,9606
uniprot:P17677,ENSG00000172020,GAP43,growth associated protein 43,P17677,uniprot_swissprot,9606
uniprot:P55268,ENSG00000172037,LAMB2,laminin subunit beta 2,P55268,uniprot_swissprot,9606
uniprot:O94966,ENSG00000172046,USP19,ubiquitin specific peptidase 19,O94966,uniprot_swissprot,9606
uniprot:P47897,ENSG00000172053,QARS1,glutaminyl-trna synthetase 1,P47897,uniprot_swissprot,9606
uniprot:Q8N138,ENSG00000172057,ORMDL3,ormdl sphingolipid biosynthesis regulator 3,Q8N138,uniprot_swissprot,9606
uniprot:Q8TF66,ENSG00000172061,LRRC15,leucine rich repeat containing 15,Q8TF66,uniprot_swissprot,9606
uniprot:Q9NZJ5,ENSG00000172071,EIF2AK3,eukaryotic translation initiation factor 2 alpha kinase 3,Q9NZJ5,uniprot_swissprot,9606
uniprot:O75414,ENSG00000172113,NME6,nme/nm23 nucleoside diphosphate kinase 6,O75414,uniprot_swissprot,9606
uniprot:P22676,ENSG00000172137,CALB2,calbindin 2,P22676,uniprot_swissprot,9606
uniprot:Q5T752,ENSG00000172155,LCE1D,late cornified envelope 1d,Q5T752,uniprot_swissprot,9606
uniprot:P51671,ENSG00000172156,CCL11,c-c motif chemokine ligand 11,P51671,uniprot_swissprot,9606
uniprot:A2A2Y4,ENSG00000172159,FRMD3,ferm domain containing 3,A2A2Y4,uniprot_swissprot,9606
uniprot:Q13884,ENSG00000172164,SNTB1,syntrophin beta 1,Q13884,uniprot_swissprot,9606
uniprot:Q96QE5,ENSG00000172171,TEFM,"transcription elongation factor, mitochondrial",Q96QE5,uniprot_swissprot,9606
uniprot:Q9BYD1,ENSG00000172172,MRPL13,mitochondrial ribosomal protein l13,Q9BYD1,uniprot_swissprot,9606
uniprot:Q9UDY8,ENSG00000172175,MALT1,malt1 paracaspase,Q9UDY8,uniprot_swissprot,9606
uniprot:P01236,ENSG00000172179,PRL,prolactin,P01236,uniprot_swissprot,9606
uniprot:Q6ZNC8,ENSG00000172197,MBOAT1,membrane bound glycerophospholipid o-acyltransferase 1,Q6ZNC8,uniprot_swissprot,9606
uniprot:P47928,ENSG00000172201,ID4,inhibitor of dna binding 4,P47928,uniprot_swissprot,9606
uniprot:Q8NGF9,ENSG00000172208,OR4X2,olfactory receptor family 4 subfamily x member 2,Q8NGF9,uniprot_swissprot,9606
uniprot:P17676,ENSG00000172216,CEBPB,ccaat enhancer binding protein beta,P17676,uniprot_swissprot,9606
uniprot:Q15661,ENSG00000172236,TPSAB1,tryptase alpha/beta 1,Q15661,uniprot_swissprot,9606
uniprot:Q92858,ENSG00000172238,ATOH1,atonal bhlh transcription factor 1,Q92858,uniprot_swissprot,9606
uniprot:Q9BXJ3,ENSG00000172247,C1QTNF4,c1q and tnf related 4,Q9BXJ3,uniprot_swissprot,9606
uniprot:Q7Z3B1,ENSG00000172260,NEGR1,neuronal growth regulator 1,Q7Z3B1,uniprot_swissprot,9606
uniprot:P52739,ENSG00000172262,ZBTB35,zinc finger and btb domain containing 35,P52739,uniprot_swissprot,9606
uniprot:A1Z1Q3,ENSG00000172264,MACROD2,mono-adp ribosylhydrolase 2,A1Z1Q3,uniprot_swissprot,9606
uniprot:P35613,ENSG00000172270,BSG,basigin (ok blood group),P35613,uniprot_swissprot,9606
uniprot:Q9BQA5,ENSG00000172273,HINFP,histone h4 transcription factor,Q9BQA5,uniprot_swissprot,9606
uniprot:Q6ZMG9,ENSG00000172292,CERS6,ceramide synthase 6,Q6ZMG9,uniprot_swissprot,9606
uniprot:Q9NUV7,ENSG00000172296,SPTLC3,serine palmitoyltransferase long chain base subunit 3,Q9NUV7,uniprot_swissprot,9606
uniprot:Q9NQ92,ENSG00000172301,COPRS,coordinator of prmt5 and differentiation stimulator,Q9NQ92,uniprot_swissprot,9606
uniprot:Q96I99,ENSG00000172340,SUCLG2,succinate-coa ligase gdp-forming subunit beta,Q96I99,uniprot_swissprot,9606
uniprot:Q14005,ENSG00000172349,IL16,interleukin 16,Q14005,uniprot_swissprot,9606
uniprot:Q96R08,ENSG00000172362,OR5B12,olfactory receptor family 5 subfamily b member 12,Q96R08,uniprot_swissprot,9606
uniprot:Q96R09,ENSG00000172365,OR5B2,olfactory receptor family 5 subfamily b member 2,Q96R09,uniprot_swissprot,9606
uniprot:Q9HBZ2,ENSG00000172379,ARNT2,aryl hydrocarbon receptor nuclear translocator 2,Q9HBZ2,uniprot_swissprot,9606
uniprot:Q9UBI6,ENSG00000172380,GNG12,g protein subunit gamma 12,Q9UBI6,uniprot_swissprot,9606
uniprot:Q9BQR3,ENSG00000172382,PRSS27,serine protease 27,Q9BQR3,uniprot_swissprot,9606
uniprot:Q9NPC6,ENSG00000172399,MYOZ2,myozenin 2,Q9NPC6,uniprot_swissprot,9606
uniprot:Q92989,ENSG00000172409,CLP1,cleavage factor polyribonucleotide kinase subunit 1,Q92989,uniprot_swissprot,9606
uniprot:Q8N7B9,ENSG00000172421,EFCAB3,ef-hand calcium binding domain 3,Q8N7B9,uniprot_swissprot,9606
uniprot:Q9H1X1,ENSG00000172426,RSPH9,radial spoke head component 9,Q9H1X1,uniprot_swissprot,9606
uniprot:Q9BX10,ENSG00000172432,GTPBP2,gtp binding protein 2,Q9BX10,uniprot_swissprot,9606
uniprot:Q96C11,ENSG00000172456,FGGY,fggy carbohydrate kinase domain containing,Q96C11,uniprot_swissprot,9606
uniprot:Q9Y231,ENSG00000172461,FUT9,fucosyltransferase 9,Q9Y231,uniprot_swissprot,9606
uniprot:Q5SRI9,ENSG00000172469,MANEA,mannosidase endo-alpha,Q5SRI9,uniprot_swissprot,9606
uniprot:P51825,ENSG00000172493,AFF1,alf transcription elongation factor 1,P51825,uniprot_swissprot,9606
uniprot:O43427,ENSG00000172500,FIBP,fgf1 intracellular binding protein,O43427,uniprot_swissprot,9606
uniprot:Q8N9N5,ENSG00000172530,BANP,btg3 associated nuclear protein,Q8N9N5,uniprot_swissprot,9606
uniprot:P62136,ENSG00000172531,PPP1CA,protein phosphatase 1 catalytic subunit alpha,P62136,uniprot_swissprot,9606
uniprot:P51610,ENSG00000172534,HCFC1,host cell factor c1,P51610,uniprot_swissprot,9606
uniprot:P56202,ENSG00000172543,CTSW,cathepsin w,P56202,uniprot_swissprot,9606
uniprot:Q0D2K0,ENSG00000172548,NIPAL4,nipa like domain containing 4,Q0D2K0,uniprot_swissprot,9606
uniprot:Q96DR8,ENSG00000172551,MUCL1,mucin like 1,Q96DR8,uniprot_swissprot,9606
uniprot:Q14432,ENSG00000172572,PDE3A,phosphodiesterase 3a,Q14432,uniprot_swissprot,9606
uniprot:O95267,ENSG00000172575,RASGRP1,ras guanyl releasing protein 1,O95267,uniprot_swissprot,9606
uniprot:Q86TS9,ENSG00000172590,MRPL52,mitochondrial ribosomal protein l52,Q86TS9,uniprot_swissprot,9606
uniprot:Q92730,ENSG00000172602,RND1,rho family gtpase 1,Q92730,uniprot_swissprot,9606
uniprot:Q99638,ENSG00000172613,RAD9A,rad9 checkpoint clamp component a,Q99638,uniprot_swissprot,9606
uniprot:O95967,ENSG00000172638,EFEMP2,egf-like fibulin extracellular matrix protein 2,O95967,uniprot_swissprot,9606
uniprot:Q8NGE0,ENSG00000172640,OR10AD1,olfactory receptor family 10 subfamily ad member 1,Q8NGE0,uniprot_swissprot,9606
uniprot:A6NIR3,ENSG00000172650,AGAP5,"arfgap with gtpase domain, ankyrin repeat and ph domain 5",A6NIR3,uniprot_swissprot,9606
uniprot:Q9HA38,ENSG00000172667,ZMAT3,zinc finger matrin-type 3,Q9HA38,uniprot_swissprot,9606
uniprot:Q8N1K5,ENSG00000172673,THEMIS,thymocyte selection associated,Q8N1K5,uniprot_swissprot,9606
uniprot:Q8NE65,ENSG00000172687,ZNF738,zinc finger protein 738,Q8NE65,uniprot_swissprot,9606
uniprot:Q7Z7L1,ENSG00000172716,SLFN11,schlafen family member 11,Q7Z7L1,uniprot_swissprot,9606
uniprot:Q8N9W8,ENSG00000172717,GARIN2,golgi associated rab2 interactor family member 2,Q8N9W8,uniprot_swissprot,9606
uniprot:Q99731,ENSG00000172724,CCL19,c-c motif chemokine ligand 19,Q99731,uniprot_swissprot,9606
uniprot:Q6P4F1,ENSG00000172728,POFUT3,protein o-fucosyltransferase 3,Q6P4F1,uniprot_swissprot,9606
uniprot:Q9UJV8,ENSG00000172733,PURG,purine rich element binding protein g,Q9UJV8,uniprot_swissprot,9606
uniprot:Q8N7C4,ENSG00000172738,TMEM217,transmembrane protein 217,Q8N7C4,uniprot_swissprot,9606
uniprot:Q8TC21,ENSG00000172748,ZNF596,zinc finger protein 596,Q8TC21,uniprot_swissprot,9606
uniprot:P23528,ENSG00000172757,CFL1,cofilin 1,P23528,uniprot_swissprot,9606
uniprot:Q6N069,ENSG00000172766,NAA16,"n-alpha-acetyltransferase 16, nata auxiliary subunit",Q6N069,uniprot_swissprot,9606
uniprot:Q00444,ENSG00000172789,HOXC5,homeobox c5,Q00444,uniprot_swissprot,9606
uniprot:Q8IU60,ENSG00000172795,DCP2,decapping mrna 2,Q8IU60,uniprot_swissprot,9606
uniprot:Q86XE0,ENSG00000172803,SNX32,sorting nexin 32,Q86XE0,uniprot_swissprot,9606
uniprot:O75881,ENSG00000172817,CYP7B1,cytochrome p450 family 7 subfamily b member 1,O75881,uniprot_swissprot,9606
uniprot:O14753,ENSG00000172818,OVOL1,ovo like transcriptional repressor 1,O14753,uniprot_swissprot,9606
uniprot:P13631,ENSG00000172819,RARG,retinoic acid receptor gamma,P13631,uniprot_swissprot,9606
uniprot:Q9P2J9,ENSG00000172840,PDP2,pyruvate dehydrogenase phosphatase catalytic subunit 2,Q9P2J9,uniprot_swissprot,9606
uniprot:Q9UHF1,ENSG00000172889,EGFL7,egf like domain multiple 7,Q9UHF1,uniprot_swissprot,9606
uniprot:Q8NFP9,ENSG00000172915,NBEA,neurobeachin,Q8NFP9,uniprot_swissprot,9606
uniprot:Q8TDP1,ENSG00000172922,RNASEH2C,ribonuclease h2 subunit c,Q8TDP1,uniprot_swissprot,9606
uniprot:Q96EZ4,ENSG00000172927,MYEOV,myeloma overexpressed,Q96EZ4,uniprot_swissprot,9606
uniprot:Q99836,ENSG00000172936,MYD88,myd88 innate immune signal transduction adaptor,Q99836,uniprot_swissprot,9606
uniprot:Q9UPP1,ENSG00000172943,PHF8,phd finger protein 8,Q9UPP1,uniprot_swissprot,9606
uniprot:A6NGY1,ENSG00000172969,FRG2C,fshd region gene 2 family member c,A6NGY1,uniprot_swissprot,9606
uniprot:Q92993,ENSG00000172977,KAT5,lysine acetyltransferase 5,Q92993,uniprot_swissprot,9606
uniprot:Q8WWQ2,ENSG00000172987,HPSE2,heparanase 2 (inactive),Q8WWQ2,uniprot_swissprot,9606
uniprot:Q8WVC6,ENSG00000172992,DCAKD,dephospho-coa kinase domain containing,Q8WVC6,uniprot_swissprot,9606
uniprot:Q9UBL0,ENSG00000172995,ARPP21,camp regulated phosphoprotein 21,Q9UBL0,uniprot_swissprot,9606
uniprot:Q86TJ2,ENSG00000173011,TADA2B,transcriptional adaptor 2b,Q86TJ2,uniprot_swissprot,9606
uniprot:P25098,ENSG00000173020,GRK2,g protein-coupled receptor kinase 2,P25098,uniprot_swissprot,9606
uniprot:Q04206,ENSG00000173039,RELA,"rela proto-oncogene, nf-kb subunit",Q04206,uniprot_swissprot,9606
uniprot:Q8NEM1,ENSG00000173041,ZNF680,zinc finger protein 680,Q8NEM1,uniprot_swissprot,9606
uniprot:A0A494C150,ENSG00000173064,HECTD4,hect domain e3 ubiquitin protein ligase 4,A0A494C150,uniprot_trembl,9606
uniprot:Q6ZN30,ENSG00000173068,BNC2,basonuclin zinc finger protein 2,Q6ZN30,uniprot_swissprot,9606
uniprot:Q9Y251,ENSG00000173083,HPSE,heparanase,Q9Y251,uniprot_swissprot,9606
uniprot:Q8NA47,ENSG00000173093,CCDC63,coiled-coil domain containing 63,Q8NA47,uniprot_swissprot,9606
uniprot:Q9Y2K7,ENSG00000173120,KDM2A,lysine demethylase 2a,Q9Y2K7,uniprot_swissprot,9606
uniprot:Q8WTT2,ENSG00000173145,NOC3L,noc3 like dna replication regulator,Q8WTT2,uniprot_swissprot,9606
uniprot:P11474,ENSG00000173153,ESRRA,estrogen related receptor alpha,P11474,uniprot_swissprot,9606
uniprot:Q8N668,ENSG00000173163,COMMD1,copper metabolism domain containing 1,Q8N668,uniprot_swissprot,9606
uniprot:Q70E73,ENSG00000173166,RAPH1,ras association (ralgds/af-6) and pleckstrin homology domains 1,Q70E73,uniprot_swissprot,9606
uniprot:Q13505,ENSG00000173171,MTX1,metaxin 1,Q13505,uniprot_swissprot,9606
uniprot:O95622,ENSG00000173175,ADCY5,adenylate cyclase 5,O95622,uniprot_swissprot,9606
uniprot:Q9Y271,ENSG00000173198,CYSLTR1,cysteinyl leukotriene receptor 1,Q9Y271,uniprot_swissprot,9606
uniprot:P61024,ENSG00000173207,CKS1B,cdc28 protein kinase regulatory subunit 1b,P61024,uniprot_swissprot,9606
uniprot:Q9UBJ2,ENSG00000173208,ABCD2,atp binding cassette subfamily d member 2,Q9UBJ2,uniprot_swissprot,9606
uniprot:Q15051,ENSG00000173226,IQCB1,iq motif containing b1,Q15051,uniprot_swissprot,9606
uniprot:Q9Y5R5,ENSG00000173253,DMRT2,doublesex and mab-3 related transcription factor 2,Q9Y5R5,uniprot_swissprot,9606
uniprot:O95271,ENSG00000173273,TNKS,tankyrase,O95271,uniprot_swissprot,9606
uniprot:Q86XI6,ENSG00000173281,PPP1R3B,protein phosphatase 1 regulatory subunit 3b,Q86XI6,uniprot_swissprot,9606
uniprot:Q16584,ENSG00000173327,MAP3K11,mitogen-activated protein kinase kinase kinase 11,Q16584,uniprot_swissprot,9606
uniprot:Q96RU8,ENSG00000173334,TRIB1,tribbles pseudokinase 1,Q96RU8,uniprot_swissprot,9606
uniprot:Q8TB73,ENSG00000173376,NDNF,neuron derived neurotrophic factor,Q8TB73,uniprot_swissprot,9606
uniprot:P78380,ENSG00000173391,OLR1,oxidized low density lipoprotein receptor 1,P78380,uniprot_swissprot,9606
uniprot:Q14118,ENSG00000173402,DAG1,dystroglycan 1,Q14118,uniprot_swissprot,9606
uniprot:O75553,ENSG00000173406,DAB1,dab adaptor protein 1,O75553,uniprot_swissprot,9606
uniprot:Q9H2C2,ENSG00000173409,ARV1,arv1 fatty acid homeostasis modulator,Q9H2C2,uniprot_swissprot,9606
uniprot:Q8IYA8,ENSG00000173421,IHO1,interactor of hormad1 1,Q8IYA8,uniprot_swissprot,9606
uniprot:P0DJI8,ENSG00000173432,SAA1,serum amyloid a1,P0DJI8,uniprot_swissprot,9606
uniprot:Q8N3D4,ENSG00000173442,EHBP1L1,eh domain binding protein 1 like 1,Q8N3D4,uniprot_swissprot,9606
uniprot:O60232,ENSG00000173465,ZNRD2,zinc ribbon domain containing 2,O60232,uniprot_swissprot,9606
uniprot:Q8TD06,ENSG00000173467,AGR3,"anterior gradient 3, protein disulphide isomerase family member",Q8TD06,uniprot_swissprot,9606
uniprot:Q92922,ENSG00000173473,SMARCC1,swi/snf related baf chromatin remodeling complex subunit c1,Q92922,uniprot_swissprot,9606
uniprot:P28827,ENSG00000173482,PTPRM,protein tyrosine phosphatase receptor type m,P28827,uniprot_swissprot,9606
uniprot:P49765,ENSG00000173511,VEGFB,vascular endothelial growth factor b,P49765,uniprot_swissprot,9606
uniprot:Q9H792,ENSG00000173517,PEAK1,pseudopodium enriched atypical kinase 1,Q9H792,uniprot_swissprot,9606
uniprot:G3XAK1,ENSG00000173531,MST1,macrophage stimulating 1,G3XAK1,uniprot_trembl,9606
uniprot:Q7L9L4,ENSG00000173542,MOB1B,mob kinase activator 1b,Q7L9L4,uniprot_swissprot,9606
uniprot:Q6UVK1,ENSG00000173546,CSPG4,chondroitin sulfate proteoglycan 4,Q6UVK1,uniprot_swissprot,9606
uniprot:Q8WV41,ENSG00000173548,SNX33,sorting nexin 33,Q8WV41,uniprot_swissprot,9606
uniprot:O14647,ENSG00000173575,CHD2,chromodomain helicase dna binding protein 2,O14647,uniprot_swissprot,9606
uniprot:P46094,ENSG00000173578,XCR1,x-c motif chemokine receptor 1,P46094,uniprot_swissprot,9606
uniprot:P51686,ENSG00000173585,CCR9,c-c motif chemokine receptor 9,P51686,uniprot_swissprot,9606
uniprot:Q8N9R8,ENSG00000173611,SCAI,suppressor of cancer cell invasion,Q8N9R8,uniprot_swissprot,9606
uniprot:Q5T6X5,ENSG00000173612,GPRC6A,g protein-coupled receptor class c group 6 member a,Q5T6X5,uniprot_swissprot,9606
uniprot:Q6PJG9,ENSG00000173621,LRFN4,leucine rich repeat and fibronectin type iii domain containing 4,Q6PJG9,uniprot_swissprot,9606
uniprot:Q9UBY9,ENSG00000173641,HSPB7,heat shock protein family b (small) member 7,Q9UBY9,uniprot_swissprot,9606
uniprot:P47813,ENSG00000173674,EIF1AX,eukaryotic translation initiation factor 1a x-linked,P47813,uniprot_swissprot,9606
uniprot:Q99460,ENSG00000173692,PSMD1,"proteasome 26s subunit, non-atpase 1",Q99460,uniprot_swissprot,9606
uniprot:Q8IZP9,ENSG00000173698,ADGRG2,adhesion g protein-coupled receptor g2,Q8IZP9,uniprot_swissprot,9606
uniprot:Q9H3R2,ENSG00000173702,MUC13,"mucin 13, cell surface associated",Q9H3R2,uniprot_swissprot,9606
uniprot:Q9ULI3,ENSG00000173706,HEG1,heart development protein with egf like domains 1,Q9ULI3,uniprot_swissprot,9606
uniprot:P52594,ENSG00000173744,AGFG1,arfgap with fg repeats 1,P52594,uniprot_swissprot,9606
uniprot:P51692,ENSG00000173757,STAT5B,signal transducer and activator of transcription 5b,P51692,uniprot_swissprot,9606
uniprot:Q8N9V7,ENSG00000173769,TOPAZ1,testis and ovary specific topaz 1,Q8N9V7,uniprot_swissprot,9606
uniprot:P14923,ENSG00000173801,JUP,junction plakoglobin,P14923,uniprot_swissprot,9606
uniprot:Q63HN8,ENSG00000173821,RNF213,ring finger protein 213,Q63HN8,uniprot_swissprot,9606
uniprot:Q9H252,ENSG00000173826,KCNH6,potassium voltage-gated channel subfamily h member 6,Q9H252,uniprot_swissprot,9606
uniprot:Q9H4B4,ENSG00000173846,PLK3,polo like kinase 3,Q9H4B4,uniprot_swissprot,9606
uniprot:Q7Z628,ENSG00000173848,NET1,neuroepithelial cell transforming 1,Q7Z628,uniprot_swissprot,9606
uniprot:Q8TCT1,ENSG00000173868,PHOSPHO1,phosphoethanolamine/phosphocholine phosphatase 1,Q8TCT1,uniprot_swissprot,9606
uniprot:Q8NDX5,ENSG00000173889,PHC3,polyhomeotic homolog 3,Q8NDX5,uniprot_swissprot,9606
uniprot:Q9UJ42,ENSG00000173890,GPR160,g protein-coupled receptor 160,Q9UJ42,uniprot_swissprot,9606
uniprot:Q14781,ENSG00000173894,CBX2,chromobox 2,Q14781,uniprot_swissprot,9606
uniprot:O00461,ENSG00000173905,GOLIM4,golgi integral membrane protein 4,O00461,uniprot_swissprot,9606
uniprot:Q96IX5,ENSG00000173915,ATP5MK,atp synthase membrane subunit k,Q96IX5,uniprot_swissprot,9606
uniprot:Q9BXJ1,ENSG00000173918,C1QTNF1,c1q and tnf related 1,Q9BXJ1,uniprot_swissprot,9606
uniprot:Q6ZQN7,ENSG00000173930,SLCO4C1,solute carrier organic anion transporter family member 4c1,Q6ZQN7,uniprot_swissprot,9606
uniprot:Q9BWF3,ENSG00000173933,RBM4,rna binding motif protein 4,Q9BWF3,uniprot_swissprot,9606
uniprot:O14618,ENSG00000173992,CCS,copper chaperone for superoxide dismutase,O14618,uniprot_swissprot,9606
uniprot:Q86YC3,ENSG00000174004,NRROS,negative regulator of reactive oxygen species,Q86YC3,uniprot_swissprot,9606
uniprot:P28906,ENSG00000174059,CD34,cd34 molecule,P28906,uniprot_swissprot,9606
uniprot:Q9UBX1,ENSG00000174080,CTSF,cathepsin f,Q9UBX1,uniprot_swissprot,9606
uniprot:Q9BXR5,ENSG00000174123,TLR10,toll like receptor 10,Q9BXR5,uniprot_swissprot,9606
uniprot:Q15399,ENSG00000174125,TLR1,toll like receptor 1,Q15399,uniprot_swissprot,9606
uniprot:Q9Y2C9,ENSG00000174130,TLR6,toll like receptor 6,Q9Y2C9,uniprot_swissprot,9606
uniprot:Q6NW40,ENSG00000174136,RGMB,repulsive guidance molecule bmp co-receptor b,Q6NW40,uniprot_swissprot,9606
uniprot:Q6NSI3,ENSG00000174137,FAM53A,family with sequence similarity 53 member a,Q6NSI3,uniprot_swissprot,9606
uniprot:Q9ULI1,ENSG00000174145,NWD2,nacht and wd repeat domain containing 2,Q9ULI1,uniprot_swissprot,9606
uniprot:Q7L0Y3,ENSG00000174173,TRMT10C,"trna methyltransferase 10c, mitochondrial rnase p subunit",Q7L0Y3,uniprot_swissprot,9606
uniprot:P16109,ENSG00000174175,SELP,selectin p,P16109,uniprot_swissprot,9606
uniprot:Q2VPK5,ENSG00000174177,CTU2,cytosolic thiouridylase subunit 2,Q2VPK5,uniprot_swissprot,9606
uniprot:Q8N9S9,ENSG00000174226,SNX31,sorting nexin 31,Q8N9S9,uniprot_swissprot,9606
uniprot:Q5H8A4,ENSG00000174227,PIGG,phosphatidylinositol glycan anchor biosynthesis class g (emm blood group),Q5H8A4,uniprot_swissprot,9606
uniprot:Q9BUQ8,ENSG00000174243,DDX23,dead-box helicase 23,Q9BUQ8,uniprot_swissprot,9606
uniprot:Q03828,ENSG00000174279,EVX2,even-skipped homeobox 2,Q03828,uniprot_swissprot,9606
uniprot:Q9P1Z0,ENSG00000174282,ZBTB4,zinc finger and btb domain containing 4,Q9P1Z0,uniprot_swissprot,9606
uniprot:Q9H4I2,ENSG00000174306,ZHX3,zinc fingers and homeoboxes 3,Q9H4I2,uniprot_swissprot,9606
uniprot:Q9Y5J5,ENSG00000174307,PHLDA3,pleckstrin homology like domain family a member 3,Q9Y5J5,uniprot_swissprot,9606
uniprot:A0A669KBK5,ENSG00000174326,SLC16A11,solute carrier family 16 member 11,A0A669KBK5,uniprot_trembl,9606
uniprot:Q7RTY0,ENSG00000174327,SLC16A13,solute carrier family 16 member 13,Q7RTY0,uniprot_swissprot,9606
uniprot:Q9UQ84,ENSG00000174371,EXO1,exonuclease 1,Q9UQ84,uniprot_swissprot,9606
uniprot:P34981,ENSG00000174417,TRHR,thyrotropin releasing hormone receptor,P34981,uniprot_swissprot,9606
uniprot:P59095,ENSG00000174448,STARD6,star related lipid transfer domain containing 6,P59095,uniprot_swissprot,9606
uniprot:Q6PEW1,ENSG00000174460,ZCCHC12,zinc finger cchc-type containing 12,Q6PEW1,uniprot_swissprot,9606
uniprot:Q9UHC6,ENSG00000174469,CNTNAP2,contactin associated protein 2,Q9UHC6,uniprot_swissprot,9606
uniprot:Q7L985,ENSG00000174482,LINGO2,leucine rich repeat and ig domain containing 2,Q7L985,uniprot_swissprot,9606
uniprot:Q8NFJ9,ENSG00000174483,BBS1,bardet-biedl syndrome 1,Q8NFJ9,uniprot_swissprot,9606
uniprot:Q7Z401,ENSG00000174485,DENND4A,denn domain containing 4a,Q7Z401,uniprot_swissprot,9606
uniprot:Q7LBE3,ENSG00000174502,SLC26A9,solute carrier family 26 member 9,Q7LBE3,uniprot_swissprot,9606
uniprot:A0A140TA25,ENSG00000174527,MYO1H,myosin ih,A0A140TA25,uniprot_trembl,9606
uniprot:Q6P7N7,ENSG00000174529,TMEM81,transmembrane protein 81,Q6P7N7,uniprot_swissprot,9606
uniprot:Q9Y3B7,ENSG00000174547,MRPL11,mitochondrial ribosomal protein l11,Q9Y3B7,uniprot_swissprot,9606
uniprot:Q6UXL0,ENSG00000174564,IL20RB,interleukin 20 receptor subunit beta,Q6UXL0,uniprot_swissprot,9606
uniprot:Q9HCI7,ENSG00000174579,MSL2,msl complex subunit 2,Q9HCI7,uniprot_swissprot,9606
uniprot:Q99788,ENSG00000174600,CMKLR1,chemerin chemokine-like receptor 1,Q99788,uniprot_swissprot,9606
uniprot:Q16880,ENSG00000174607,UGT8,udp glycosyltransferase 8,Q16880,uniprot_swissprot,9606
uniprot:Q92959,ENSG00000174640,SLCO2A1,solute carrier organic anion transporter family member 2a1,Q92959,uniprot_swissprot,9606
uniprot:Q8IWQ3,ENSG00000174672,BRSK2,br serine/threonine kinase 2,Q8IWQ3,uniprot_swissprot,9606
uniprot:Q8TBQ9,ENSG00000174695,TMEM167A,transmembrane protein 167a,Q8TBQ9,uniprot_swissprot,9606
uniprot:P41159,ENSG00000174697,LEP,leptin,P41159,uniprot_swissprot,9606
uniprot:Q14995,ENSG00000174738,NR1D2,nuclear receptor subfamily 1 group d member 2,Q14995,uniprot_swissprot,9606
uniprot:Q9HCU9,ENSG00000174744,BRMS1,brms1 transcriptional repressor and anoikis regulator,Q9HCU9,uniprot_swissprot,9606
uniprot:P01112,ENSG00000174775,HRAS,"hras proto-oncogene, gtpase",P01112,uniprot_swissprot,9606
uniprot:Q8IV35,ENSG00000174776,WDR49,wd repeat domain 49,Q8IV35,uniprot_swissprot,9606
uniprot:Q9HCU0,ENSG00000174807,CD248,cd248 molecule,Q9HCU0,uniprot_swissprot,9606
uniprot:P35070,ENSG00000174808,BTC,betacellulin,P35070,uniprot_swissprot,9606
uniprot:Q14246,ENSG00000174837,ADGRE1,adhesion g protein-coupled receptor e1,Q14246,uniprot_swissprot,9606
uniprot:Q92990,ENSG00000174842,GLMN,"glomulin, fkbp associated protein",Q92990,uniprot_swissprot,9606
uniprot:O95070,ENSG00000174851,YIF1A,"yip1 interacting factor homolog a, membrane trafficking protein",O95070,uniprot_swissprot,9606
uniprot:Q86Y39,ENSG00000174886,NDUFA11,nadh:ubiquinone oxidoreductase subunit a11,Q86Y39,uniprot_swissprot,9606
uniprot:Q96IZ7,ENSG00000174891,RSRC1,arginine and serine rich coiled-coil 1,Q96IZ7,uniprot_swissprot,9606
uniprot:Q8NH87,ENSG00000174914,OR9G1,olfactory receptor family 9 subfamily g member 1,Q8NH87,uniprot_swissprot,9606
uniprot:Q8WZ19,ENSG00000174943,KCTD13,potassium channel tetramerization domain containing 13,Q8WZ19,uniprot_swissprot,9606
uniprot:Q400G9,ENSG00000174945,AMZ1,archaelysin family metallopeptidase 1,Q400G9,uniprot_swissprot,9606
uniprot:Q6UWJ8,ENSG00000174950,CD164L2,cd164 molecule like 2,Q6UWJ8,uniprot_swissprot,9606
uniprot:Q9H2U1,ENSG00000174953,DHX36,deah-box helicase 36,Q9H2U1,uniprot_swissprot,9606
uniprot:Q8N9L1,ENSG00000174963,ZIC4,zic family zinc finger 4,Q8N9L1,uniprot_swissprot,9606
uniprot:Q8N3Y1,ENSG00000174989,FBXW8,f-box and wd repeat domain containing 8,Q8N3Y1,uniprot_swissprot,9606
uniprot:O60844,ENSG00000174992,ZG16,zymogen granule protein 16,O60844,uniprot_swissprot,9606
uniprot:O15245,ENSG00000175003,SLC22A1,solute carrier family 22 member 1,O15245,uniprot_swissprot,9606
uniprot:P56545,ENSG00000175029,CTBP2,c-terminal binding protein 2,P56545,uniprot_swissprot,9606
uniprot:Q9Y4C5,ENSG00000175040,CHST2,carbohydrate sulfotransferase 2,Q9Y4C5,uniprot_swissprot,9606
uniprot:Q13535,ENSG00000175054,ATR,atr checkpoint kinase,Q13535,uniprot_swissprot,9606
uniprot:O00762,ENSG00000175063,UBE2C,ubiquitin conjugating enzyme e2 c,O00762,uniprot_swissprot,9606
uniprot:P59025,ENSG00000175077,RTP1,receptor transporter protein 1,P59025,uniprot_swissprot,9606
uniprot:P55895,ENSG00000175097,RAG2,recombination activating 2,P55895,uniprot_swissprot,9606
uniprot:Q9Y4K3,ENSG00000175104,TRAF6,tnf receptor associated factor 6,Q9Y4K3,uniprot_swissprot,9606
uniprot:Q8IZM8,ENSG00000175105,ZNF654,zinc finger protein 654,Q8IZM8,uniprot_swissprot,9606
uniprot:Q8TCV5,ENSG00000175121,WFDC5,wap four-disulfide core domain 5,Q8TCV5,uniprot_swissprot,9606
uniprot:Q96QA6,ENSG00000175155,YPEL2,yippee like 2,Q96QA6,uniprot_swissprot,9606
uniprot:Q8N3J6,ENSG00000175161,CADM2,cell adhesion molecule 2,Q8N3J6,uniprot_swissprot,9606
uniprot:A0A087X009,ENSG00000175164,ABO,"abo, alpha 1-3-n-acetylgalactosaminyltransferase and alpha 1-3-galactosyltransferase",A0A087X009,uniprot_trembl,9606
uniprot:Q13200,ENSG00000175166,PSMD2,"proteasome 26s subunit ubiquitin receptor, non-atpase 2",Q13200,uniprot_swissprot,9606
uniprot:Q8WY54,ENSG00000175175,PPM1E,"protein phosphatase, mg2+/mn2+ dependent 1e",Q8WY54,uniprot_swissprot,9606
uniprot:Q16527,ENSG00000175183,CSRP2,cysteine and glycine rich protein 2,Q16527,uniprot_swissprot,9606
uniprot:P55103,ENSG00000175189,INHBC,inhibin subunit beta c,P55103,uniprot_swissprot,9606
uniprot:P35638,ENSG00000175197,DDIT3,dna damage inducible transcript 3,P35638,uniprot_swissprot,9606
uniprot:P01160,ENSG00000175206,NPPA,natriuretic peptide a,P01160,uniprot_swissprot,9606
uniprot:Q14008,ENSG00000175216,CKAP5,cytoskeleton associated protein 5,Q14008,uniprot_swissprot,9606
uniprot:Q07960,ENSG00000175220,ARHGAP1,rho gtpase activating protein 1,Q07960,uniprot_swissprot,9606
uniprot:O75143,ENSG00000175224,ATG13,autophagy related 13,O75143,uniprot_swissprot,9606
uniprot:A6NCI4,ENSG00000175267,VWA3A,von willebrand factor a domain containing 3a,A6NCI4,uniprot_swissprot,9606
uniprot:O96020,ENSG00000175305,CCNE2,cyclin e2,O96020,uniprot_swissprot,9606
uniprot:O75360,ENSG00000175325,PROP1,prop paired-like homeobox 1,O75360,uniprot_swissprot,9606
uniprot:Q2M1V0,ENSG00000175329,ISX,intestine specific homeobox,Q2M1V0,uniprot_swissprot,9606
uniprot:P36544,ENSG00000175344,CHRNA7,cholinergic receptor nicotinic alpha 7 subunit,P36544,uniprot_swissprot,9606
uniprot:Q9NQ35,ENSG00000175352,NRIP3,nuclear receptor interacting protein 3,Q9NQ35,uniprot_swissprot,9606
uniprot:P17706,ENSG00000175354,PTPN2,protein tyrosine phosphatase non-receptor type 2,P17706,uniprot_swissprot,9606
uniprot:Q15796,ENSG00000175387,SMAD2,smad family member 2,Q15796,uniprot_swissprot,9606
uniprot:O00303,ENSG00000175390,EIF3F,eukaryotic translation initiation factor 3 subunit f,O00303,uniprot_swissprot,9606
uniprot:P29120,ENSG00000175426,PCSK1,proprotein convertase subtilisin/kexin type 1,P29120,uniprot_swissprot,9606
uniprot:P06858,ENSG00000175445,LPL,lipoprotein lipase,P06858,uniprot_swissprot,9606
uniprot:Q66LE6,ENSG00000175470,PPP2R2D,protein phosphatase 2 regulatory subunit bdelta,Q66LE6,uniprot_swissprot,9606
uniprot:Q6DN14,ENSG00000175471,MCTP1,multiple c2 and transmembrane domain containing 1,Q6DN14,uniprot_swissprot,9606
uniprot:Q9HCU8,ENSG00000175482,POLD4,"dna polymerase delta 4, accessory subunit",Q9HCU8,uniprot_swissprot,9606
uniprot:Q8N386,ENSG00000175489,LRRC25,leucine rich repeat containing 25,Q8N386,uniprot_swissprot,9606
uniprot:Q8N608,ENSG00000175497,DPP10,dipeptidyl peptidase like 10,Q8N608,uniprot_swissprot,9606
uniprot:P16233,ENSG00000175535,PNLIP,pancreatic lipase,P16233,uniprot_swissprot,9606
uniprot:P57796,ENSG00000175544,CABP4,calcium binding protein 4,P57796,uniprot_swissprot,9606
uniprot:Q5I7T1,ENSG00000175548,ALG10B,"alg10 alpha-1,2-glucosyltransferase b",Q5I7T1,uniprot_swissprot,9606
uniprot:P55851,ENSG00000175567,UCP2,uncoupling protein 2,P55851,uniprot_swissprot,9606
uniprot:P20340,ENSG00000175582,RAB6A,"rab6a, member ras oncogene family",P20340,uniprot_swissprot,9606
uniprot:P41231,ENSG00000175591,P2RY2,purinergic receptor p2y2,P41231,uniprot_swissprot,9606
uniprot:P15407,ENSG00000175592,FOSL1,"fos like 1, ap-1 transcription factor subunit",P15407,uniprot_swissprot,9606
uniprot:Q92889,ENSG00000175595,ERCC4,"ercc excision repair 4, endonuclease catalytic subunit",Q92889,uniprot_swissprot,9606
uniprot:Q9HAC7,ENSG00000175600,SUGCT,succinyl-coa:glutarate-coa transferase,Q9HAC7,uniprot_swissprot,9606
uniprot:Q8NGF8,ENSG00000175619,OR4B1,olfactory receptor family 4 subfamily b member 1,Q8NGF8,uniprot_swissprot,9606
uniprot:Q9UBS0,ENSG00000175634,RPS6KB2,ribosomal protein s6 kinase b2,Q9UBS0,uniprot_swissprot,9606
uniprot:Q96E14,ENSG00000175643,RMI2,recq mediated genome instability 2,Q96E14,uniprot_swissprot,9606
uniprot:Q6ZVM7,ENSG00000175662,TOM1L2,target of myb1 like 2 membrane trafficking protein,Q6ZVM7,uniprot_swissprot,9606
uniprot:Q15935,ENSG00000175691,ZNF77,zinc finger protein 77,Q15935,uniprot_swissprot,9606
uniprot:Q8NAX2,ENSG00000175707,KDF1,keratinocyte differentiation factor 1,Q8NAX2,uniprot_swissprot,9606
uniprot:Q67FW5,ENSG00000175711,QTGAL,queuosine-trna galactosyltransferase,Q67FW5,uniprot_swissprot,9606
uniprot:P10589,ENSG00000175745,NR2F1,nuclear receptor subfamily 2 group f member 1,P10589,uniprot_swissprot,9606
uniprot:Q7Z769,ENSG00000175782,SLC35E3,solute carrier family 35 member e3,Q7Z769,uniprot_swissprot,9606
uniprot:Q14929,ENSG00000175787,ZNF169,zinc finger protein 169,Q14929,uniprot_swissprot,9606
uniprot:Q9Y265,ENSG00000175792,RUVBL1,ruvb like aaa atpase 1,Q9Y265,uniprot_swissprot,9606
uniprot:P31947,ENSG00000175793,SFN,stratifin,P31947,uniprot_swissprot,9606
uniprot:Q9UJ68,ENSG00000175806,MSRA,methionine sulfoxide reductase a,Q9UJ68,uniprot_swissprot,9606
uniprot:P43268,ENSG00000175832,ETV4,ets variant transcription factor 4,P43268,uniprot_swissprot,9606
uniprot:Q9UQB8,ENSG00000175866,BAIAP2,bar/imd domain containing adaptor protein 2,Q9UQB8,uniprot_swissprot,9606
uniprot:Q6UE05,ENSG00000175877,TMEM270,transmembrane protein 270,Q6UE05,uniprot_swissprot,9606
uniprot:P13378,ENSG00000175879,HOXD8,homeobox d8,P13378,uniprot_swissprot,9606
uniprot:Q8WU66,ENSG00000175894,TSPEAR,thrombospondin type laminin g domain and ear repeats,Q8WU66,uniprot_swissprot,9606
uniprot:P49703,ENSG00000175906,ARL4D,arf like gtpase 4d,P49703,uniprot_swissprot,9606
uniprot:Q18PE1,ENSG00000175920,DOK7,docking protein 7,Q18PE1,uniprot_swissprot,9606
uniprot:Q6UXK5,ENSG00000175928,LRRN1,leucine rich repeat neuronal 1,Q6UXK5,uniprot_swissprot,9606
uniprot:Q9BRQ5,ENSG00000175938,ORAI3,orai calcium release-activated calcium modulator 3,Q9BRQ5,uniprot_swissprot,9606
uniprot:Q2WGJ6,ENSG00000175946,KLHL38,kelch like family member 38,Q2WGJ6,uniprot_swissprot,9606
uniprot:Q68D51,ENSG00000175984,DENND2C,denn domain containing 2c,Q68D51,uniprot_swissprot,9606
uniprot:Q9BUF5,ENSG00000176014,TUBB6,tubulin beta 6 class v,Q9BUF5,uniprot_swissprot,9606
uniprot:O60356,ENSG00000176046,NUPR1,"nuclear protein 1, transcriptional regulator",O60356,uniprot_swissprot,9606
uniprot:P07947,ENSG00000176105,YES1,"yes proto-oncogene 1, src family tyrosine kinase",P07947,uniprot_swissprot,9606
uniprot:Q4G112,ENSG00000176160,HSF5,heat shock transcription factor 5,Q4G112,uniprot_swissprot,9606
uniprot:P55316,ENSG00000176165,FOXG1,forkhead box g1,P55316,uniprot_swissprot,9606
uniprot:Q9NYA1,ENSG00000176170,SPHK1,sphingosine kinase 1,Q9NYA1,uniprot_swissprot,9606
uniprot:Q12983,ENSG00000176171,BNIP3,bcl2 interacting protein 3,Q12983,uniprot_swissprot,9606
uniprot:Q86VH4,ENSG00000176204,LRRTM4,leucine rich repeat transmembrane neuronal 4,Q86VH4,uniprot_swissprot,9606
uniprot:Q96QE3,ENSG00000176208,ATAD5,atpase family aaa domain containing 5,Q96QE3,uniprot_swissprot,9606
uniprot:Q6PIV2,ENSG00000176302,FOXR1,forkhead box r1,Q6PIV2,uniprot_swissprot,9606
uniprot:Q8IUI8,ENSG00000176390,CRLF3,cytokine receptor like factor 3,Q8IUI8,uniprot_swissprot,9606
uniprot:Q5VZB9,ENSG00000176399,DMRTA1,dmrt like family a1,Q5VZB9,uniprot_swissprot,9606
uniprot:Q9UQ26,ENSG00000176406,RIMS2,regulating synaptic membrane exocytosis 2,Q9UQ26,uniprot_swissprot,9606
uniprot:Q8WW59,ENSG00000176422,SPRYD4,spry domain containing 4,Q8WW59,uniprot_swissprot,9606
uniprot:Q86XT2,ENSG00000176428,VPS37D,vps37d subunit of escrt-i,Q86XT2,uniprot_swissprot,9606
uniprot:Q86T13,ENSG00000176435,CLEC14A,c-type lectin domain containing 14a,Q86T13,uniprot_swissprot,9606
uniprot:P49760,ENSG00000176444,CLK2,cdc like kinase 2,P49760,uniprot_swissprot,9606
uniprot:Q9UIG8,ENSG00000176463,SLCO3A1,solute carrier organic anion transporter family member 3a1,Q9UIG8,uniprot_swissprot,9606
uniprot:Q6NSJ2,ENSG00000176531,PHLDB3,pleckstrin homology like domain family b member 3,Q6NSJ2,uniprot_swissprot,9606
uniprot:O60262,ENSG00000176533,GNG7,g protein subunit gamma 7,O60262,uniprot_swissprot,9606
uniprot:Q8NGB2,ENSG00000176540,OR4C5,olfactory receptor family 4 subfamily c member 5,Q8NGB2,uniprot_swissprot,9606
uniprot:Q68DE3,ENSG00000176542,USF3,upstream transcription factor family member 3,Q68DE3,uniprot_swissprot,9606
uniprot:Q8NH37,ENSG00000176547,OR4C3,olfactory receptor family 4 subfamily c member 3,Q8NH37,uniprot_swissprot,9606
uniprot:Q8NGB4,ENSG00000176555,OR4S1,olfactory receptor family 4 subfamily s member 1,Q8NGB4,uniprot_swissprot,9606
uniprot:Q8NA75,ENSG00000176566,DCAF4L2,ddb1 and cul4 associated factor 4 like 2,Q8NA75,uniprot_swissprot,9606
uniprot:Q8NH49,ENSG00000176567,OR4X1,olfactory receptor family 4 subfamily x member 1,Q8NH49,uniprot_swissprot,9606
uniprot:Q8NA66,ENSG00000176571,CNBD1,cyclic nucleotide binding domain containing 1,Q8NA66,uniprot_swissprot,9606
uniprot:Q56UN5,ENSG00000176601,MAP3K19,mitogen-activated protein kinase kinase kinase 19,Q56UN5,uniprot_swissprot,9606
uniprot:Q03252,ENSG00000176619,LMNB2,lamin b2,Q03252,uniprot_swissprot,9606
uniprot:Q5U5Q3,ENSG00000176624,MEX3C,mex-3 rna binding family member c,Q5U5Q3,uniprot_swissprot,9606
uniprot:Q8N7B1,ENSG00000176635,HORMAD2,horma domain containing 2,Q8N7B1,uniprot_swissprot,9606
uniprot:Q8N8N0,ENSG00000176641,RNF152,ring finger protein 152,Q8N8N0,uniprot_swissprot,9606
uniprot:Q12952,ENSG00000176678,FOXL1,forkhead box l1,Q12952,uniprot_swissprot,9606
uniprot:A6NMS7,ENSG00000176681,LRRC37A,leucine rich repeat containing 37a,A6NMS7,uniprot_swissprot,9606
uniprot:Q99958,ENSG00000176692,FOXC2,forkhead box c2,Q99958,uniprot_swissprot,9606
uniprot:P23560,ENSG00000176697,BDNF,brain derived neurotrophic factor,P23560,uniprot_swissprot,9606
uniprot:Q9UMX3,ENSG00000176720,BOK,bcl2 family apoptosis regulator bok,Q9UMX3,uniprot_swissprot,9606
uniprot:Q15078,ENSG00000176749,CDK5R1,cyclin dependent kinase 5 regulatory subunit 1,Q15078,uniprot_swissprot,9606
uniprot:Q5VWI1,ENSG00000176769,TCERG1L,transcription elongation regulator 1 like,Q5VWI1,uniprot_swissprot,9606
uniprot:O14513,ENSG00000176771,NCKAP5,nck associated protein 5,O14513,uniprot_swissprot,9606
uniprot:P80723,ENSG00000176788,BASP1,brain abundant membrane attached signal protein 1,P80723,uniprot_swissprot,9606
uniprot:P78411,ENSG00000176842,IRX5,iroquois homeobox 5,P78411,uniprot_swissprot,9606
uniprot:Q641Q3,ENSG00000176845,METRNL,"meteorin like, glial cell differentiation regulator",Q641Q3,uniprot_swissprot,9606
uniprot:Q05586,ENSG00000176884,GRIN1,glutamate ionotropic receptor nmda type subunit 1,Q05586,uniprot_swissprot,9606
uniprot:P35716,ENSG00000176887,SOX11,sry-box transcription factor 11,P35716,uniprot_swissprot,9606
uniprot:P04818,ENSG00000176890,TYMS,thymidylate synthetase,P04818,uniprot_swissprot,9606
uniprot:Q9NR00,ENSG00000176907,TCIM,transcriptional and immune response regulator,Q9NR00,uniprot_swissprot,9606
uniprot:Q6ZN01,ENSG00000176909,MAMSTR,mef2 activating motif and sap domain containing transcriptional regulator,Q6ZN01,uniprot_swissprot,9606
uniprot:Q86XL3,ENSG00000176915,ANKLE2,ankyrin repeat and lem domain containing 2,Q86XL3,uniprot_swissprot,9606
uniprot:Q10981,ENSG00000176920,FUT2,fucosyltransferase 2 (h blood group),Q10981,uniprot_swissprot,9606
uniprot:O94772,ENSG00000176956,LY6H,lymphocyte antigen 6 family member h,O94772,uniprot_swissprot,9606
uniprot:Q8TAL6,ENSG00000176971,FIBIN,fin bud initiation factor homolog,Q8TAL6,uniprot_swissprot,9606
uniprot:P34896,ENSG00000176974,SHMT1,serine hydroxymethyltransferase 1,P34896,uniprot_swissprot,9606
uniprot:Q9UHL4,ENSG00000176978,DPP7,dipeptidyl peptidase 7,Q9UHL4,uniprot_swissprot,9606
uniprot:P53992,ENSG00000176986,SEC24C,"sec24 homolog c, copii component",P53992,uniprot_swissprot,9606
uniprot:P42898,ENSG00000177000,MTHFR,methylenetetrahydrofolate reductase,P42898,uniprot_swissprot,9606
uniprot:Q6PJ61,ENSG00000177051,FBXO46,f-box protein 46,Q6PJ61,uniprot_swissprot,9606
uniprot:Q8NBW4,ENSG00000177058,SLC38A9,solute carrier family 38 member 9,Q8NBW4,uniprot_swissprot,9606
uniprot:Q07864,ENSG00000177084,POLE,"dna polymerase epsilon, catalytic subunit",Q07864,uniprot_swissprot,9606
uniprot:Q8TD84,ENSG00000177103,DSCAML1,ds cell adhesion molecule like 1,Q8TD84,uniprot_swissprot,9606
uniprot:A0A0C4DFQ2,ENSG00000177125,ZBTB34,zinc finger and btb domain containing 34,A0A0C4DFQ2,uniprot_trembl,9606
uniprot:P37837,ENSG00000177156,TALDO1,transaldolase 1,P37837,uniprot_swissprot,9606
uniprot:O75385,ENSG00000177169,ULK1,unc-51 like autophagy activating kinase 1,O75385,uniprot_swissprot,9606
uniprot:Q8IUQ0,ENSG00000177182,CLVS1,clavesin 1,Q8IUQ0,uniprot_swissprot,9606
uniprot:P51812,ENSG00000177189,RPS6KA3,ribosomal protein s6 kinase a3,P51812,uniprot_swissprot,9606
uniprot:Q3L8U1,ENSG00000177200,CHD9,chromodomain helicase dna binding protein 9,Q3L8U1,uniprot_swissprot,9606
uniprot:Q6ZMU5,ENSG00000177238,TRIM72,tripartite motif containing 72,Q6ZMU5,uniprot_swissprot,9606
uniprot:Q8NAP3,ENSG00000177311,ZBTB38,zinc finger and btb domain containing 38,Q8NAP3,uniprot_swissprot,9606
uniprot:Q14526,ENSG00000177374,HIC1,hic zbtb transcriptional repressor 1,Q14526,uniprot_swissprot,9606
uniprot:O75145,ENSG00000177380,PPFIA3,ppfi scaffold protein a3,O75145,uniprot_swissprot,9606
uniprot:Q5DID0,ENSG00000177398,UMODL1,uromodulin like 1,Q5DID0,uniprot_swissprot,9606
ensembl:ENSG00000177410,ENSG00000177410,ZFAS1,znfx1 antisense rna 1,,,9606
uniprot:Q5VVX9,ENSG00000177414,UBE2U,ubiquitin conjugating enzyme e2 u,Q5VVX9,uniprot_swissprot,9606
uniprot:Q96IZ0,ENSG00000177425,PAWR,pro-apoptotic wt1 regulator,Q96IZ0,uniprot_swissprot,9606
uniprot:Q15583,ENSG00000177426,TGIF1,tgfb induced factor homeobox 1,Q15583,uniprot_swissprot,9606
uniprot:Q96NT1,ENSG00000177432,NAP1L5,nucleosome assembly protein 1 like 5,Q96NT1,uniprot_swissprot,9606
uniprot:Q8IY84,ENSG00000177453,NIM1K,nim1 serine/threonine protein kinase,Q8IY84,uniprot_swissprot,9606
uniprot:P15391,ENSG00000177455,CD19,cd19 molecule,P15391,uniprot_swissprot,9606
uniprot:Q7RTU3,ENSG00000177468,OLIG3,oligodendrocyte transcription factor 3,Q7RTU3,uniprot_swissprot,9606
uniprot:Q6NZI2,ENSG00000177469,CAVIN1,caveolae associated protein 1,Q6NZI2,uniprot_swissprot,9606
uniprot:O95376,ENSG00000177479,ARIH2,ariadne rbr e3 ubiquitin protein ligase 2,O95376,uniprot_swissprot,9606
uniprot:P78415,ENSG00000177508,IRX3,iroquois homeobox 3,P78415,uniprot_swissprot,9606
uniprot:O00244,ENSG00000177556,ATOX1,antioxidant 1 copper chaperone,O00244,uniprot_swissprot,9606
uniprot:Q9BZK7,ENSG00000177565,TBL1XR1,tbl1x/y related 1,Q9BZK7,uniprot_swissprot,9606
uniprot:Q86VB7,ENSG00000177575,CD163,cd163 molecule,Q86VB7,uniprot_swissprot,9606
uniprot:Q9HB75,ENSG00000177595,PIDD1,p53-induced death domain protein 1,Q9HB75,uniprot_swissprot,9606
uniprot:Q8N8L2,ENSG00000177599,ZNF491,zinc finger protein 491,Q8N8L2,uniprot_swissprot,9606
uniprot:Q8TF76,ENSG00000177602,HASPIN,histone h3 associated protein kinase,Q8TF76,uniprot_swissprot,9606
uniprot:P05412,ENSG00000177606,JUN,"jun proto-oncogene, ap-1 transcription factor subunit",P05412,uniprot_swissprot,9606
uniprot:Q9H0L4,ENSG00000177613,CSTF2T,cleavage stimulation factor subunit 2 tau variant,Q9H0L4,uniprot_swissprot,9606
uniprot:P04062,ENSG00000177628,GBA1,glucosylceramidase beta 1,P04062,uniprot_swissprot,9606
ensembl:ENSG00000177640,ENSG00000177640,CASC2,cancer susceptibility 2,,,9606
uniprot:Q9H845,ENSG00000177646,ACAD9,acyl-coa dehydrogenase family member 9,Q9H845,uniprot_swissprot,9606
uniprot:Q96F46,ENSG00000177663,IL17RA,interleukin 17 receptor a,Q96F46,uniprot_swissprot,9606
uniprot:Q96AD5,ENSG00000177666,PNPLA2,"patatin like domain 2, triacylglycerol lipase",Q96AD5,uniprot_swissprot,9606
uniprot:Q96T53,ENSG00000177669,MBOAT4,membrane bound ghrelin o-acyltransferase mboat4,Q96T53,uniprot_swissprot,9606
uniprot:Q6EEV6,ENSG00000177688,SUMO4,small ubiquitin like modifier 4,Q6EEV6,uniprot_swissprot,9606
uniprot:Q58DX5,ENSG00000177694,NAALADL2,n-acetylated alpha-linked acidic dipeptidase like 2,Q58DX5,uniprot_swissprot,9606
uniprot:P48509,ENSG00000177697,CD151,cd151 molecule (raph blood group),P48509,uniprot_swissprot,9606
uniprot:Q8IXL6,ENSG00000177706,FAM20C,fam20c golgi associated secretory pathway kinase,Q8IXL6,uniprot_swissprot,9606
uniprot:O15370,ENSG00000177732,SOX12,sry-box transcription factor 12,O15370,uniprot_swissprot,9606
uniprot:Q8N8F6,ENSG00000177752,YIPF7,yip1 domain family member 7,Q8N8F6,uniprot_swissprot,9606
uniprot:Q8N300,ENSG00000177868,SVBP,small vasohibin binding protein,Q8N300,uniprot_swissprot,9606
uniprot:Q8N2I2,ENSG00000177873,ZNF619,zinc finger protein 619,Q8N2I2,uniprot_swissprot,9606
uniprot:P61088,ENSG00000177889,UBE2N,ubiquitin conjugating enzyme e2 n,P61088,uniprot_swissprot,9606
uniprot:B4DYI2,ENSG00000177910,SPATA31C2,spata31 subfamily c member 2,B4DYI2,uniprot_swissprot,9606
uniprot:Q8N6S5,ENSG00000177917,ARL6IP6,arf like gtpase 6 interacting protein 6,Q8N6S5,uniprot_swissprot,9606
uniprot:Q9NV31,ENSG00000177971,IMP3,imp u3 small nucleolar ribonucleoprotein 3,Q9NV31,uniprot_swissprot,9606
uniprot:Q6ZUB1,ENSG00000177992,SPATA31E1,spata31 subfamily e member 1,Q6ZUB1,uniprot_swissprot,9606
uniprot:Q2VPJ9,ENSG00000178026,LRRC75B,leucine rich repeat containing 75b,Q2VPJ9,uniprot_swissprot,9606
uniprot:Q8N6G6,ENSG00000178031,ADAMTSL1,adamts like 1,Q8N6G6,uniprot_swissprot,9606
uniprot:P12268,ENSG00000178035,IMPDH2,inosine monophosphate dehydrogenase 2,P12268,uniprot_swissprot,9606
uniprot:P58340,ENSG00000178053,MLF1,myeloid leukemia factor 1,P58340,uniprot_swissprot,9606
uniprot:Q9BU61,ENSG00000178057,NDUFAF3,nadh:ubiquinone oxidoreductase complex assembly factor 3,Q9BU61,uniprot_swissprot,9606
uniprot:Q5VU43,ENSG00000178104,PDE4DIP,phosphodiesterase 4d interacting protein,Q5VU43,uniprot_swissprot,9606
uniprot:Q13206,ENSG00000178105,DDX10,dead-box helicase 10,Q13206,uniprot_swissprot,9606
uniprot:P19404,ENSG00000178127,NDUFV2,nadh:ubiquinone oxidoreductase core subunit v2,P19404,uniprot_swissprot,9606
uniprot:Q8NC26,ENSG00000178150,ZNF114,zinc finger protein 114,Q8NC26,uniprot_swissprot,9606
uniprot:Q8N895,ENSG00000178175,ZNF366,zinc finger protein 366,Q8N895,uniprot_swissprot,9606
uniprot:Q8N3X6,ENSG00000178177,LCORL,ligand dependent nuclear receptor corepressor like,Q8N3X6,uniprot_swissprot,9606
uniprot:Q9BYG4,ENSG00000178184,PARD6G,par-6 family cell polarity regulator gamma,Q9BYG4,uniprot_swissprot,9606
uniprot:Q9NRF2,ENSG00000178188,SH2B1,sh2b adaptor protein 1,Q9NRF2,uniprot_swissprot,9606
uniprot:A2A288,ENSG00000178199,ZC3H12D,zinc finger ccch-type containing 12d,A2A288,uniprot_swissprot,9606
uniprot:Q7Z4H8,ENSG00000178202,POGLUT3,protein o-glucosyltransferase 3,Q7Z4H8,uniprot_swissprot,9606
uniprot:Q15149,ENSG00000178209,PLEC,plectin,Q15149,uniprot_swissprot,9606
uniprot:Q5SQS7,ENSG00000178217,SH2D4B,sh2 domain containing 4b,Q5SQS7,uniprot_swissprot,9606
uniprot:Q495C1,ENSG00000178222,RNF212,ring finger protein 212,Q495C1,uniprot_swissprot,9606
uniprot:Q5K4E3,ENSG00000178226,PRSS36,serine protease 36,Q5K4E3,uniprot_swissprot,9606
uniprot:Q8IW70,ENSG00000178233,TMEM151B,transmembrane protein 151b,Q8IW70,uniprot_swissprot,9606
uniprot:Q96PX8,ENSG00000178235,SLITRK1,slit and ntrk like family member 1,Q96PX8,uniprot_swissprot,9606
uniprot:Q05952,ENSG00000178279,TNP2,transition protein 2,Q05952,uniprot_swissprot,9606
uniprot:Q8NBQ7,ENSG00000178301,AQP11,aquaporin 11,Q8NBQ7,uniprot_swissprot,9606
uniprot:Q9UJ96,ENSG00000178342,KCNG2,potassium voltage-gated channel modifier subfamily g member 2,Q9UJ96,uniprot_swissprot,9606
uniprot:Q8N6M9,ENSG00000178381,ZFAND2A,zinc finger an1-type containing 2a,Q8N6M9,uniprot_swissprot,9606
uniprot:Q6ZWE6,ENSG00000178385,PLEKHM3,pleckstrin homology domain containing m3,Q6ZWE6,uniprot_swissprot,9606
uniprot:P08908,ENSG00000178394,HTR1A,5-hydroxytryptamine receptor 1a,P08908,uniprot_swissprot,9606
uniprot:Q5T5X7,ENSG00000178409,BEND3,ben domain containing 3,Q5T5X7,uniprot_swissprot,9606
uniprot:Q5TFE4,ENSG00000178425,NT5DC1,5'-nucleotidase domain containing 1,Q5TFE4,uniprot_swissprot,9606
uniprot:P23378,ENSG00000178445,GLDC,glycine decarboxylase,P23378,uniprot_swissprot,9606
uniprot:Q96I36,ENSG00000178449,COX14,cytochrome c oxidase assembly factor cox14,Q96I36,uniprot_swissprot,9606
uniprot:P10747,ENSG00000178562,CD28,cd28 molecule,P10747,uniprot_swissprot,9606
uniprot:Q7L775,ENSG00000178567,EPM2AIP1,epm2a interacting protein 1,Q7L775,uniprot_swissprot,9606
uniprot:Q15303,ENSG00000178568,ERBB4,erb-b2 receptor tyrosine kinase 4,Q15303,uniprot_swissprot,9606
uniprot:O75444,ENSG00000178573,MAF,maf bzip transcription factor,O75444,uniprot_swissprot,9606
uniprot:Q9NSA3,ENSG00000178585,CTNNBIP1,catenin beta interacting protein 1,Q9NSA3,uniprot_swissprot,9606
uniprot:O75460,ENSG00000178607,ERN1,endoplasmic reticulum to nucleus signaling 1,O75460,uniprot_swissprot,9606
uniprot:Q9HC97,ENSG00000178623,GPR35,g protein-coupled receptor 35,Q9HC97,uniprot_swissprot,9606
uniprot:Q8WYN3,ENSG00000178662,CSRNP3,cysteine and serine rich nuclear protein 3,Q8WYN3,uniprot_swissprot,9606
uniprot:Q15022,ENSG00000178691,SUZ12,suz12 polycomb repressive complex 2 subunit,Q15022,uniprot_swissprot,9606
uniprot:Q9H649,ENSG00000178694,NSUN3,nop2/sun rna methyltransferase 3,Q9H649,uniprot_swissprot,9606
uniprot:Q96CX2,ENSG00000178695,KCTD12,potassium channel tetramerization domain containing 12,Q96CX2,uniprot_swissprot,9606
uniprot:Q86XF0,ENSG00000178700,DHFR2,dihydrofolate reductase 2,Q86XF0,uniprot_swissprot,9606
uniprot:P20674,ENSG00000178741,COX5A,cytochrome c oxidase subunit 5a,P20674,uniprot_swissprot,9606
uniprot:Q8N4C7,ENSG00000178750,STX19,syntaxin 19,Q8N4C7,uniprot_swissprot,9606
uniprot:Q5XKK7,ENSG00000178761,FAM219B,family with sequence similarity 219 member b,Q5XKK7,uniprot_swissprot,9606
uniprot:Q9Y6X8,ENSG00000178764,ZHX2,zinc fingers and homeoboxes 2,Q9Y6X8,uniprot_swissprot,9606
uniprot:Q9UBL6,ENSG00000178773,CPNE7,copine 7,Q9UBL6,uniprot_swissprot,9606
uniprot:P34949,ENSG00000178802,MPI,mannose phosphate isomerase,P34949,uniprot_swissprot,9606
uniprot:O14841,ENSG00000178814,OPLAH,"5-oxoprolinase, atp-hydrolysing",O14841,uniprot_swissprot,9606
uniprot:Q9NXI6,ENSG00000178828,RNF186,ring finger protein 186,Q9NXI6,uniprot_swissprot,9606
uniprot:Q8IY85,ENSG00000178852,EFCAB13,ef-hand calcium binding domain 13,Q8IY85,uniprot_swissprot,9606
uniprot:Q96LR9,ENSG00000178878,APOLD1,apolipoprotein l domain containing 1,Q96LR9,uniprot_swissprot,9606
uniprot:Q6ZTI6,ENSG00000178882,RFLNA,refilin a,Q6ZTI6,uniprot_swissprot,9606
uniprot:O00358,ENSG00000178919,FOXE1,forkhead box e1,O00358,uniprot_swissprot,9606
uniprot:Q5T013,ENSG00000178922,HYI,hydroxypyruvate isomerase (putative),Q5T013,uniprot_swissprot,9606
uniprot:O14976,ENSG00000178950,GAK,cyclin g associated kinase,O14976,uniprot_swissprot,9606
uniprot:O95365,ENSG00000178951,ZBTB7A,zinc finger and btb domain containing 7a,O95365,uniprot_swissprot,9606
uniprot:Q9H9A7,ENSG00000178966,RMI1,recq mediated genome instability 1,Q9H9A7,uniprot_swissprot,9606
uniprot:Q8NHP7,ENSG00000178997,EXD1,exonuclease 3'-5' domain containing 1,Q8NHP7,uniprot_swissprot,9606
uniprot:Q96GD4,ENSG00000178999,AURKB,aurora kinase b,Q96GD4,uniprot_swissprot,9606
uniprot:Q5VTJ3,ENSG00000179023,KLHDC7A,kelch domain containing 7a,Q5VTJ3,uniprot_swissprot,9606
uniprot:Q15050,ENSG00000179041,RRS1,regulator of ribosome synthesis 1,Q15050,uniprot_swissprot,9606
uniprot:Q9P258,ENSG00000179051,RCC2,regulator of chromosome condensation 2,Q9P258,uniprot_swissprot,9606
uniprot:Q96MM3,ENSG00000179059,ZFP42,zfp42 zinc finger protein,Q96MM3,uniprot_swissprot,9606
uniprot:Q96LP6,ENSG00000179088,C12ORF42,chromosome 12 open reading frame 42,Q96LP6,uniprot_swissprot,9606
uniprot:P08574,ENSG00000179091,CYC1,cytochrome c1,P08574,uniprot_swissprot,9606
uniprot:O15534,ENSG00000179094,PER1,period circadian regulator 1,O15534,uniprot_swissprot,9606
uniprot:Q8N394,ENSG00000179104,TMTC2,transmembrane o-mannosyltransferase targeting cadherins 2,Q8N394,uniprot_swissprot,9606
uniprot:Q9Y285,ENSG00000179115,FARSA,phenylalanyl-trna synthetase subunit alpha,Q9Y285,uniprot_swissprot,9606
uniprot:Q8IYJ2,ENSG00000179133,C10ORF67,chromosome 10 open reading frame 67,Q8IYJ2,uniprot_swissprot,9606
uniprot:P19099,ENSG00000179142,CYP11B2,cytochrome p450 family 11 subfamily b member 2,P19099,uniprot_swissprot,9606
uniprot:P04066,ENSG00000179163,FUCA1,alpha-l-fucosidase 1,P04066,uniprot_swissprot,9606
uniprot:Q8NFP0,ENSG00000179165,PXT1,peroxisomal testis enriched protein 1,Q8NFP0,uniprot_swissprot,9606
uniprot:Q86UU5,ENSG00000179168,GGN,gametogenetin,Q86UU5,uniprot_swissprot,9606
uniprot:Q8N3J9,ENSG00000179195,ZNF664,zinc finger protein 664,Q8N3J9,uniprot_swissprot,9606
uniprot:P27797,ENSG00000179218,CALR,calreticulin,P27797,uniprot_swissprot,9606
uniprot:P55283,ENSG00000179242,CDH4,cadherin 4,P55283,uniprot_swissprot,9606
uniprot:Q06124,ENSG00000179295,PTPN11,protein tyrosine phosphatase non-receptor type 11,Q06124,uniprot_swissprot,9606
uniprot:P49761,ENSG00000179335,CLK3,cdc like kinase 3,P49761,uniprot_swissprot,9606
uniprot:P23769,ENSG00000179348,GATA2,gata binding protein 2,P23769,uniprot_swissprot,9606
uniprot:P78333,ENSG00000179399,GPC5,glypican 5,P78333,uniprot_swissprot,9606
uniprot:Q99592,ENSG00000179456,ZBTB18,zinc finger and btb domain containing 18,Q99592,uniprot_swissprot,9606
uniprot:Q4W4Y0,ENSG00000179476,DORIP1,dopamine receptor interacting protein 1,Q4W4Y0,uniprot_swissprot,9606
uniprot:Q9H0F6,ENSG00000179526,SHARPIN,shank associated rh domain interactor,Q9H0F6,uniprot_swissprot,9606
uniprot:Q6XYB7,ENSG00000179528,LBX2,ladybird homeobox 2,Q6XYB7,uniprot_swissprot,9606
uniprot:Q96CN9,ENSG00000179562,GCC1,grip and coiled-coil domain containing 1,Q96CN9,uniprot_swissprot,9606
uniprot:P33076,ENSG00000179583,CIITA,class ii major histocompatibility complex transactivator,P33076,uniprot_swissprot,9606
uniprot:Q8IX07,ENSG00000179588,ZFPM1,"zinc finger protein, fog family member 1",Q8IX07,uniprot_swissprot,9606
uniprot:O00222,ENSG00000179603,GRM8,glutamate metabotropic receptor 8,O00222,uniprot_swissprot,9606
uniprot:Q8IV20,ENSG00000179630,LACC1,laccase domain containing 1,Q8IV20,uniprot_swissprot,9606
uniprot:Q9H063,ENSG00000179632,MAF1,maf1 negative regulator of rna polymerase iii,Q9H063,uniprot_swissprot,9606
uniprot:Q8N4G2,ENSG00000179674,ARL14,arf like gtpase 14,Q8N4G2,uniprot_swissprot,9606
uniprot:Q9UH17,ENSG00000179750,APOBEC3B,apolipoprotein b mrna editing enzyme catalytic subunit 3b,Q9UH17,uniprot_swissprot,9606
uniprot:O43638,ENSG00000179772,FOXS1,forkhead box s1,O43638,uniprot_swissprot,9606
uniprot:P33151,ENSG00000179776,CDH5,cadherin 5,P33151,uniprot_swissprot,9606
uniprot:Q96PB8,ENSG00000179796,LRRC3B,leucine rich repeat containing 3b,Q96PB8,uniprot_swissprot,9606
uniprot:Q14140,ENSG00000179833,SERTAD2,serta domain containing 2,Q14140,uniprot_swissprot,9606
uniprot:Q17RQ9,ENSG00000179846,NKPD1,ntpase kap family p-loop domain containing 1,Q17RQ9,uniprot_swissprot,9606
uniprot:Q96RK1,ENSG00000179862,CITED4,cbp/p300 interacting transactivator with ed-rich tail 4,Q96RK1,uniprot_swissprot,9606
uniprot:Q86UQ4,ENSG00000179869,ABCA13,atp binding cassette subfamily a member 13,Q86UQ4,uniprot_swissprot,9606
uniprot:Q6P996,ENSG00000179889,PDXDC1,pyridoxal dependent decarboxylase domain containing 1,Q6P996,uniprot_swissprot,9606
uniprot:Q13106,ENSG00000179909,ZNF154,zinc finger protein 154,Q13106,uniprot_swissprot,9606
uniprot:Q8WWA0,ENSG00000179914,ITLN1,intelectin 1,Q8WWA0,uniprot_swissprot,9606
uniprot:P58400,ENSG00000179915,NRXN1,neurexin 1,P58400,uniprot_swissprot,9606
uniprot:Q8TDU6,ENSG00000179921,GPBAR1,g protein-coupled bile acid receptor 1,Q8TDU6,uniprot_swissprot,9606
uniprot:P51685,ENSG00000179934,CCR8,c-c motif chemokine receptor 8,P51685,uniprot_swissprot,9606
uniprot:Q9UHX1,ENSG00000179950,PUF60,poly(u) binding splicing factor 60,Q9UHX1,uniprot_swissprot,9606
uniprot:Q9H773,ENSG00000179958,DCTPP1,dctp pyrophosphatase 1,Q9H773,uniprot_swissprot,9606
uniprot:P30953,ENSG00000180016,OR1E1,olfactory receptor family 1 subfamily e member 1,P30953,uniprot_swissprot,9606
uniprot:F5H4A9,ENSG00000180044,C3ORF80,chromosome 3 open reading frame 80,F5H4A9,uniprot_swissprot,9606
uniprot:A6NCS4,ENSG00000180053,NKX2-6,nk2 homeobox 6,A6NCS4,uniprot_swissprot,9606
uniprot:P07101,ENSG00000180176,TH,tyrosine hydroxylase,P07101,uniprot_swissprot,9606
uniprot:P00734,ENSG00000180210,F2,"coagulation factor ii, thrombin",P00734,uniprot_swissprot,9606
uniprot:Q6AI14,ENSG00000180251,SLC9A4,solute carrier family 9 member a4,Q6AI14,uniprot_swissprot,9606
uniprot:Q6ZV73,ENSG00000180263,FGD6,"fyve, rhogef and ph domain containing 6",Q6ZV73,uniprot_swissprot,9606
uniprot:Q6DWJ6,ENSG00000180269,GPR139,g protein-coupled receptor 139,Q6DWJ6,uniprot_swissprot,9606
uniprot:Q8N7P1,ENSG00000180287,PLD5,phospholipase d family member 5,Q8N7P1,uniprot_swissprot,9606
uniprot:Q8N8W4,ENSG00000180316,PNPLA1,"patatin like domain 1, omega-hydroxyceramide transacylase",Q8N8W4,uniprot_swissprot,9606
uniprot:A2RUB1,ENSG00000180336,MEIOC,meiosis specific with coiled-coil domain,A2RUB1,uniprot_swissprot,9606
uniprot:Q14332,ENSG00000180340,FZD2,frizzled class receptor 2,Q14332,uniprot_swissprot,9606
uniprot:Q4W5G0,ENSG00000180346,TIGD2,tigger transposable element derived 2,Q4W5G0,uniprot_swissprot,9606
uniprot:Q6ZRS4,ENSG00000180347,ITPRID1,itpr interacting domain containing 1,Q6ZRS4,uniprot_swissprot,9606
uniprot:O15014,ENSG00000180357,ZNF609,zinc finger protein 609,O15014,uniprot_swissprot,9606
uniprot:Q13177,ENSG00000180370,PAK2,p21 (rac1) activated kinase 2,Q13177,uniprot_swissprot,9606
uniprot:P54826,ENSG00000180447,GAS1,growth arrest specific 1,P54826,uniprot_swissprot,9606
uniprot:Q92619,ENSG00000180448,ARHGAP45,rho gtpase activating protein 45,Q92619,uniprot_swissprot,9606
uniprot:Q8NAN2,ENSG00000180488,MIGA1,mitoguardin 1,Q8NAN2,uniprot_swissprot,9606
uniprot:P48552,ENSG00000180530,NRIP1,nuclear receptor interacting protein 1,P48552,uniprot_swissprot,9606
uniprot:Q93077,ENSG00000180573,H2AC6,h2a clustered histone 6,Q93077,uniprot_swissprot,9606
uniprot:Q1XH10,ENSG00000180592,SKIDA1,ski/dach domain containing 1,Q1XH10,uniprot_swissprot,9606
uniprot:P62807,ENSG00000180596,H2BC4,h2b clustered histone 4,P62807,uniprot_swissprot,9606
uniprot:Q8IYB1,ENSG00000180611,MB21D2,mab-21 domain containing 2,Q8IYB1,uniprot_swissprot,9606
uniprot:P30874,ENSG00000180616,SSTR2,somatostatin receptor 2,P30874,uniprot_swissprot,9606
uniprot:Q96JF6,ENSG00000180626,ZNF594,zinc finger protein 594,Q96JF6,uniprot_swissprot,9606
uniprot:P14222,ENSG00000180644,PRF1,perforin 1,P14222,uniprot_swissprot,9606
uniprot:Q6YI46,ENSG00000180694,TMEM64,transmembrane protein 64,Q6YI46,uniprot_swissprot,9606
uniprot:P08173,ENSG00000180720,CHRM4,cholinergic receptor muscarinic 4,P08173,uniprot_swissprot,9606
uniprot:P50052,ENSG00000180772,AGTR2,angiotensin ii receptor type 2,P50052,uniprot_swissprot,9606
uniprot:Q6ZN16,ENSG00000180815,MAP3K15,mitogen-activated protein kinase kinase kinase 15,Q6ZN16,uniprot_swissprot,9606
uniprot:Q9NYD6,ENSG00000180818,HOXC10,homeobox c10,Q9NYD6,uniprot_swissprot,9606
uniprot:Q8NFJ8,ENSG00000180828,BHLHE22,basic helix-loop-helix family member e22,Q8NFJ8,uniprot_swissprot,9606
uniprot:Q9Y2A4,ENSG00000180855,ZNF443,zinc finger protein 443,Q9Y2A4,uniprot_swissprot,9606
uniprot:P25025,ENSG00000180871,CXCR2,c-x-c motif chemokine receptor 2,P25025,uniprot_swissprot,9606
uniprot:A0A494C1K0,ENSG00000180872,DEFB112,defensin beta 112,A0A494C1K0,uniprot_trembl,9606
uniprot:Q9H772,ENSG00000180875,GREM2,"gremlin 2, dan family bmp antagonist",Q9H772,uniprot_swissprot,9606
uniprot:Q9NWM3,ENSG00000180891,CUEDC1,cue domain containing 1,Q9NWM3,uniprot_swissprot,9606
uniprot:Q14160,ENSG00000180900,SCRIB,scribble planar cell polarity protein,Q14160,uniprot_swissprot,9606
uniprot:Q8N465,ENSG00000180902,D2HGDH,d-2-hydroxyglutarate dehydrogenase,Q8N465,uniprot_swissprot,9606
uniprot:P30559,ENSG00000180914,OXTR,oxytocin receptor,P30559,uniprot_swissprot,9606
uniprot:P48739,ENSG00000180957,PITPNB,phosphatidylinositol transfer protein beta,P48739,uniprot_swissprot,9606
uniprot:O95561,ENSG00000180999,C1ORF105,chromosome 1 open reading frame 105,O95561,uniprot_swissprot,9606
uniprot:Q6ZW61,ENSG00000181004,BBS12,bardet-biedl syndrome 12,Q6ZW61,uniprot_swissprot,9606
uniprot:P15559,ENSG00000181019,NQO1,nad(p)h quinone dehydrogenase 1,P15559,uniprot_swissprot,9606
uniprot:Q8IUR0,ENSG00000181029,TRAPPC5,trafficking protein particle complex subunit 5,Q8IUR0,uniprot_swissprot,9606
uniprot:Q9UNE2,ENSG00000181031,RPH3AL,rabphilin 3a like (without c2 domains),Q9UNE2,uniprot_swissprot,9606
uniprot:Q9Y241,ENSG00000181061,HIGD1A,hig1 hypoxia inducible domain family member 1a,Q9Y241,uniprot_swissprot,9606
uniprot:P08172,ENSG00000181072,CHRM2,cholinergic receptor muscarinic 2,P08172,uniprot_swissprot,9606
uniprot:Q15848,ENSG00000181092,ADIPOQ,"adiponectin, c1q and collagen domain containing",Q15848,uniprot_swissprot,9606
uniprot:P25116,ENSG00000181104,F2R,coagulation factor ii thrombin receptor,P25116,uniprot_swissprot,9606
uniprot:Q8WXI7,ENSG00000181143,MUC16,"mucin 16, cell surface associated",Q8WXI7,uniprot_swissprot,9606
uniprot:P06748,ENSG00000181163,NPM1,nucleophosmin 1,P06748,uniprot_swissprot,9606
uniprot:Q8NG27,ENSG00000181191,PJA1,praja ring finger ubiquitin ligase 1,Q8NG27,uniprot_swissprot,9606
uniprot:Q96HY7,ENSG00000181192,DHTKD1,dehydrogenase e1 and transketolase domain containing 1,Q96HY7,uniprot_swissprot,9606
uniprot:P01210,ENSG00000181195,PENK,proenkephalin,P01210,uniprot_swissprot,9606
uniprot:Q6NUN9,ENSG00000181220,ZNF746,zinc finger protein 746,Q6NUN9,uniprot_swissprot,9606
uniprot:A0A6Q8PGB0,ENSG00000181222,POLR2A,rna polymerase ii subunit a,A0A6Q8PGB0,uniprot_trembl,9606
uniprot:Q8N3T6,ENSG00000181234,TMEM132C,transmembrane protein 132c,Q8N3T6,uniprot_swissprot,9606
uniprot:Q6ZRR5,ENSG00000181264,TLCD5,tlc domain containing 5,Q6ZRR5,uniprot_swissprot,9606
uniprot:O75474,ENSG00000181274,FRAT2,frat regulator of wnt signaling pathway 2,O75474,uniprot_swissprot,9606
ensembl:ENSG00000181282,ENSG00000181282,OR5AK3P,olfactory receptor family 5 subfamily ak member 3 pseudogene,,,9606
uniprot:Q6IEE7,ENSG00000181291,TMEM132E,transmembrane protein 132e,Q6IEE7,uniprot_swissprot,9606
uniprot:Q86XW9,ENSG00000181322,NME9,nme/nm23 family member 9,Q86XW9,uniprot_swissprot,9606
uniprot:P48431,ENSG00000181449,SOX2,sry-box transcription factor 2,P48431,uniprot_swissprot,9606
uniprot:Q9NWC5,ENSG00000181458,TMEM45A,transmembrane protein 45a,Q9NWC5,uniprot_swissprot,9606
uniprot:P61225,ENSG00000181467,RAP2B,"rap2b, member of ras oncogene family",P61225,uniprot_swissprot,9606
uniprot:Q8NC06,ENSG00000181513,ACBD4,acyl-coa binding domain containing 4,Q8NC06,uniprot_swissprot,9606
uniprot:Q9Y586,ENSG00000181541,MAB21L2,mab-21 like 2,Q9Y586,uniprot_swissprot,9606
uniprot:Q8NB91,ENSG00000181544,FANCB,fa complementation group b,Q8NB91,uniprot_swissprot,9606
uniprot:Q9BYW2,ENSG00000181555,SETD2,"set domain containing 2, histone lysine methyltransferase",Q9BYW2,uniprot_swissprot,9606
uniprot:Q9Y3D9,ENSG00000181610,MRPS23,mitochondrial ribosomal protein s23,Q9Y3D9,uniprot_swissprot,9606
uniprot:O95150,ENSG00000181634,TNFSF15,tnf superfamily member 15,O95150,uniprot_swissprot,9606
uniprot:P10072,ENSG00000181666,ZNF875,zinc finger protein 875,P10072,uniprot_swissprot,9606
uniprot:Q6DJT9,ENSG00000181690,PLAG1,plag1 zinc finger,Q6DJT9,uniprot_swissprot,9606
uniprot:Q9HC78,ENSG00000181722,ZBTB20,zinc finger and btb domain containing 20,Q9HC78,uniprot_swissprot,9606
uniprot:Q8NDZ4,ENSG00000181744,DIPK2A,divergent protein kinase domain 2a,Q8NDZ4,uniprot_swissprot,9606
uniprot:Q96GV9,ENSG00000181751,MACIR,macrophage immunometabolism regulator,Q96GV9,uniprot_swissprot,9606
uniprot:P46089,ENSG00000181773,GPR3,g protein-coupled receptor 3,P46089,uniprot_swissprot,9606
uniprot:Q8TC94,ENSG00000181786,ACTL9,actin like 9,Q8TC94,uniprot_swissprot,9606
uniprot:O43255,ENSG00000181788,SIAH2,siah e3 ubiquitin protein ligase 2,O43255,uniprot_swissprot,9606
uniprot:Q9Y678,ENSG00000181789,COPG1,coat protein complex i subunit gamma 1,Q9Y678,uniprot_swissprot,9606
uniprot:Q8IVB4,ENSG00000181804,SLC9A9,solute carrier family 9 member a9,Q8IVB4,uniprot_swissprot,9606
uniprot:Q96A29,ENSG00000181830,SLC35C1,solute carrier family 35 member c1,Q96A29,uniprot_swissprot,9606
uniprot:Q495A1,ENSG00000181847,TIGIT,t cell immunoreceptor with ig and itim domains,Q495A1,uniprot_swissprot,9606
uniprot:P14672,ENSG00000181856,SLC2A4,solute carrier family 2 member 4,P14672,uniprot_swissprot,9606
uniprot:Q8N4E7,ENSG00000181867,FTMT,ferritin mitochondrial,Q8N4E7,uniprot_swissprot,9606
uniprot:O95471,ENSG00000181885,CLDN7,claudin 7,O95471,uniprot_swissprot,9606
uniprot:Q96SZ5,ENSG00000181915,ADO,2-aminoethanethiol dioxygenase,Q96SZ5,uniprot_swissprot,9606
uniprot:Q8NGM1,ENSG00000181939,OR4C15,olfactory receptor family 4 subfamily c member 15,Q8NGM1,uniprot_swissprot,9606
uniprot:Q8NH70,ENSG00000181961,OR4A16,olfactory receptor family 4 subfamily a member 16,Q8NH70,uniprot_swissprot,9606
uniprot:P62304,ENSG00000182004,SNRPE,small nuclear ribonucleoprotein polypeptide e,P62304,uniprot_swissprot,9606
uniprot:Q8IZC4,ENSG00000182010,RTKN2,rhotekin 2,Q8IZC4,uniprot_swissprot,9606
uniprot:Q7LFX5,ENSG00000182022,CHST15,carbohydrate sulfotransferase 15,Q7LFX5,uniprot_swissprot,9606
uniprot:A6NDI0,ENSG00000182053,TRIM49B,tripartite motif containing 49b,A6NDI0,uniprot_swissprot,9606
uniprot:P48735,ENSG00000182054,IDH2,isocitrate dehydrogenase (nadp(+)) 2,P48735,uniprot_swissprot,9606
uniprot:Q6IFH4,ENSG00000182083,OR6B2,olfactory receptor family 6 subfamily b member 2,Q6IFH4,uniprot_swissprot,9606
uniprot:Q4ZIN3,ENSG00000182087,TMEM259,transmembrane protein 259,Q4ZIN3,uniprot_swissprot,9606
uniprot:O15417,ENSG00000182095,TNRC18,trinucleotide repeat containing 18,O15417,uniprot_swissprot,9606
uniprot:O95424,ENSG00000182108,DEXI,dexi homolog,O95424,uniprot_swissprot,9606
uniprot:A6NP11,ENSG00000182111,ZNF716,zinc finger protein 716,A6NP11,uniprot_swissprot,9606
uniprot:Q9Y2W6,ENSG00000182134,TDRKH,tudor and kh domain containing,Q9Y2W6,uniprot_swissprot,9606
uniprot:P17019,ENSG00000182141,ZNF708,zinc finger protein 708,P17019,uniprot_swissprot,9606
uniprot:Q5T890,ENSG00000182150,ERCC6L2,ercc excision repair 6 like 2,Q5T890,uniprot_swissprot,9606
uniprot:Q70SY1,ENSG00000182158,CREB3L2,camp responsive element binding protein 3 like 2,Q70SY1,uniprot_swissprot,9606
uniprot:Q86VZ1,ENSG00000182162,P2RY8,p2y receptor family member 8,Q86VZ1,uniprot_swissprot,9606
uniprot:O95185,ENSG00000182168,UNC5C,unc-5 netrin receptor c,O95185,uniprot_swissprot,9606
uniprot:Q96B86,ENSG00000182175,RGMA,repulsive guidance molecule bmp co-receptor a,Q96B86,uniprot_swissprot,9606
uniprot:P41226,ENSG00000182179,UBA7,ubiquitin like modifier activating enzyme 7,P41226,uniprot_swissprot,9606
uniprot:O15315,ENSG00000182185,RAD51B,rad51 paralog b,O15315,uniprot_swissprot,9606
uniprot:Q66PJ3,ENSG00000182196,ARL6IP4,arf like gtpase 6 interacting protein 4,Q66PJ3,uniprot_swissprot,9606
uniprot:Q16394,ENSG00000182197,EXT1,exostosin glycosyltransferase 1,Q16394,uniprot_swissprot,9606
uniprot:P34897,ENSG00000182199,SHMT2,serine hydroxymethyltransferase 2,P34897,uniprot_swissprot,9606
uniprot:Q96JK4,ENSG00000182218,HHIPL1,hhip like 1,Q96JK4,uniprot_swissprot,9606
uniprot:O75787,ENSG00000182220,ATP6AP2,atpase h+ transporting accessory protein 2,O75787,uniprot_swissprot,9606
uniprot:Q6P9G0,ENSG00000182224,CYB5D1,cytochrome b5 domain containing 1,Q6P9G0,uniprot_swissprot,9606
uniprot:Q9Y5Z0,ENSG00000182240,BACE2,beta-secretase 2,Q9Y5Z0,uniprot_swissprot,9606
uniprot:Q96LR5,ENSG00000182247,UBE2E2,ubiquitin conjugating enzyme e2 e2,Q96LR5,uniprot_swissprot,9606
uniprot:P22459,ENSG00000182255,KCNA4,potassium voltage-gated channel subfamily a member 4,P22459,uniprot_swissprot,9606
uniprot:Q99928,ENSG00000182256,GABRG3,gamma-aminobutyric acid type a receptor subunit gamma3,Q99928,uniprot_swissprot,9606
uniprot:Q5HY92,ENSG00000182263,FIGN,"fidgetin, microtubule severing factor",Q5HY92,uniprot_swissprot,9606
uniprot:Q3SXM0,ENSG00000182308,DCAF4L1,ddb1 and cul4 associated factor 4 like 1,Q3SXM0,uniprot_swissprot,9606
uniprot:P09871,ENSG00000182326,C1S,complement c1s,P09871,uniprot_swissprot,9606
uniprot:A0A1B0GV91,ENSG00000182329,KIAA2012,kiaa2012,A0A1B0GV91,uniprot_trembl,9606
uniprot:P07098,ENSG00000182333,LIPF,"lipase f, gastric type",P07098,uniprot_swissprot,9606
uniprot:P59103,ENSG00000182346,DAOA,d-amino acid oxidase activator,P59103,uniprot_swissprot,9606
uniprot:A4D1E1,ENSG00000182348,ZNF804B,zinc finger protein 804b,A4D1E1,uniprot_swissprot,9606
uniprot:Q8NAB2,ENSG00000182359,KBTBD3,kelch repeat and btb domain containing 3,Q8NAB2,uniprot_swissprot,9606
uniprot:Q9UBY8,ENSG00000182372,CLN8,cln8 transmembrane er and ergic protein,Q9UBY8,uniprot_swissprot,9606
uniprot:O95158,ENSG00000182379,NXPH4,neurexophilin 4,O95158,uniprot_swissprot,9606
uniprot:O00305,ENSG00000182389,CACNB4,calcium voltage-gated channel auxiliary subunit beta 4,O00305,uniprot_swissprot,9606
uniprot:Q8IU54,ENSG00000182393,IFNL1,interferon lambda 1,Q8IU54,uniprot_swissprot,9606
uniprot:A6NHN0,ENSG00000182447,OTOL1,otolin 1,A6NHN0,uniprot_swissprot,9606
uniprot:Q9NRE2,ENSG00000182463,TSHZ2,teashirt zinc finger homeobox 2,Q9NRE2,uniprot_swissprot,9606
uniprot:Q6ZSI9,ENSG00000182472,CAPN12,calpain 12,Q6ZSI9,uniprot_swissprot,9606
uniprot:P52292,ENSG00000182481,KPNA2,karyopherin subunit alpha 2,P52292,uniprot_swissprot,9606
uniprot:P21810,ENSG00000182492,BGN,biglycan,P21810,uniprot_swissprot,9606
uniprot:P07332,ENSG00000182511,FES,"fes proto-oncogene, tyrosine kinase",P07332,uniprot_swissprot,9606
uniprot:Q5XKR9,ENSG00000182518,VCF2,vcp nuclear cofactor family member 2,Q5XKR9,uniprot_swissprot,9606
uniprot:P53671,ENSG00000182541,LIMK2,lim domain kinase 2,P53671,uniprot_swissprot,9606
uniprot:Q6ZMD2,ENSG00000182557,SPNS3,"spns lysolipid transporter 3, sphingosine-1-phosphate (putative)",Q6ZMD2,uniprot_swissprot,9606
uniprot:Q01826,ENSG00000182568,SATB1,satb homeobox 1,Q01826,uniprot_swissprot,9606
uniprot:P07333,ENSG00000182578,CSF1R,colony stimulating factor 1 receptor,P07333,uniprot_swissprot,9606
uniprot:P54753,ENSG00000182580,EPHB3,eph receptor b3,P54753,uniprot_swissprot,9606
uniprot:Q6UW88,ENSG00000182585,EPGN,epithelial mitogen,Q6UW88,uniprot_swissprot,9606
uniprot:Q6UX34,ENSG00000182600,SNORC,secondary ossification center associated regulator of chondrocyte maturation,Q6UX34,uniprot_swissprot,9606
uniprot:Q9Y661,ENSG00000182601,HS3ST4,heparan sulfate-glucosamine 3-sulfotransferase 4,Q9Y661,uniprot_swissprot,9606
uniprot:Q9NQ66,ENSG00000182621,PLCB1,phospholipase c beta 1,Q9NQ66,uniprot_swissprot,9606
uniprot:Q8WVK7,ENSG00000182628,SKA2,spindle and kinetochore associated complex subunit 2,Q8WVK7,uniprot_swissprot,9606
uniprot:P53804,ENSG00000182670,TTC3,tetratricopeptide repeat domain 3,P53804,uniprot_swissprot,9606
uniprot:Q92953,ENSG00000182674,KCNB2,potassium voltage-gated channel subfamily b member 2,Q92953,uniprot_swissprot,9606
uniprot:Q8WUA8,ENSG00000182704,TSKU,"tsukushi, small leucine rich proteoglycan",Q8WUA8,uniprot_swissprot,9606
uniprot:P07355,ENSG00000182718,ANXA2,annexin a2,P07355,uniprot_swissprot,9606
uniprot:P49758,ENSG00000182732,RGS6,regulator of g protein signaling 6,P49758,uniprot_swissprot,9606
uniprot:Q5M8T2,ENSG00000182747,SLC35D3,solute carrier family 35 member d3,Q5M8T2,uniprot_swissprot,9606
uniprot:Q13219,ENSG00000182752,PAPPA,pappalysin 1,Q13219,uniprot_swissprot,9606
uniprot:Q8NHW3,ENSG00000182759,MAFA,maf bzip transcription factor a,Q8NHW3,uniprot_swissprot,9606
uniprot:Q9ULK0,ENSG00000182771,GRID1,glutamate ionotropic receptor delta type subunit 1,Q9ULK0,uniprot_swissprot,9606
uniprot:Q8TDS4,ENSG00000182782,HCAR2,hydroxycarboxylic acid receptor 2,Q8TDS4,uniprot_swissprot,9606
uniprot:Q7RTV2,ENSG00000182793,GSTA5,glutathione s-transferase alpha 5,Q7RTV2,uniprot_swissprot,9606
uniprot:P52943,ENSG00000182809,CRIP2,cysteine rich protein 2,P52943,uniprot_swissprot,9606
uniprot:Q9H3P7,ENSG00000182827,ACBD3,acyl-coa binding domain containing 3,Q9H3P7,uniprot_swissprot,9606
uniprot:Q63HM9,ENSG00000182836,PLCXD3,phosphatidylinositol specific phospholipase c x domain containing 3,Q63HM9,uniprot_swissprot,9606
uniprot:P06239,ENSG00000182866,LCK,"lck proto-oncogene, src family tyrosine kinase",P06239,uniprot_swissprot,9606
uniprot:P39060,ENSG00000182871,COL18A1,collagen type xviii alpha 1 chain,P39060,uniprot_swissprot,9606
uniprot:P98175,ENSG00000182872,RBM10,rna binding motif protein 10,P98175,uniprot_swissprot,9606
uniprot:P49802,ENSG00000182901,RGS7,regulator of g protein signaling 7,P49802,uniprot_swissprot,9606
uniprot:Q96MT8,ENSG00000182923,CEP63,centrosomal protein 63,Q96MT8,uniprot_swissprot,9606
uniprot:Q01844,ENSG00000182944,EWSR1,ews rna binding protein 1,Q01844,uniprot_swissprot,9606
uniprot:Q96N96,ENSG00000182957,SPATA13,spermatogenesis associated 13,Q96N96,uniprot_swissprot,9606
uniprot:O00570,ENSG00000182968,SOX1,sry-box transcription factor 1,O00570,uniprot_swissprot,9606
uniprot:Q13330,ENSG00000182979,MTA1,metastasis associated 1,Q13330,uniprot_swissprot,9606
uniprot:Q9BY67,ENSG00000182985,CADM1,cell adhesion molecule 1,Q9BY67,uniprot_swissprot,9606
uniprot:P32322,ENSG00000183010,PYCR1,pyrroline-5-carboxylate reductase 1,P32322,uniprot_swissprot,9606
uniprot:Q9BRA0,ENSG00000183011,NAA38,"n-alpha-acetyltransferase 38, natc auxiliary subunit",Q9BRA0,uniprot_swissprot,9606
uniprot:O94973,ENSG00000183020,AP2A2,adaptor related protein complex 2 subunit alpha 2,O94973,uniprot_swissprot,9606
uniprot:P32418,ENSG00000183023,SLC8A1,solute carrier family 8 member a1,P32418,uniprot_swissprot,9606
uniprot:Q9BQT8,ENSG00000183032,SLC25A21,solute carrier family 25 member 21,Q9BQT8,uniprot_swissprot,9606
uniprot:Q7RTS6,ENSG00000183034,OTOP2,otopetrin 2,Q7RTS6,uniprot_swissprot,9606
uniprot:P48539,ENSG00000183036,PCP4,purkinje cell protein 4,P48539,uniprot_swissprot,9606
uniprot:Q8IU85,ENSG00000183049,CAMK1D,calcium/calmodulin dependent protein kinase id,Q8IU85,uniprot_swissprot,9606
uniprot:Q9NSI5,ENSG00000183067,IGSF5,immunoglobulin superfamily member 5,Q9NSI5,uniprot_swissprot,9606
uniprot:Q14393,ENSG00000183087,GAS6,growth arrest specific 6,Q14393,uniprot_swissprot,9606
uniprot:P0C091,ENSG00000183090,FREM3,fras1 related extracellular matrix 3,P0C091,uniprot_swissprot,9606
uniprot:Q9BUH8,ENSG00000183092,BEGAIN,brain enriched guanylate kinase associated,Q9BUH8,uniprot_swissprot,9606
uniprot:Q9Y625,ENSG00000183098,GPC6,glypican 6,Q9Y625,uniprot_swissprot,9606
uniprot:Q96PZ7,ENSG00000183117,CSMD1,cub and sushi multiple domains 1,Q96PZ7,uniprot_swissprot,9606
uniprot:Q9Y5Y4,ENSG00000183134,PTGDR2,prostaglandin d2 receptor 2,Q9Y5Y4,uniprot_swissprot,9606
uniprot:Q9NPI8,ENSG00000183161,FANCF,fa complementation group f,Q9NPI8,uniprot_swissprot,9606
uniprot:Q9BXU9,ENSG00000183166,CALN1,calneuron 1,Q9BXU9,uniprot_swissprot,9606
uniprot:B2RU33,ENSG00000183206,POTEC,pote ankyrin domain family member c,B2RU33,uniprot_swissprot,9606
uniprot:Q9UI47,ENSG00000183230,CTNNA3,catenin alpha 3,Q9UI47,uniprot_swissprot,9606
uniprot:Q9H3Z7,ENSG00000183260,ABHD16B,abhydrolase domain containing 16b,Q9H3Z7,uniprot_swissprot,9606
uniprot:Q6UXH8,ENSG00000183287,CCBE1,collagen and calcium binding egf domains 1,Q6UXH8,uniprot_swissprot,9606
uniprot:Q5JZY3,ENSG00000183317,EPHA10,eph receptor a10,Q5JZY3,uniprot_swissprot,9606
uniprot:Q6W2J9,ENSG00000183337,BCOR,bcl6 corepressor,Q6W2J9,uniprot_swissprot,9606
uniprot:Q8IVU9,ENSG00000183346,CABCOCO1,ciliary associated calcium binding coiled-coil 1,Q8IVU9,uniprot_swissprot,9606
uniprot:Q6ZN66,ENSG00000183347,GBP6,guanylate binding protein family member 6,Q6ZN66,uniprot_swissprot,9606
uniprot:Q5HYC2,ENSG00000183354,BRD10,bromodomain containing 10,Q5HYC2,uniprot_swissprot,9606
uniprot:Q13643,ENSG00000183386,FHL3,four and a half lim domains 3,Q13643,uniprot_swissprot,9606
uniprot:P0C7I6,ENSG00000183401,CCDC159,coiled-coil domain containing 159,P0C7I6,uniprot_swissprot,9606
uniprot:P57078,ENSG00000183421,RIPK4,receptor interacting serine/threonine kinase 4,P57078,uniprot_swissprot,9606
uniprot:Q12874,ENSG00000183431,SF3A3,splicing factor 3a subunit 3,Q12874,uniprot_swissprot,9606
uniprot:Q5H9I0,ENSG00000183434,TFDP3,transcription factor dp family member 3,Q5H9I0,uniprot_swissprot,9606
uniprot:Q12879,ENSG00000183454,GRIN2A,glutamate ionotropic receptor nmda type subunit 2a,Q12879,uniprot_swissprot,9606
uniprot:A6NKC9,ENSG00000183476,SH2D7,sh2 domain containing 7,A6NKC9,uniprot_swissprot,9606
uniprot:Q96L91,ENSG00000183495,EP400,e1a binding protein p400,Q96L91,uniprot_swissprot,9606
uniprot:Q6ZN04,ENSG00000183496,MEX3B,mex-3 rna binding family member b,Q6ZN04,uniprot_swissprot,9606
uniprot:Q5VWP2,ENSG00000183508,TENT5C,terminal nucleotidyltransferase 5c,Q5VWP2,uniprot_swissprot,9606
uniprot:O95456,ENSG00000183527,PSMG1,proteasome assembly chaperone 1,O95456,uniprot_swissprot,9606
uniprot:Q5THK1,ENSG00000183530,PRR14L,proline rich 14 like,Q5THK1,uniprot_swissprot,9606
uniprot:A6NFU8,ENSG00000183571,PGPEP1L,pyroglutamyl-peptidase i like,A6NFU8,uniprot_swissprot,9606
uniprot:Q5GJ75,ENSG00000183578,TIPE3,tnf alpha induced protein 8 like 3,Q5GJ75,uniprot_swissprot,9606
uniprot:Q9ULT6,ENSG00000183579,ZNRF3,zinc and ring finger 3,Q9ULT6,uniprot_swissprot,9606
uniprot:Q71DI3,ENSG00000183598,H3C13,h3 clustered histone 13,Q71DI3,uniprot_swissprot,9606
uniprot:Q7Z4V0,ENSG00000183621,ZNF438,zinc finger protein 438,Q7Z4V0,uniprot_swissprot,9606
uniprot:P51677,ENSG00000183625,CCR3,c-c motif chemokine receptor 3,P51677,uniprot_swissprot,9606
uniprot:Q9ULZ0,ENSG00000183632,TP53TG3,tp53 target 3,Q9ULZ0,uniprot_swissprot,9606
uniprot:Q8IWN7,ENSG00000183638,RP1L1,rp1 like 1,Q8IWN7,uniprot_swissprot,9606
uniprot:O75438,ENSG00000183648,NDUFB1,nadh:ubiquinone oxidoreductase subunit b1,O75438,uniprot_swissprot,9606
uniprot:A6NNE9,ENSG00000183654,MARCHF11,membrane associated ring-ch-type finger 11,A6NNE9,uniprot_swissprot,9606
uniprot:Q9H0H3,ENSG00000183655,KLHL25,kelch like family member 25,Q9H0H3,uniprot_swissprot,9606
uniprot:Q7Z5Y6,ENSG00000183682,BMP8A,bone morphogenetic protein 8a,Q7Z5Y6,uniprot_swissprot,9606
uniprot:Q14982,ENSG00000183715,OPCML,opioid binding protein/cell adhesion molecule like,Q14982,uniprot_swissprot,9606
uniprot:Q9Y693,ENSG00000183722,LHFPL6,lhfpl tetraspan subfamily member 6,Q9Y693,uniprot_swissprot,9606
uniprot:Q99929,ENSG00000183734,ASCL2,achaete-scute family bhlh transcription factor 2,Q99929,uniprot_swissprot,9606
uniprot:Q9UHD2,ENSG00000183735,TBK1,tank binding kinase 1,Q9UHD2,uniprot_swissprot,9606
uniprot:O95503,ENSG00000183741,CBX6,chromobox 6,O95503,uniprot_swissprot,9606
uniprot:Q6ZN28,ENSG00000183742,MACC1,met transcriptional regulator macc1,Q6ZN28,uniprot_swissprot,9606
uniprot:Q6ZNF0,ENSG00000183760,ACP7,"acid phosphatase 7, tartrate resistant (putative)",Q6ZNF0,uniprot_swissprot,9606
uniprot:Q96MU8,ENSG00000183762,KREMEN1,kringle containing transmembrane protein 1,Q96MU8,uniprot_swissprot,9606
uniprot:O96017,ENSG00000183765,CHEK2,checkpoint kinase 2,O96017,uniprot_swissprot,9606
uniprot:P58012,ENSG00000183770,FOXL2,forkhead box l2,P58012,uniprot_swissprot,9606
uniprot:Q68DU8,ENSG00000183775,KCTD16,potassium channel tetramerization domain containing 16,Q68DU8,uniprot_swissprot,9606
uniprot:Q9H7S9,ENSG00000183779,ZNF703,zinc finger protein 703,Q9H7S9,uniprot_swissprot,9606
uniprot:Q8IY50,ENSG00000183780,SLC35F3,solute carrier family 35 member f3,Q8IY50,uniprot_swissprot,9606
uniprot:Q9NY65,ENSG00000183785,TUBA8,tubulin alpha 8,Q9NY65,uniprot_swissprot,9606
uniprot:P51679,ENSG00000183813,CCR4,c-c motif chemokine receptor 4,P51679,uniprot_swissprot,9606
uniprot:Q96Q07,ENSG00000183826,BTBD9,btb domain containing 9,Q96Q07,uniprot_swissprot,9606
uniprot:Q86VI3,ENSG00000183856,IQGAP3,iq motif containing gtpase activating protein 3,Q86VI3,uniprot_swissprot,9606
uniprot:Q14106,ENSG00000183864,TOB2,"transducer of erbb2, 2",Q14106,uniprot_swissprot,9606
uniprot:Q14524,ENSG00000183873,SCN5A,sodium voltage-gated channel alpha subunit 5,Q14524,uniprot_swissprot,9606
uniprot:Q8NEQ6,ENSG00000183888,SRARP,steroid receptor associated and regulated protein,Q8NEQ6,uniprot_swissprot,9606
uniprot:Q5I0X7,ENSG00000183891,TTC32,tetratricopeptide repeat domain 32,Q5I0X7,uniprot_swissprot,9606
uniprot:Q6ZSA7,ENSG00000183908,LRRC55,leucine rich repeat containing 55,Q6ZSA7,uniprot_swissprot,9606
uniprot:Q9P225,ENSG00000183914,DNAH2,dynein axonemal heavy chain 2,Q9P225,uniprot_swissprot,9606
uniprot:Q9NQR1,ENSG00000183955,KMT5A,lysine methyltransferase 5a,Q9NQR1,uniprot_swissprot,9606
uniprot:Q96L42,ENSG00000183960,KCNH8,potassium voltage-gated channel subfamily h member 8,Q96L42,uniprot_swissprot,9606
uniprot:Q8NDV1,ENSG00000184005,ST6GALNAC3,"st6 n-acetylgalactosaminide alpha-2,6-sialyltransferase 3",Q8NDV1,uniprot_swissprot,9606
uniprot:Q12974,ENSG00000184007,PTP4A2,protein tyrosine phosphatase 4a2,Q12974,uniprot_swissprot,9606
uniprot:O15393,ENSG00000184012,TMPRSS2,transmembrane serine protease 2,O15393,uniprot_swissprot,9606
uniprot:Q6IQ26,ENSG00000184014,DENND5A,denn domain containing 5a,Q6IQ26,uniprot_swissprot,9606
uniprot:Q9H267,ENSG00000184056,VPS33B,vps33b late endosome and lysosome associated,Q9H267,uniprot_swissprot,9606
uniprot:O43435,ENSG00000184058,TBX1,t-box transcription factor 1,O43435,uniprot_swissprot,9606
uniprot:Q9NPF8,ENSG00000184060,ADAP2,arfgap with dual ph domains 2,Q9NPF8,uniprot_swissprot,9606
uniprot:Q02246,ENSG00000184144,CNTN2,contactin 2,Q02246,uniprot_swissprot,9606
uniprot:P18825,ENSG00000184160,ADRA2C,adrenoceptor alpha 2c,P18825,uniprot_swissprot,9606
uniprot:Q5T7M4,ENSG00000184163,C1QTNF12,c1q and tnf related 12,Q5T7M4,uniprot_swissprot,9606
uniprot:Q14500,ENSG00000184185,KCNJ12,potassium inwardly rectifying channel subfamily j member 12,Q14500,uniprot_swissprot,9606
uniprot:A6NDG6,ENSG00000184207,PGP,phosphoglycolate phosphatase,A6NDG6,uniprot_swissprot,9606
uniprot:P51617,ENSG00000184216,IRAK1,interleukin 1 receptor associated kinase 1,P51617,uniprot_swissprot,9606
uniprot:Q9BQ75,ENSG00000184220,CMSS1,cms1 ribosomal small subunit homolog,Q9BQ75,uniprot_swissprot,9606
uniprot:Q9HC56,ENSG00000184226,PCDH9,protocadherin 9,Q9HC56,uniprot_swissprot,9606
uniprot:Q86UD1,ENSG00000184232,OAF,out at first homolog,Q86UD1,uniprot_swissprot,9606
uniprot:P47895,ENSG00000184254,ALDH1A3,aldehyde dehydrogenase 1 family member a3,P47895,uniprot_swissprot,9606
uniprot:Q16777,ENSG00000184260,H2AC20,h2a clustered histone 20,Q16777,uniprot_swissprot,9606
uniprot:Q9HB15,ENSG00000184261,KCNK12,potassium two pore domain channel subfamily k member 12,Q9HB15,uniprot_swissprot,9606
uniprot:A0A1B0GU61,ENSG00000184271,POU6F1,pou class 6 homeobox 1,A0A1B0GU61,uniprot_trembl,9606
uniprot:Q9BRN9,ENSG00000184277,TM2D3,tm2 domain containing 3,Q9BRN9,uniprot_swissprot,9606
uniprot:P09758,ENSG00000184292,TACSTD2,tumor associated calcium signal transducer 2,P09758,uniprot_swissprot,9606
uniprot:O95475,ENSG00000184302,SIX6,six homeobox 6,O95475,uniprot_swissprot,9606
uniprot:Q15139,ENSG00000184304,PRKD1,protein kinase d1,Q15139,uniprot_swissprot,9606
uniprot:Q9C0I3,ENSG00000184305,CCSER1,coiled-coil serine rich protein 1,Q9C0I3,uniprot_swissprot,9606
uniprot:O75094,ENSG00000184347,SLIT3,slit guidance ligand 3,O75094,uniprot_swissprot,9606
uniprot:P52803,ENSG00000184349,EFNA5,ephrin a5,P52803,uniprot_swissprot,9606
uniprot:Q96LK8,ENSG00000184361,SPATA32,spermatogenesis associated 32,Q96LK8,uniprot_swissprot,9606
uniprot:Q9Y446,ENSG00000184363,PKP3,plakophilin 3,Q9Y446,uniprot_swissprot,9606
uniprot:P09603,ENSG00000184371,CSF1,colony stimulating factor 1,P09603,uniprot_swissprot,9606
uniprot:Q9BYD9,ENSG00000184378,ACTRT3,actin related protein t3,Q9BYD9,uniprot_swissprot,9606
uniprot:O60733,ENSG00000184381,PLA2G6,phospholipase a2 group vi,O60733,uniprot_swissprot,9606
uniprot:Q8IZL2,ENSG00000184384,MAML2,mastermind like transcriptional coactivator 2,Q8IZL2,uniprot_swissprot,9606
uniprot:U3KPV4,ENSG00000184389,A3GALT2,"alpha 1,3-galactosyltransferase 2",U3KPV4,uniprot_swissprot,9606
uniprot:O75177,ENSG00000184402,SS18L1,ss18l1 subunit of baf chromatin remodeling complex,O75177,uniprot_swissprot,9606
uniprot:Q969P6,ENSG00000184428,TOP1MT,dna topoisomerase i mitochondrial,Q969P6,uniprot_swissprot,9606
uniprot:P35606,ENSG00000184432,COPB2,coat protein complex i subunit beta 2,P35606,uniprot_swissprot,9606
uniprot:Q9H756,ENSG00000184434,LRRC19,leucine rich repeat containing 19,Q9H756,uniprot_swissprot,9606
uniprot:P50748,ENSG00000184445,KNTC1,kinetochore associated 1,P50748,uniprot_swissprot,9606
uniprot:Q9NNW7,ENSG00000184470,TXNRD2,thioredoxin reductase 2,Q9NNW7,uniprot_swissprot,9606
uniprot:P98177,ENSG00000184481,FOXO4,forkhead box o4,P98177,uniprot_swissprot,9606
uniprot:O75365,ENSG00000184489,PTP4A3,protein tyrosine phosphatase 4a3,O75365,uniprot_swissprot,9606
uniprot:Q8WV15,ENSG00000184497,TMEM255B,transmembrane protein 255b,Q8WV15,uniprot_swissprot,9606
uniprot:P07225,ENSG00000184500,PROS1,protein s,P07225,uniprot_swissprot,9606
uniprot:P01350,ENSG00000184502,GAST,gastrin,P01350,uniprot_swissprot,9606
uniprot:Q86Y26,ENSG00000184507,NUTM1,nut midline carcinoma family member 1,Q86Y26,uniprot_swissprot,9606
uniprot:Q8N4P3,ENSG00000184508,HDDC3,hd domain containing 3,Q8N4P3,uniprot_swissprot,9606
uniprot:O14543,ENSG00000184557,SOCS3,suppressor of cytokine signaling 3,O14543,uniprot_swissprot,9606
uniprot:Q0P670,ENSG00000184560,SPEM2,spem family member 2,Q0P670,uniprot_swissprot,9606
uniprot:Q9H5Y7,ENSG00000184564,SLITRK6,slit and ntrk like family member 6,Q9H5Y7,uniprot_swissprot,9606
uniprot:Q9H1C0,ENSG00000184574,LPAR5,lysophosphatidic acid receptor 5,Q9H1C0,uniprot_swissprot,9606
uniprot:O43592,ENSG00000184575,XPOT,exportin for trna,O43592,uniprot_swissprot,9606
uniprot:Q86WV6,ENSG00000184584,STING1,stimulator of interferon response cgamp interactor 1,Q86WV6,uniprot_swissprot,9606
uniprot:Q07343,ENSG00000184588,PDE4B,phosphodiesterase 4b,Q07343,uniprot_swissprot,9606
uniprot:Q9NS40,ENSG00000184611,KCNH7,potassium voltage-gated channel subfamily h member 7,Q9NS40,uniprot_swissprot,9606
uniprot:Q99435,ENSG00000184613,NELL2,neural egfl like 2,Q99435,uniprot_swissprot,9606
uniprot:Q93074,ENSG00000184634,MED12,mediator complex subunit 12,Q93074,uniprot_swissprot,9606
uniprot:Q9UHD8,ENSG00000184640,SEPTIN9,septin 9,Q9UHD8,uniprot_swissprot,9606
uniprot:Q6UWB4,ENSG00000184647,PRSS55,serine protease 55,Q6UWB4,uniprot_swissprot,9606
uniprot:Q86SE5,ENSG00000184672,RALYL,raly rna binding protein like,Q86SE5,uniprot_swissprot,9606
uniprot:Q5JTC6,ENSG00000184675,AMER1,apc membrane recruitment protein 1,Q5JTC6,uniprot_swissprot,9606
uniprot:Q9NUA8,ENSG00000184677,ZBTB40,zinc finger and btb domain containing 40,Q9NUA8,uniprot_swissprot,9606
uniprot:Q16778,ENSG00000184678,H2BC21,h2b clustered histone 21,Q16778,uniprot_swissprot,9606
uniprot:P56747,ENSG00000184697,CLDN6,claudin 6,P56747,uniprot_swissprot,9606
uniprot:Q99719,ENSG00000184702,SEPTIN5,septin 5,Q99719,uniprot_swissprot,9606
uniprot:Q5VYX0,ENSG00000184719,RNLS,"renalase, fad dependent amine oxidase",Q5VYX0,uniprot_swissprot,9606
uniprot:Q0VD83,ENSG00000184730,APOBR,apolipoprotein b receptor,Q0VD83,uniprot_swissprot,9606
uniprot:Q9UI09,ENSG00000184752,NDUFA12,nadh:ubiquinone oxidoreductase subunit a12,Q9UI09,uniprot_swissprot,9606
uniprot:Q8IZS6,ENSG00000184786,DYNLT2,dynein light chain tctex-type 2,Q8IZS6,uniprot_swissprot,9606
uniprot:A1YPR0,ENSG00000184828,ZBTB7C,zinc finger and btb domain containing 7c,A1YPR0,uniprot_swissprot,9606
uniprot:Q569H4,ENSG00000184838,PRR16,proline rich 16,Q569H4,uniprot_swissprot,9606
uniprot:P21728,ENSG00000184845,DRD1,dopamine receptor d1,P21728,uniprot_swissprot,9606
uniprot:Q6ZSC3,ENSG00000184898,RBM43,rna binding motif protein 43,Q6ZSC3,uniprot_swissprot,9606
uniprot:Q96T52,ENSG00000184903,IMMP2L,inner mitochondrial membrane peptidase subunit 2,Q96T52,uniprot_swissprot,9606
uniprot:P51801,ENSG00000184908,CLCNKB,chloride voltage-gated channel kb,P51801,uniprot_swissprot,9606
uniprot:Q9Y219,ENSG00000184916,JAG2,jagged canonical notch ligand 2,Q9Y219,uniprot_swissprot,9606
uniprot:P19544,ENSG00000184937,WT1,wt1 transcription factor,P19544,uniprot_swissprot,9606
uniprot:Q8TF47,ENSG00000184939,ZFP90,zfp90 zinc finger protein,Q8TF47,uniprot_swissprot,9606
uniprot:F5H4B4,ENSG00000184949,FAM227A,family with sequence similarity 227 member a,F5H4B4,uniprot_swissprot,9606
uniprot:Q6W4X9,ENSG00000184956,MUC6,"mucin 6, oligomeric mucus/gel-forming (gene/pseudogene)",Q6W4X9,uniprot_swissprot,9606
uniprot:Q9BVI4,ENSG00000184967,NOC4L,nucleolar complex associated 4 homolog,Q9BVI4,uniprot_swissprot,9606
uniprot:P56556,ENSG00000184983,NDUFA6,nadh:ubiquinone oxidoreductase subunit a6,P56556,uniprot_swissprot,9606
uniprot:P08912,ENSG00000184984,CHRM5,cholinergic receptor muscarinic 5,P08912,uniprot_swissprot,9606
uniprot:Q96PQ0,ENSG00000184985,SORCS2,sortilin related vps10 domain containing receptor 2,Q96PQ0,uniprot_swissprot,9606
uniprot:O75907,ENSG00000185000,DGAT1,diacylglycerol o-acyltransferase 1,O75907,uniprot_swissprot,9606
uniprot:Q8HWS3,ENSG00000185002,RFX6,regulatory factor x6,Q8HWS3,uniprot_swissprot,9606
uniprot:Q9HCK4,ENSG00000185008,ROBO2,roundabout guidance receptor 2,Q9HCK4,uniprot_swissprot,9606
uniprot:Q9Y2T2,ENSG00000185009,AP3M1,adaptor related protein complex 3 subunit mu 1,Q9Y2T2,uniprot_swissprot,9606
uniprot:Q96P26,ENSG00000185013,NT5C1B,"5'-nucleotidase, cytosolic ib",Q96P26,uniprot_swissprot,9606
uniprot:Q9ULX9,ENSG00000185022,MAFF,maf bzip transcription factor f,Q9ULX9,uniprot_swissprot,9606
uniprot:Q92994,ENSG00000185024,BRF1,brf1 general transcription factor iiib subunit,Q92994,uniprot_swissprot,9606
uniprot:A6NNV3,ENSG00000185040,SPDYE16,speedy/ringo cell cycle regulator family member e16,A6NNV3,uniprot_swissprot,9606
uniprot:Q99828,ENSG00000185043,CIB1,calcium and integrin binding 1,Q99828,uniprot_swissprot,9606
uniprot:Q7Z6G8,ENSG00000185046,ANKS1B,ankyrin repeat and sterile alpha motif domain containing 1b,Q7Z6G8,uniprot_swissprot,9606
uniprot:Q9HC58,ENSG00000185052,SLC24A3,solute carrier family 24 member 3,Q9HC58,uniprot_swissprot,9606
uniprot:Q96LD1,ENSG00000185053,SGCZ,sarcoglycan zeta,Q96LD1,uniprot_swissprot,9606
uniprot:A6NFE3,ENSG00000185055,EFCAB10,ef-hand calcium binding domain 10,A6NFE3,uniprot_swissprot,9606
uniprot:Q569G3,ENSG00000185056,C5ORF47,chromosome 5 open reading frame 47,Q569G3,uniprot_swissprot,9606
uniprot:O43155,ENSG00000185070,FLRT2,fibronectin leucine rich transmembrane protein 2,O43155,uniprot_swissprot,9606
uniprot:Q5VSG8,ENSG00000185090,MANEAL,mannosidase endo-alpha like,Q5VSG8,uniprot_swissprot,9606
uniprot:Q9UNN5,ENSG00000185104,FAF1,fas associated factor 1,Q9UNN5,uniprot_swissprot,9606
uniprot:Q00613,ENSG00000185122,HSF1,heat shock transcription factor 1,Q00613,uniprot_swissprot,9606
uniprot:Q00577,ENSG00000185129,PURA,purine rich element binding protein a,Q00577,uniprot_swissprot,9606
uniprot:Q99880,ENSG00000185130,H2BC13,h2b clustered histone 13,Q99880,uniprot_swissprot,9606
uniprot:P49146,ENSG00000185149,NPY2R,neuropeptide y receptor y2,P49146,uniprot_swissprot,9606
uniprot:Q96JC4,ENSG00000185177,ZNF479,zinc finger protein 479,Q96JC4,uniprot_swissprot,9606
uniprot:Q6P3X8,ENSG00000185220,PGBD2,piggybac transposable element derived 2,Q6P3X8,uniprot_swissprot,9606
uniprot:Q01718,ENSG00000185231,MC2R,melanocortin 2 receptor,Q01718,uniprot_swissprot,9606
uniprot:Q15907,ENSG00000185236,RAB11B,"rab11b, member ras oncogene family",Q15907,uniprot_swissprot,9606
uniprot:Q8IV33,ENSG00000185261,KIAA0825,kiaa0825,Q8IV33,uniprot_swissprot,9606
uniprot:Q8IYN6,ENSG00000185262,UBALD2,uba like domain containing 2,Q8IYN6,uniprot_swissprot,9606
uniprot:Q6IS24,ENSG00000185274,GALNT17,polypeptide n-acetylgalactosaminyltransferase 17,Q6IS24,uniprot_swissprot,9606
uniprot:Q5TC79,ENSG00000185278,ZBTB37,zinc finger and btb domain containing 37,Q5TC79,uniprot_swissprot,9606
uniprot:Q8IUH8,ENSG00000185294,SPPL2C,signal peptide peptidase like 2c,Q8IUH8,uniprot_swissprot,9606
uniprot:Q8IWL1,ENSG00000185303,SFTPA2,surfactant protein a2,Q8IWL1,uniprot_swissprot,9606
uniprot:Q9NXU5,ENSG00000185305,ARL15,arf like gtpase 15,Q9NXU5,uniprot_swissprot,9606
uniprot:Q8IXR9,ENSG00000185306,C12ORF56,chromosome 12 open reading frame 56,Q8IXR9,uniprot_swissprot,9606
uniprot:Q9Y5Y9,ENSG00000185313,SCN10A,sodium voltage-gated channel alpha subunit 10,Q9Y5Y9,uniprot_swissprot,9606
uniprot:Q15131,ENSG00000185324,CDK10,cyclin dependent kinase 10,Q15131,uniprot_swissprot,9606
uniprot:O15524,ENSG00000185338,SOCS1,suppressor of cytokine signaling 1,O15524,uniprot_swissprot,9606
uniprot:P20062,ENSG00000185339,TCN2,transcobalamin 2,P20062,uniprot_swissprot,9606
uniprot:Q99501,ENSG00000185340,GAS2L1,growth arrest specific 2 like 1,Q99501,uniprot_swissprot,9606
uniprot:Q9Y487,ENSG00000185344,ATP6V0A2,atpase h+ transporting v0 subunit a2,Q9Y487,uniprot_swissprot,9606
uniprot:O60260,ENSG00000185345,PRKN,parkin rbr e3 ubiquitin protein ligase,O60260,uniprot_swissprot,9606
uniprot:Q8IZP7,ENSG00000185352,HS6ST3,heparan sulfate 6-o-sulfotransferase 3,Q8IZP7,uniprot_swissprot,9606
uniprot:O75771,ENSG00000185379,RAD51D,rad51 paralog d,O75771,uniprot_swissprot,9606
uniprot:Q15759,ENSG00000185386,MAPK11,mitogen-activated protein kinase 11,Q15759,uniprot_swissprot,9606
uniprot:Q9H7B4,ENSG00000185420,SMYD3,set and mynd domain containing 3,Q9H7B4,uniprot_swissprot,9606
uniprot:Q8IU57,ENSG00000185436,IFNLR1,interferon lambda receptor 1,Q8IU57,uniprot_swissprot,9606
uniprot:Q9NWS1,ENSG00000185480,PARPBP,parp1 binding protein,Q9NWS1,uniprot_swissprot,9606
uniprot:Q01973,ENSG00000185483,ROR1,ror family wnt receptor 1,Q01973,uniprot_swissprot,9606
uniprot:P15941,ENSG00000185499,MUC1,"mucin 1, cell surface associated",P15941,uniprot_swissprot,9606
uniprot:Q92985,ENSG00000185507,IRF7,interferon regulatory factor 7,Q92985,uniprot_swissprot,9606
uniprot:Q7L1I2,ENSG00000185518,SV2B,synaptic vesicle glycoprotein 2b,Q7L1I2,uniprot_swissprot,9606
uniprot:P18545,ENSG00000185527,PDE6G,phosphodiesterase 6g,P18545,uniprot_swissprot,9606
uniprot:Q13976,ENSG00000185532,PRKG1,protein kinase cgmp-dependent 1,Q13976,uniprot_swissprot,9606
uniprot:P24468,ENSG00000185551,NR2F2,nuclear receptor subfamily 2 group f member 2,P24468,uniprot_swissprot,9606
uniprot:P80370,ENSG00000185559,DLK1,delta like non-canonical notch ligand 1,P80370,uniprot_swissprot,9606
uniprot:Q13449,ENSG00000185565,LSAMP,limbic system associated membrane protein,Q13449,uniprot_swissprot,9606
uniprot:Q8IVF2,ENSG00000185567,AHNAK2,ahnak nucleoprotein 2,Q8IVF2,uniprot_swissprot,9606
uniprot:P08047,ENSG00000185591,SP1,sp1 transcription factor,P08047,uniprot_swissprot,9606
uniprot:Q13087,ENSG00000185615,PDIA2,protein disulfide isomerase family a member 2,Q13087,uniprot_swissprot,9606
uniprot:Q3KNV8,ENSG00000185619,PCGF3,polycomb group ring finger 3,Q3KNV8,uniprot_swissprot,9606
uniprot:P07237,ENSG00000185624,P4HB,prolyl 4-hydroxylase subunit beta,P07237,uniprot_swissprot,9606
uniprot:Q9UNM6,ENSG00000185627,PSMD13,"proteasome 26s subunit, non-atpase 13",Q9UNM6,uniprot_swissprot,9606
uniprot:P40424,ENSG00000185630,PBX1,pbx homeobox 1,P40424,uniprot_swissprot,9606
uniprot:Q9NRX3,ENSG00000185633,COXFA4L2,cytochrome c oxidase hypoxia associated subunit fa4l2,Q9NRX3,uniprot_swissprot,9606
uniprot:Q07352,ENSG00000185650,ZFP36L1,zfp36 like 1 zinc finger ccch-type,Q07352,uniprot_swissprot,9606
uniprot:P68036,ENSG00000185651,UBE2L3,ubiquitin conjugating enzyme e2 l3,P68036,uniprot_swissprot,9606
uniprot:P20783,ENSG00000185652,NTF3,neurotrophin 3,P20783,uniprot_swissprot,9606
uniprot:Q9NSI6,ENSG00000185658,BRWD1,bromodomain and wd repeat domain containing 1,Q9NSI6,uniprot_swissprot,9606
uniprot:O14994,ENSG00000185666,SYN3,synapsin iii,O14994,uniprot_swissprot,9606
uniprot:Q03052,ENSG00000185668,POU3F1,pou class 3 homeobox 1,Q03052,uniprot_swissprot,9606
uniprot:P10243,ENSG00000185697,MYBL1,myb proto-oncogene like 1,P10243,uniprot_swissprot,9606
uniprot:Q9P2R3,ENSG00000185722,ANKFY1,ankyrin repeat and fyve domain containing 1,Q9P2R3,uniprot_swissprot,9606
uniprot:Q7Z739,ENSG00000185728,YTHDF3,yth n6-methyladenosine rna binding protein f3,Q7Z739,uniprot_swissprot,9606
uniprot:Q9NS39,ENSG00000185736,ADARB2,adenosine deaminase rna specific b2 (inactive),Q9NS39,uniprot_swissprot,9606
uniprot:Q86TD4,ENSG00000185739,SRL,sarcalumenin,Q86TD4,uniprot_swissprot,9606
uniprot:Q9NR82,ENSG00000185760,KCNQ5,potassium voltage-gated channel subfamily q member 5,Q9NR82,uniprot_swissprot,9606
uniprot:A0A087WVY8,ENSG00000185761,ADAMTSL5,adamts like 5,A0A087WVY8,uniprot_trembl,9606
uniprot:Q6PIL6,ENSG00000185774,KCNIP4,potassium voltage-gated channel interacting protein 4,Q6PIL6,uniprot_swissprot,9606
uniprot:Q9UBU8,ENSG00000185787,MORF4L1,mortality factor 4 like 1,Q9UBU8,uniprot_swissprot,9606
uniprot:Q09019,ENSG00000185800,DMWD,"dm1 locus, wd repeat containing",Q09019,uniprot_swissprot,9606
uniprot:Q13422,ENSG00000185811,IKZF1,ikaros family zinc finger 1,Q13422,uniprot_swissprot,9606
uniprot:Q99447,ENSG00000185813,PCYT2,"phosphate cytidylyltransferase 2, ethanolamine",Q99447,uniprot_swissprot,9606
uniprot:Q9NZP6,ENSG00000185823,NPAP1,nuclear pore associated protein 1,Q9NZP6,uniprot_swissprot,9606
uniprot:P51572,ENSG00000185825,BCAP31,b cell receptor associated protein 31,P51572,uniprot_swissprot,9606
uniprot:Q0VDD8,ENSG00000185842,DNAH14,dynein axonemal heavy chain 14,Q0VDD8,uniprot_swissprot,9606
uniprot:P34910,ENSG00000185862,EVI2B,ecotropic viral integration site 2b,P34910,uniprot_swissprot,9606
uniprot:Q86WT6,ENSG00000185880,TRIM69,tripartite motif containing 69,Q86WT6,uniprot_swissprot,9606
uniprot:P13164,ENSG00000185885,IFITM1,interferon induced transmembrane protein 1,P13164,uniprot_swissprot,9606
uniprot:Q13635,ENSG00000185920,PTCH1,patched 1,Q13635,uniprot_swissprot,9606
uniprot:A6NHA9,ENSG00000185926,OR4C46,olfactory receptor family 4 subfamily c member 46,A6NHA9,uniprot_swissprot,9606
uniprot:Q8N8D7,ENSG00000185942,NKAIN3,sodium/potassium transporting atpase interacting 3,Q8N8D7,uniprot_swissprot,9606
uniprot:Q9Y4H2,ENSG00000185950,IRS2,insulin receptor substrate 2,Q9Y4H2,uniprot_swissprot,9606
uniprot:A6NE01,ENSG00000185958,FAM186A,family with sequence similarity 186 member a,A6NE01,uniprot_swissprot,9606
uniprot:Q496M5,ENSG00000185988,PLK5,polo like kinase 5 (inactive),Q496M5,uniprot_swissprot,9606
uniprot:Q14644,ENSG00000185989,RASA3,ras p21 protein activator 3,Q14644,uniprot_swissprot,9606
uniprot:Q68G75,ENSG00000186007,LEMD1,lem domain containing 1,Q68G75,uniprot_swissprot,9606
uniprot:P51164,ENSG00000186009,ATP4B,atpase h+/k+ transporting subunit beta,P51164,uniprot_swissprot,9606
uniprot:Q9P0J0,ENSG00000186010,NDUFA13,nadh:ubiquinone oxidoreductase subunit a13,Q9P0J0,uniprot_swissprot,9606
uniprot:Q6UYE1,ENSG00000186047,DLEU7,deleted in lymphocytic leukemia 7,Q6UYE1,uniprot_swissprot,9606
uniprot:Q16559,ENSG00000186051,TAL2,tal bhlh transcription factor 2,Q16559,uniprot_swissprot,9606
uniprot:Q96BJ3,ENSG00000186063,AIDA,"axin interactor, dorsalization associated",Q96BJ3,uniprot_swissprot,9606
uniprot:Q9Y2V0,ENSG00000186073,CDIN1,cdan1 interacting nuclease 1,Q9Y2V0,uniprot_swissprot,9606
uniprot:Q6X784,ENSG00000186075,ZPBP2,zona pellucida binding protein 2,Q6X784,uniprot_swissprot,9606
uniprot:P13647,ENSG00000186081,KRT5,keratin 5,P13647,uniprot_swissprot,9606
uniprot:A4D1B5,ENSG00000186088,GSAP,gamma-secretase activating protein,A4D1B5,uniprot_swissprot,9606
uniprot:Q5VU57,ENSG00000186094,AGBL4,agbl carboxypeptidase 4,Q5VU57,uniprot_swissprot,9606
uniprot:Q7Z2Q7,ENSG00000186105,LRRC70,leucine rich repeat containing 70,Q7Z2Q7,uniprot_swissprot,9606
uniprot:P78329,ENSG00000186115,CYP4F2,cytochrome p450 family 4 subfamily f member 2,P78329,uniprot_swissprot,9606
uniprot:Q9BUI4,ENSG00000186141,POLR3C,rna polymerase iii subunit c,Q9BUI4,uniprot_swissprot,9606
uniprot:Q9NZC7,ENSG00000186153,WWOX,ww domain containing oxidoreductase,Q9NZC7,uniprot_swissprot,9606
uniprot:Q86UU0,ENSG00000186174,BCL9L,bcl9 like,Q86UU0,uniprot_swissprot,9606
uniprot:Q86Y91,ENSG00000186185,KIF18B,kinesin family member 18b,Q86Y91,uniprot_swissprot,9606
uniprot:Q8ND25,ENSG00000186187,ZNRF1,zinc and ring finger 1,Q8ND25,uniprot_swissprot,9606
uniprot:Q5NUL3,ENSG00000186188,FFAR4,free fatty acid receptor 4,Q5NUL3,uniprot_swissprot,9606
uniprot:Q86UW2,ENSG00000186198,SLC51B,slc51 subunit beta,Q86UW2,uniprot_swissprot,9606
uniprot:Q5VT66,ENSG00000186205,MTARC1,mitochondrial amidoxime reducing component 1,Q5VT66,uniprot_swissprot,9606
uniprot:Q5TCM9,ENSG00000186207,LCE5A,late cornified envelope 5a,Q5TCM9,uniprot_swissprot,9606
uniprot:P31644,ENSG00000186297,GABRA5,gamma-aminobutyric acid type a receptor subunit alpha5,P31644,uniprot_swissprot,9606
uniprot:Q8N945,ENSG00000186314,PRELID2,preli domain containing 2,Q8N945,uniprot_swissprot,9606
uniprot:P56817,ENSG00000186318,BACE1,beta-secretase 1,P56817,uniprot_swissprot,9606
uniprot:Q6ZS82,ENSG00000186326,RGS9BP,regulator of g protein signaling 9 binding protein,Q6ZS82,uniprot_swissprot,9606
uniprot:P35442,ENSG00000186340,THBS2,thrombospondin 2,P35442,uniprot_swissprot,9606
uniprot:P19793,ENSG00000186350,RXRA,retinoid x receptor alpha,P19793,uniprot_swissprot,9606
uniprot:Q5VVM6,ENSG00000186409,CCDC30,coiled-coil domain containing 30,Q5VVM6,uniprot_swissprot,9606
uniprot:O00629,ENSG00000186432,KPNA4,karyopherin subunit alpha 4,O00629,uniprot_swissprot,9606
uniprot:Q9ULW6,ENSG00000186462,NAP1L2,nucleosome assembly protein 1 like 2,Q9ULW6,uniprot_swissprot,9606
uniprot:P62266,ENSG00000186468,RPS23,ribosomal protein s23,P62266,uniprot_swissprot,9606
uniprot:Q6MZT1,ENSG00000186479,RGS7BP,regulator of g protein signaling 7 binding protein,Q6MZT1,uniprot_swissprot,9606
uniprot:Q9UL68,ENSG00000186487,MYT1L,myelin transcription factor 1 like,Q9UL68,uniprot_swissprot,9606
uniprot:P51800,ENSG00000186510,CLCNKA,chloride voltage-gated channel ka,P51800,uniprot_swissprot,9606
uniprot:Q8IYR2,ENSG00000186532,SMYD4,set and mynd domain containing 4,Q8IYR2,uniprot_swissprot,9606
uniprot:O60548,ENSG00000186564,FOXD2,forkhead box d2,O60548,uniprot_swissprot,9606
uniprot:P35240,ENSG00000186575,NF2,"nf2, moesin-ezrin-radixin like (merlin) tumor suppressor",P35240,uniprot_swissprot,9606
uniprot:Q86T20,ENSG00000186577,SMIM29,small integral membrane protein 29,Q86T20,uniprot_swissprot,9606
uniprot:Q76KD6,ENSG00000186583,SPATC1,spermatogenesis and centriole associated 1,Q76KD6,uniprot_swissprot,9606
uniprot:A1L4K1,ENSG00000186628,FSD2,fibronectin type iii and spry domain containing 2,A1L4K1,uniprot_swissprot,9606
uniprot:Q96P48,ENSG00000186635,ARAP1,"arfgap with rhogap domain, ankyrin repeat and ph domain 1",Q96P48,uniprot_swissprot,9606
uniprot:O00408,ENSG00000186642,PDE2A,phosphodiesterase 2a,O00408,uniprot_swissprot,9606
uniprot:Q96JP5,ENSG00000186660,ZFP91,"zfp91 zinc finger protein, atypical e3 ubiquitin ligase",Q96JP5,uniprot_swissprot,9606
uniprot:Q2M2W7,ENSG00000186665,C17ORF58,chromosome 17 open reading frame 58,Q2M2W7,uniprot_swissprot,9606
uniprot:Q7Z5W3,ENSG00000186666,BCDIN3D,bcdin3 domain containing rna methyltransferase,Q7Z5W3,uniprot_swissprot,9606
uniprot:Q5U5X0,ENSG00000186687,LYRM7,lyr motif containing 7,Q5U5X0,uniprot_swissprot,9606
uniprot:Q6ZRK6,ENSG00000186714,CCDC73,coiled-coil domain containing 73,Q6ZRK6,uniprot_swissprot,9606
uniprot:P11274,ENSG00000186716,BCR,bcr activator of rhogef and gtpase,P11274,uniprot_swissprot,9606
uniprot:O14926,ENSG00000186765,FSCN2,"fascin actin-bundling protein 2, retinal",O14926,uniprot_swissprot,9606
uniprot:Q56A73,ENSG00000186767,SPIN4,spindlin family member 4,Q56A73,uniprot_swissprot,9606
uniprot:Q9BPZ2,ENSG00000186787,SPIN2B,spindlin family member 2b,Q9BPZ2,uniprot_swissprot,9606
uniprot:Q7Z418,ENSG00000186795,KCNK18,potassium two pore domain channel subfamily k member 18,Q7Z418,uniprot_swissprot,9606
uniprot:P49682,ENSG00000186810,CXCR3,c-x-c motif chemokine receptor 3,P49682,uniprot_swissprot,9606
uniprot:Q9ULQ1,ENSG00000186815,TPCN1,two pore segment channel 1,Q9ULQ1,uniprot_swissprot,9606
uniprot:Q8NHJ6,ENSG00000186818,LILRB4,leukocyte immunoglobulin like receptor b4,Q8NHJ6,uniprot_swissprot,9606
uniprot:P43489,ENSG00000186827,TNFRSF4,tnf receptor superfamily member 4,P43489,uniprot_swissprot,9606
uniprot:O94992,ENSG00000186834,HEXIM1,hexim p-tefb complex subunit 1,O94992,uniprot_swissprot,9606
uniprot:P02533,ENSG00000186847,KRT14,keratin 14,P02533,uniprot_swissprot,9606
uniprot:P10636,ENSG00000186868,MAPT,microtubule associated protein tau,P10636,uniprot_swissprot,9606
uniprot:Q2NKX8,ENSG00000186871,ERCC6L,"ercc excision repair 6 like, spindle assembly checkpoint helicase",Q2NKX8,uniprot_swissprot,9606
uniprot:Q86X19,ENSG00000186889,TMEM17,transmembrane protein 17,Q86X19,uniprot_swissprot,9606
uniprot:P11487,ENSG00000186895,FGF3,fibroblast growth factor 3,P11487,uniprot_swissprot,9606
uniprot:Q07869,ENSG00000186951,PPARA,peroxisome proliferator activated receptor alpha,Q07869,uniprot_swissprot,9606
uniprot:C9JQI7,ENSG00000186952,TMEM232,transmembrane protein 232,C9JQI7,uniprot_swissprot,9606
uniprot:Q6NY19,ENSG00000186994,KANK3,kn motif and ankyrin repeat domains 3,Q6NY19,uniprot_swissprot,9606
uniprot:Q96A84,ENSG00000186998,EMID1,emi domain containing 1,Q96A84,uniprot_swissprot,9606
uniprot:Q02161,ENSG00000187010,RHD,rh blood group d antigen,Q02161,uniprot_swissprot,9606
uniprot:Q7Z602,ENSG00000187037,GPR141,g protein-coupled receptor 141,Q7Z602,uniprot_swissprot,9606
uniprot:A6NLC5,ENSG00000187068,C3ORF70,chromosome 3 open reading frame 70,A6NLC5,uniprot_swissprot,9606
uniprot:P28347,ENSG00000187079,TEAD1,tea domain transcription factor 1,P28347,uniprot_swissprot,9606
uniprot:P51178,ENSG00000187091,PLCD1,phospholipase c delta 1,P51178,uniprot_swissprot,9606
uniprot:P06307,ENSG00000187094,CCK,cholecystokinin,P06307,uniprot_swissprot,9606
uniprot:O75030,ENSG00000187098,MITF,melanocyte inducing transcription factor,O75030,uniprot_swissprot,9606
uniprot:P55209,ENSG00000187109,NAP1L1,nucleosome assembly protein 1 like 1,P55209,uniprot_swissprot,9606
uniprot:A6NI73,ENSG00000187116,LILRA5,leukocyte immunoglobulin like receptor a5,A6NI73,uniprot_swissprot,9606
uniprot:O75093,ENSG00000187122,SLIT1,slit guidance ligand 1,O75093,uniprot_swissprot,9606
uniprot:Q04828,ENSG00000187134,AKR1C1,aldo-keto reductase family 1 member c1,Q04828,uniprot_swissprot,9606
uniprot:Q9UJU5,ENSG00000187140,FOXD3,forkhead box d3,Q9UJU5,uniprot_swissprot,9606
uniprot:Q7Z572,ENSG00000187144,SPATA21,spermatogenesis associated 21,Q7Z572,uniprot_swissprot,9606
uniprot:Q86XS5,ENSG00000187151,ANGPTL5,angiopoietin like 5,Q86XS5,uniprot_swissprot,9606
uniprot:A0MZ66,ENSG00000187164,SHTN1,shootin 1,A0MZ66,uniprot_swissprot,9606
uniprot:Q75WM6,ENSG00000187166,H1-7,h1.7 linker histone,Q75WM6,uniprot_swissprot,9606
uniprot:Q96RU3,ENSG00000187239,FNBP1,formin binding protein 1,Q96RU3,uniprot_swissprot,9606
uniprot:Q8NCM8,ENSG00000187240,DYNC2H1,dynein cytoplasmic 2 heavy chain 1,Q8NCM8,uniprot_swissprot,9606
uniprot:P50895,ENSG00000187244,BCAM,basal cell adhesion molecule (lutheran blood group),P50895,uniprot_swissprot,9606
uniprot:Q6PCB5,ENSG00000187257,RSBN1L,round spermatid basic protein 1 like,Q6PCB5,uniprot_swissprot,9606
uniprot:Q6W5P4,ENSG00000187258,NPSR1,neuropeptide s receptor 1,Q6W5P4,uniprot_swissprot,9606
uniprot:P19235,ENSG00000187266,EPOR,erythropoietin receptor,P19235,uniprot_swissprot,9606
uniprot:Q8IZT9,ENSG00000187268,FAM9C,family with sequence similarity 9 member c,Q8IZT9,uniprot_swissprot,9606
uniprot:P43146,ENSG00000187323,DCC,dcc netrin 1 receptor,P43146,uniprot_swissprot,9606
uniprot:Q86UL8,ENSG00000187391,MAGI2,"membrane associated guanylate kinase, ww and pdz domain containing 2",Q86UL8,uniprot_swissprot,9606
uniprot:Q86TE4,ENSG00000187398,LUZP2,leucine zipper protein 2,Q86TE4,uniprot_swissprot,9606
uniprot:Q86UP9,ENSG00000187416,LHFPL3,lhfpl tetraspan subfamily member 3,Q86UP9,uniprot_swissprot,9606
uniprot:Q99653,ENSG00000187446,CHP1,calcineurin like ef-hand protein 1,Q99653,uniprot_swissprot,9606
uniprot:P25089,ENSG00000187474,FPR3,formyl peptide receptor 3,P25089,uniprot_swissprot,9606
uniprot:Q14654,ENSG00000187486,KCNJ11,potassium inwardly rectifying channel subfamily j member 11,Q14654,uniprot_swissprot,9606
uniprot:A6H8M9,ENSG00000187492,CDHR4,cadherin related family member 4,A6H8M9,uniprot_swissprot,9606
uniprot:P02462,ENSG00000187498,COL4A1,collagen type iv alpha 1 chain,P02462,uniprot_swissprot,9606
uniprot:Q6ZR37,ENSG00000187510,PLEKHG7,pleckstrin homology and rhogef domain containing g7,Q6ZR37,uniprot_swissprot,9606
uniprot:Q9NRC8,ENSG00000187531,SIRT7,sirtuin 7,Q9NRC8,uniprot_swissprot,9606
uniprot:Q6ZNB7,ENSG00000187546,AGMO,alkylglycerol monooxygenase,Q6ZNB7,uniprot_swissprot,9606
uniprot:Q6V0L0,ENSG00000187553,CYP26C1,cytochrome p450 family 26 subfamily c member 1,Q6V0L0,uniprot_swissprot,9606
uniprot:O60602,ENSG00000187554,TLR5,toll like receptor 5,O60602,uniprot_swissprot,9606
uniprot:Q93009,ENSG00000187555,USP7,ubiquitin specific peptidase 7,Q93009,uniprot_swissprot,9606
uniprot:O43151,ENSG00000187605,TET3,tet methylcytosine dioxygenase 3,O43151,uniprot_swissprot,9606
uniprot:P05161,ENSG00000187608,ISG15,isg15 ubiquitin like modifier,P05161,uniprot_swissprot,9606
uniprot:Q8N9H8,ENSG00000187609,EXD3,exonuclease 3'-5' domain containing 3,Q8N9H8,uniprot_swissprot,9606
uniprot:Q6ZQX7,ENSG00000187624,LIAT1,ligand of ate1,Q6ZQX7,uniprot_swissprot,9606
uniprot:Q86UW8,ENSG00000187664,HAPLN4,hyaluronan and proteoglycan link protein 4,Q86UW8,uniprot_swissprot,9606
uniprot:O15083,ENSG00000187672,ERC2,elks/rab6-interacting/cast family member 2,O15083,uniprot_swissprot,9606
uniprot:Q6Y288,ENSG00000187676,B3GLCT,beta 3-glucosyltransferase,Q6Y288,uniprot_swissprot,9606
uniprot:Q9C004,ENSG00000187678,SPRY4,sprouty rtk signaling antagonist 4,Q9C004,uniprot_swissprot,9606
uniprot:Q7Z444,ENSG00000187682,ERAS,es cell expressed ras,Q7Z444,uniprot_swissprot,9606
uniprot:Q9Y5S1,ENSG00000187688,TRPV2,transient receptor potential cation channel subfamily v member 2,Q9Y5S1,uniprot_swissprot,9606
uniprot:Q6ZMP0,ENSG00000187720,THSD4,thrombospondin type 1 domain containing 4,Q6ZMP0,uniprot_swissprot,9606
uniprot:O14764,ENSG00000187730,GABRD,gamma-aminobutyric acid type a receptor subunit delta,O14764,uniprot_swissprot,9606
uniprot:P23193,ENSG00000187735,TCEA1,transcription elongation factor a1,P23193,uniprot_swissprot,9606
uniprot:O15360,ENSG00000187741,FANCA,fa complementation group a,O15360,uniprot_swissprot,9606
uniprot:Q92854,ENSG00000187764,SEMA4D,semaphorin 4d,Q92854,uniprot_swissprot,9606
uniprot:Q6ZN17,ENSG00000187772,LIN28B,lin-28 rna binding posttranscriptional regulator b,Q6ZN17,uniprot_swissprot,9606
uniprot:Q9UFH2,ENSG00000187775,DNAH17,dynein axonemal heavy chain 17,Q9UFH2,uniprot_swissprot,9606
uniprot:A0PK05,ENSG00000187783,TMEM72,transmembrane protein 72,A0PK05,uniprot_swissprot,9606
uniprot:Q8IYD8,ENSG00000187790,FANCM,fa complementation group m,Q8IYD8,uniprot_swissprot,9606
uniprot:Q9H257,ENSG00000187796,CARD9,caspase recruitment domain family member 9,Q9H257,uniprot_swissprot,9606
uniprot:Q13541,ENSG00000187840,EIF4EBP1,eukaryotic translation initiation factor 4e binding protein 1,Q13541,uniprot_swissprot,9606
uniprot:Q569K6,ENSG00000187860,CCDC157,coiled-coil domain containing 157,Q569K6,uniprot_swissprot,9606
uniprot:Q6UXV0,ENSG00000187871,GFRAL,gdnf family receptor alpha like,Q6UXV0,uniprot_swissprot,9606
uniprot:Q5VWT5,ENSG00000187889,FYB2,fyn binding protein 2,Q5VWT5,uniprot_swissprot,9606
uniprot:Q9UGM3,ENSG00000187908,DMBT1,deleted in malignant brain tumors 1,Q9UGM3,uniprot_swissprot,9606
uniprot:Q8NFT8,ENSG00000187957,DNER,delta/notch like egf repeat containing,Q8NFT8,uniprot_swissprot,9606
uniprot:Q6UX52,ENSG00000187997,C17ORF99,chromosome 17 open reading frame 99,Q6UX52,uniprot_swissprot,9606
uniprot:Q6ZUI0,ENSG00000188001,TPRG1,tumor protein p63 regulated 1,Q6ZUI0,uniprot_swissprot,9606
uniprot:Q9UHD9,ENSG00000188021,UBQLN2,ubiquilin 2,Q9UHD9,uniprot_swissprot,9606
uniprot:P56559,ENSG00000188042,ARL4C,arf like gtpase 4c,P56559,uniprot_swissprot,9606
uniprot:Q6UXN2,ENSG00000188056,TREML4,triggering receptor expressed on myeloid cells like 4,Q6UXN2,uniprot_swissprot,9606
uniprot:P56706,ENSG00000188064,WNT7B,wnt family member 7b,P56706,uniprot_swissprot,9606
uniprot:C9JLR9,ENSG00000188070,ZFTA,zinc finger translocation associated,C9JLR9,uniprot_swissprot,9606
uniprot:Q5T1H1,ENSG00000188107,EYS,egf-like photoreceptor maintenance factor,Q5T1H1,uniprot_swissprot,9606
uniprot:P29400,ENSG00000188153,COL4A5,collagen type iv alpha 5 chain,P29400,uniprot_swissprot,9606
uniprot:Q2TAL5,ENSG00000188176,SMTNL2,smoothelin like 2,Q2TAL5,uniprot_swissprot,9606
uniprot:P31321,ENSG00000188191,PRKAR1B,protein kinase camp-dependent type i regulatory subunit beta,P31321,uniprot_swissprot,9606
uniprot:A6NNL0,ENSG00000188199,NUTM2B,nut family member 2b,A6NNL0,uniprot_swissprot,9606
uniprot:Q68D85,ENSG00000188211,NCR3LG1,natural killer cell cytotoxicity receptor 3 ligand 1,Q68D85,uniprot_swissprot,9606
uniprot:P68371,ENSG00000188229,TUBB4B,tubulin beta 4b class ivb,P68371,uniprot_swissprot,9606
uniprot:P14555,ENSG00000188257,PLA2G2A,phospholipase a2 group iia,P14555,uniprot_swissprot,9606
uniprot:Q6ZVW7,ENSG00000188263,IL17REL,interleukin 17 receptor e like,Q6ZVW7,uniprot_swissprot,9606
uniprot:A2RU49,ENSG00000188266,HYKK,hydroxylysine kinase,A2RU49,uniprot_swissprot,9606
uniprot:Q9HCC6,ENSG00000188290,HES4,hes family bhlh transcription factor 4,Q9HCC6,uniprot_swissprot,9606
uniprot:O15162,ENSG00000188313,PLSCR1,phospholipid scramblase 1,O15162,uniprot_swissprot,9606
uniprot:A6NNW6,ENSG00000188316,ENO4,enolase 4,A6NNW6,uniprot_swissprot,9606
uniprot:Q5VW36,ENSG00000188352,FOCAD,focadhesin,Q5VW36,uniprot_swissprot,9606
uniprot:Q6NXT2,ENSG00000188375,H3-5,h3.5 histone,Q6NXT2,uniprot_swissprot,9606
uniprot:Q5VZ66,ENSG00000188385,JAKMIP3,janus kinase and microtubule interacting protein 3,Q5VZ66,uniprot_swissprot,9606
uniprot:Q15116,ENSG00000188389,PDCD1,programmed cell death 1,Q15116,uniprot_swissprot,9606
uniprot:P14151,ENSG00000188404,SELL,selectin l,P14151,uniprot_swissprot,9606
uniprot:Q8TDH9,ENSG00000188428,BLOC1S5,biogenesis of lysosomal organelles complex 1 subunit 5,Q8TDH9,uniprot_swissprot,9606
uniprot:Q49MI3,ENSG00000188452,CERKL,cerk like autophagy regulator,Q49MI3,uniprot_swissprot,9606
uniprot:Q5T953,ENSG00000188483,IER5L,immediate early response 5 like,Q5T953,uniprot_swissprot,9606
uniprot:P16104,ENSG00000188486,H2AX,h2a.x variant histone,P16104,uniprot_swissprot,9606
uniprot:P05154,ENSG00000188488,SERPINA5,serpin family a member 5,P05154,uniprot_swissprot,9606
uniprot:Q9BXS0,ENSG00000188517,COL25A1,collagen type xxv alpha 1 chain,Q9BXS0,uniprot_swissprot,9606
uniprot:Q6ZQR2,ENSG00000188523,CFAP77,cilia and flagella associated protein 77,Q6ZQR2,uniprot_swissprot,9606
uniprot:P69905,ENSG00000188536,HBA2,hemoglobin subunit alpha 2,P69905,uniprot_swissprot,9606
uniprot:Q6ZUT6,ENSG00000188549,CCDC9B,coiled-coil domain containing 9b,Q6ZUT6,uniprot_swissprot,9606
uniprot:Q5VXU1,ENSG00000188580,NKAIN2,sodium/potassium transporting atpase interacting 2,Q5VXU1,uniprot_swissprot,9606
uniprot:Q86X60,ENSG00000188610,FAM72B,family with sequence similarity 72 member b,Q86X60,uniprot_swissprot,9606
uniprot:Q12882,ENSG00000188641,DPYD,dihydropyrimidine dehydrogenase,Q12882,uniprot_swissprot,9606
uniprot:Q96FQ6,ENSG00000188643,S100A16,s100 calcium binding protein a16,Q96FQ6,uniprot_swissprot,9606
uniprot:P18577,ENSG00000188672,RHCE,rh blood group ccee antigens,P18577,uniprot_swissprot,9606
uniprot:Q9HBI1,ENSG00000188677,PARVB,parvin beta,Q9HBI1,uniprot_swissprot,9606
uniprot:Q2TAL6,ENSG00000188730,VWC2,von willebrand factor c domain containing 2,Q2TAL6,uniprot_swissprot,9606
uniprot:Q5CZC0,ENSG00000188738,FSIP2,fibrous sheath interacting protein 2,Q5CZC0,uniprot_swissprot,9606
uniprot:Q9UBM4,ENSG00000188770,OPTC,opticin,Q9UBM4,uniprot_swissprot,9606
uniprot:P13945,ENSG00000188778,ADRB3,adrenoceptor beta 3,P13945,uniprot_swissprot,9606
uniprot:P84550,ENSG00000188779,SKOR1,ski family transcriptional corepressor 1,P84550,uniprot_swissprot,9606
uniprot:A6NMZ2,ENSG00000188817,SNTN,"sentan, cilia apical structure protein",A6NMZ2,uniprot_swissprot,9606
uniprot:P34972,ENSG00000188822,CNR2,cannabinoid receptor 2,P34972,uniprot_swissprot,9606
uniprot:Q8IY92,ENSG00000188827,SLX4,slx4 structure-specific endonuclease subunit,Q8IY92,uniprot_swissprot,9606
ensembl:ENSG00000188877,ENSG00000188877,POTEA,pote ankyrin domain family member a (gene/pseudogene),,,9606
uniprot:Q8TES7,ENSG00000188878,FBF1,fas binding factor 1,Q8TES7,uniprot_swissprot,9606
uniprot:A0A8Q3SIG1,ENSG00000188897,APOLTP,apolipoprotein lipid transfer particle homolog,A0A8Q3SIG1,uniprot_trembl,9606
uniprot:Q5S007,ENSG00000188906,LRRK2,leucine rich repeat kinase 2,Q5S007,uniprot_swissprot,9606
uniprot:Q68CR7,ENSG00000188993,LRRC66,leucine rich repeat containing 66,Q68CR7,uniprot_swissprot,9606
uniprot:O00483,ENSG00000189043,COXFA4,cytochrome c oxidase associated subunit fa4,O00483,uniprot_swissprot,9606
uniprot:A6NHY2,ENSG00000189045,ANKDD1B,ankyrin repeat and death domain containing 1b,A6NHY2,uniprot_swissprot,9606
uniprot:Q5M7Z0,ENSG00000189050,RNFT1,"ring finger protein, transmembrane 1",Q5M7Z0,uniprot_swissprot,9606
uniprot:P78509,ENSG00000189056,RELN,reelin,P78509,uniprot_swissprot,9606
uniprot:Q68CP9,ENSG00000189079,ARID2,at-rich interaction domain 2,Q68CP9,uniprot_swissprot,9606
uniprot:Q5JTB6,ENSG00000189129,PLAC9,placenta associated 9,Q5JTB6,uniprot_swissprot,9606
uniprot:Q5H9T9,ENSG00000189139,FSCB,fibrous sheath cabyr binding protein,Q5H9T9,uniprot_swissprot,9606
uniprot:O14493,ENSG00000189143,CLDN4,claudin 4,O14493,uniprot_swissprot,9606
uniprot:A6NP61,ENSG00000189167,ZAR1L,zygote arrest 1 like,A6NP61,uniprot_swissprot,9606
uniprot:Q99584,ENSG00000189171,S100A13,s100 calcium binding protein a13,Q99584,uniprot_swissprot,9606
uniprot:Q06730,ENSG00000189180,ZNF33A,zinc finger protein 33a,Q06730,uniprot_swissprot,9606
uniprot:Q9HCL0,ENSG00000189184,PCDH18,protocadherin 18,Q9HCL0,uniprot_swissprot,9606
uniprot:Q5XKL5,ENSG00000189195,BTBD8,btb domain containing 8,Q5XKL5,uniprot_swissprot,9606
uniprot:P21397,ENSG00000189221,MAOA,monoamine oxidase a,P21397,uniprot_swissprot,9606
uniprot:P49789,ENSG00000189283,FHIT,fragile histidine triad diadenosine triphosphatase,P49789,uniprot_swissprot,9606
uniprot:Q6UX46,ENSG00000189292,ALKAL2,alk and ltk ligand 2,Q6UX46,uniprot_swissprot,9606
uniprot:Q6MZP7,ENSG00000189308,LIN54,lin-54 dream muvb core complex component,Q6MZP7,uniprot_swissprot,9606
uniprot:P0C671,ENSG00000189325,BNIP5,bcl2 interacting protein 5,P0C671,uniprot_swissprot,9606
uniprot:Q9HCY8,ENSG00000189334,S100A14,s100 calcium binding protein a14,Q9HCY8,uniprot_swissprot,9606
uniprot:Q674X7,ENSG00000189337,KAZN,"kazrin, periplakin interacting protein",Q674X7,uniprot_swissprot,9606
uniprot:Q6ZUX3,ENSG00000189350,TOGARAM2,tog array regulator of axonemal microtubules 2,Q6ZUX3,uniprot_swissprot,9606
uniprot:Q6ZUB0,ENSG00000189357,SPATA31D4,spata31 subfamily d member 4,Q6ZUB0,uniprot_swissprot,9606
uniprot:P09429,ENSG00000189403,HMGB1,high mobility group box 1,P09429,uniprot_swissprot,9606
uniprot:A6NK89,ENSG00000189431,RASSF10,ras association domain family member 10,A6NK89,uniprot_swissprot,9606
uniprot:Q9NPH3,ENSG00000196083,IL1RAP,interleukin 1 receptor accessory protein,Q9NPH3,uniprot_swissprot,9606
uniprot:O14522,ENSG00000196090,PTPRT,protein tyrosine phosphatase receptor type t,O14522,uniprot_swissprot,9606
uniprot:Q00872,ENSG00000196091,MYBPC1,myosin binding protein c1,Q00872,uniprot_swissprot,9606
uniprot:Q02548,ENSG00000196092,PAX5,paired box 5,Q02548,uniprot_swissprot,9606
uniprot:Q8N7Q3,ENSG00000196109,ZNF676,zinc finger protein 676,Q8N7Q3,uniprot_swissprot,9606
uniprot:P01911,ENSG00000196126,HLA-DRB1,"major histocompatibility complex, class ii, dr beta 1",P01911,uniprot_swissprot,9606
uniprot:Q01538,ENSG00000196132,MYT1,myelin transcription factor 1,Q01538,uniprot_swissprot,9606
uniprot:P01011,ENSG00000196136,SERPINA3,serpin family a member 3,P01011,uniprot_swissprot,9606
uniprot:Q9NUQ6,ENSG00000196141,SPATS2L,spermatogenesis associated serine rich 2 like,Q9NUQ6,uniprot_swissprot,9606
uniprot:Q8N9V3,ENSG00000196151,WDSUB1,"wd repeat, sterile alpha motif and u-box domain containing 1",Q8N9V3,uniprot_swissprot,9606
uniprot:P26447,ENSG00000196154,S100A4,s100 calcium binding protein a4,P26447,uniprot_swissprot,9606
uniprot:Q6V0I7,ENSG00000196159,FAT4,fat atypical cadherin 4,Q6V0I7,uniprot_swissprot,9606
uniprot:Q9H3S1,ENSG00000196189,SEMA4A,semaphorin 4a,Q9H3S1,uniprot_swissprot,9606
uniprot:Q6UXD1,ENSG00000196196,HRCT1,histidine rich carboxyl terminus 1,Q6UXD1,uniprot_swissprot,9606
uniprot:Q99549,ENSG00000196199,MPHOSPH8,m-phase phosphoprotein 8,Q99549,uniprot_swissprot,9606
uniprot:Q4ZG55,ENSG00000196208,GREB1,growth regulating estrogen receptor binding 1,Q4ZG55,uniprot_swissprot,9606
uniprot:P21817,ENSG00000196218,RYR1,ryanodine receptor 1,P21817,uniprot_swissprot,9606
uniprot:O43295,ENSG00000196220,SRGAP3,slit-robo rho gtpase activating protein 3,O43295,uniprot_swissprot,9606
uniprot:P07437,ENSG00000196230,TUBB,tubulin beta class i,P07437,uniprot_swissprot,9606
uniprot:Q96JN0,ENSG00000196233,LCOR,ligand dependent nuclear receptor corepressor,Q96JN0,uniprot_swissprot,9606
uniprot:P62937,ENSG00000196262,PPIA,peptidylprolyl isomerase a,P62937,uniprot_swissprot,9606
uniprot:Q86UP8,ENSG00000196275,GTF2IRD2,gtf2i repeat domain containing 2,Q86UP8,uniprot_swissprot,9606
uniprot:Q14831,ENSG00000196277,GRM7,glutamate metabotropic receptor 7,Q14831,uniprot_swissprot,9606
uniprot:O14983,ENSG00000196296,ATP2A1,atpase sarcoplasmic/endoplasmic reticulum ca2+ transporting 1,O14983,uniprot_swissprot,9606
uniprot:A6NN14,ENSG00000196350,ZNF729,zinc finger protein 729,A6NN14,uniprot_swissprot,9606
uniprot:Q96A23,ENSG00000196353,CPNE4,copine 4,Q96A23,uniprot_swissprot,9606
uniprot:Q8N9K5,ENSG00000196357,ZNF565,zinc finger protein 565,Q8N9K5,uniprot_swissprot,9606
uniprot:P61964,ENSG00000196363,WDR5,wd repeat domain 5,P61964,uniprot_swissprot,9606
uniprot:Q9Y4A5,ENSG00000196367,TRRAP,transformation/transcription domain associated protein,Q9Y4A5,uniprot_swissprot,9606
uniprot:P22083,ENSG00000196371,FUT4,fucosyltransferase 4,P22083,uniprot_swissprot,9606
uniprot:Q5T1Q4,ENSG00000196376,SLC35F1,solute carrier family 35 member f1,Q5T1Q4,uniprot_swissprot,9606
uniprot:Q6NX45,ENSG00000196391,ZNF774,zinc finger protein 774,Q6NX45,uniprot_swissprot,9606
uniprot:P18031,ENSG00000196396,PTPN1,protein tyrosine phosphatase non-receptor type 1,P18031,uniprot_swissprot,9606
uniprot:P54760,ENSG00000196411,EPHB4,eph receptor b4,P54760,uniprot_swissprot,9606
uniprot:P24158,ENSG00000196415,PRTN3,proteinase 3,P24158,uniprot_swissprot,9606
uniprot:Q7L2R6,ENSG00000196417,ZNF765,zinc finger protein 765,Q7L2R6,uniprot_swissprot,9606
uniprot:P12956,ENSG00000196419,XRCC6,x-ray repair cross complementing 6,P12956,uniprot_swissprot,9606
uniprot:Q96M43,ENSG00000196427,NBPF4,nbpf member 4,Q96M43,uniprot_swissprot,9606
uniprot:O75157,ENSG00000196428,TSC22D2,tsc22 domain family member 2,O75157,uniprot_swissprot,9606
uniprot:Q86U90,ENSG00000196449,YRDC,yrdc n6-threonylcarbamoyltransferase domain containing,Q86U90,uniprot_swissprot,9606
uniprot:P14649,ENSG00000196465,MYL6B,myosin light chain 6b,P14649,uniprot_swissprot,9606
uniprot:Q96GE5,ENSG00000196466,ZNF799,zinc finger protein 799,Q96GE5,uniprot_swissprot,9606
uniprot:O43320,ENSG00000196468,FGF16,fibroblast growth factor 16,O43320,uniprot_swissprot,9606
uniprot:Q8IUQ4,ENSG00000196470,SIAH1,siah e3 ubiquitin protein ligase 1,Q8IUQ4,uniprot_swissprot,9606
uniprot:Q9NUD7,ENSG00000196476,C20ORF96,chromosome 20 open reading frame 96,Q9NUD7,uniprot_swissprot,9606
uniprot:P62508,ENSG00000196482,ESRRG,estrogen related receptor gamma,P62508,uniprot_swissprot,9606
uniprot:Q9Y618,ENSG00000196498,NCOR2,nuclear receptor corepressor 2,Q9Y618,uniprot_swissprot,9606
uniprot:P50225,ENSG00000196502,SULT1A1,sulfotransferase family 1a member 1,P50225,uniprot_swissprot,9606
uniprot:O75400,ENSG00000196504,PRPF40A,pre-mrna processing factor 40a,O75400,uniprot_swissprot,9606
uniprot:Q8N556,ENSG00000196526,AFAP1,actin filament associated protein 1,Q8N556,uniprot_swissprot,9606
uniprot:E9PAV3,ENSG00000196531,NACA,nascent polypeptide associated complex subunit alpha,E9PAV3,uniprot_swissprot,9606
uniprot:P49641,ENSG00000196547,MAN2A2,mannosidase alpha class 2a member 2,P49641,uniprot_swissprot,9606
uniprot:P08473,ENSG00000196549,MME,membrane metalloendopeptidase,P08473,uniprot_swissprot,9606
uniprot:A0A1B0GTZ2,ENSG00000196553,CCDC196,coiled-coil domain containing 196,A0A1B0GTZ2,uniprot_swissprot,9606
uniprot:O95180,ENSG00000196557,CACNA1H,calcium voltage-gated channel subunit alpha1 h,O95180,uniprot_swissprot,9606
uniprot:Q8IWU5,ENSG00000196562,SULF2,sulfatase 2,Q8IWU5,uniprot_swissprot,9606
uniprot:P24043,ENSG00000196569,LAMA2,laminin subunit alpha 2,P24043,uniprot_swissprot,9606
uniprot:O15031,ENSG00000196576,PLXNB2,plexin b2,O15031,uniprot_swissprot,9606
uniprot:Q9UKB5,ENSG00000196581,AJAP1,adherens junctions associated protein 1,Q9UKB5,uniprot_swissprot,9606
uniprot:O43543,ENSG00000196584,XRCC2,x-ray repair cross complementing 2,O43543,uniprot_swissprot,9606
uniprot:Q9UM54,ENSG00000196586,MYO6,myosin vi,Q9UM54,uniprot_swissprot,9606
uniprot:Q969V6,ENSG00000196588,MRTFA,myocardin related transcription factor a,Q969V6,uniprot_swissprot,9606
uniprot:Q92769,ENSG00000196591,HDAC2,histone deacetylase 2,Q92769,uniprot_swissprot,9606
uniprot:Q6T423,ENSG00000196600,SLC22A25,solute carrier family 22 member 25,Q6T423,uniprot_swissprot,9606
uniprot:P03956,ENSG00000196611,MMP1,matrix metallopeptidase 1,P03956,uniprot_swissprot,9606
uniprot:P00325,ENSG00000196616,ADH1B,"alcohol dehydrogenase 1b (class i), beta polypeptide",P00325,uniprot_swissprot,9606
uniprot:P15884,ENSG00000196628,TCF4,transcription factor 4,P15884,uniprot_swissprot,9606
uniprot:Q9BYP7,ENSG00000196632,WNK3,wnk lysine deficient protein kinase 3,Q9BYP7,uniprot_swissprot,9606
uniprot:P35367,ENSG00000196639,HRH1,histamine receptor h1,P35367,uniprot_swissprot,9606
uniprot:Q6XR72,ENSG00000196660,SLC30A10,solute carrier family 30 member 10,Q6XR72,uniprot_swissprot,9606
uniprot:Q9NYK1,ENSG00000196664,TLR7,toll like receptor 7,Q9NYK1,uniprot_swissprot,9606
uniprot:Q9P0U1,ENSG00000196683,TOMM7,translocase of outer mitochondrial membrane 7,Q9P0U1,uniprot_swissprot,9606
uniprot:Q8NER1,ENSG00000196689,TRPV1,transient receptor potential cation channel subfamily v member 1,Q8NER1,uniprot_swissprot,9606
uniprot:Q06732,ENSG00000196693,ZNF33B,zinc finger protein 33b,Q06732,uniprot_swissprot,9606
uniprot:Q96KM6,ENSG00000196700,ZNF512B,zinc finger protein 512b,Q96KM6,uniprot_swissprot,9606
uniprot:Q86W34,ENSG00000196704,AMZ2,archaelysin family metallopeptidase 2,Q86W34,uniprot_swissprot,9606
uniprot:P21359,ENSG00000196712,NF1,neurofibromin 1,P21359,uniprot_swissprot,9606
uniprot:Q8N0U8,ENSG00000196715,VKORC1L1,vitamin k epoxide reductase complex subunit 1l1,Q8N0U8,uniprot_swissprot,9606
uniprot:P53355,ENSG00000196730,DAPK1,death associated protein kinase 1,P53355,uniprot_swissprot,9606
uniprot:Q8IZC6,ENSG00000196739,COL27A1,collagen type xxvii alpha 1 chain,Q8IZC6,uniprot_swissprot,9606
uniprot:P17900,ENSG00000196743,GM2A,ganglioside gm2 activator,P17900,uniprot_swissprot,9606
uniprot:P29034,ENSG00000196754,S100A2,s100 calcium binding protein a2,P29034,uniprot_swissprot,9606
uniprot:Q9H0M5,ENSG00000196757,ZNF700,zinc finger protein 700,Q9H0M5,uniprot_swissprot,9606
uniprot:Q08722,ENSG00000196776,CD47,cd47 molecule,Q08722,uniprot_swissprot,9606
uniprot:Q04724,ENSG00000196781,TLE1,"tle family member 1, transcriptional corepressor",Q04724,uniprot_swissprot,9606
uniprot:Q96JK9,ENSG00000196782,MAML3,mastermind like transcriptional coactivator 3,Q96JK9,uniprot_swissprot,9606
uniprot:P07510,ENSG00000196811,CHRNG,cholinergic receptor nicotinic gamma subunit,P07510,uniprot_swissprot,9606
uniprot:Q9H6K1,ENSG00000196821,ILRUN,inflammation and lipid regulator with uba-like and nbr1-like domains,Q9H6K1,uniprot_swissprot,9606
uniprot:P00813,ENSG00000196839,ADA,adenosine deaminase,P00813,uniprot_swissprot,9606
uniprot:P20671,ENSG00000196866,H2AC7,h2a clustered histone 7,P20671,uniprot_swissprot,9606
uniprot:Q9UQD0,ENSG00000196876,SCN8A,sodium voltage-gated channel alpha subunit 8,Q9UQD0,uniprot_swissprot,9606
uniprot:Q8N257,ENSG00000196890,H2BC26,h2b clustered histone 26,Q8N257,uniprot_swissprot,9606
uniprot:Q9NZN5,ENSG00000196914,ARHGEF12,rho guanine nucleotide exchange factor 12,Q9NZN5,uniprot_swissprot,9606
uniprot:Q9BXC0,ENSG00000196917,HCAR1,hydroxycarboxylic acid receptor 1,Q9BXC0,uniprot_swissprot,9606
uniprot:P21333,ENSG00000196924,FLNA,filamin a,P21333,uniprot_swissprot,9606
uniprot:Q7Z6B7,ENSG00000196935,SRGAP1,slit-robo rho gtpase activating protein 1,Q7Z6B7,uniprot_swissprot,9606
uniprot:Q92520,ENSG00000196937,FAM3C,fam3 metabolism regulating signaling molecule c,Q92520,uniprot_swissprot,9606
uniprot:Q9ULF5,ENSG00000196950,SLC39A10,solute carrier family 39 member 10,Q9ULF5,uniprot_swissprot,9606
uniprot:P49662,ENSG00000196954,CASP4,caspase 4,P49662,uniprot_swissprot,9606
uniprot:P09525,ENSG00000196975,ANXA4,annexin a4,P09525,uniprot_swissprot,9606
uniprot:P0C2L3,ENSG00000196990,FAM163B,family with sequence similarity 163 member b,P0C2L3,uniprot_swissprot,9606
uniprot:Q9H1A3,ENSG00000197006,METTL9,"methyltransferase 9, his-x-his n1(pi)-histidine",Q9H1A3,uniprot_swissprot,9606
uniprot:Q86V71,ENSG00000197013,ZNF429,zinc finger protein 429,Q86V71,uniprot_swissprot,9606
uniprot:Q8IYN0,ENSG00000197020,ZNF100,zinc finger protein 100,Q8IYN0,uniprot_swissprot,9606
uniprot:Q8TD17,ENSG00000197024,ZNF398,zinc finger protein 398,Q8TD17,uniprot_swissprot,9606
uniprot:P08133,ENSG00000197043,ANXA6,annexin a6,P08133,uniprot_swissprot,9606
uniprot:Q8TAQ5,ENSG00000197050,ZNF420,zinc finger protein 420,Q8TAQ5,uniprot_swissprot,9606
uniprot:Q0D2J5,ENSG00000197054,ZNF763,zinc finger protein 763,Q0D2J5,uniprot_swissprot,9606
uniprot:O15525,ENSG00000197063,MAFG,maf bzip transcription factor g,O15525,uniprot_swissprot,9606
uniprot:Q8N5I2,ENSG00000197070,ARRDC1,arrestin domain containing 1,Q8N5I2,uniprot_swissprot,9606
uniprot:P11717,ENSG00000197081,IGF2R,insulin like growth factor 2 receptor,P11717,uniprot_swissprot,9606
uniprot:Q15366,ENSG00000197111,PCBP2,poly(rc) binding protein 2,Q15366,uniprot_swissprot,9606
uniprot:Q8N5A5,ENSG00000197114,ZGPAT,zinc finger ccch-type and g-patch domain containing,Q8N5A5,uniprot_swissprot,9606
uniprot:Q8N8R3,ENSG00000197119,SLC25A29,solute carrier family 25 member 29,Q8N8R3,uniprot_swissprot,9606
uniprot:P12931,ENSG00000197122,SRC,"src proto-oncogene, non-receptor tyrosine kinase",P12931,uniprot_swissprot,9606
uniprot:Q8IYX0,ENSG00000197123,ZNF679,zinc finger protein 679,Q8IYX0,uniprot_swissprot,9606
uniprot:O95780,ENSG00000197124,ZNF682,zinc finger protein 682,O95780,uniprot_swissprot,9606
uniprot:Q9Y2Q1,ENSG00000197134,ZNF257,zinc finger protein 257,Q9Y2Q1,uniprot_swissprot,9606
uniprot:Q9H6A9,ENSG00000197136,PCNX3,pecanex 3,Q9H6A9,uniprot_swissprot,9606
uniprot:Q8TC27,ENSG00000197140,ADAM32,adam metallopeptidase domain 32,Q8TC27,uniprot_swissprot,9606
uniprot:P68431,ENSG00000197153,H3C12,h3 clustered histone 12,P68431,uniprot_swissprot,9606
uniprot:Q7KZF4,ENSG00000197157,SND1,staphylococcal nuclease and tudor domain containing 1,Q7KZF4,uniprot_swissprot,9606
uniprot:A8K8V0,ENSG00000197162,ZNF785,zinc finger protein 785,A8K8V0,uniprot_swissprot,9606
uniprot:P50226,ENSG00000197165,SULT1A2,sulfotransferase family 1a member 2,P50226,uniprot_swissprot,9606
uniprot:O00232,ENSG00000197170,PSMD12,"proteasome 26s subunit, non-atpase 12",O00232,uniprot_swissprot,9606
uniprot:Q96MY1,ENSG00000197183,NOL4L,nucleolar protein 4 like,Q96MY1,uniprot_swissprot,9606
uniprot:Q9H015,ENSG00000197208,SLC22A4,solute carrier family 22 member 4,Q9H015,uniprot_swissprot,9606
uniprot:Q13901,ENSG00000197223,C1D,c1d nuclear receptor corepressor,Q13901,uniprot_swissprot,9606
uniprot:P01009,ENSG00000197249,SERPINA1,serpin family a member 1,P01009,uniprot_swissprot,9606
uniprot:Q63ZY3,ENSG00000197256,KANK2,kn motif and ankyrin repeat domains 2,Q63ZY3,uniprot_swissprot,9606
uniprot:Q8NEV9,ENSG00000197272,IL27,interleukin 27,Q8NEV9,uniprot_swissprot,9606
uniprot:Q02747,ENSG00000197273,GUCA2A,guanylate cyclase activator 2a,Q02747,uniprot_swissprot,9606
uniprot:Q9Y620,ENSG00000197275,RAD54B,rad54 homolog b,Q9Y620,uniprot_swissprot,9606
uniprot:Q96PV0,ENSG00000197283,SYNGAP1,synaptic ras gtpase activating protein 1,Q96PV0,uniprot_swissprot,9606
uniprot:Q8N6M3,ENSG00000197296,FITM2,fat storage inducing transmembrane protein 2,Q8N6M3,uniprot_swissprot,9606
uniprot:P54132,ENSG00000197299,BLM,blm recq like helicase,P54132,uniprot_swissprot,9606
uniprot:O95425,ENSG00000197321,SVIL,supervillin,O95425,uniprot_swissprot,9606
uniprot:Q9UPN9,ENSG00000197323,TRIM33,tripartite motif containing 33,Q9UPN9,uniprot_swissprot,9606
uniprot:Q7Z4F1,ENSG00000197324,LRP10,ldl receptor related protein 10,Q7Z4F1,uniprot_swissprot,9606
uniprot:Q96FA3,ENSG00000197329,PELI1,pellino e3 ubiquitin protein ligase 1,Q96FA3,uniprot_swissprot,9606
uniprot:Q6P050,ENSG00000197361,FBXL22,f-box and leucine rich repeat protein 22,Q6P050,uniprot_swissprot,9606
uniprot:O76082,ENSG00000197375,SLC22A5,solute carrier family 22 member 5,O76082,uniprot_swissprot,9606
uniprot:P78563,ENSG00000197381,ADARB1,adenosine deaminase rna specific b1,P78563,uniprot_swissprot,9606
uniprot:P42858,ENSG00000197386,HTT,huntingtin,P42858,uniprot_swissprot,9606
uniprot:P21730,ENSG00000197405,C5AR1,complement c5a receptor 1,P21730,uniprot_swissprot,9606
uniprot:P55073,ENSG00000197406,DIO3,iodothyronine deiodinase 3,P55073,uniprot_swissprot,9606
uniprot:Q99683,ENSG00000197442,MAP3K5,mitogen-activated protein kinase kinase kinase 5,Q99683,uniprot_swissprot,9606
uniprot:P04085,ENSG00000197461,PDGFA,platelet derived growth factor subunit a,P04085,uniprot_swissprot,9606
uniprot:P15421,ENSG00000197465,GYPE,glycophorin e (mns blood group),P15421,uniprot_swissprot,9606
uniprot:Q5TAT6,ENSG00000197467,COL13A1,collagen type xiii alpha 1 chain,Q5TAT6,uniprot_swissprot,9606
uniprot:Q5EBL2,ENSG00000197483,ZNF628,zinc finger protein 628,Q5EBL2,uniprot_swissprot,9606
uniprot:Q9HAS3,ENSG00000197506,SLC28A3,solute carrier family 28 member 3,Q9HAS3,uniprot_swissprot,9606
uniprot:A6PVY3,ENSG00000197520,FAM177B,family with sequence similarity 177 member b,A6PVY3,uniprot_swissprot,9606
uniprot:Q9Y4I1,ENSG00000197535,MYO5A,myosin va,Q9Y4I1,uniprot_swissprot,9606
uniprot:O95352,ENSG00000197548,ATG7,autophagy related 7,O95352,uniprot_swissprot,9606
uniprot:O43166,ENSG00000197555,SIPA1L1,signal induced proliferation associated 1 like 1,O43166,uniprot_swissprot,9606
uniprot:P08246,ENSG00000197561,ELANE,"elastase, neutrophil expressed",P08246,uniprot_swissprot,9606
uniprot:Q9Y691,ENSG00000197584,KCNMB2,potassium calcium-activated channel subfamily m regulatory beta subunit 2,Q9Y691,uniprot_swissprot,9606
uniprot:Q8NFW5,ENSG00000197587,DMBX1,diencephalon/mesencephalon homeobox 1,Q8NFW5,uniprot_swissprot,9606
uniprot:P22413,ENSG00000197594,ENPP1,ectonucleotide pyrophosphatase/phosphodiesterase 1,P22413,uniprot_swissprot,9606
uniprot:Q13361,ENSG00000197614,MFAP5,microfibril associated protein 5,Q13361,uniprot_swissprot,9606
uniprot:Q8N8J6,ENSG00000197619,ZNF615,zinc finger protein 615,Q8N8J6,uniprot_swissprot,9606
uniprot:Q9NRR8,ENSG00000197622,CDC42SE1,cdc42 small effector 1,Q9NRR8,uniprot_swissprot,9606
uniprot:P05120,ENSG00000197632,SERPINB2,serpin family b member 2,P05120,uniprot_swissprot,9606
uniprot:P27487,ENSG00000197635,DPP4,dipeptidyl peptidase 4,P27487,uniprot_swissprot,9606
uniprot:Q9BQ51,ENSG00000197646,PDCD1LG2,programmed cell death 1 ligand 2,Q9BQ51,uniprot_swissprot,9606
uniprot:Q8N7K0,ENSG00000197647,ZNF433,zinc finger protein 433,Q8N7K0,uniprot_swissprot,9606
uniprot:Q8IVF4,ENSG00000197653,DNAH10,dynein axonemal heavy chain 10,Q8IVF4,uniprot_swissprot,9606
uniprot:Q2VPA4,ENSG00000197721,CR1L,complement c3b/c4b receptor 1 like,Q2VPA4,uniprot_swissprot,9606
uniprot:O75151,ENSG00000197724,PHF2,phd finger protein 2,O75151,uniprot_swissprot,9606
uniprot:P62854,ENSG00000197728,RPS26,ribosomal protein s26,P62854,uniprot_swissprot,9606
uniprot:P07602,ENSG00000197746,PSAP,prosaposin,P07602,uniprot_swissprot,9606
uniprot:P60903,ENSG00000197747,S100A10,s100 calcium binding protein a10,P60903,uniprot_swissprot,9606
uniprot:P61513,ENSG00000197756,RPL37A,ribosomal protein l37a,P61513,uniprot_swissprot,9606
uniprot:P09630,ENSG00000197757,HOXC6,homeobox c6,P09630,uniprot_swissprot,9606
uniprot:P00746,ENSG00000197766,CFD,complement factor d,P00746,uniprot_swissprot,9606
uniprot:Q8NGF7,ENSG00000197786,OR5B17,olfactory receptor family 5 subfamily b member 17,Q8NGF7,uniprot_swissprot,9606
uniprot:A0A6E1Y6F7,ENSG00000197816,CCDC180,coiled-coil domain containing 180,A0A6E1Y6F7,uniprot_trembl,9606
uniprot:Q9Y2E8,ENSG00000197818,SLC9A8,solute carrier family 9 member a8,Q9Y2E8,uniprot_swissprot,9606
uniprot:Q16625,ENSG00000197822,OCLN,occludin,Q16625,uniprot_swissprot,9606
uniprot:Q6V702,ENSG00000197826,CFAP299,cilia and flagella associated protein 299,Q6V702,uniprot_swissprot,9606
uniprot:Q9NTI7,ENSG00000197852,INKA2,inka box actin regulator 2,Q9NTI7,uniprot_swissprot,9606
uniprot:Q9H0Q0,ENSG00000197872,CYRIA,cyfip related rac1 interactor a,Q9H0Q0,uniprot_swissprot,9606
uniprot:Q96S37,ENSG00000197891,SLC22A12,solute carrier family 22 member 12,Q96S37,uniprot_swissprot,9606
uniprot:P11766,ENSG00000197894,ADH5,"alcohol dehydrogenase 5 (class iii), chi polypeptide",P11766,uniprot_swissprot,9606
uniprot:O60814,ENSG00000197903,H2BC12,h2b clustered histone 12,O60814,uniprot_swissprot,9606
uniprot:Q15561,ENSG00000197905,TEAD4,tea domain transcription factor 4,Q15561,uniprot_swissprot,9606
uniprot:Q9UQ90,ENSG00000197912,SPG7,"spg7 matrix aaa peptidase subunit, paraplegin",Q9UQ90,uniprot_swissprot,9606
uniprot:Q86YZ3,ENSG00000197915,HRNR,hornerin,Q86YZ3,uniprot_swissprot,9606
uniprot:P01562,ENSG00000197919,IFNA1,interferon alpha 1,P01562,uniprot_swissprot,9606
uniprot:Q96HE7,ENSG00000197930,ERO1A,endoplasmic reticulum oxidoreductase 1 alpha,Q96HE7,uniprot_swissprot,9606
uniprot:P16885,ENSG00000197943,PLCG2,phospholipase c gamma 2,P16885,uniprot_swissprot,9606
uniprot:Q86WN1,ENSG00000197948,FCHSD1,fch and double sh3 domains 1,Q86WN1,uniprot_swissprot,9606
uniprot:Q9UQ16,ENSG00000197959,DNM3,dynamin 3,Q9UQ16,uniprot_swissprot,9606
uniprot:P02686,ENSG00000197971,MBP,myelin basic protein,P02686,uniprot_swissprot,9606
uniprot:Q9NXB9,ENSG00000197977,ELOVL2,elovl fatty acid elongase 2,Q9NXB9,uniprot_swissprot,9606
uniprot:Q6ZMV7,ENSG00000197980,LEKR1,"leucine, glutamate and lysine rich 1",Q6ZMV7,uniprot_swissprot,9606
ensembl:ENSG00000197989,ENSG00000197989,SNHG12,small nucleolar rna host gene 12,,,9606
uniprot:Q9P1A6,ENSG00000198010,DLGAP2,dlg associated protein 2,Q9P1A6,uniprot_swissprot,9606
uniprot:Q9Y6G3,ENSG00000198015,MRPL42,mitochondrial ribosomal protein l42,Q9Y6G3,uniprot_swissprot,9606
uniprot:Q9NQZ7,ENSG00000198018,ENTPD7,ectonucleoside triphosphate diphosphohydrolase 7,Q9NQZ7,uniprot_swissprot,9606
uniprot:Q9H4Z2,ENSG00000198026,ZNF335,zinc finger protein 335,Q9H4Z2,uniprot_swissprot,9606
uniprot:P0DPH7,ENSG00000198033,TUBA3C,tubulin alpha 3c,P0DPH7,uniprot_swissprot,9606
uniprot:Q14593,ENSG00000198039,ZNF273,zinc finger protein 273,Q14593,uniprot_swissprot,9606
uniprot:P51523,ENSG00000198040,ZNF84,zinc finger protein 84,P51523,uniprot_swissprot,9606
uniprot:P47901,ENSG00000198049,AVPR1B,arginine vasopressin receptor 1b,P47901,uniprot_swissprot,9606
uniprot:P78324,ENSG00000198053,SIRPA,signal regulatory protein alpha,P78324,uniprot_swissprot,9606
uniprot:P43250,ENSG00000198055,GRK6,g protein-coupled receptor kinase 6,P43250,uniprot_swissprot,9606
uniprot:P49642,ENSG00000198056,PRIM1,dna primase subunit 1,P49642,uniprot_swissprot,9606
uniprot:Q9NX47,ENSG00000198060,MARCHF5,membrane associated ring-ch-type finger 5,Q9NX47,uniprot_swissprot,9606
uniprot:O60218,ENSG00000198074,AKR1B10,aldo-keto reductase family 1 member b10,O60218,uniprot_swissprot,9606
uniprot:P20853,ENSG00000198077,CYP2A7,cytochrome p450 family 2 subfamily a member 7,P20853,uniprot_swissprot,9606
uniprot:Q9Y5K6,ENSG00000198087,CD2AP,cd2 associated protein,Q9Y5K6,uniprot_swissprot,9606
uniprot:A8K8P3,ENSG00000198089,SFI1,sfi1 centrin binding protein,A8K8P3,uniprot_swissprot,9606
uniprot:P08319,ENSG00000198099,ADH4,"alcohol dehydrogenase 4 (class ii), pi polypeptide",P08319,uniprot_swissprot,9606
uniprot:Q8NDW4,ENSG00000198105,ZNF248,zinc finger protein 248,Q8NDW4,uniprot_swissprot,9606
uniprot:Q70JA7,ENSG00000198108,CHSY3,chondroitin sulfate synthase 3,Q70JA7,uniprot_swissprot,9606
uniprot:Q92633,ENSG00000198121,LPAR1,lysophosphatidic acid receptor 1,Q92633,uniprot_swissprot,9606
uniprot:P02144,ENSG00000198125,MB,myoglobin,P02144,uniprot_swissprot,9606
uniprot:O60476,ENSG00000198162,MAN1A2,mannosidase alpha class 1a member 2,O60476,uniprot_swissprot,9606
uniprot:Q8NHG7,ENSG00000198168,SVIP,small vcp interacting protein,Q8NHG7,uniprot_swissprot,9606
uniprot:Q9BRH9,ENSG00000198169,ZNF251,zinc finger protein 251,Q9BRH9,uniprot_swissprot,9606
uniprot:Q5HY64,ENSG00000198173,FAM47C,family with sequence similarity 47 member c,Q5HY64,uniprot_swissprot,9606
uniprot:Q14186,ENSG00000198176,TFDP1,transcription factor dp-1,Q14186,uniprot_swissprot,9606
uniprot:Q9NP55,ENSG00000198183,BPIFA1,bpi fold containing family a member 1,Q9NP55,uniprot_swissprot,9606
uniprot:Q8NBQ5,ENSG00000198189,HSD17B11,hydroxysteroid 17-beta dehydrogenase 11,Q8NBQ5,uniprot_swissprot,9606
uniprot:Q5T011,ENSG00000198198,SZT2,szt2 subunit of kicstor complex,Q5T011,uniprot_swissprot,9606
uniprot:P98168,ENSG00000198205,ZXDA,zinc finger x-linked duplicated a,P98168,uniprot_swissprot,9606
uniprot:Q15878,ENSG00000198216,CACNA1E,calcium voltage-gated channel subunit alpha1 e,Q15878,uniprot_swissprot,9606
uniprot:P15509,ENSG00000198223,CSF2RA,colony stimulating factor 2 receptor subunit alpha,P15509,uniprot_swissprot,9606
uniprot:Q8WUJ0,ENSG00000198252,STYX,serine/threonine/tyrosine interacting protein,Q8WUJ0,uniprot_swissprot,9606
uniprot:P42694,ENSG00000198265,HELZ,helicase with zinc finger,P42694,uniprot_swissprot,9606
uniprot:Q8NCL8,ENSG00000198270,TMEM116,transmembrane protein 116,Q8NCL8,uniprot_swissprot,9606
uniprot:Q9NWZ5,ENSG00000198276,UCKL1,uridine-cytidine kinase 1 like 1,Q9NWZ5,uniprot_swissprot,9606
uniprot:Q9BXL7,ENSG00000198286,CARD11,caspase recruitment domain family member 11,Q9BXL7,uniprot_swissprot,9606
uniprot:Q9GZU2,ENSG00000198300,PEG3,paternally expressed 3,Q9GZU2,uniprot_swissprot,9606
uniprot:Q8N4B1,ENSG00000198324,PHETA1,ph domain containing endocytic trafficking adaptor 1,Q8N4B1,uniprot_swissprot,9606
uniprot:Q6ZN06,ENSG00000198346,ZNF813,zinc finger protein 813,Q6ZN06,uniprot_swissprot,9606
uniprot:P09017,ENSG00000198353,HOXC4,homeobox c4,P09017,uniprot_swissprot,9606
uniprot:Q5VW00,ENSG00000198354,DCAF12L2,ddb1 and cul4 associated factor 12 like 2,Q5VW00,uniprot_swissprot,9606
uniprot:Q86V86,ENSG00000198355,PIM3,"pim-3 proto-oncogene, serine/threonine kinase",Q86V86,uniprot_swissprot,9606
uniprot:Q12797,ENSG00000198363,ASPH,aspartate beta-hydroxylase,Q12797,uniprot_swissprot,9606
uniprot:Q7Z698,ENSG00000198369,SPRED2,sprouty related evh1 domain containing 2,Q7Z698,uniprot_swissprot,9606
uniprot:O00308,ENSG00000198373,WWP2,ww domain containing e3 ubiquitin protein ligase 2,O00308,uniprot_swissprot,9606
uniprot:Q06210,ENSG00000198380,GFPT1,glutamine--fructose-6-phosphate transaminase 1,Q06210,uniprot_swissprot,9606
uniprot:P04629,ENSG00000198400,NTRK1,neurotrophic receptor tyrosine kinase 1,P04629,uniprot_swissprot,9606
uniprot:Q16881,ENSG00000198431,TXNRD1,thioredoxin reductase 1,Q16881,uniprot_swissprot,9606
uniprot:Q3ZCX4,ENSG00000198453,ZNF568,zinc finger protein 568,Q3ZCX4,uniprot_swissprot,9606
uniprot:P98169,ENSG00000198455,ZXDB,zinc finger x-linked duplicated b,P98169,uniprot_swissprot,9606
uniprot:P07951,ENSG00000198467,TPM2,tropomyosin 2,P07951,uniprot_swissprot,9606
uniprot:Q5QGT7,ENSG00000198471,RTP2,receptor transporter protein 2,Q5QGT7,uniprot_swissprot,9606
uniprot:Q8N283,ENSG00000198483,ANKRD35,ankyrin repeat domain 35,Q8N283,uniprot_swissprot,9606
uniprot:Q6ZMB0,ENSG00000198488,B3GNT6,"udp-glcnac:betagal beta-1,3-n-acetylglucosaminyltransferase 6",Q6ZMB0,uniprot_swissprot,9606
uniprot:Q9Y5A9,ENSG00000198492,YTHDF2,yth n6-methyladenosine rna binding protein f2,Q9Y5A9,uniprot_swissprot,9606
uniprot:Q30154,ENSG00000198502,HLA-DRB5,"major histocompatibility complex, class ii, dr beta 5",Q30154,uniprot_swissprot,9606
uniprot:P29973,ENSG00000198515,CNGA1,cyclic nucleotide gated channel subunit alpha 1,P29973,uniprot_swissprot,9606
uniprot:O60675,ENSG00000198517,MAFK,maf bzip transcription factor k,O60675,uniprot_swissprot,9606
uniprot:Q9HCN4,ENSG00000198522,GPN1,gpn-loop gtpase 1,Q9HCN4,uniprot_swissprot,9606
uniprot:P26678,ENSG00000198523,PLN,phospholamban,P26678,uniprot_swissprot,9606
uniprot:Q8NCU7,ENSG00000198535,C2CD4A,c2 calcium dependent domain containing 4a,Q8NCU7,uniprot_swissprot,9606
uniprot:O95965,ENSG00000198542,ITGBL1,integrin subunit beta like 1,O95965,uniprot_swissprot,9606
uniprot:Q8NBC4,ENSG00000198547,C20ORF203,chromosome 20 open reading frame 203,Q8NBC4,uniprot_swissprot,9606
uniprot:O75717,ENSG00000198554,WDHD1,wd repeat and hmg-box dna binding protein 1,O75717,uniprot_swissprot,9606
uniprot:O60716,ENSG00000198561,CTNND1,catenin delta 1,O60716,uniprot_swissprot,9606
uniprot:Q13838,ENSG00000198563,DDX39B,dexd-box helicase 39b,Q13838,uniprot_swissprot,9606
uniprot:Q7LC44,ENSG00000198576,ARC,activity regulated cytoskeleton associated protein,Q7LC44,uniprot_swissprot,9606
uniprot:P50851,ENSG00000198589,LRBA,lps responsive beige-like anchor protein,P50851,uniprot_swissprot,9606
uniprot:O15090,ENSG00000198597,ZNF536,zinc finger protein 536,O15090,uniprot_swissprot,9606
uniprot:Q9NRL2,ENSG00000198604,BAZ1A,bromodomain adjacent to zinc finger domain 1a,Q9NRL2,uniprot_swissprot,9606
uniprot:A6NI79,ENSG00000198624,CCDC69,coiled-coil domain containing 69,A6NI79,uniprot_swissprot,9606
uniprot:O15151,ENSG00000198625,MDM4,mdm4 regulator of p53,O15151,uniprot_swissprot,9606
uniprot:Q92736,ENSG00000198626,RYR2,ryanodine receptor 2,Q92736,uniprot_swissprot,9606
uniprot:Q76KX8,ENSG00000198633,ZNF534,zinc finger protein 534,Q76KX8,uniprot_swissprot,9606
uniprot:Q9P2J3,ENSG00000198642,KLHL9,kelch like family member 9,Q9P2J3,uniprot_swissprot,9606
uniprot:Q14686,ENSG00000198646,NCOA6,nuclear receptor coactivator 6,Q14686,uniprot_swissprot,9606
uniprot:Q9UEW8,ENSG00000198648,STK39,serine/threonine kinase 39,Q9UEW8,uniprot_swissprot,9606
uniprot:P17735,ENSG00000198650,TAT,tyrosine aminotransferase,P17735,uniprot_swissprot,9606
uniprot:P08519,ENSG00000198670,LPA,lipoprotein(a),P08519,uniprot_swissprot,9606
uniprot:Q8N3H0,ENSG00000198673,TAFA2,tafa chemokine like family member 2,Q8N3H0,uniprot_swissprot,9606
uniprot:Q9Y2M0,ENSG00000198690,FAN1,fancd2 and fanci associated nuclease 1,Q9Y2M0,uniprot_swissprot,9606
uniprot:P78363,ENSG00000198691,ABCA4,atp binding cassette subfamily a member 4,P78363,uniprot_swissprot,9606
uniprot:P03923,ENSG00000198695,MT-ND6,mitochondrially encoded nadh:ubiquinone oxidoreductase core subunit 6,P03923,uniprot_swissprot,9606
uniprot:Q96P70,ENSG00000198700,IPO9,importin 9,Q96P70,uniprot_swissprot,9606
uniprot:P00403,ENSG00000198712,MT-CO2,mitochondrially encoded cytochrome c oxidase ii,P00403,uniprot_swissprot,9606
uniprot:O00548,ENSG00000198719,DLL1,delta like canonical notch ligand 1,O00548,uniprot_swissprot,9606
uniprot:Q86YJ7,ENSG00000198720,ANKRD13B,ankyrin repeat domain 13b,Q86YJ7,uniprot_swissprot,9606
uniprot:P00156,ENSG00000198727,MT-CYB,mitochondrially encoded cytochrome b,P00156,uniprot_swissprot,9606
uniprot:Q86U70,ENSG00000198728,LDB1,lim domain binding 1,Q86U70,uniprot_swissprot,9606
uniprot:Q6PD62,ENSG00000198730,CTR9,ctr9 component of paf1/rna polymerase ii complex,Q6PD62,uniprot_swissprot,9606
uniprot:Q9H4F8,ENSG00000198732,SMOC1,sparc related modular calcium binding 1,Q9H4F8,uniprot_swissprot,9606
uniprot:P12259,ENSG00000198734,F5,coagulation factor v,P12259,uniprot_swissprot,9606
uniprot:Q86VH5,ENSG00000198739,LRRTM3,leucine rich repeat transmembrane neuronal 3,Q86VH5,uniprot_swissprot,9606
uniprot:Q9Y2D9,ENSG00000198740,ZNF652,zinc finger protein 652,Q9Y2D9,uniprot_swissprot,9606
uniprot:Q9HCE7,ENSG00000198742,SMURF1,smad specific e3 ubiquitin protein ligase 1,Q9HCE7,uniprot_swissprot,9606
uniprot:P53794,ENSG00000198743,SLC5A3,solute carrier family 5 member 3,P53794,uniprot_swissprot,9606
uniprot:Q96I76,ENSG00000198746,GPATCH3,g-patch domain containing 3,Q96I76,uniprot_swissprot,9606
uniprot:Q9BYC2,ENSG00000198754,OXCT2,3-oxoacid coa-transferase 2,Q9BYC2,uniprot_swissprot,9606
uniprot:Q8IYK4,ENSG00000198756,COLGALT2,collagen beta(1-o)galactosyltransferase 2,Q8IYK4,uniprot_swissprot,9606
uniprot:Q8IUX8,ENSG00000198759,EGFL6,egf like domain multiple 6,Q8IUX8,uniprot_swissprot,9606
uniprot:P03891,ENSG00000198763,MT-ND2,mitochondrially encoded nadh:ubiquinone oxidoreductase core subunit 2,P03891,uniprot_swissprot,9606
uniprot:Q8TCU5,ENSG00000198785,GRIN3A,glutamate ionotropic receptor nmda type subunit 3a,Q8TCU5,uniprot_swissprot,9606
uniprot:P03915,ENSG00000198786,MT-ND5,mitochondrially encoded nadh:ubiquinone oxidoreductase core subunit 5,P03915,uniprot_swissprot,9606
uniprot:A0A6Q8PFN2,ENSG00000198788,MUC2,"mucin 2, oligomeric mucus/gel-forming",A0A6Q8PFN2,uniprot_trembl,9606
uniprot:Q9UIV1,ENSG00000198791,CNOT7,ccr4-not transcription complex subunit 7,Q9UIV1,uniprot_swissprot,9606
uniprot:P42345,ENSG00000198793,MTOR,mechanistic target of rapamycin kinase,P42345,uniprot_swissprot,9606
uniprot:Q96K83,ENSG00000198795,ZNF521,zinc finger protein 521,Q96K83,uniprot_swissprot,9606
uniprot:Q86TB3,ENSG00000198796,ALPK2,alpha kinase 2,Q86TB3,uniprot_swissprot,9606
uniprot:P00395,ENSG00000198804,MT-CO1,mitochondrially encoded cytochrome c oxidase i,P00395,uniprot_swissprot,9606
uniprot:P55771,ENSG00000198807,PAX9,paired box 9,P55771,uniprot_swissprot,9606
uniprot:P20963,ENSG00000198821,CD247,cd247 molecule,P20963,uniprot_swissprot,9606
uniprot:Q14832,ENSG00000198822,GRM3,glutamate metabotropic receptor 3,Q14832,uniprot_swissprot,9606
uniprot:Q96JM3,ENSG00000198824,CHAMP1,chromosome alignment maintaining phosphoprotein 1,Q96JM3,uniprot_swissprot,9606
uniprot:Q9Y2H2,ENSG00000198825,INPP5F,inositol polyphosphate-5-phosphatase f,Q9Y2H2,uniprot_swissprot,9606
uniprot:Q9Y385,ENSG00000198833,UBE2J1,ubiquitin conjugating enzyme e2 j1,Q9Y385,uniprot_swissprot,9606
uniprot:O60313,ENSG00000198836,OPA1,opa1 mitochondrial dynamin like gtpase,O60313,uniprot_swissprot,9606
uniprot:Q15413,ENSG00000198838,RYR3,ryanodine receptor 3,Q15413,uniprot_swissprot,9606
uniprot:P03897,ENSG00000198840,MT-ND3,mitochondrially encoded nadh:ubiquinone oxidoreductase core subunit 3,P03897,uniprot_swissprot,9606
uniprot:P07766,ENSG00000198851,CD3E,cd3 epsilon subunit of t-cell receptor complex,P07766,uniprot_swissprot,9606
uniprot:Q8WW01,ENSG00000198860,TSEN15,trna splicing endonuclease subunit 15,Q8WW01,uniprot_swissprot,9606
uniprot:O94822,ENSG00000198862,LTN1,listerin e3 ubiquitin protein ligase 1,O94822,uniprot_swissprot,9606
uniprot:Q8NE28,ENSG00000198870,STKLD1,serine/threonine kinase like domain containing 1,Q8NE28,uniprot_swissprot,9606
uniprot:P34947,ENSG00000198873,GRK5,g protein-coupled receptor kinase 5,P34947,uniprot_swissprot,9606
uniprot:Q9NV66,ENSG00000198874,TYW1,trna-yw synthesizing protein 1 homolog,Q9NV66,uniprot_swissprot,9606
uniprot:Q5T6F0,ENSG00000198876,DCAF12,ddb1 and cul4 associated factor 12,Q5T6F0,uniprot_swissprot,9606
uniprot:P03905,ENSG00000198886,MT-ND4,mitochondrially encoded nadh:ubiquinone oxidoreductase core subunit 4,P03905,uniprot_swissprot,9606
uniprot:P03886,ENSG00000198888,MT-ND1,mitochondrially encoded nadh:ubiquinone oxidoreductase core subunit 1,P03886,uniprot_swissprot,9606
uniprot:Q96LA8,ENSG00000198890,PRMT6,protein arginine methyltransferase 6,Q96LA8,uniprot_swissprot,9606
uniprot:Q96DD7,ENSG00000198892,SHISA4,shisa family member 4,Q96DD7,uniprot_swissprot,9606
uniprot:P47755,ENSG00000198898,CAPZA2,capping actin protein of muscle z-line subunit alpha 2,P47755,uniprot_swissprot,9606
uniprot:P11387,ENSG00000198900,TOP1,dna topoisomerase i,P11387,uniprot_swissprot,9606
uniprot:O43663,ENSG00000198901,PRC1,protein regulator of cytokinesis 1,O43663,uniprot_swissprot,9606
uniprot:P32004,ENSG00000198910,L1CAM,l1 cell adhesion molecule,P32004,uniprot_swissprot,9606
uniprot:Q12772,ENSG00000198911,SREBF2,sterol regulatory element binding transcription factor 2,Q12772,uniprot_swissprot,9606
uniprot:Q8IYL3,ENSG00000198912,C1ORF174,chromosome 1 open reading frame 174,Q8IYL3,uniprot_swissprot,9606
uniprot:P20264,ENSG00000198914,POU3F3,pou class 3 homeobox 3,P20264,uniprot_swissprot,9606
uniprot:Q5T280,ENSG00000198917,SPOUT1,spout domain containing methyltransferase 1,Q5T280,uniprot_swissprot,9606
uniprot:Q2KHM9,ENSG00000198920,KIAA0753,kiaa0753,Q2KHM9,uniprot_swissprot,9606
uniprot:O75052,ENSG00000198929,NOS1AP,nitric oxide synthase 1 adaptor protein,O75052,uniprot_swissprot,9606
uniprot:Q5JY77,ENSG00000198932,GPRASP1,g protein-coupled receptor associated sorting protein 1,Q5JY77,uniprot_swissprot,9606
uniprot:Q96JM7,ENSG00000198945,L3MBTL3,l3mbtl histone methyl-lysine binding protein 3,Q96JM7,uniprot_swissprot,9606
uniprot:P11532,ENSG00000198947,DMD,dystrophin,P11532,uniprot_swissprot,9606
uniprot:P21980,ENSG00000198959,TGM2,transglutaminase 2,P21980,uniprot_swissprot,9606
uniprot:Q27J81,ENSG00000203485,INF2,inverted formin 2,Q27J81,uniprot_swissprot,9606
uniprot:Q69YW2,ENSG00000203685,STUM,"stum, mechanosensory transduction mediator homolog",Q69YW2,uniprot_swissprot,9606
uniprot:A6NHC0,ENSG00000203697,CAPN8,calpain 8,A6NHC0,uniprot_swissprot,9606
uniprot:P17927,ENSG00000203710,CR1,complement c3b/c4b receptor 1 (knops blood group),P17927,uniprot_swissprot,9606
uniprot:Q5TGI4,ENSG00000203727,SAMD5,sterile alpha motif domain containing 5,Q5TGI4,uniprot_swissprot,9606
uniprot:Q008S8,ENSG00000203734,ECT2L,epithelial cell transforming 2 like,Q008S8,uniprot_swissprot,9606
uniprot:Q5VVY1,ENSG00000203740,NTMT2,n-terminal xaa-pro-lys n-methyltransferase 2,Q5VVY1,uniprot_swissprot,9606
uniprot:P08637,ENSG00000203747,FCGR3A,fc gamma receptor iiia,P08637,uniprot_swissprot,9606
uniprot:Q5VVB8,ENSG00000203756,TMEM244,transmembrane protein 244,Q5VVB8,uniprot_swissprot,9606
uniprot:Q5EE01,ENSG00000203760,CENPW,centromere protein w,Q5EE01,uniprot_swissprot,9606
uniprot:Q5T749,ENSG00000203786,KPRP,keratinocyte proline rich protein,Q5T749,uniprot_swissprot,9606
ensembl:ENSG00000203875,ENSG00000203875,SNHG5,small nucleolar rna host gene 5,,,9606
uniprot:P31150,ENSG00000203879,GDI1,gdp dissociation inhibitor 1,P31150,uniprot_swissprot,9606
uniprot:Q9H400,ENSG00000203896,LIME1,lck interacting transmembrane adaptor 1,Q9H400,uniprot_swissprot,9606
ensembl:ENSG00000203930,ENSG00000203930,LINC00632,long independently transcribed non-coding rna 632,,,9606
uniprot:Q5VXD3,ENSG00000203943,SAMD13,sterile alpha motif domain containing 13,Q5VXD3,uniprot_swissprot,9606
uniprot:Q5JVX7,ENSG00000203963,C1ORF141,chromosome 1 open reading frame 141,Q5JVX7,uniprot_swissprot,9606
uniprot:Q30KQ9,ENSG00000203970,DEFB110,defensin beta 110,Q30KQ9,uniprot_swissprot,9606
uniprot:Q5SZD4,ENSG00000203972,GLYATL3,glycine-n-acyltransferase like 3,Q5SZD4,uniprot_swissprot,9606
uniprot:Q5T700,ENSG00000203985,LDLRAD1,low density lipoprotein receptor class a domain containing 1,Q5T700,uniprot_swissprot,9606
uniprot:Q7Z4J2,ENSG00000204007,GLT6D1,glycosyltransferase 6 domain containing 1,Q7Z4J2,uniprot_swissprot,9606
uniprot:Q5H943,ENSG00000204019,CT83,cancer/testis antigen 83,Q5H943,uniprot_swissprot,9606
uniprot:Q5W064,ENSG00000204022,LIPJ,lipase family member j,Q5W064,uniprot_swissprot,9606
ensembl:ENSG00000204054,ENSG00000204054,LINC00963,long independently transcribed non-coding rna 963,,,9606
uniprot:A8MYZ6,ENSG00000204060,FOXO6,forkhead box o6,A8MYZ6,uniprot_swissprot,9606
uniprot:P32019,ENSG00000204084,INPP5B,inositol polyphosphate-5-phosphatase b,P32019,uniprot_swissprot,9606
uniprot:Q8WWR8,ENSG00000204099,NEU4,neuraminidase 4,Q8WWR8,uniprot_swissprot,9606
uniprot:Q9Y5Q3,ENSG00000204103,MAFB,maf bzip transcription factor b,Q9Y5Q3,uniprot_swissprot,9606
uniprot:Q6Y7W6,ENSG00000204120,GIGYF2,grb10 interacting gyf protein 2,Q6Y7W6,uniprot_swissprot,9606
uniprot:Q8IZ21,ENSG00000204138,PHACTR4,phosphatase and actin regulator 4,Q8IZ21,uniprot_swissprot,9606
uniprot:Q9NUE0,ENSG00000204160,ZDHHC18,zdhhc palmitoyltransferase 18,Q9NUE0,uniprot_swissprot,9606
uniprot:Q8N5G2,ENSG00000204178,MACO1,macoilin 1,Q8N5G2,uniprot_swissprot,9606
uniprot:Q9HCK1,ENSG00000204186,ZDBF2,zinc finger dbf-type containing 2,Q9HCK1,uniprot_swissprot,9606
uniprot:Q6A555,ENSG00000204193,TXNDC8,thioredoxin domain containing 8,Q6A555,uniprot_swissprot,9606
uniprot:Q9UER7,ENSG00000204209,DAXX,death domain associated protein,Q9UER7,uniprot_swissprot,9606
uniprot:Q13873,ENSG00000204217,BMPR2,bone morphogenetic protein receptor type 2,Q13873,uniprot_swissprot,9606
uniprot:P25440,ENSG00000204256,BRD2,bromodomain containing 2,P25440,uniprot_swissprot,9606
uniprot:P28062,ENSG00000204264,PSMB8,proteasome 20s subunit beta 8,P28062,uniprot_swissprot,9606
uniprot:Q5JUX0,ENSG00000204271,SPIN3,spindlin family member 3,Q5JUX0,uniprot_swissprot,9606
uniprot:A0A0U1RRE5,ENSG00000204272,NBDY,negative regulator of p-body association,A0A0U1RRE5,uniprot_swissprot,9606
uniprot:A6NFC5,ENSG00000204278,TMEM235,transmembrane protein 235,A6NFC5,uniprot_swissprot,9606
uniprot:P39059,ENSG00000204291,COL15A1,collagen type xv alpha 1 chain,P39059,uniprot_swissprot,9606
uniprot:Q99466,ENSG00000204301,NOTCH4,notch receptor 4,Q99466,uniprot_swissprot,9606
uniprot:P40425,ENSG00000204304,PBX2,pbx homeobox 2,P40425,uniprot_swissprot,9606
uniprot:Q15109,ENSG00000204305,AGER,advanced glycosylation end-product specific receptor,Q15109,uniprot_swissprot,9606
uniprot:Q9UIM3,ENSG00000204315,FKBPL,fkbp prolyl isomerase like,Q9UIM3,uniprot_swissprot,9606
uniprot:Q6BEB4,ENSG00000204335,SP5,sp5 transcription factor,Q6BEB4,uniprot_swissprot,9606
uniprot:P18615,ENSG00000204356,NELFE,negative elongation factor complex member e,P18615,uniprot_swissprot,9606
uniprot:O14521,ENSG00000204370,SDHD,succinate dehydrogenase complex subunit d,O14521,uniprot_swissprot,9606
uniprot:Q96KQ7,ENSG00000204371,EHMT2,euchromatic histone lysine methyltransferase 2,Q96KQ7,uniprot_swissprot,9606
uniprot:Q6UX15,ENSG00000204381,LAYN,layilin,Q6UX15,uniprot_swissprot,9606
uniprot:Q53GD3,ENSG00000204385,SLC44A4,solute carrier family 44 member 4,Q53GD3,uniprot_swissprot,9606
uniprot:Q99519,ENSG00000204386,NEU1,neuraminidase 1,Q99519,uniprot_swissprot,9606
uniprot:P0DMV9,ENSG00000204388,HSPA1B,heat shock protein family a (hsp70) member 1b,P0DMV9,uniprot_swissprot,9606
uniprot:P0DMV8,ENSG00000204389,HSPA1A,heat shock protein family a (hsp70) member 1a,P0DMV8,uniprot_swissprot,9606
uniprot:P34931,ENSG00000204390,HSPA1L,heat shock protein family a (hsp70) member 1 like,P34931,uniprot_swissprot,9606
uniprot:Q6UXS9,ENSG00000204403,CASP12,caspase 12 (gene/pseudogene),Q6UXS9,uniprot_swissprot,9606
uniprot:Q9P267,ENSG00000204406,MBD5,methyl-cpg binding domain protein 5,Q9P267,uniprot_swissprot,9606
uniprot:P67870,ENSG00000204435,CSNK2B,casein kinase 2 beta,P67870,uniprot_swissprot,9606
uniprot:O95445,ENSG00000204444,APOM,apolipoprotein m,O95445,uniprot_swissprot,9606
uniprot:P55008,ENSG00000204472,AIF1,allograft inflammatory factor 1,P55008,uniprot_swissprot,9606
uniprot:Q9UBC1,ENSG00000204498,NFKBIL1,nfkb inhibitor like 1,Q9UBC1,uniprot_swissprot,9606
uniprot:Q29980,ENSG00000204516,MICB,mhc class i polypeptide-related sequence b,Q29980,uniprot_swissprot,9606
uniprot:A0A024RCL3,ENSG00000204520,MICA,mhc class i polypeptide-related sequence a,A0A024RCL3,uniprot_trembl,9606
uniprot:Q01860,ENSG00000204531,POU5F1,pou class 5 homeobox 1,Q01860,uniprot_swissprot,9606
uniprot:Q5J5C9,ENSG00000204548,DEFB121,defensin beta 121,Q5J5C9,uniprot_swissprot,9606
uniprot:Q96QC0,ENSG00000204569,PPP1R10,protein phosphatase 1 regulatory subunit 10,Q96QC0,uniprot_swissprot,9606
uniprot:Q08345,ENSG00000204580,DDR1,discoidin domain receptor tyrosine kinase 1,Q08345,uniprot_swissprot,9606
uniprot:Q5VIY5,ENSG00000204604,ZNF468,zinc finger protein 468,Q5VIY5,uniprot_swissprot,9606
uniprot:P63244,ENSG00000204628,RACK1,receptor for activated c kinase 1,P63244,uniprot_swissprot,9606
uniprot:P17693,ENSG00000204632,HLA-G,"major histocompatibility complex, class i, g",P17693,uniprot_swissprot,9606
uniprot:Q16653,ENSG00000204655,MOG,myelin oligodendrocyte glycoprotein,Q16653,uniprot_swissprot,9606
uniprot:Q5W0N0,ENSG00000204669,C9ORF57,chromosome 9 open reading frame 57,Q5W0N0,uniprot_swissprot,9606
uniprot:Q6EBC2,ENSG00000204671,IL31,interleukin 31,Q6EBC2,uniprot_swissprot,9606
uniprot:P14373,ENSG00000204713,TRIM27,tripartite motif containing 27,P14373,uniprot_swissprot,9606
uniprot:Q9H2T7,ENSG00000204764,RANBP17,ran binding protein 17,Q9H2T7,uniprot_swissprot,9606
uniprot:Q99700,ENSG00000204842,ATXN2,ataxin 2,Q99700,uniprot_swissprot,9606
uniprot:Q14203,ENSG00000204843,DCTN1,dynactin subunit 1,Q14203,uniprot_swissprot,9606
uniprot:Q6UWQ7,ENSG00000204866,IGFL2,igf like family member 2,Q6UWQ7,uniprot_swissprot,9606
uniprot:Q99678,ENSG00000204882,GPR20,g protein-coupled receptor 20,Q99678,uniprot_swissprot,9606
uniprot:Q5DT21,ENSG00000204909,SPINK9,serine peptidase inhibitor kazal type 9,Q5DT21,uniprot_swissprot,9606
uniprot:Q8N6Q3,ENSG00000204936,CD177,cd177 molecule,Q8N6Q3,uniprot_swissprot,9606
uniprot:A6NIK2,ENSG00000204950,LRRC10B,leucine rich repeat containing 10b,A6NIK2,uniprot_swissprot,9606
uniprot:Q5MNV8,ENSG00000204952,FBXO47,f-box protein 47,Q5MNV8,uniprot_swissprot,9606
uniprot:O60858,ENSG00000204977,TRIM13,tripartite motif containing 13,O60858,uniprot_swissprot,9606
uniprot:Q4LEZ3,ENSG00000205002,AARD,alanine and arginine rich domain containing protein,Q4LEZ3,uniprot_swissprot,9606
uniprot:Q86WI1,ENSG00000205038,PKHD1L1,pkhd1 like 1,Q86WI1,uniprot_swissprot,9606
uniprot:P47929,ENSG00000205076,LGALS7,galectin 7,P47929,uniprot_swissprot,9606
uniprot:A8MT33,ENSG00000205078,SYCE1L,synaptonemal complex central element protein 1 like,A8MT33,uniprot_swissprot,9606
uniprot:Q6NXP2,ENSG00000205085,GARIN1A,golgi associated rab2 interactor 1a,Q6NXP2,uniprot_swissprot,9606
uniprot:Q6ZMN8,ENSG00000205089,CCNI2,cyclin i family member 2,Q6ZMN8,uniprot_swissprot,9606
uniprot:Q5SV17,ENSG00000205090,TMEM240,transmembrane protein 240,Q5SV17,uniprot_swissprot,9606
uniprot:Q9NZ42,ENSG00000205155,PSENEN,"presenilin enhancer, gamma-secretase subunit",Q9NZ42,uniprot_swissprot,9606
uniprot:Q96DT7,ENSG00000205189,ZBTB10,zinc finger and btb domain containing 10,Q96DT7,uniprot_swissprot,9606
uniprot:Q9BXB1,ENSG00000205213,LGR4,leucine rich repeat containing g protein-coupled receptor 4,Q9BXB1,uniprot_swissprot,9606
uniprot:P40306,ENSG00000205220,PSMB10,proteasome 20s subunit beta 10,P40306,uniprot_swissprot,9606
uniprot:Q16254,ENSG00000205250,E2F4,e2f transcription factor 4,Q16254,uniprot_swissprot,9606
uniprot:Q13946,ENSG00000205268,PDE7A,phosphodiesterase 7a,Q13946,uniprot_swissprot,9606
uniprot:Q5T4T1,ENSG00000205269,TMEM170B,transmembrane protein 170b,Q5T4T1,uniprot_swissprot,9606
uniprot:O60749,ENSG00000205302,SNX2,sorting nexin 2,O60749,uniprot_swissprot,9606
uniprot:O95373,ENSG00000205339,IPO7,importin 7,O95373,uniprot_swissprot,9606
uniprot:Q7Z6L1,ENSG00000205356,TECPR1,tectonin beta-propeller repeat containing 1,Q7Z6L1,uniprot_swissprot,9606
uniprot:Q86UG4,ENSG00000205359,SLCO6A1,solute carrier organic anion transporter family member 6a1,Q86UG4,uniprot_swissprot,9606
uniprot:Q17RC7,ENSG00000205436,EXOC3L4,exocyst complex component 3 like 4,Q17RC7,uniprot_swissprot,9606
uniprot:Q5VZ72,ENSG00000205442,IZUMO3,izumo family member 3,Q5VZ72,uniprot_swissprot,9606
uniprot:P0DV79,ENSG00000205482,SPDYE18,speedy/ringo cell cycle regulator family member e18,P0DV79,uniprot_swissprot,9606
uniprot:A6NLJ0,ENSG00000205502,C2CD4B,c2 calcium dependent domain containing 4b,A6NLJ0,uniprot_swissprot,9606
uniprot:Q3MIN7,ENSG00000205517,RGL3,ral guanine nucleotide dissociation stimulator like 3,Q3MIN7,uniprot_swissprot,9606
uniprot:P62328,ENSG00000205542,TMSB4X,thymosin beta 4 x-linked,P62328,uniprot_swissprot,9606
ensembl:ENSG00000205592,ENSG00000205592,MUC19,"mucin 19, oligomeric (gene/pseudogene)",,,9606
uniprot:Q9UIC8,ENSG00000205629,LCMT1,leucine carboxyl methyltransferase 1,Q9UIC8,uniprot_swissprot,9606
uniprot:P58511,ENSG00000205670,SMIM11,small integral membrane protein 11,P58511,uniprot_swissprot,9606
uniprot:Q92784,ENSG00000205683,DPF3,double phd fingers 3,Q92784,uniprot_swissprot,9606
uniprot:A6NHS7,ENSG00000205693,MANSC4,mansc domain containing 4,A6NHS7,uniprot_swissprot,9606
uniprot:Q15811,ENSG00000205726,ITSN1,intersectin 1,Q15811,uniprot_swissprot,9606
uniprot:Q9HC73,ENSG00000205755,CRLF2,cytokine receptor like factor 2,Q9HC73,uniprot_swissprot,9606
uniprot:A6NCL1,ENSG00000205835,GMNC,geminin coiled-coil domain containing,A6NCL1,uniprot_swissprot,9606
uniprot:Q6L8G9,ENSG00000205864,KRTAP5-6,keratin associated protein 5-6,Q6L8G9,uniprot_swissprot,9606
uniprot:Q30KP8,ENSG00000205884,DEFB136,defensin beta 136,Q30KP8,uniprot_swissprot,9606
uniprot:A6NFI3,ENSG00000205903,ZNF316,zinc finger protein 316,A6NFI3,uniprot_swissprot,9606
uniprot:Q13516,ENSG00000205927,OLIG2,oligodendrocyte transcription factor 2,Q13516,uniprot_swissprot,9606
uniprot:Q9P2P1,ENSG00000205978,NYNRIN,nyn domain and retroviral integrase containing,Q9P2P1,uniprot_swissprot,9606
uniprot:Q6ICI0,ENSG00000206069,LHFPL7,lhfpl tetraspan subfamily member 7,Q6ICI0,uniprot_swissprot,9606
uniprot:P36952,ENSG00000206075,SERPINB5,serpin family b member 5,P36952,uniprot_swissprot,9606
ensembl:ENSG00000206195,ENSG00000206195,DUXAP8,double homeobox a pseudogene 8,,,9606
uniprot:A0A3B3ITT1,ENSG00000206418,RAB12,"rab12, member ras oncogene family",A0A3B3ITT1,uniprot_trembl,9606
uniprot:P04439,ENSG00000206503,HLA-A,"major histocompatibility complex, class i, a",P04439,uniprot_swissprot,9606
uniprot:Q6Y1H2,ENSG00000206527,HACD2,3-hydroxyacyl-coa dehydratase 2,Q6Y1H2,uniprot_swissprot,9606
uniprot:Q96MT7,ENSG00000206530,CFAP44,cilia and flagella associated protein 44,Q96MT7,uniprot_swissprot,9606
uniprot:A8MV65,ENSG00000206538,VGLL3,vestigial like family member 3,A8MV65,uniprot_swissprot,9606
uniprot:Q504Y3,ENSG00000206559,ZCWPW2,zinc finger cw-type and pwwp domain containing 2,Q504Y3,uniprot_swissprot,9606
uniprot:O15084,ENSG00000206560,ANKRD28,ankyrin repeat domain 28,O15084,uniprot_swissprot,9606
uniprot:Q9Y215,ENSG00000206561,COLQ,collagen like tail subunit of asymmetric acetylcholinesterase,Q9Y215,uniprot_swissprot,9606
uniprot:Q8TCB7,ENSG00000206562,METTL6,"methyltransferase 6, trna n3-cytidine",Q8TCB7,uniprot_swissprot,9606
uniprot:Q5GH76,ENSG00000206579,XKR4,xk related 4,Q5GH76,uniprot_swissprot,9606
uniprot:P22352,ENSG00000211445,GPX3,glutathione peroxidase 3,P22352,uniprot_swissprot,9606
uniprot:Q92813,ENSG00000211448,DIO2,iodothyronine deiodinase 2,Q92813,uniprot_swissprot,9606
uniprot:Q9Y2H1,ENSG00000211455,STK38L,serine/threonine kinase 38 like,Q9Y2H1,uniprot_swissprot,9606
uniprot:Q6P1K1,ENSG00000211584,SLC48A1,solute carrier family 48 member 1,Q6P1K1,uniprot_swissprot,9606
uniprot:P01854,ENSG00000211891,IGHE,immunoglobulin heavy constant epsilon,P01854,uniprot_swissprot,9606
uniprot:P01857,ENSG00000211896,IGHG1,immunoglobulin heavy constant gamma 1 (g1m marker),P01857,uniprot_swissprot,9606
uniprot:Q96RT6,ENSG00000212710,CTAGE1,cutaneous t cell lymphoma-associated antigen 1,Q96RT6,uniprot_swissprot,9606
uniprot:P03901,ENSG00000212907,MT-ND4L,mitochondrially encoded nadh:ubiquinone oxidoreductase core subunit 4l,P03901,uniprot_swissprot,9606
uniprot:P60369,ENSG00000212935,KRTAP10-3,keratin associated protein 10-3,P60369,uniprot_swissprot,9606
uniprot:Q06416,ENSG00000212993,POU5F1B,pou class 5 homeobox 1b,Q06416,uniprot_swissprot,9606
ensembl:ENSG00000213005,ENSG00000213005,PTTG3P,"pituitary tumor-transforming 3, pseudogene",,,9606
uniprot:P37198,ENSG00000213024,NUP62,nucleoporin 62,P37198,uniprot_swissprot,9606
uniprot:Q6P3S1,ENSG00000213047,DENND1B,denn domain containing 1b,Q6P3S1,uniprot_swissprot,9606
uniprot:O95562,ENSG00000213064,SFT2D2,sft2 domain containing 2,O95562,uniprot_swissprot,9606
uniprot:O95684,ENSG00000213066,CEP43,centrosomal protein 43,O95684,uniprot_swissprot,9606
uniprot:Q9UPN6,ENSG00000213079,SCAF8,sr-related ctd associated factor 8,Q9UPN6,uniprot_swissprot,9606
uniprot:Q16570,ENSG00000213088,ACKR1,atypical chemokine receptor 1 (duffy blood group),Q16570,uniprot_swissprot,9606
uniprot:Q6UY18,ENSG00000213171,LINGO4,leucine rich repeat and ig domain containing 4,Q6UY18,uniprot_swissprot,9606
uniprot:Q8IWR1,ENSG00000213186,TRIM59,tripartite motif containing 59,Q8IWR1,uniprot_swissprot,9606
uniprot:Q13015,ENSG00000213190,MLLT11,mllt11 transcription factor 7 cofactor,Q13015,uniprot_swissprot,9606
uniprot:Q8WWP7,ENSG00000213203,GIMAP1,"gtpase, imap family member 1",Q8WWP7,uniprot_swissprot,9606
uniprot:Q5SXM8,ENSG00000213221,DNLZ,dnl-type zinc finger,Q5SXM8,uniprot_swissprot,9606
uniprot:P63272,ENSG00000213246,SUPT4H1,"spt4 homolog, dsif elongation factor subunit",P63272,uniprot_swissprot,9606
uniprot:P01111,ENSG00000213281,NRAS,"nras proto-oncogene, gtpase",P01111,uniprot_swissprot,9606
uniprot:O15111,ENSG00000213341,CHUK,component of inhibitor of nuclear factor kappa b kinase complex,O15111,uniprot_swissprot,9606
uniprot:Q9BW11,ENSG00000213347,MXD3,max dimerization protein 3,Q9BW11,uniprot_swissprot,9606
uniprot:Q96MW5,ENSG00000213380,COG8,component of oligomeric golgi complex 8,Q96MW5,uniprot_swissprot,9606
uniprot:Q14CB8,ENSG00000213390,ARHGAP19,rho gtpase activating protein 19,Q14CB8,uniprot_swissprot,9606
uniprot:Q8N1A0,ENSG00000213424,KRT222,keratin 222,Q8N1A0,uniprot_swissprot,9606
uniprot:Q96FS4,ENSG00000213445,SIPA1,signal-induced proliferation-associated 1,Q96FS4,uniprot_swissprot,9606
uniprot:Q86TL2,ENSG00000213533,STIMATE,stim activating enhancer,Q86TL2,uniprot_swissprot,9606
uniprot:P21796,ENSG00000213585,VDAC1,voltage dependent anion channel 1,P21796,uniprot_swissprot,9606
uniprot:Q96C00,ENSG00000213588,ZBTB9,zinc finger and btb domain containing 9,Q96C00,uniprot_swissprot,9606
uniprot:P06865,ENSG00000213614,HEXA,hexosaminidase subunit alpha,P06865,uniprot_swissprot,9606
uniprot:O75489,ENSG00000213619,NDUFS3,nadh:ubiquinone oxidoreductase core subunit s3,O75489,uniprot_swissprot,9606
uniprot:O15243,ENSG00000213625,LEPROT,leptin receptor overlapping transcript,O15243,uniprot_swissprot,9606
uniprot:Q53QV2,ENSG00000213626,LBH,lbh regulator of wnt signaling pathway,Q53QV2,uniprot_swissprot,9606
uniprot:P62140,ENSG00000213639,PPP1CB,protein phosphatase 1 catalytic subunit beta,P62140,uniprot_swissprot,9606
uniprot:O43561,ENSG00000213658,LAT,linker for activation of t cells,O43561,uniprot_swissprot,9606
uniprot:Q9NZQ3,ENSG00000213672,NCKIPSD,nck interacting protein with sh3 domain,Q9NZQ3,uniprot_swissprot,9606
uniprot:P62273,ENSG00000213741,RPS29,ribosomal protein s29,P62273,uniprot_swissprot,9606
uniprot:O95670,ENSG00000213760,ATP6V1G2,atpase h+ transporting v1 subunit g2,O95670,uniprot_swissprot,9606
uniprot:P26718,ENSG00000213809,KLRK1,killer cell lectin like receptor k1,P26718,uniprot_swissprot,9606
uniprot:O15205,ENSG00000213886,UBD,ubiquitin like modifier d,O15205,uniprot_swissprot,9606
uniprot:Q2WEN9,ENSG00000213892,CEACAM16,"cea cell adhesion molecule 16, tectorial membrane component",Q2WEN9,uniprot_swissprot,9606
uniprot:Q15722,ENSG00000213903,LTB4R,leukotriene b4 receptor,Q15722,uniprot_swissprot,9606
uniprot:Q9NPC1,ENSG00000213906,LTB4R2,leukotriene b4 receptor 2,Q9NPC1,uniprot_swissprot,9606
uniprot:P24855,ENSG00000213918,DNASE1,deoxyribonuclease 1,P24855,uniprot_swissprot,9606
uniprot:P56199,ENSG00000213949,ITGA1,integrin subunit alpha 1,P56199,uniprot_swissprot,9606
uniprot:Q9BZW4,ENSG00000213996,TM6SF2,transmembrane 6 superfamily member 2,Q9BZW4,uniprot_swissprot,9606
uniprot:Q8TET4,ENSG00000214013,GANC,"glucosidase alpha, neutral c",Q8TET4,uniprot_swissprot,9606
uniprot:A8MT65,ENSG00000214029,ZNF891,zinc finger protein 891,A8MT65,uniprot_swissprot,9606
uniprot:Q9BQ49,ENSG00000214046,SMIM7,small integral membrane protein 7,Q9BQ49,uniprot_swissprot,9606
ensembl:ENSG00000214049,ENSG00000214049,UCA1,urothelial cancer associated 1,,,9606
uniprot:Q99829,ENSG00000214078,CPNE1,copine 1,Q99829,uniprot_swissprot,9606
uniprot:Q147U7,ENSG00000214097,SMCO1,single-pass membrane protein with coiled-coil domains 1,Q147U7,uniprot_swissprot,9606
uniprot:Q92685,ENSG00000214160,ALG3,"alg3 alpha-1,3- mannosyltransferase",Q92685,uniprot_swissprot,9606
uniprot:A4FU49,ENSG00000214193,MNMIP1,manchette microtubule inner protein 1,A4FU49,uniprot_swissprot,9606
uniprot:A8MVS5,ENSG00000214212,C19ORF38,chromosome 19 open reading frame 38,A8MVS5,uniprot_swissprot,9606
uniprot:Q1A5X6,ENSG00000214216,IQCJ,iq motif containing j,Q1A5X6,uniprot_swissprot,9606
uniprot:A8K830,ENSG00000214290,POU2AF3,pou class 2 homeobox associating factor 3,A8K830,uniprot_swissprot,9606
uniprot:A8MQ27,ENSG00000214357,NEURL1B,neuralized e3 ubiquitin protein ligase 1b,A8MQ27,uniprot_swissprot,9606
uniprot:Q68CZ6,ENSG00000214367,HAUS3,haus augmin like complex subunit 3,Q68CZ6,uniprot_swissprot,9606
uniprot:A8MTZ0,ENSG00000214413,BBIP1,bbsome interacting protein 1,A8MTZ0,uniprot_swissprot,9606
uniprot:A8MTJ3,ENSG00000214415,GNAT3,g protein subunit alpha transducin 3,A8MTJ3,uniprot_swissprot,9606
uniprot:Q9HBK9,ENSG00000214435,AS3MT,arsenite methyltransferase,Q9HBK9,uniprot_swissprot,9606
uniprot:Q00G26,ENSG00000214456,PLIN5,perilipin 5,Q00G26,uniprot_swissprot,9606
uniprot:Q9Y365,ENSG00000214530,STARD10,star related lipid transfer domain containing 10,Q9Y365,uniprot_swissprot,9606
ensembl:ENSG00000214548,ENSG00000214548,MEG3,maternally expressed 3,,,9606
uniprot:P0DQW0,ENSG00000214558,ZC3H11C,zinc finger ccch-type containing 11c,P0DQW0,uniprot_swissprot,9606
uniprot:Q5VT03,ENSG00000214562,NUTM2D,nut family member 2d,Q5VT03,uniprot_swissprot,9606
uniprot:Q9BZB8,ENSG00000214575,CPEB1,cytoplasmic polyadenylation element binding protein 1,Q9BZB8,uniprot_swissprot,9606
uniprot:Q6ZMW3,ENSG00000214595,EML6,emap like 6,Q6ZMW3,uniprot_swissprot,9606
uniprot:Q96PG1,ENSG00000214787,MS4A4E,membrane spanning 4-domains a4e,Q96PG1,uniprot_swissprot,9606
uniprot:Q2WGJ9,ENSG00000214814,FER1L6,fer-1 like family member 6,Q2WGJ9,uniprot_swissprot,9606
uniprot:P56278,ENSG00000214827,MTCP1,mature t cell proliferation 1,P56278,uniprot_swissprot,9606
uniprot:Q09MP3,ENSG00000214842,RAD51AP2,rad51 associated protein 2,Q09MP3,uniprot_swissprot,9606
uniprot:A6NLI5,ENSG00000214891,TRIM64C,tripartite motif containing 64c,A6NLI5,uniprot_swissprot,9606
uniprot:Q6ZQQ2,ENSG00000214929,SPATA31D1,spata31 subfamily d member 1,Q6ZQQ2,uniprot_swissprot,9606
uniprot:Q19AV6,ENSG00000214941,ZSWIM7,zinc finger swim-type containing 7,Q19AV6,uniprot_swissprot,9606
uniprot:A4D126,ENSG00000214960,CRPPA,cdp-l-ribitol pyrophosphorylase a,A4D126,uniprot_swissprot,9606
uniprot:Q2UY09,ENSG00000215018,COL28A1,collagen type xxviii alpha 1 chain,Q2UY09,uniprot_swissprot,9606
uniprot:Q99623,ENSG00000215021,PHB2,prohibitin 2,Q99623,uniprot_swissprot,9606
uniprot:A4D2P6,ENSG00000215045,GRID2IP,grid2 interacting protein,A4D2P6,uniprot_swissprot,9606
uniprot:P98088,ENSG00000215182,MUC5AC,"mucin 5ac, oligomeric mucus/gel-forming",P98088,uniprot_swissprot,9606
uniprot:A8MYU2,ENSG00000215262,KCNU1,potassium calcium-activated channel subfamily u member 1,A8MYU2,uniprot_swissprot,9606
uniprot:O00571,ENSG00000215301,DDX3X,dead-box helicase 3 x-linked,O00571,uniprot_swissprot,9606
uniprot:Q02045,ENSG00000215375,MYL5,myosin light chain 5,Q02045,uniprot_swissprot,9606
uniprot:Q2VWA4,ENSG00000215474,SKOR2,ski family transcriptional corepressor 2,Q2VWA4,uniprot_swissprot,9606
uniprot:P47871,ENSG00000215644,GCGR,glucagon receptor,P47871,uniprot_swissprot,9606
uniprot:A0A1B0GTU1,ENSG00000215817,ZC3H11B,zinc finger ccch-type containing 11b,A0A1B0GTU1,uniprot_swissprot,9606
uniprot:Q5SNV9,ENSG00000215910,C1ORF167,chromosome 1 open reading frame 167,Q5SNV9,uniprot_swissprot,9606
uniprot:A8MYJ7,ENSG00000215912,TTC34,tetratricopeptide repeat domain 34,A8MYJ7,uniprot_swissprot,9606
uniprot:P13284,ENSG00000216490,IFI30,ifi30 lysosomal thiol reductase,P13284,uniprot_swissprot,9606
uniprot:Q96M83,ENSG00000216937,CCDC7,coiled-coil domain containing 7,Q96M83,uniprot_swissprot,9606
uniprot:Q8TF40,ENSG00000217128,FNIP1,folliculin interacting protein 1,Q8TF40,uniprot_swissprot,9606
uniprot:P0CG40,ENSG00000217236,SP9,sp9 transcription factor,P0CG40,uniprot_swissprot,9606
uniprot:Q9Y3D7,ENSG00000217930,PAM16,presequence translocase associated motor 16,Q9Y3D7,uniprot_swissprot,9606
uniprot:A4D256,ENSG00000218305,CDC14C,cell division cycle 14c,A4D256,uniprot_swissprot,9606
uniprot:Q9P273,ENSG00000218336,TENM3,teneurin transmembrane protein 3,Q9P273,uniprot_swissprot,9606
uniprot:A8MTT3,ENSG00000218739,CEBPZOS,cebpz opposite strand,A8MTT3,uniprot_swissprot,9606
uniprot:B5MCY1,ENSG00000218819,TDRD15,tudor domain containing 15,B5MCY1,uniprot_swissprot,9606
uniprot:Q8NAF0,ENSG00000218891,ZNF579,zinc finger protein 579,Q8NAF0,uniprot_swissprot,9606
uniprot:P08861,ENSG00000219073,CELA3B,chymotrypsin like elastase 3b,P08861,uniprot_swissprot,9606
uniprot:Q7Z5A7,ENSG00000219438,TAFA5,tafa chemokine like family member 5,Q7Z5A7,uniprot_swissprot,9606
uniprot:C9J7I0,ENSG00000219545,UMAD1,ubap1-mvb12-associated (uma) domain containing 1,C9J7I0,uniprot_swissprot,9606
uniprot:P0C6A0,ENSG00000220201,ZGLP1,zinc finger gata like protein 1,P0C6A0,uniprot_swissprot,9606
uniprot:Q9HAK2,ENSG00000221818,EBF2,ebf transcription factor 2,Q9HAK2,uniprot_swissprot,9606
uniprot:P63098,ENSG00000221823,PPP3R1,"protein phosphatase 3 regulatory subunit b, alpha",P63098,uniprot_swissprot,9606
uniprot:O15287,ENSG00000221829,FANCG,fa complementation group g,O15287,uniprot_swissprot,9606
uniprot:Q8NH83,ENSG00000221840,OR4A5,olfactory receptor family 4 subfamily a member 5,Q8NH83,uniprot_swissprot,9606
uniprot:C9JG08,ENSG00000221843,SPATA31H1,spata31 subfamily h member 1,C9JG08,uniprot_trembl,9606
uniprot:Q9HCM2,ENSG00000221866,PLXNA4,plexin a4,Q9HCM2,uniprot_swissprot,9606
uniprot:P49716,ENSG00000221869,CEBPD,ccaat enhancer binding protein delta,P49716,uniprot_swissprot,9606
uniprot:Q8N7R1,ENSG00000221900,POM121L12,pom121 transmembrane nucleoporin like 12,Q8N7R1,uniprot_swissprot,9606
uniprot:P63151,ENSG00000221914,PPP2R2A,protein phosphatase 2 regulatory subunit balpha,P63151,uniprot_swissprot,9606
uniprot:Q6PDB4,ENSG00000221923,ZNF880,zinc finger protein 880,Q6PDB4,uniprot_swissprot,9606
uniprot:Q5GH70,ENSG00000221947,XKR9,xk related 9,Q5GH70,uniprot_swissprot,9606
uniprot:Q96R67,ENSG00000221954,OR4C12,olfactory receptor family 4 subfamily c member 12,Q96R67,uniprot_swissprot,9606
uniprot:A0AV02,ENSG00000221955,SLC12A8,solute carrier family 12 member 8,A0AV02,uniprot_swissprot,9606
uniprot:Q9Y5Q0,ENSG00000221968,FADS3,fatty acid desaturase 3,Q9Y5Q0,uniprot_swissprot,9606
uniprot:Q8N0U4,ENSG00000222011,FAM185A,family with sequence similarity 185 member a,Q8N0U4,uniprot_swissprot,9606
uniprot:Q9H0N0,ENSG00000222014,RAB6C,"rab6c, member ras oncogene family",Q9H0N0,uniprot_swissprot,9606
uniprot:A5LHX3,ENSG00000222028,PSMB11,proteasome subunit beta 11,A5LHX3,uniprot_swissprot,9606
ensembl:ENSG00000222041,ENSG00000222041,CYTOR,cytoskeleton regulator rna,,,9606
uniprot:Q6R6M4,ENSG00000223443,USP17L2,ubiquitin specific peptidase 17 like family member 2,Q6R6M4,uniprot_swissprot,9606
uniprot:A0A2R8Y7D0,ENSG00000223573,TINCR,tincr ubiquitin domain containing,A0A2R8Y7D0,uniprot_swissprot,9606
uniprot:P0CF75,ENSG00000223601,EBLN1,endogenous bornavirus like nucleoprotein 1,P0CF75,uniprot_swissprot,9606
uniprot:P04440,ENSG00000223865,HLA-DPB1,"major histocompatibility complex, class ii, dp beta 1",P04440,uniprot_swissprot,9606
ensembl:ENSG00000224078,ENSG00000224078,SNHG14,small nucleolar rna host gene 14,,,9606
ensembl:ENSG00000224189,ENSG00000224189,HAGLR,hoxd antisense growth-associated long non-coding rna,,,9606
ensembl:ENSG00000224259,ENSG00000224259,LINC01133,long independently transcribed non-coding rna 1133,,,9606
uniprot:C9JUS6,ENSG00000224420,ADM5,adrenomedullin 5 (putative),C9JUS6,uniprot_swissprot,9606
uniprot:A0A2R8Y4L2,ENSG00000224578,HNRNPA1L3,heterogeneous nuclear ribonucleoprotein a1 like 3,A0A2R8Y4L2,uniprot_swissprot,9606
uniprot:A1L188,ENSG00000224877,NDUFAF8,nadh:ubiquinone oxidoreductase complex assembly factor 8,A1L188,uniprot_swissprot,9606
uniprot:Q96JG9,ENSG00000225614,ZNF469,zinc finger protein 469,Q96JG9,uniprot_swissprot,9606
ensembl:ENSG00000225783,ENSG00000225783,MIAT,myocardial infarction associated transcript,,,9606
uniprot:P0DP91,ENSG00000225830,ERCC6,"ercc excision repair 6, chromatin remodeling factor",P0DP91,uniprot_swissprot,9606
uniprot:Q9UMY1,ENSG00000225921,NOL7,nucleolar protein 7,Q9UMY1,uniprot_swissprot,9606
uniprot:P0C7U0,ENSG00000225968,ELFN1,extracellular leucine rich repeat and fibronectin type iii domain containing 1,P0C7U0,uniprot_swissprot,9606
ensembl:ENSG00000225997,ENSG00000225997,OR4A8,olfactory receptor family 4 subfamily a member 8 (gene/pseudogene),,,9606
ensembl:ENSG00000226363,ENSG00000226363,HAGLROS,haglr opposite strand lncrna,,,9606
uniprot:Q9H7F4,ENSG00000226479,TMEM185B,transmembrane protein 185b,Q9H7F4,uniprot_swissprot,9606
uniprot:A0A1B0GVB3,ENSG00000226690,C7ORF78,chromosome 7 open reading frame 78,A0A1B0GVB3,uniprot_swissprot,9606
ensembl:ENSG00000226777,ENSG00000226777,FAM30A,family with sequence similarity 30 member a,,,9606
uniprot:E5RFU7,ENSG00000226807,MROH5,maestro heat like repeat family member 5 (gene/pseudogene),E5RFU7,uniprot_trembl,9606
ensembl:ENSG00000226950,ENSG00000226950,DANCR,differentiation antagonizing non-protein coding rna,,,9606
uniprot:P01374,ENSG00000226979,LTA,lymphotoxin alpha,P01374,uniprot_swissprot,9606
ensembl:ENSG00000227036,ENSG00000227036,LINC00511,long independently transcribed non-coding rna 511,,,9606
uniprot:Q9BY31,ENSG00000227124,ZNF717,zinc finger protein 717,Q9BY31,uniprot_swissprot,9606
uniprot:B2CW77,ENSG00000227268,KLLN,"killin, p53 regulated dna replication inhibitor",B2CW77,uniprot_swissprot,9606
uniprot:Q86W56,ENSG00000227345,PARG,poly(adp-ribose) glycohydrolase,Q86W56,uniprot_swissprot,9606
uniprot:C9JRZ8,ENSG00000227471,AKR1B15,aldo-keto reductase family 1 member b15,C9JRZ8,uniprot_swissprot,9606
uniprot:Q06643,ENSG00000227507,LTB,lymphotoxin beta,Q06643,uniprot_swissprot,9606
uniprot:Q8IYS8,ENSG00000228075,BOD1L2,biorientation of chromosomes in cell division 1 like 2,Q8IYS8,uniprot_swissprot,9606
ensembl:ENSG00000228288,ENSG00000228288,PCAT6,prostate cancer associated transcript 6,,,9606
ensembl:ENSG00000228630,ENSG00000228630,HOTAIR,hox transcript antisense rna,,,9606
ensembl:ENSG00000228705,ENSG00000228705,LINC00659,long independently transcribed non-coding rna 659,,,9606
uniprot:P00374,ENSG00000228716,DHFR,dihydrofolate reductase,P00374,uniprot_swissprot,9606
uniprot:P02763,ENSG00000229314,ORM1,orosomucoid 1,P02763,uniprot_swissprot,9606
uniprot:P0C7L1,ENSG00000229453,SPINK8,serine peptidase inhibitor kazal type 8 (putative),P0C7L1,uniprot_swissprot,9606
uniprot:Q9P255,ENSG00000229676,ZNF492,zinc finger protein 492,Q9P255,uniprot_swissprot,9606
ensembl:ENSG00000229807,ENSG00000229807,XIST,x inactive specific transcript,,,9606
uniprot:P0DJD8,ENSG00000229859,PGA3,pepsinogen a3,P0DJD8,uniprot_swissprot,9606
uniprot:P21108,ENSG00000229937,PRPS1L1,phosphoribosyl pyrophosphate synthetase 1 like 1,P21108,uniprot_swissprot,9606
uniprot:Q9BR61,ENSG00000230124,ACBD6,acyl-coa binding domain containing 6,Q9BR61,uniprot_swissprot,9606
uniprot:A0A1W2PR75,ENSG00000230268,SSU72L6,ssu72 like 6,A0A1W2PR75,uniprot_swissprot,9606
ensembl:ENSG00000230590,ENSG00000230590,FTX,"ftx transcript, xist regulator",,,9606
uniprot:H3BQB6,ENSG00000230873,STMND1,stathmin domain containing 1,H3BQB6,uniprot_swissprot,9606
uniprot:Q6NXS1,ENSG00000231989,PPP1R2B,ppp1r2 family member b,Q6NXS1,uniprot_swissprot,9606
uniprot:Q9ULC4,ENSG00000232119,MCTS1,mcts1 re-initiation and release factor,Q9ULC4,uniprot_swissprot,9606
uniprot:B3SHH9,ENSG00000232258,TMEM114,transmembrane protein 114,B3SHH9,uniprot_swissprot,9606
ensembl:ENSG00000232677,ENSG00000232677,LINC00665,long independently transcribed non-coding rna 665,,,9606
uniprot:P01375,ENSG00000232810,TNF,tumor necrosis factor,P01375,uniprot_swissprot,9606
ensembl:ENSG00000232956,ENSG00000232956,SNHG15,small nucleolar rna host gene 15,,,9606
ensembl:ENSG00000233016,ENSG00000233016,SNHG7,small nucleolar rna host gene 7,,,9606
uniprot:C9JFL3,ENSG00000233041,PHGR1,"proline, histidine and glycine rich 1",C9JFL3,uniprot_swissprot,9606
uniprot:M5A8F1,ENSG00000233056,ERVH48-1,"endogenous retrovirus group 48 member 1, envelope",M5A8F1,uniprot_swissprot,9606
uniprot:P07203,ENSG00000233276,GPX1,glutathione peroxidase 1,P07203,uniprot_swissprot,9606
uniprot:A0A8I5KW96,ENSG00000233381,AK4P3,adenylate kinase 4 pseudogene 3,A0A8I5KW96,uniprot_trembl,9606
ensembl:ENSG00000233532,ENSG00000233532,LINC00460,long independently transcribed non-coding rna 460,,,9606
uniprot:Q8WVJ9,ENSG00000233608,TWIST2,twist family bhlh transcription factor 2,Q8WVJ9,uniprot_swissprot,9606
uniprot:Q99877,ENSG00000233822,H2BC15,h2b clustered histone 15,Q99877,uniprot_swissprot,9606
uniprot:B2RXF0,ENSG00000234224,TMEM229A,transmembrane protein 229a,B2RXF0,uniprot_swissprot,9606
uniprot:P57053,ENSG00000234289,H2BC12L,h2b clustered histone 12 like,P57053,uniprot_swissprot,9606
uniprot:Q5BKY9,ENSG00000234545,FAM133B,family with sequence similarity 133 member b,Q5BKY9,uniprot_swissprot,9606
uniprot:O75564,ENSG00000234616,JRK,jrk helix-turn-helix protein,O75564,uniprot_swissprot,9606
ensembl:ENSG00000234741,ENSG00000234741,GAS5,growth arrest specific 5,,,9606
uniprot:A0A1B0GVH7,ENSG00000234828,IQCM,iq motif containing m,A0A1B0GVH7,uniprot_swissprot,9606
uniprot:P02655,ENSG00000234906,APOC2,apolipoprotein c2,P02655,uniprot_swissprot,9606
uniprot:A0A1B0GUI7,ENSG00000235106,BRD3OS,brd3 opposite strand,A0A1B0GUI7,uniprot_swissprot,9606
uniprot:Q9BTY7,ENSG00000235173,HGH1,hgh1 cochaperone,Q9BTY7,uniprot_swissprot,9606
uniprot:B2RXH2,ENSG00000235268,KDM4E,lysine demethylase 4e,B2RXH2,uniprot_swissprot,9606
uniprot:Q15270,ENSG00000235608,NKX1-1,nk1 homeobox 1,Q15270,uniprot_swissprot,9606
uniprot:Q15053,ENSG00000235750,KIAA0040,kiaa0040,Q15053,uniprot_swissprot,9606
uniprot:P0C7M8,ENSG00000236279,CLEC2L,c-type lectin domain family 2 member l,P0C7M8,uniprot_swissprot,9606
uniprot:P0C7Q5,ENSG00000236396,SLC35G4,solute carrier family 35 member g4,P0C7Q5,uniprot_swissprot,9606
uniprot:Q9NXL2,ENSG00000236699,ARHGEF38,rho guanine nucleotide exchange factor 38,Q9NXL2,uniprot_swissprot,9606
uniprot:P12532,ENSG00000237289,CKMT1B,"creatine kinase, mitochondrial 1b",P12532,uniprot_swissprot,9606
uniprot:A0A3B3IRQ3,ENSG00000237378,ENSG00000237378,novel keratin-associated protein,A0A3B3IRQ3,uniprot_trembl,9606
uniprot:Q6IF82,ENSG00000237388,OR4A47,olfactory receptor family 4 subfamily a member 47,Q6IF82,uniprot_swissprot,9606
uniprot:O15211,ENSG00000237441,RGL2,ral guanine nucleotide dissociation stimulator like 2,O15211,uniprot_swissprot,9606
uniprot:B4DS77,ENSG00000237515,SHISA9,shisa family member 9,B4DS77,uniprot_swissprot,9606
ensembl:ENSG00000237523,ENSG00000237523,LINC00857,long independently transcribed non-coding rna 857,,,9606
uniprot:A0A1B0GUA7,ENSG00000237524,TEX51,testis expressed 51,A0A1B0GUA7,uniprot_swissprot,9606
uniprot:P01906,ENSG00000237541,HLA-DQA2,"major histocompatibility complex, class ii, dq alpha 2",P01906,uniprot_swissprot,9606
uniprot:Q9BW19,ENSG00000237649,KIFC1,kinesin family member c1,Q9BW19,uniprot_swissprot,9606
uniprot:A8MZ97,ENSG00000237651,C2ORF74,chromosome 2 open reading frame 74,A8MZ97,uniprot_swissprot,9606
uniprot:A1A4Y4,ENSG00000237693,IRGM,immunity related gtpase m,A1A4Y4,uniprot_swissprot,9606
ensembl:ENSG00000237984,ENSG00000237984,PTENP1,phosphatase and tensin homolog pseudogene 1,,,9606
uniprot:Q8NBS9,ENSG00000239264,TXNDC5,thioredoxin domain containing 5,Q8NBS9,uniprot_swissprot,9606
ensembl:ENSG00000239268,ENSG00000239268,LINC03051,long independently transcribed non-coding rna 3051,,,9606
uniprot:Q8N801,ENSG00000239605,STPG4,sperm-tail pg-rich repeat containing 4,Q8N801,uniprot_swissprot,9606
uniprot:P15531,ENSG00000239672,NME1,nme/nm23 nucleoside diphosphate kinase 1,P15531,uniprot_swissprot,9606
uniprot:O43508,ENSG00000239697,TNFSF12,tnf superfamily member 12,O43508,uniprot_swissprot,9606
uniprot:Q8N9R6,ENSG00000239704,CDRT4,cmt1a duplicated region transcript 4,Q8N9R6,uniprot_swissprot,9606
uniprot:Q9NR96,ENSG00000239732,TLR9,toll like receptor 9,Q9NR96,uniprot_swissprot,9606
uniprot:Q96G27,ENSG00000239779,WBP1,ww domain binding protein 1,Q96G27,uniprot_swissprot,9606
uniprot:Q9Y2R5,ENSG00000239789,MRPS17,mitochondrial ribosomal protein s17,Q9Y2R5,uniprot_swissprot,9606
uniprot:P30566,ENSG00000239900,ADSL,adenylosuccinate lyase,P30566,uniprot_swissprot,9606
uniprot:Q5T0J7,ENSG00000240021,TEX35,testis expressed 35,Q5T0J7,uniprot_swissprot,9606
uniprot:P28065,ENSG00000240065,PSMB9,proteasome 20s subunit beta 9,P28065,uniprot_swissprot,9606
uniprot:P43630,ENSG00000240403,KIR3DL2,"killer cell immunoglobulin like receptor, three ig domains and long cytoplasmic tail 2",P43630,uniprot_swissprot,9606
ensembl:ENSG00000240498,ENSG00000240498,CDKN2B-AS1,cdkn2b and cdkn2a antisense cis and trans regulatory rna 1,,,9606
uniprot:O14836,ENSG00000240505,TNFRSF13B,tnf receptor superfamily member 13b,O14836,uniprot_swissprot,9606
uniprot:Q5T7N2,ENSG00000240563,L1TD1,line1 type transposase domain containing 1,Q5T7N2,uniprot_swissprot,9606
uniprot:P29972,ENSG00000240583,AQP1,aquaporin 1 (colton blood group),P29972,uniprot_swissprot,9606
uniprot:P0C862,ENSG00000240654,C1QTNF9,c1q and tnf related 9,P0C862,uniprot_swissprot,9606
uniprot:Q9UL42,ENSG00000240694,PNMA2,pnma family member 2,Q9UL42,uniprot_swissprot,9606
uniprot:A5PLL7,ENSG00000240849,PEDS1,plasmanylethanolamine desaturase 1,A5PLL7,uniprot_swissprot,9606
uniprot:Q9HBH5,ENSG00000240857,RDH14,retinol dehydrogenase 14,Q9HBH5,uniprot_swissprot,9606
uniprot:P14174,ENSG00000240972,MIF,macrophage migration inhibitory factor,P14174,uniprot_swissprot,9606
ensembl:ENSG00000241356,ENSG00000241356,OR5G3,olfactory receptor family 5 subfamily g member 3 (gene/pseudogene),,,9606
uniprot:Q8IX05,ENSG00000241399,CD302,cd302 molecule,Q8IX05,uniprot_swissprot,9606
uniprot:P85298,ENSG00000241484,ARHGAP8,rho gtpase activating protein 8,P85298,uniprot_swissprot,9606
uniprot:P59998,ENSG00000241553,ARPC4,actin related protein 2/3 complex subunit 4,P59998,uniprot_swissprot,9606
uniprot:P22309,ENSG00000241635,UGT1A1,udp glucuronosyltransferase family 1 member a1,P22309,uniprot_swissprot,9606
uniprot:Q8NAV2,ENSG00000241852,C8ORF58,chromosome 8 open reading frame 58,Q8NAV2,uniprot_swissprot,9606
uniprot:Q9UG56,ENSG00000241878,PISD,phosphatidylserine decarboxylase,Q9UG56,uniprot_swissprot,9606
uniprot:A0A1B0GVS7,ENSG00000242120,MDFIC2,myod family inhibitor domain containing 2,A0A1B0GVS7,uniprot_swissprot,9606
ensembl:ENSG00000242125,ENSG00000242125,SNHG3,small nucleolar rna host gene 3,,,9606
uniprot:P11465,ENSG00000242221,PSG2,pregnancy specific beta-1-glycoprotein 2,P11465,uniprot_swissprot,9606
uniprot:P02818,ENSG00000242252,BGLAP,bone gamma-carboxyglutamate protein,P02818,uniprot_swissprot,9606
uniprot:Q7Z6K5,ENSG00000242498,ARPIN,actin related protein 2/3 complex inhibitor,Q7Z6K5,uniprot_swissprot,9606
uniprot:P26441,ENSG00000242689,CNTF,ciliary neurotrophic factor,P26441,uniprot_swissprot,9606
uniprot:Q7RTU9,ENSG00000242866,STRC,stereocilin,Q7RTU9,uniprot_swissprot,9606
uniprot:O75394,ENSG00000243147,MRPL33,mitochondrial ribosomal protein l33,O75394,uniprot_swissprot,9606
uniprot:Q7RTP6,ENSG00000243156,MICAL3,"microtubule associated monooxygenase, calponin and lim domain containing 3",Q7RTP6,uniprot_swissprot,9606
uniprot:O60831,ENSG00000243279,PRAF2,pra1 domain family member 2,O60831,uniprot_swissprot,9606
uniprot:P04746,ENSG00000243480,AMY2A,amylase alpha 2a,P04746,uniprot_swissprot,9606
uniprot:O95407,ENSG00000243509,TNFRSF6B,tnf receptor superfamily member 6b,O95407,uniprot_swissprot,9606
uniprot:P00751,ENSG00000243649,CFB,complement factor b,P00751,uniprot_swissprot,9606
uniprot:Q96MX6,ENSG00000243667,DNAAF10,dynein axonemal assembly factor 10,Q96MX6,uniprot_swissprot,9606
uniprot:P0C869,ENSG00000243708,PLA2G4B,phospholipase a2 group ivb,P0C869,uniprot_swissprot,9606
ensembl:ENSG00000243766,ENSG00000243766,HOTTIP,hoxa distal transcript antisense rna,,,9606
uniprot:P0C870,ENSG00000243789,JMJD7,jumonji domain containing 7,P0C870,uniprot_swissprot,9606
uniprot:Q96AK3,ENSG00000243811,APOBEC3D,apolipoprotein b mrna editing enzyme catalytic subunit 3d,Q96AK3,uniprot_swissprot,9606
uniprot:Q96ME7,ENSG00000243943,ZNF512,zinc finger protein 512,Q96ME7,uniprot_swissprot,9606
uniprot:Q9Y697,ENSG00000244005,NFS1,nfs1 cysteine desulfurase,Q9Y697,uniprot_swissprot,9606
uniprot:P39656,ENSG00000244038,DDOST,dolichyl-diphosphooligosaccharide--protein glycosyltransferase non-catalytic subunit,P39656,uniprot_swissprot,9606
uniprot:Q8N511,ENSG00000244045,VMA12,vacuolar atpase assembly factor vma12,Q8N511,uniprot_swissprot,9606
uniprot:Q5T5A8,ENSG00000244057,LCE3C,late cornified envelope 3c,Q5T5A8,uniprot_swissprot,9606
uniprot:P09210,ENSG00000244067,GSTA2,glutathione s-transferase alpha 2,P09210,uniprot_swissprot,9606
uniprot:B4E1Z4,ENSG00000244255,ENSG00000244255,novel complement component 2 (c2) and complement factor b (cfb) protein,B4E1Z4,uniprot_trembl,9606
uniprot:Q9BQY9,ENSG00000244274,DBNDD2,dysbindin domain containing 2,Q9BQY9,uniprot_swissprot,9606
uniprot:O95868,ENSG00000244355,LY6G6D,lymphocyte antigen 6 family member g6d,O95868,uniprot_swissprot,9606
uniprot:P41161,ENSG00000244405,ETV5,ets variant transcription factor 5,P41161,uniprot_swissprot,9606
uniprot:Q9NRW3,ENSG00000244509,APOBEC3C,apolipoprotein b mrna editing enzyme catalytic subunit 3c,Q9NRW3,uniprot_swissprot,9606
uniprot:Q13404,ENSG00000244687,UBE2V1,ubiquitin conjugating enzyme e2 v1,Q13404,uniprot_swissprot,9606
uniprot:Q6ZW05,ENSG00000244694,PTCHD4,patched domain containing 4,Q6ZW05,uniprot_swissprot,9606
uniprot:P68871,ENSG00000244734,HBB,hemoglobin subunit beta,P68871,uniprot_swissprot,9606
uniprot:P43320,ENSG00000244752,CRYBB2,crystallin beta b2,P43320,uniprot_swissprot,9606
uniprot:Q92802,ENSG00000244754,N4BP2L2,nedd4 binding protein 2 like 2,Q92802,uniprot_swissprot,9606
ensembl:ENSG00000245532,ENSG00000245532,NEAT1,nuclear paraspeckle assembly transcript 1,,,9606
uniprot:Q52M93,ENSG00000245680,ZNF585B,zinc finger protein 585b,Q52M93,uniprot_swissprot,9606
ensembl:ENSG00000245694,ENSG00000245694,CRNDE,colorectal neoplasia differentially expressed,,,9606
uniprot:P49715,ENSG00000245848,CEBPA,ccaat enhancer binding protein alpha,P49715,uniprot_swissprot,9606
ensembl:ENSG00000245910,ENSG00000245910,SNHG6,small nucleolar rna host gene 6,,,9606
uniprot:Q9BTM1,ENSG00000246705,H2AJ,h2a.j histone,Q9BTM1,uniprot_swissprot,9606
uniprot:Q96GW9,ENSG00000247626,MARS2,"methionyl-trna synthetase 2, mitochondrial",Q96GW9,uniprot_swissprot,9606
uniprot:P00326,ENSG00000248144,ADH1C,"alcohol dehydrogenase 1c (class i), gamma polypeptide",P00326,uniprot_swissprot,9606
ensembl:ENSG00000248323,ENSG00000248323,LUCAT1,lung cancer associated transcript 1,,,9606
uniprot:P21127,ENSG00000248333,CDK11B,cyclin dependent kinase 11b,P21127,uniprot_swissprot,9606
ensembl:ENSG00000248360,ENSG00000248360,LINC00504,long independently transcribed non-coding rna 504,,,9606
uniprot:Q08043,ENSG00000248746,ACTN3,actinin alpha 3,Q08043,uniprot_swissprot,9606
uniprot:Q68DA7,ENSG00000248905,FMN1,formin 1,Q68DA7,uniprot_swissprot,9606
uniprot:B9EJG8,ENSG00000249242,TMEM150C,transmembrane protein 150c,B9EJG8,uniprot_swissprot,9606
ensembl:ENSG00000249395,ENSG00000249395,CASC9,cancer susceptibility 9,,,9606
ensembl:ENSG00000249550,ENSG00000249550,LINC01234,long independently transcribed non-coding rna 1234,,,9606
uniprot:A0PK11,ENSG00000249581,CLRN2,clarin 2,A0PK11,uniprot_swissprot,9606
uniprot:Q8IZT8,ENSG00000249853,HS3ST5,heparan sulfate-glucosamine 3-sulfotransferase 5,Q8IZT8,uniprot_swissprot,9606
ensembl:ENSG00000249859,ENSG00000249859,PVT1,pvt1 oncogene,,,9606
uniprot:O75340,ENSG00000249915,PDCD6,programmed cell death 6,O75340,uniprot_swissprot,9606
uniprot:Q9NZH5,ENSG00000250254,PTTG2,pituitary tumor-transforming 2,Q9NZH5,uniprot_swissprot,9606
uniprot:Q9P272,ENSG00000250305,TRMT9B,trna methyltransferase 9b (putative),Q9P272,uniprot_swissprot,9606
uniprot:Q8N5G0,ENSG00000250317,SMIM20,small integral membrane protein 20,Q8N5G0,uniprot_swissprot,9606
uniprot:P06028,ENSG00000250361,GYPB,glycophorin b (mns blood group),P06028,uniprot_swissprot,9606
uniprot:Q00526,ENSG00000250506,CDK3,cyclin dependent kinase 3,Q00526,uniprot_swissprot,9606
uniprot:P49908,ENSG00000250722,SELENOP,selenoprotein p,P49908,uniprot_swissprot,9606
uniprot:A0A1B0GTH9,ENSG00000250803,ZNF475,zinc finger protein 475,A0A1B0GTH9,uniprot_swissprot,9606
uniprot:A0A1B0GW35,ENSG00000250821,EXOC1L,exocyst complex component 1 like,A0A1B0GW35,uniprot_swissprot,9606
uniprot:P0DTF9,ENSG00000251154,PTTG1IP2,pttg1ip family member 2,P0DTF9,uniprot_swissprot,9606
uniprot:Q6ZWI9,ENSG00000251258,RFPL4B,ret finger protein like 4b,Q6ZWI9,uniprot_swissprot,9606
uniprot:A0A0U1RQS4,ENSG00000251322,SHANK3,sh3 and multiple ankyrin repeat domains 3,A0A0U1RQS4,uniprot_trembl,9606
uniprot:Q16676,ENSG00000251493,FOXD1,forkhead box d1,Q16676,uniprot_swissprot,9606
ensembl:ENSG00000251562,ENSG00000251562,MALAT1,metastasis associated lung adenocarcinoma transcript 1,,,9606
ensembl:ENSG00000253161,ENSG00000253161,LINC01605,long independently transcribed non-coding rna 1605,,,9606
uniprot:Q8N9Z2,ENSG00000253276,CCDC71L,coiled-coil domain containing 71 like,Q8N9Z2,uniprot_swissprot,9606
uniprot:P31260,ENSG00000253293,HOXA10,homeobox a10,P31260,uniprot_swissprot,9606
uniprot:A0A6I8PU40,ENSG00000253352,TUG1,taurine up-regulated 1,A0A6I8PU40,uniprot_swissprot,9606
ensembl:ENSG00000253438,ENSG00000253438,PCAT1,prostate cancer associated transcript 1,,,9606
uniprot:Q9H009,ENSG00000253506,NACA2,nascent polypeptide associated complex subunit alpha 2,Q9H009,uniprot_swissprot,9606
uniprot:Q56P42,ENSG00000253548,PYDC2,pyrin domain containing 2,Q56P42,uniprot_swissprot,9606
uniprot:A0A1B0GVH4,ENSG00000253649,PRSS51,serine protease 51,A0A1B0GVH4,uniprot_swissprot,9606
uniprot:P78527,ENSG00000253729,PRKDC,"protein kinase, dna-activated, catalytic subunit",P78527,uniprot_swissprot,9606
uniprot:Q9Y5G2,ENSG00000253910,PCDHGB2,"protocadherin gamma subfamily b, 2",Q9Y5G2,uniprot_swissprot,9606
uniprot:Q96B33,ENSG00000253958,CLDN23,claudin 23,Q96B33,uniprot_swissprot,9606
uniprot:P07948,ENSG00000254087,LYN,"lyn proto-oncogene, src family tyrosine kinase",P07948,uniprot_swissprot,9606
uniprot:Q96BK5,ENSG00000254093,PINX1,pin2 (terf1) interacting telomerase inhibitor 1,Q96BK5,uniprot_swissprot,9606
uniprot:A6NJW9,ENSG00000254126,CD8B2,cd8b family member 2,A6NJW9,uniprot_swissprot,9606
ensembl:ENSG00000254166,ENSG00000254166,CASC19,cancer susceptibility 19,,,9606
uniprot:Q6ZNB5,ENSG00000254469,XNDC1N,"xrcc1 n-terminal domain containing 1, n-terminal like",Q6ZNB5,uniprot_swissprot,9606
uniprot:Q2VPB7,ENSG00000254470,AP5B1,adaptor related protein complex 5 subunit beta 1,Q2VPB7,uniprot_swissprot,9606
uniprot:P0CB38,ENSG00000254535,PABPC4L,poly(a) binding protein cytoplasmic 4 like,P0CB38,uniprot_swissprot,9606
uniprot:P0C7Q2,ENSG00000254636,ARMS2,age-related maculopathy susceptibility 2,P0C7Q2,uniprot_swissprot,9606
uniprot:P01308,ENSG00000254647,INS,insulin,P01308,uniprot_swissprot,9606
uniprot:A6NKG5,ENSG00000254656,RTL1,retrotransposon gag like 1,A6NKG5,uniprot_swissprot,9606
uniprot:A1L020,ENSG00000254726,MEX3A,mex-3 rna binding family member a,A1L020,uniprot_swissprot,9606
uniprot:Q567V2,ENSG00000254858,MPV17L2,mpv17 mitochondrial inner membrane protein like 2,Q567V2,uniprot_swissprot,9606
uniprot:Q9NY33,ENSG00000254986,DPP3,dipeptidyl peptidase 3,Q9NY33,uniprot_swissprot,9606
uniprot:P86397,ENSG00000255154,HTD2,hydroxyacyl-thioester dehydratase type 2,P86397,uniprot_swissprot,9606
ensembl:ENSG00000255248,ENSG00000255248,MIR100HG,mir-100-let-7a-2-mir-125b-1 cluster host gene,,,9606
uniprot:H3BU77,ENSG00000255359,CCDC179,coiled-coil domain containing 179,H3BU77,uniprot_swissprot,9606
uniprot:P49019,ENSG00000255398,HCAR3,hydroxycarboxylic acid receptor 3,P49019,uniprot_swissprot,9606
uniprot:Q6P2I7,ENSG00000255423,EBLN2,endogenous bornavirus like nucleoprotein 2,Q6P2I7,uniprot_swissprot,9606
uniprot:E9PL57,ENSG00000255526,NEDD8-MDP1,nedd8-mdp1 readthrough,E9PL57,uniprot_trembl,9606
ensembl:ENSG00000255717,ENSG00000255717,SNHG1,small nucleolar rna host gene 1,,,9606
uniprot:P11509,ENSG00000255974,CYP2A6,cytochrome p450 family 2 subfamily a member 6,P11509,uniprot_swissprot,9606
ensembl:ENSG00000255986,ENSG00000255986,MT1JP,"metallothionein 1j, pseudogene",,,9606
uniprot:Q96H40,ENSG00000256229,ZNF486,zinc finger protein 486,Q96H40,uniprot_swissprot,9606
uniprot:P08397,ENSG00000256269,HMBS,hydroxymethylbilane synthase,P08397,uniprot_swissprot,9606
uniprot:Q9UHN1,ENSG00000256525,POLG2,"dna polymerase gamma 2, accessory subunit",Q9UHN1,uniprot_swissprot,9606
uniprot:Q8IWL8,ENSG00000256762,STH,saitohin,Q8IWL8,uniprot_swissprot,9606
uniprot:Q96L46,ENSG00000256812,CAPNS2,calpain small subunit 2,Q96L46,uniprot_swissprot,9606
uniprot:P00738,ENSG00000257017,HP,haptoglobin,P00738,uniprot_swissprot,9606
uniprot:A4D1U4,ENSG00000257093,DENND11,denn domain containing 11,A4D1U4,uniprot_swissprot,9606
uniprot:Q8ND56,ENSG00000257103,LSM14A,lsm14a mrna processing body assembly factor,Q8ND56,uniprot_swissprot,9606
uniprot:P86452,ENSG00000257315,ZBED6,zinc finger bed-type containing 6,P86452,uniprot_swissprot,9606
uniprot:O43451,ENSG00000257335,MGAM,maltase-glucoamylase,O43451,uniprot_swissprot,9606
uniprot:P49356,ENSG00000257365,FNTB,"farnesyltransferase, caax box, subunit beta",P49356,uniprot_swissprot,9606
uniprot:Q8N4A0,ENSG00000257594,GALNT4,polypeptide n-acetylgalactosaminyltransferase 4,Q8N4A0,uniprot_swissprot,9606
uniprot:Q2M2H8,ENSG00000257743,MGAM2,maltase-glucoamylase 2 (putative),Q2M2H8,uniprot_swissprot,9606
uniprot:P39880,ENSG00000257923,CUX1,cut like homeobox 1,P39880,uniprot_swissprot,9606
uniprot:Q9NZ71,ENSG00000258366,RTEL1,regulator of telomere elongation helicase 1,Q9NZ71,uniprot_swissprot,9606
uniprot:A0A0U1RQB8,ENSG00000258597,SERPINA2,serpin family a member 2 (gene/pseudogene),A0A0U1RQB8,uniprot_trembl,9606
ensembl:ENSG00000258609,ENSG00000258609,LINC-ROR,"long independently transcribed non-coding rna, regulator of reprogramming",,,9606
uniprot:A0A0A6YYK5,ENSG00000258724,PINX1,pin2 (terf1) interacting telomerase inhibitor 1,A0A0A6YYK5,uniprot_trembl,9606
uniprot:Q8NGP0,ENSG00000258817,OR4C13,olfactory receptor family 4 subfamily c member 13,Q8NGP0,uniprot_swissprot,9606
uniprot:Q01726,ENSG00000258839,MC1R,melanocortin 1 receptor,Q01726,uniprot_swissprot,9606
uniprot:Q96GE4,ENSG00000258890,CEP95,centrosomal protein 95,Q96GE4,uniprot_swissprot,9606
uniprot:Q13509,ENSG00000258947,TUBB3,tubulin beta 3 class iii,Q13509,uniprot_swissprot,9606
uniprot:P05106,ENSG00000259207,ITGB3,integrin subunit beta 3,P05106,uniprot_swissprot,9606
uniprot:P0DMQ5,ENSG00000259330,INAFM2,inaf motif containing 2,P0DMQ5,uniprot_swissprot,9606
uniprot:P01241,ENSG00000259384,GH1,growth hormone 1,P01241,uniprot_swissprot,9606
ensembl:ENSG00000259527,ENSG00000259527,LINC00052,long independently transcribed non-coding rna 52,,,9606
uniprot:Q8IZY5,ENSG00000259571,BLID,"bh3-like motif containing, cell death inducer",Q8IZY5,uniprot_swissprot,9606
uniprot:Q6UX82,ENSG00000259823,LYPD8,ly6/plaur domain containing 8,Q6UX82,uniprot_swissprot,9606
uniprot:Q8NDT2,ENSG00000259956,RBM15B,rna binding motif protein 15b,Q8NDT2,uniprot_swissprot,9606
uniprot:P09629,ENSG00000260027,HOXB7,homeobox b7,P09629,uniprot_swissprot,9606
ensembl:ENSG00000260032,ENSG00000260032,NORAD,non-coding rna activated by dna damage,,,9606
uniprot:Q9P0K9,ENSG00000260230,FRRS1L,ferric chelate reductase 1 like,Q9P0K9,uniprot_swissprot,9606
uniprot:P22897,ENSG00000260314,MRC1,mannose receptor c-type 1,P22897,uniprot_swissprot,9606
ensembl:ENSG00000260455,ENSG00000260455,NBAT1,neuroblastoma associated transcript 1,,,9606
uniprot:Q9H693,ENSG00000260456,C16ORF95,chromosome 16 open reading frame 95,Q9H693,uniprot_swissprot,9606
uniprot:B7U540,ENSG00000260458,KCNJ18,potassium inwardly rectifying channel subfamily j member 18,B7U540,uniprot_swissprot,9606
ensembl:ENSG00000260811,ENSG00000260811,OR4C45,olfactory receptor family 4 subfamily c member 45 (gene/pseudogene),,,9606
uniprot:H3BS89,ENSG00000261115,TMEM178B,transmembrane protein 178b,H3BS89,uniprot_swissprot,9606
uniprot:P16284,ENSG00000261371,PECAM1,platelet and endothelial cell adhesion molecule 1,P16284,uniprot_swissprot,9606
uniprot:Q3ZCM7,ENSG00000261456,TUBB8,tubulin beta 8 class viii,Q3ZCM7,uniprot_swissprot,9606
uniprot:H3BRN8,ENSG00000261652,PIERCE2,piercer of microtubule wall 2,H3BRN8,uniprot_swissprot,9606
uniprot:P00739,ENSG00000261701,HPR,haptoglobin-related protein,P00739,uniprot_swissprot,9606
ensembl:ENSG00000261824,ENSG00000261824,LINC00662,long independently transcribed non-coding rna 662,,,9606
uniprot:Q16674,ENSG00000261857,MIA,mia sh3 domain containing,Q16674,uniprot_swissprot,9606
ensembl:ENSG00000262117,ENSG00000262117,BCAR4,breast cancer anti-estrogen resistance 4,,,9606
uniprot:P57737,ENSG00000262246,CORO7,coronin 7,P57737,uniprot_swissprot,9606
uniprot:P39900,ENSG00000262406,MMP12,matrix metallopeptidase 12,P39900,uniprot_swissprot,9606
uniprot:I3L3R5,ENSG00000262484,CCER2,coiled-coil glutamate rich protein 2,I3L3R5,uniprot_swissprot,9606
uniprot:Q9HCB6,ENSG00000262655,SPON1,spondin 1,Q9HCB6,uniprot_swissprot,9606
uniprot:P78347,ENSG00000263001,GTF2I,general transcription factor iii,P78347,uniprot_swissprot,9606
uniprot:P0CAP1,ENSG00000263155,MYZAP,myocardial zonula adherens protein,P0CAP1,uniprot_swissprot,9606
uniprot:A6NJY4,ENSG00000263429,TMEM238L,transmembrane protein 238 like,A6NJY4,uniprot_swissprot,9606
uniprot:H0Y354,ENSG00000263513,FAM72C,family with sequence similarity 72 member c,H0Y354,uniprot_swissprot,9606
uniprot:Q14164,ENSG00000263528,IKBKE,inhibitor of nuclear factor kappa b kinase subunit epsilon,Q14164,uniprot_swissprot,9606
uniprot:P08118,ENSG00000263639,MSMB,microseminoprotein beta,P08118,uniprot_swissprot,9606
uniprot:Q9UK05,ENSG00000263761,GDF2,growth differentiation factor 2,Q9UK05,uniprot_swissprot,9606
uniprot:Q6GQQ9,ENSG00000264522,OTUD7B,otu deubiquitinase 7b,Q6GQQ9,uniprot_swissprot,9606
uniprot:P36382,ENSG00000265107,GJA5,gap junction protein alpha 5,P36382,uniprot_swissprot,9606
uniprot:Q9Y5S9,ENSG00000265241,RBM8A,rna binding motif protein 8a,Q9Y5S9,uniprot_swissprot,9606
uniprot:Q9Y4L5,ENSG00000265491,RNF115,ring finger protein 115,Q9Y4L5,uniprot_swissprot,9606
uniprot:P18621,ENSG00000265681,RPL17,ribosomal protein l17,P18621,uniprot_swissprot,9606
uniprot:O75396,ENSG00000265808,SEC22B,"sec22 homolog b, vesicle trafficking protein",O75396,uniprot_swissprot,9606
uniprot:Q9H3M7,ENSG00000265972,TXNIP,thioredoxin interacting protein,Q9H3M7,uniprot_swissprot,9606
uniprot:O75044,ENSG00000266028,SRGAP2,slit-robo rho gtpase activating protein 2,O75044,uniprot_swissprot,9606
uniprot:Q9P281,ENSG00000266074,BAHCC1,bah domain and coiled-coil containing 1,Q9P281,uniprot_swissprot,9606
uniprot:Q7RTN6,ENSG00000266173,STRADA,ste20 related adaptor alpha,Q7RTN6,uniprot_swissprot,9606
ensembl:ENSG00000266200,ENSG00000266200,PNLIPRP2,pancreatic lipase related protein 2 (gene/pseudogene),,,9606
uniprot:Q8TD94,ENSG00000266265,KLF14,klf transcription factor 14,Q8TD94,uniprot_swissprot,9606
uniprot:Q13772,ENSG00000266412,NCOA4,nuclear receptor coactivator 4,Q13772,uniprot_swissprot,9606
uniprot:P55056,ENSG00000267467,APOC4,apolipoprotein c4,P55056,uniprot_swissprot,9606
uniprot:Q96NJ3,ENSG00000267508,ZNF285,zinc finger protein 285,Q96NJ3,uniprot_swissprot,9606
uniprot:O95136,ENSG00000267534,S1PR2,sphingosine-1-phosphate receptor 2,O95136,uniprot_swissprot,9606
uniprot:Q6P4F2,ENSG00000267673,FDX2,ferredoxin 2,Q6P4F2,uniprot_swissprot,9606
uniprot:O95182,ENSG00000267855,NDUFA7,nadh:ubiquinone oxidoreductase subunit a7,O95182,uniprot_swissprot,9606
uniprot:Q9UN88,ENSG00000268089,GABRQ,gamma-aminobutyric acid type a receptor subunit theta,Q9UN88,uniprot_swissprot,9606
uniprot:Q9UN76,ENSG00000268104,SLC6A14,solute carrier family 6 member 14,Q9UN76,uniprot_swissprot,9606
uniprot:P0DL12,ENSG00000268182,SMIM17,small integral membrane protein 17,P0DL12,uniprot_swissprot,9606
uniprot:A0A5F9ZHS7,ENSG00000268480,NFILZ,nfil3 like basic leucine zipper,A0A5F9ZHS7,uniprot_swissprot,9606
uniprot:P0DPD5,ENSG00000268696,ZNF723,zinc finger protein 723,P0DPD5,uniprot_swissprot,9606
uniprot:Q5HYN5,ENSG00000268940,CT45A1,cancer/testis antigen family 45 member a1,Q5HYN5,uniprot_swissprot,9606
uniprot:A6NFA1,ENSG00000269113,TRABD2B,trab domain containing 2b,A6NFA1,uniprot_swissprot,9606
uniprot:Q9NZV7,ENSG00000269699,ZIM2,zinc finger imprinted 2,Q9NZV7,uniprot_swissprot,9606
ensembl:ENSG00000269821,ENSG00000269821,KCNQ1OT1,kcnq1 opposite strand/antisense transcript 1,,,9606
uniprot:A8MW99,ENSG00000269964,MEI4,meiotic double-stranded break formation protein 4,A8MW99,uniprot_swissprot,9606
uniprot:Q3BBV2,ENSG00000270231,NBPF8,nbpf member 8,Q3BBV2,uniprot_swissprot,9606
uniprot:Q6P3W6,ENSG00000271425,NBPF10,nbpf member 10,Q6P3W6,uniprot_swissprot,9606
uniprot:P13501,ENSG00000271503,CCL5,c-c motif chemokine ligand 5,P13501,uniprot_swissprot,9606
ensembl:ENSG00000271672,ENSG00000271672,DUXAP8,double homeobox a pseudogene 8,,,9606
uniprot:O95989,ENSG00000272325,NUDT3,nudix hydrolase 3,O95989,uniprot_swissprot,9606
uniprot:Q9UMN6,ENSG00000272333,KMT2B,lysine methyltransferase 2b,Q9UMN6,uniprot_swissprot,9606
uniprot:A8CG34,ENSG00000272391,POM121C,pom121 transmembrane nucleoporin c,A8CG34,uniprot_swissprot,9606
uniprot:P25063,ENSG00000272398,CD24,cd24 molecule,P25063,uniprot_swissprot,9606
uniprot:Q8IVN3,ENSG00000272573,MUSTN1,"musculoskeletal, embryonic nuclear protein 1",Q8IVN3,uniprot_swissprot,9606
uniprot:Q13224,ENSG00000273079,GRIN2B,glutamate ionotropic receptor nmda type subunit 2b,Q13224,uniprot_swissprot,9606
uniprot:Q5TEC6,ENSG00000273213,H3-7,h3.7 histone (putative),Q5TEC6,uniprot_swissprot,9606
uniprot:Q3SYB3,ENSG00000273514,FOXD4L6,forkhead box d4 like 6,Q3SYB3,uniprot_swissprot,9606
uniprot:Q96MI9,ENSG00000273540,AGBL1,agbl carboxypeptidase 1,Q96MI9,uniprot_swissprot,9606
uniprot:Q15649,ENSG00000273611,ZNHIT3,zinc finger hit-type containing 3,Q15649,uniprot_swissprot,9606
uniprot:Q99879,ENSG00000273703,H2BC14,h2b clustered histone 14,Q99879,uniprot_swissprot,9606
uniprot:P48742,ENSG00000273706,LHX1,lim homeobox 1,P48742,uniprot_swissprot,9606
uniprot:A6NHX0,ENSG00000274070,CASTOR2,cytosolic arginine sensor for mtorc1 subunit 2,A6NHX0,uniprot_swissprot,9606
uniprot:Q8N6N6,ENSG00000274180,NATD1,n-acetyltransferase domain containing 1,Q8N6N6,uniprot_swissprot,9606
uniprot:P0C5Y9,ENSG00000274183,H2AB1,h2a.b variant histone 1,P0C5Y9,uniprot_swissprot,9606
uniprot:P18089,ENSG00000274286,ADRA2B,adrenoceptor alpha 2b,P18089,uniprot_swissprot,9606
uniprot:P56180,ENSG00000274391,TPTE,transmembrane phosphatase with tensin homology,P56180,uniprot_swissprot,9606
uniprot:P23527,ENSG00000274641,H2BC17,h2b clustered histone 17,P23527,uniprot_swissprot,9606
uniprot:Q5MIZ7,ENSG00000275052,PPP4R3B,protein phosphatase 4 regulatory subunit 3b,Q5MIZ7,uniprot_swissprot,9606
uniprot:Q86YV5,ENSG00000275342,PRAG1,"peak1 related, kinase-activating pseudokinase 1",Q86YV5,uniprot_swissprot,9606
uniprot:P55774,ENSG00000275385,CCL18,c-c motif chemokine ligand 18,P55774,uniprot_swissprot,9606
uniprot:A0A087WXI2,ENSG00000275395,FCGBP,fc gamma binding protein,A0A087WXI2,uniprot_trembl,9606
uniprot:P35680,ENSG00000275410,HNF1B,hnf1 homeobox b,P35680,uniprot_swissprot,9606
uniprot:A4D1Z8,ENSG00000275572,GRIFIN,galectin-related inter-fiber protein,A4D1Z8,uniprot_swissprot,9606
uniprot:Q93079,ENSG00000275713,H2BC9,h2b clustered histone 9,Q93079,uniprot_swissprot,9606
uniprot:O95147,ENSG00000276023,DUSP14,dual specificity phosphatase 14,O95147,uniprot_swissprot,9606
uniprot:Q96T88,ENSG00000276043,UHRF1,ubiquitin like with phd and ring finger domains 1,Q96T88,uniprot_swissprot,9606
uniprot:Q96D31,ENSG00000276045,ORAI1,orai calcium release-activated calcium modulator 1,Q96D31,uniprot_swissprot,9606
uniprot:Q5UE93,ENSG00000276231,PIK3R6,phosphoinositide-3-kinase regulatory subunit 6,Q5UE93,uniprot_swissprot,9606
uniprot:P78356,ENSG00000276293,PIP4K2B,phosphatidylinositol-5-phosphate 4-kinase type 2 beta,P78356,uniprot_swissprot,9606
uniprot:Q99878,ENSG00000276368,H2AC14,h2a clustered histone 14,Q99878,uniprot_swissprot,9606
uniprot:P33778,ENSG00000276410,H2BC3,h2b clustered histone 3,P33778,uniprot_swissprot,9606
uniprot:Q9UI36,ENSG00000276644,DACH1,dachshund family transcription factor 1,Q9UI36,uniprot_swissprot,9606
uniprot:Q6TGC4,ENSG00000276747,PADI6,peptidyl arginine deiminase 6,Q6TGC4,uniprot_swissprot,9606
uniprot:P04908,ENSG00000277075,H2AC8,h2a clustered histone 8,P04908,uniprot_swissprot,9606
uniprot:Q6NUM6,ENSG00000277149,TYW1B,trna-yw synthesizing protein 1 homolog b,Q6NUM6,uniprot_swissprot,9606
uniprot:P35227,ENSG00000277258,PCGF2,polycomb group ring finger 2,P35227,uniprot_swissprot,9606
uniprot:Q9C0H9,ENSG00000277363,SRCIN1,src kinase signaling inhibitor 1,Q9C0H9,uniprot_swissprot,9606
uniprot:P29966,ENSG00000277443,MARCKS,myristoylated alanine rich protein kinase c substrate,P29966,uniprot_swissprot,9606
uniprot:Q7Z443,ENSG00000277481,PKD1L3,"polycystin 1 like 3, transient receptor potential channel interacting",Q7Z443,uniprot_swissprot,9606
uniprot:Q8IV16,ENSG00000277494,GPIHBP1,glycosylphosphatidylinositol anchored high density lipoprotein binding protein 1,Q8IV16,uniprot_swissprot,9606
uniprot:Q8NGS8,ENSG00000277556,OR13C5,olfactory receptor family 13 subfamily c member 5,Q8NGS8,uniprot_swissprot,9606
uniprot:P07196,ENSG00000277586,NEFL,neurofilament light chain,P07196,uniprot_swissprot,9606
uniprot:P10147,ENSG00000277632,CCL3,c-c motif chemokine ligand 3,P10147,uniprot_swissprot,9606
uniprot:A0A1B0GV96,ENSG00000277639,CHD9NB,chd9 neighbor,A0A1B0GV96,uniprot_swissprot,9606
uniprot:P49720,ENSG00000277791,PSMB3,proteasome 20s subunit beta 3,P49720,uniprot_swissprot,9606
uniprot:Q9Y2R4,ENSG00000278053,DDX52,dexd-box helicase 52,Q9Y2R4,uniprot_swissprot,9606
uniprot:P32745,ENSG00000278195,SSTR3,somatostatin receptor 3,P32745,uniprot_swissprot,9606
uniprot:Q96H55,ENSG00000278259,MYO19,myosin xix,Q96H55,uniprot_swissprot,9606
uniprot:Q9H3C7,ENSG00000278311,GGNBP2,gametogenetin binding protein 2,Q9H3C7,uniprot_swissprot,9606
uniprot:Q6UWP2,ENSG00000278535,DHRS11,dehydrogenase/reductase 11,Q6UWP2,uniprot_swissprot,9606
uniprot:Q13085,ENSG00000278540,ACACA,acetyl-coa carboxylase alpha,Q13085,uniprot_swissprot,9606
uniprot:Q9Y5X4,ENSG00000278570,NR2E3,nuclear receptor subfamily 2 group e member 3,Q9Y5X4,uniprot_swissprot,9606
uniprot:A0A087WU62,ENSG00000278845,MRPL45,mitochondrial ribosomal protein l45,A0A087WU62,uniprot_trembl,9606
ensembl:ENSG00000278910,ENSG00000278910,BANCR,braf-activated non-protein coding rna,,,9606
uniprot:Q9GZM6,ENSG00000279116,OR8D2,olfactory receptor family 8 subfamily d member 2,Q9GZM6,uniprot_swissprot,9606
uniprot:P0DN26,ENSG00000279782,PPIAL4F,peptidylprolyl isomerase a like 4f,P0DN26,uniprot_swissprot,9606
uniprot:Q8N6Y1,ENSG00000280165,PCDH20,protocadherin 20,Q8N6Y1,uniprot_swissprot,9606
ensembl:ENSG00000280997,ENSG00000280997,CCAT2,colon cancer associated transcript 2,,,9606
uniprot:A0A1B0GTI8,ENSG00000281106,TMEM272,transmembrane protein 272,A0A1B0GTI8,uniprot_swissprot,9606
uniprot:A0A494BZU2,ENSG00000281406,BLACAT1,blacat1 overlapping lemd1 locus,A0A494BZU2,uniprot_trembl,9606
uniprot:P0DMS8,ENSG00000282608,ADORA3,adenosine a3 receptor,P0DMS8,uniprot_swissprot,9606
ensembl:ENSG00000282961,ENSG00000282961,PRNCR1,prostate cancer associated non-coding rna 1,,,9606
uniprot:A0A1B0GVD1,ENSG00000283267,FAM237B,family with sequence similarity 237 member b,A0A1B0GVD1,uniprot_swissprot,9606
uniprot:A0A1B0GVZ2,ENSG00000283329,FAM240B,family with sequence similarity 240 member b,A0A1B0GVZ2,uniprot_swissprot,9606
uniprot:A0A1B0GTE1,ENSG00000283378,CNTNAP3C,contactin associated protein family member 3c,A0A1B0GTE1,uniprot_trembl,9606
uniprot:A0A1B0GUA6,ENSG00000283428,CCDC195,coiled-coil domain containing 195,A0A1B0GUA6,uniprot_swissprot,9606
uniprot:Q2M3D2,ENSG00000283632,EXOC3L2,exocyst complex component 3 like 2,Q2M3D2,uniprot_swissprot,9606
uniprot:A0A1B0GUC4,ENSG00000283683,MYOCOS,myocilin opposite strand,A0A1B0GUC4,uniprot_swissprot,9606
uniprot:Q9UI38,ENSG00000283706,PRSS50,serine protease 50,Q9UI38,uniprot_swissprot,9606
uniprot:A0A8V8TMC4,ENSG00000284209,CCNYL1B,cyclin y like 1b,A0A8V8TMC4,uniprot_swissprot,9606
ensembl:ENSG00000284251,ENSG00000284251,MIR711,microrna 711,,,9606
uniprot:A0A1W2PNU3,ENSG00000284526,ENSG00000284526,novel protein,A0A1W2PNU3,uniprot_trembl,9606
uniprot:A0A286YFK9,ENSG00000284713,SMIM38,small integral membrane protein 38,A0A286YFK9,uniprot_swissprot,9606
uniprot:Q15813,ENSG00000284770,TBCE,tubulin folding cofactor e,Q15813,uniprot_swissprot,9606
uniprot:A0A2R8Y747,ENSG00000284779,ENSG00000284779,novel protein,A0A2R8Y747,uniprot_trembl,9606
uniprot:Q9UFE4,ENSG00000284862,CCDC39,coiled-coil domain 39 molecular ruler complex subunit,Q9UFE4,uniprot_swissprot,9606
ensembl:ENSG00000285219,ENSG00000285219,HULC,hepatocellular carcinoma up-regulated long non-coding rna,,,9606
uniprot:A0A3F2YNX1,ENSG00000285976,ENSG00000285976,novel protein,A0A3F2YNX1,uniprot_trembl,9606
uniprot:A0A494BZU4,ENSG00000286105,TMEM217B,transmembrane protein 217b,A0A494BZU4,uniprot_swissprot,9606
uniprot:A0A494C176,ENSG00000286131,ENSG00000286131,novel protein,A0A494C176,uniprot_trembl,9606
uniprot:A0A669KAW2,ENSG00000288529,ENSG00000288529,novel protein,A0A669KAW2,uniprot_trembl,9606
uniprot:P48145,ENSG00000288611,NPBWR1,neuropeptides b and w receptor 1,P48145,uniprot_swissprot,9606
uniprot:A0A804HJP8,ENSG00000288712,ENSG00000288712,novel protein,A0A804HJP8,uniprot_trembl,9606
uniprot:A0A804HID5,ENSG00000288716,ENSG00000288716,novel protein,A0A804HID5,uniprot_trembl,9606
uniprot:Q6FI13,ENSG00000288825,H2AC18,h2a clustered histone 18,Q6FI13,uniprot_swissprot,9606
uniprot:C0HLV8,ENSG00000289051,MLDHR,mitochondrial lactate dehydrogenase regulator,C0HLV8,uniprot_swissprot,9606
uniprot:A0A8I5KPI3,ENSG00000289325,ENSG00000289325,novel protein,A0A8I5KPI3,uniprot_trembl,9606
uniprot:A0A8I5KYW3,ENSG00000289490,ENSG00000289490,novel protein,A0A8I5KYW3,uniprot_trembl,9606
uniprot:A0A8Q3WLD3,ENSG00000289710,ENSG00000289710,"novel protein, similar to cd24 molecule cd52",A0A8Q3WLD3,uniprot_trembl,9606
uniprot:Q8IX15,ENSG00000290292,HOMEZ,homeobox and leucine zipper encoding,Q8IX15,uniprot_swissprot,9606
uniprot:P04179,ENSG00000291237,SOD2,superoxide dismutase 2,P04179,uniprot_swissprot,9606
uniprot:A0A3B3IS91,ENSG00000291307,POLGARF,polg alternative reading frame,A0A3B3IS91,uniprot_swissprot,9606
uniprot:A0A9L9PY38,ENSG00000291315,ENSG00000291315,novel protein,A0A9L9PY38,uniprot_trembl,9606
uniprot:A0AA34QVV6,ENSG00000292259,ENSG00000292259,novel protein,A0AA34QVV6,uniprot_trembl,9606
uniprot:Q9H489,ENSG00000293164,ENSG00000293164,novel protein,Q9H489,uniprot_swissprot,9606
ensembl:ENSG00000293199,ENSG00000293199,PTENP1,phosphatase and tensin homolog pseudogene 1,,,9606
ensembl:ENSG00000293247,ENSG00000293247,BIRC8,baculoviral iap repeat containing 8,,,9606
uniprot:Q304Z4,ENSG00000293569,ENSG00000293569,novel protein,Q304Z4,uniprot_trembl,9606
uniprot:A0AAQ5BIC9,ENSG00000293584,ENSG00000293584,novel protein,A0AAQ5BIC9,uniprot_trembl,9606
ensembl:ENSG00000293685,ENSG00000293685,ENSG00000293685,novel protein,,,9606
uniprot:P20810,ENSG00000310517,CAST,calpastatin,P20810,uniprot_swissprot,9606
