plant_id,species_name,family_name,common_name,classification,purpose,reference,detail_url
1,Abelmoschus manihot,Malvaceae,,plants(vegetables),medicinal,"Roosita,J.Ethnopharmacol.,115,(2008),72",https://www.knapsackfamily.com/knapsack_core/result.php?sname=organism&word=Abelmoschus%20manihot
2,Abelmoschus moschatus (L.) Medic.,Malvaceae,,plants,medicinal,"Atlas Tumbuhan Obat by dr.Setiawan Dalimartha (2000),Vol 2,ISBN 979-661-065-5.",https://www.knapsackfamily.com/knapsack_core/result.php?sname=organism&word=Abelmoschus%20moschatus
3,Abrus fruticulosus Wight & Arn.,Fabaceae,,plants,medicinal,"de Padua et al.(1999), Plant Resources of South-East Asia 12,(1) Medicinal and poisonous plants 1, Bogor, Indonesia",https://www.knapsackfamily.com/knapsack_core/result.php?sname=organism&word=Abrus%20fruticulosus
4,Abrus precatorius,Fabaceae,Jequirity | Crab's eye | Indian liquorice,plants(vegetables),medicinal,"JAMU in Indonesian Daily Life and Industry by Suwidjiyo Pramono Roosita,J.Ethnopharmacol.,115,(2008),72 Herbal Indonesia Berkhasiat by Bukti Ilmiah & Cara Racik,Vol 8,ISBN 979-688-236-6.",https://www.knapsackfamily.com/knapsack_core/result.php?sname=organism&word=Abrus%20precatorius
5,Abutilon indicum (L.) Sweet,Malvaceae,,plants,medicinal,"Utami,Buku Pintar Tanaman Obat,431 jenis tanaman penggempur aneka penyakit,Redaksi AgroMedia,(2008)",https://www.knapsackfamily.com/knapsack_core/result.php?sname=organism&word=Abutilon%20indicum
6,Acalypha hispida,Euphorbiaceae,,plants,medicinal,"Herbal Indonesia Berkhasiat by Bukti Ilmiah & Cara Racik,Vol 8,ISBN 979-688-236-6.",https://www.knapsackfamily.com/knapsack_core/result.php?sname=organism&word=Acalypha%20hispida
7,Acalypha indica L.,Euphorbiaceae,,plants,medicinal,"Atlas Tumbuhan Obat by dr.Setiawan Dalimartha (2000),Vol 2,ISBN 979-661-065-5. Utami,Buku Pintar Tanaman Obat,431 jenis tanaman penggempur aneka penyakit,Redaksi AgroMedia,(2008)",https://www.knapsackfamily.com/knapsack_core/result.php?sname=organism&word=Acalypha%20indica
8,Acanthus ilicifolius L.,Acanthaceae,,plants,medicinal,"Utami,Buku Pintar Tanaman Obat,431 jenis tanaman penggempur aneka penyakit,Redaksi AgroMedia,(2008)",https://www.knapsackfamily.com/knapsack_core/result.php?sname=organism&word=Acanthus%20ilicifolius
9,Achyranthes aspera L.,Amaranthaceae,,plants,medicinal,"Atlas Tumbuhan Obat by dr.Setiawan Dalimartha (2008),Vol 5,ISBN 978-979-1480-18-5. Utami,Buku Pintar Tanaman Obat,431 jenis tanaman penggempur aneka penyakit,Redaksi AgroMedia,(2008)",https://www.knapsackfamily.com/knapsack_core/result.php?sname=organism&word=Achyranthes%20aspera
10,Acorus calamus,Acoraceae,Sweet flag | Calamus | Myrtle flag,plants,medicinal,"JAMU in Indonesian Daily Life and Industry by Suwidjiyo Pramono Herbal Indonesia Berkhasiat by Bukti Ilmiah & Cara Racik,Vol 8,ISBN 979-688-236-6.",https://www.knapsackfamily.com/knapsack_core/result.php?sname=organism&word=Acorus%20calamus
11,Aegle marmelos Correa.,Rutaceae,,plants,medicinal,"Tumbuhan Obat & Khasiatnya by Drs.H.Arief Hariana (2005),Vol.2,ISBN 979-489-957-7.",https://www.knapsackfamily.com/knapsack_core/result.php?sname=organism&word=Aegle%20marmelos
12,Aerva lanata (L.) A. L. Juss. ex Schultes,Amaranthaceae,,plants,medicinal,"Utami,Buku Pintar Tanaman Obat,431 jenis tanaman penggempur aneka penyakit,Redaksi AgroMedia,(2008) de Padua et al.(1999), Plant Resources of South-East Asia 12,(1) Medicinal and poisonous plants 1, Bogor, Indonesia",https://www.knapsackfamily.com/knapsack_core/result.php?sname=organism&word=Aerva%20lanata
13,Agathis dammara (Lamb.) L.C.Richard.,Araucariaceae,,plants,medicinal,"Taksonomi Koleksi Tanaman Obat Kebun Tanaman Obat Citeureup,vol.kedua(2009),ISBN 978-979-3707-42-6.",https://www.knapsackfamily.com/knapsack_core/result.php?sname=organism&word=Agathis%20dammara
14,Ageratum conyzoides,Asteraceae,,plants(scenting),medicinal,"Roosita,J.Ethnopharmacol.,115,(2008),72 Herbal Indonesia Berkhasiat by Bukti Ilmiah & Cara Racik,Vol 8,ISBN 979-688-236-6. Tumbuhan Obat & Khasiatnya by Drs.H.Arief Hariana (2004),Vol.1,ISBN 979-489-816-3.",https://www.knapsackfamily.com/knapsack_core/result.php?sname=organism&word=Ageratum%20conyzoides
15,Ageratum houstonianum Miller,Asteraceae,,plants,medicinal,"de Padua et al.(1999), Plant Resources of South-East Asia 12,(1) Medicinal and poisonous plants 1, Bogor, Indonesia",https://www.knapsackfamily.com/knapsack_core/result.php?sname=organism&word=Ageratum%20houstonianum
16,Aglaia odorata L.,Meliaceae,,plants,medicinal,"Hariana,Tubuhan Obat dan Khasiatnya Seri 2,Penebar Sadaya,(2002) Utami,Buku Pintar Tanaman Obat,431 jenis tanaman penggempur aneka penyakit,Redaksi AgroMedia,(2008)",https://www.knapsackfamily.com/knapsack_core/result.php?sname=organism&word=Aglaia%20odorata
17,Albizia chinensis,Fabaceae Mimosaceae,,plants,medicinal,"Medicinal Plants From the East by Christophe Wiart,ISBN 978-1-904761-85-3.",https://www.knapsackfamily.com/knapsack_core/result.php?sname=organism&word=Albizia%20chinensis
18,Aleurites moluccana,Euphorbiaceae,,plants,medicinal,"Utami,Buku Pintar Tanaman Obat,431 jenis tanaman penggempur aneka penyakit,Redaksi AgroMedia,(2008) 高橋澄子,ジャムウ　インドネシアの伝統治療薬、平河出版社(1988)[Takahasi, S.,Traditional remedy of Indonesia,(1988), in Japanese]",https://www.knapsackfamily.com/knapsack_core/result.php?sname=organism&word=Aleurites%20moluccana
19,Allamanda cathartica L.,Apocynaceae,,plants,medicinal,"Atlas Tumbuhan Obat by dr.Setiawan Dalimartha (2008),Vol 5,ISBN 978-979-1480-18-5.",https://www.knapsackfamily.com/knapsack_core/result.php?sname=organism&word=Allamanda%20cathartica
20,Allium cepa,Amaryllidaceae Alliaceae Liliaceae,Onion,plants,medicinal,"Herbal Indonesia Berkhasiat by Bukti Ilmiah & Cara Racik,Vol 8,ISBN 979-688-236-6.",https://www.knapsackfamily.com/knapsack_core/result.php?sname=organism&word=Allium%20cepa
21,Allium chinense G.Don,Amaryllidaceae Alliaceae Liliaceae,,plants,medicinal,"de Padua et al.(1999), Plant Resources of South-East Asia 12,(1) Medicinal and poisonous plants 1, Bogor, Indonesia",https://www.knapsackfamily.com/knapsack_core/result.php?sname=organism&word=Allium%20chinense
22,Allium fistulosum L.,Amaryllidaceae Alliaceae Liliaceae,,plants,medicinal,"de Padua et al.(1999), Plant Resources of South-East Asia 12,(1) Medicinal and poisonous plants 1, Bogor, Indonesia",https://www.knapsackfamily.com/knapsack_core/result.php?sname=organism&word=Allium%20fistulosum
23,Allium sativum,Amaryllidaceae Alliaceae Liliaceae,Garlic,plants,medicinal,"Roosita,J.Ethnopharmacol.,115,(2008),72 Herbal Indonesia Berkhasiat by Bukti Ilmiah & Cara Racik,Vol 8,ISBN 979-688-236-6.",https://www.knapsackfamily.com/knapsack_core/result.php?sname=organism&word=Allium%20sativum
24,Allium tuberosum Rottler ex Sprengel,Amaryllidaceae Alliaceae Liliaceae,,plants,medicinal,"de Padua et al.(1999), Plant Resources of South-East Asia 12,(1) Medicinal and poisonous plants 1, Bogor, Indonesia",https://www.knapsackfamily.com/knapsack_core/result.php?sname=organism&word=Allium%20tuberosum
25,Alocasia macrorrhiza (L.) G.Don.,Araceae,,plants,medicinal,"Tumbuhan Obat & Khasiatnya by Drs.H.Arief Hariana (2006),Vol.3,ISBN 979-002-008-2.",https://www.knapsackfamily.com/knapsack_core/result.php?sname=organism&word=Alocasia%20macrorrhiza
26,Aloe vera,Xanthorrhoeaceae Asphodelaceae Liliaceae,aloe | Barbados aloe | Curacao aloe,plants,medicinal,"Herbal Indonesia Berkhasiat by Bukti Ilmiah & Cara Racik,Vol 8,ISBN 979-688-236-6.",https://www.knapsackfamily.com/knapsack_core/result.php?sname=organism&word=Aloe%20vera
27,Alpinia galanga,Zingiberaceae,Galangal | Greater galingal | Siamese ginger,"plants(spice,flavouring,food,vegetable)",medicinal,"Herbal Indonesia Berkhasiat by Bukti Ilmiah & Cara Racik,Vol 8,ISBN 979-688-236-6.",https://www.knapsackfamily.com/knapsack_core/result.php?sname=organism&word=Alpinia%20galanga
28,Alpinia officinarum Hance,Zingiberaceae,,plants,medicinal,"高橋澄子,ジャムウ　インドネシアの伝統治療薬、平河出版社(1988)[Takahasi, S.,Traditional remedy of Indonesia,(1988), in Japanese]",https://www.knapsackfamily.com/knapsack_core/result.php?sname=organism&word=Alpinia%20officinarum
29,Alstonia scholaris,Apocynaceae,Devil tree | Dita bark | Milky pine,plants,medicinal,"Herbal Indonesia Berkhasiat by Bukti Ilmiah & Cara Racik,Vol 8,ISBN 979-688-236-6.",https://www.knapsackfamily.com/knapsack_core/result.php?sname=organism&word=Alstonia%20scholaris
30,Alternanthera philoxeroides (Mart.) Griseb.,Amaranthaceae,,plants,medicinal,"de Padua et al.(1999), Plant Resources of South-East Asia 12,(1) Medicinal and poisonous plants 1, Bogor, Indonesia",https://www.knapsackfamily.com/knapsack_core/result.php?sname=organism&word=Alternanthera%20philoxeroides
31,Alternanthera sessilis,Amaranthaceae,,plants,medicinal,"Utami,Buku Pintar Tanaman Obat,431 jenis tanaman penggempur aneka penyakit,Redaksi AgroMedia,(2008)",https://www.knapsackfamily.com/knapsack_core/result.php?sname=organism&word=Alternanthera%20sessilis
32,Amaranthus spinosus L.,Amaranthaceae,,plants,medicinal,"Atlas Tumbuhan Obat by dr.Setiawan Dalimartha (1999),Vol 1,ISBN 979-661-050-7. JAMU in Indonesian Daily Life and Industry by Suwidjiyo Pramono Tanaman Obat Tradisional by Thomas A.N.S. (1989),Vol.1,ISBN 978-979-413-091-9. Tumbuhan Obat & Khasiatnya by Drs.H.Arief Hariana (2004),Vol.1,ISBN 979-489-816-3. Utami,Buku Pintar Tanaman Obat,431 jenis tanaman penggempur aneka penyakit,Redaksi AgroMedia,(2008) de Padua et al.(1999), Plant Resources of South-East Asia 12,(1) Medicinal and poisonous plants 1, Bogor, Indonesia",https://www.knapsackfamily.com/knapsack_core/result.php?sname=organism&word=Amaranthus%20spinosus
33,Amaranthus tricolor L.,Amaranthaceae,,plants,medicinal,"Atlas Tumbuhan Obat by dr.Setiawan Dalimartha (2000),Vol 2,ISBN 979-661-065-5. Utami,Buku Pintar Tanaman Obat,431 jenis tanaman penggempur aneka penyakit,Redaksi AgroMedia,(2008)",https://www.knapsackfamily.com/knapsack_core/result.php?sname=organism&word=Amaranthus%20tricolor
34,Amomum aculeatum,Zingiberaceae,,plants,medicinal,"Chin,J.Nat.Prod.,71,(2008),390",https://www.knapsackfamily.com/knapsack_core/result.php?sname=organism&word=Amomum%20aculeatum
35,Anacardium occidentale L.,Anacardiaceae,,plants,medicinal,"Atlas Tumbuhan Obat by dr.Setiawan Dalimartha (2000),Vol 2,ISBN 979-661-065-5. JAMU in Indonesian Daily Life and Industry by Suwidjiyo Pramono Joshi, S.G.,Medicinal Plants,Mohan Primlani for Oxfor & IBH Publishing Co.Pvt.Ltd.,New Delhi (2003) 高橋澄子,ジャムウ　インドネシアの伝統治療薬、平河出版社(1988)[Takahasi, S.,Traditional remedy of Indonesia,(1988), in Japanese] Utami,Buku Pintar Tanaman Obat,431 jenis tanaman penggempur aneka penyakit,Redaksi AgroMedia,(2008) Taksonomi Koleksi Tanaman Obat Kebun Tanaman Obat Citeureup,vol.Pertama(2008),ISBN 978-979-3707-42-6. Tanaman Obat Tradisional by Thomas A.N.S. (1989),Vol.1,ISBN 978-979-413-091-9.",https://www.knapsackfamily.com/knapsack_core/result.php?sname=organism&word=Anacardium%20occidentale
36,Ananas comosus,Bromeliaceae,pineapple,plants,medicinal,"Medicinal Plants of the World by Ivan A.Ross,Vol.2,ISBN 0-89603-877-7.",https://www.knapsackfamily.com/knapsack_core/result.php?sname=organism&word=Ananas%20comosus
37,Andrographis paniculata,Acanthaceae,,plants,medicinal,"Roosita,J.Ethnopharmacol.,115,(2008),72 Herbal Indonesia Berkhasiat by Bukti Ilmiah & Cara Racik,Vol 8,ISBN 979-688-236-6.",https://www.knapsackfamily.com/knapsack_core/result.php?sname=organism&word=Andrographis%20paniculata
38,Angelica keiskei,Apiaceae,ashitaba,plants,medicinal,"Herbal Indonesia Berkhasiat by Bukti Ilmiah & Cara Racik,Vol 8,ISBN 979-688-236-6.",https://www.knapsackfamily.com/knapsack_core/result.php?sname=organism&word=Angelica%20keiskei
39,Annona muricata,Annonaceae,Soursop,plants,medicinal,"Roosita,J.Ethnopharmacol.,115,(2008),72 Herbal Indonesia Berkhasiat by Bukti Ilmiah & Cara Racik,Vol 8,ISBN 979-688-236-6.",https://www.knapsackfamily.com/knapsack_core/result.php?sname=organism&word=Annona%20muricata
40,Annona reticulata L.,Annonaceae,,plants,medicinal,"Utami,Buku Pintar Tanaman Obat,431 jenis tanaman penggempur aneka penyakit,Redaksi AgroMedia,(2008)",https://www.knapsackfamily.com/knapsack_core/result.php?sname=organism&word=Annona%20reticulata
41,Annona squamosa L.,Annonaceae,Sugar-apple,plants,medicinal,"Atlas Tumbuhan Obat by dr.Setiawan Dalimartha (2003),Vol 3,ISBN 979-3235-73-X. Taksonomi Koleksi Tanaman Obat Kebun Tanaman Obat Citeureup,vol.kedua(2009),ISBN 978-979-3707-42-6. Tumbuhan Obat & Khasiatnya by Drs.H.Arief Hariana (2006),Vol.3,ISBN JAMU in Indonesian Daily Life and Industry by Suwidjiyo Pramono 979-002-008-2. Utami,Buku Pintar Tanaman Obat,431 jenis tanaman penggempur aneka penyakit,Redaksi AgroMedia,(2008)",https://www.knapsackfamily.com/knapsack_core/result.php?sname=organism&word=Annona%20squamosa
42,Anredera cordifolia (Ten.) Steenis,Basellaceae,,plants,medicinal,"Taksonomi Koleksi Tanaman Obat Kebun Tanaman Obat Citeureup,vol.Pertama(2008),ISBN 978-979-3707-42-6.",https://www.knapsackfamily.com/knapsack_core/result.php?sname=organism&word=Anredera%20cordifolia
43,Antiaris toxicaria Lesch.,Moraceae,,plants,medicinal,"de Padua et al.(1999), Plant Resources of South-East Asia 12,(1) Medicinal and poisonous plants 1, Bogor, Indonesia",https://www.knapsackfamily.com/knapsack_core/result.php?sname=organism&word=Antiaris%20toxicaria
44,Apium graveolens,Apiaceae,celery,plants,medicinal,"Herbal Indonesia Berkhasiat by Bukti Ilmiah & Cara Racik,Vol 8,ISBN 979-688-236-6.",https://www.knapsackfamily.com/knapsack_core/result.php?sname=organism&word=Apium%20graveolens
45,Arachis hypogaea,Fabaceae,peanut,plants,medicinal,"Roosita,J.Ethnopharmacol.,115,(2008),72",https://www.knapsackfamily.com/knapsack_core/result.php?sname=organism&word=Arachis%20hypogaea
46,Arcangelisia flava (L.) Merr.,Menispermaceae,,plants,medicinal,"Hariana,Tubuhan Obat dan Khasiatnya Seri 2,Penebar Sadaya,(2002) 高橋澄子,ジャムウ　インドネシアの伝統治療薬、平河出版社(1988)[Takahasi, S.,Traditional remedy of Indonesia,(1988), in Japanese] de Padua et al.(1999), Plant Resources of South-East Asia 12,(1) Medicinal and poisonous plants 1, Bogor, Indonesia Tumbuhan Obat & Khasiatnya by Drs.H.Arief Hariana (2005),Vol.2,ISBN 979-489-957-7.",https://www.knapsackfamily.com/knapsack_core/result.php?sname=organism&word=Arcangelisia%20flava
47,Areca catechu,Arecaceae,,plants,medicinal,"Herbal Indonesia Berkhasiat by Bukti Ilmiah & Cara Racik,Vol 8,ISBN 979-688-236-6.",https://www.knapsackfamily.com/knapsack_core/result.php?sname=organism&word=Areca%20catechu
48,Artemisia abrotanum L.,Asteraceae,,plants,medicinal,"Joshi, S.G.,Medicinal Plants,Mohan Primlani for Oxfor & IBH Publishing Co.Pvt.Ltd.,New Delhi (2003) 高橋澄子,ジャムウ　インドネシアの伝統治療薬、平河出版社(1988)[Takahasi, S.,Traditional remedy of Indonesia,(1988), in Japanese]",https://www.knapsackfamily.com/knapsack_core/result.php?sname=organism&word=Artemisia%20abrotanum
49,Artemisia cina Berg.,Asteraceae,,plants,medicinal,"Utami,Buku Pintar Tanaman Obat,431 jenis tanaman penggempur aneka penyakit,Redaksi AgroMedia,(2008)",https://www.knapsackfamily.com/knapsack_core/result.php?sname=organism&word=Artemisia%20cina
50,Artemisia lactiflora Wall.,Asteraceae,,plants,medicinal,"Hariana,Tubuhan Obat dan Khasiatnya Seri 2,Penebar Sadaya,(2002) Utami,Buku Pintar Tanaman Obat,431 jenis tanaman penggempur aneka penyakit,Redaksi AgroMedia,(2008) Taksonomi Koleksi Tanaman Obat Kebun Tanaman Obat Citeureup,vol.kedua(2009),ISBN 978-979-3707-42-6.",https://www.knapsackfamily.com/knapsack_core/result.php?sname=organism&word=Artemisia%20lactiflora
51,Artemisia vulgaris,Asteraceae,Mugwort | Felon herb | Chinese moxa,plants,medicinal,"Roosita,J.Ethnopharmacol.,115,(2008),72 Herbal Indonesia Berkhasiat by Bukti Ilmiah & Cara Racik,Vol 8,ISBN 979-688-236-6.",https://www.knapsackfamily.com/knapsack_core/result.php?sname=organism&word=Artemisia%20vulgaris
52,Artocarpus altilis,Moraceae,,plants(vegetable),medicinal,"Wang,Phytochem.,68,(2007),1300",https://www.knapsackfamily.com/knapsack_core/result.php?sname=organism&word=Artocarpus%20altilis
53,Artocarpus communis,Moraceae,,plants,medicinal,"Roosita,J.Ethnopharmacol.,115,(2008),72",https://www.knapsackfamily.com/knapsack_core/result.php?sname=organism&word=Artocarpus%20communis
54,Artocarpus heterophyllus,Moraceae,,plants,medicinal,"Roosita,J.Ethnopharmacol.,115,(2008),72",https://www.knapsackfamily.com/knapsack_core/result.php?sname=organism&word=Artocarpus%20heterophyllus
55,Asclepias curassavica L.,Asclepiadaceae Apocynaceae,,plants,medicinal,"Taksonomi Koleksi Tanaman Obat Kebun Tanaman Obat Citeureup,vol.kedua(2009),ISBN 978-979-3707-42-6.",https://www.knapsackfamily.com/knapsack_core/result.php?sname=organism&word=Asclepias%20curassavica
56,Asparagus cochinchinensis (Lour.) Mrr.,Asparagaceae Liliaceae,,plants,medicinal,"Tumbuhan Obat & Khasiatnya by Drs.H.Arief Hariana (2004),Vol.1,ISBN 979-489-816-3.",https://www.knapsackfamily.com/knapsack_core/result.php?sname=organism&word=Asparagus%20cochinchinensis
57,Atropa belladonna L.,Solanaceae,,plants,medicinal,JAMU in Indonesian Daily Life and Industry by Suwidjiyo Pramono,https://www.knapsackfamily.com/knapsack_core/result.php?sname=organism&word=Atropa%20belladonna
58,Aucuba japonica L.,Garryaceae Aucubaceae,,plants,medicinal,JAMU in Indonesian Daily Life and Industry by Suwidjiyo Pramono,https://www.knapsackfamily.com/knapsack_core/result.php?sname=organism&word=Aucuba%20japonica
59,Averrhoa bilimbi,Oxalidaceae,,plants,medicinal,"Tanaman Obat Tradisional by Thomas A.N.S. (1989),Vol.1,ISBN 978-979-413-091-9. Herbal Indonesia Berkhasiat by Bukti Ilmiah & Cara Racik,Vol 8,ISBN 979-688-236-6.",https://www.knapsackfamily.com/knapsack_core/result.php?sname=organism&word=Averrhoa%20bilimbi
60,Averrhoa carambola,Oxalidaceae,star fruit | carambola,plants,medicinal,"Tanaman Obat Tradisional by Thomas A.N.S. (1989),Vol.1,ISBN 978-979-413-091-9. Herbal Indonesia Berkhasiat by Bukti Ilmiah & Cara Racik,Vol 8,ISBN 979-688-236-6.",https://www.knapsackfamily.com/knapsack_core/result.php?sname=organism&word=Averrhoa%20carambola
61,Azadirachta indica,Meliaceae,Neem | nimba | margosa,plants(eaten),medicinal,"Herbal Indonesia Berkhasiat by Bukti Ilmiah & Cara Racik,Vol 8,ISBN 979-688-236-6.",https://www.knapsackfamily.com/knapsack_core/result.php?sname=organism&word=Azadirachta%20indica
62,Baeckea frutescens L.,Myrtaceae,,plants,medicinal,"JAMU in Indonesian Daily Life and Industry by Suwidjiyo Pramono Utami,Buku Pintar Tanaman Obat,431 jenis tanaman penggempur aneka penyakit,Redaksi AgroMedia,(2008) 高橋澄子,ジャムウ　インドネシアの伝統治療薬、平河出版社(1988)[Takahasi, S.,Traditional remedy of Indonesia,(1988), in Japanese]",https://www.knapsackfamily.com/knapsack_core/result.php?sname=organism&word=Baeckea%20frutescens
63,Barleria lupulina,Acanthaceae,,plants,medicinal,"Herbal Indonesia Berkhasiat by Bukti Ilmiah & Cara Racik,Vol 8,ISBN 979-688-236-6.",https://www.knapsackfamily.com/knapsack_core/result.php?sname=organism&word=Barleria%20lupulina
64,Barleria prionitis,Acanthaceae,,plants,medicinal,"Herbal Indonesia Berkhasiat by Bukti Ilmiah & Cara Racik,Vol 8,ISBN 979-688-236-6.",https://www.knapsackfamily.com/knapsack_core/result.php?sname=organism&word=Barleria%20prionitis
65,Basella rubra L.,Basellaceae,,plants,medicinal,"Utami,Buku Pintar Tanaman Obat,431 jenis tanaman penggempur aneka penyakit,Redaksi AgroMedia,(2008)",https://www.knapsackfamily.com/knapsack_core/result.php?sname=organism&word=Basella%20rubra
66,Bauhinia purpurea L.,Fabaceae,,plants,medicinal,"Taksonomi Koleksi Tanaman Obat Kebun Tanaman Obat Citeureup,vol.kedua(2009),ISBN 978-979-3707-42-6.",https://www.knapsackfamily.com/knapsack_core/result.php?sname=organism&word=Bauhinia%20purpurea
67,Begonia sp.,Begoniaceae,,plants,medicinal,"Utami,Buku Pintar Tanaman Obat,431 jenis tanaman penggempur aneka penyakit,Redaksi AgroMedia,(2008)",https://www.knapsackfamily.com/knapsack_core/result.php?sname=organism&word=Begonia%20sp.
68,Beilschmiedia madang,Lauraceae,,plants,medicinal,"Shibuya,Yakugaku Zasshi,116,(1996),911",https://www.knapsackfamily.com/knapsack_core/result.php?sname=organism&word=Beilschmiedia%20madang
69,Belamcanda chinensis (L.) DC.,Iridaceae,,plants,medicinal,"Atlas Tumbuhan Obat by dr.Setiawan Dalimartha (2009),Vol 6,ISBN 978-979-1480-19-2. Taksonomi Koleksi Tanaman Obat Kebun Tanaman Obat Citeureup,vol.kedua(2009),ISBN 978-979-3707-42-6. Utami,Buku Pintar Tanaman Obat,431 jenis tanaman penggempur aneka penyakit,Redaksi AgroMedia,(2008) de Padua et al.(1999), Plant Resources of South-East Asia 12,(1) Medicinal and poisonous plants 1, Bogor, Indonesia",https://www.knapsackfamily.com/knapsack_core/result.php?sname=organism&word=Belamcanda%20chinensis
70,Benincasa hispida (Thunb.) Cogn.,Cucurbitaceae,,plants,medicinal,"Utami,Buku Pintar Tanaman Obat,431 jenis tanaman penggempur aneka penyakit,Redaksi AgroMedia,(2008)",https://www.knapsackfamily.com/knapsack_core/result.php?sname=organism&word=Benincasa%20hispida
71,Bidens bipinnata (Lour.) Merr. & Sherff,Asteraceae,,plants,medicinal,"de Padua et al.(1999), Plant Resources of South-East Asia 12,(1) Medicinal and poisonous plants 1, Bogor, Indonesia",https://www.knapsackfamily.com/knapsack_core/result.php?sname=organism&word=Bidens%20bipinnata
72,Bidens pilosa L.,Asteraceae,,plants,medicinal,"Tumbuhan Obat & Khasiatnya by Drs.H.Arief Hariana (2004),Vol.1,ISBN 979-489-816-3. Utami,Buku Pintar Tanaman Obat,431 jenis tanaman penggempur aneka penyakit,Redaksi AgroMedia,(2008) de Padua et al.(1999), Plant Resources of South-East Asia 12,(1) Medicinal and poisonous plants 1, Bogor, Indonesia",https://www.knapsackfamily.com/knapsack_core/result.php?sname=organism&word=Bidens%20pilosa
73,Bixa orellana,Bixaceae,Annatto | Achiote | Lipstick tree,plants,medicinal,"Herbal Indonesia Berkhasiat by Bukti Ilmiah & Cara Racik,Vol 8,ISBN 979-688-236-6.",https://www.knapsackfamily.com/knapsack_core/result.php?sname=organism&word=Bixa%20orellana
74,Blumea balsamifera,Asteraceae,,plants,medicinal,"Herbal Indonesia Berkhasiat by Bukti Ilmiah & Cara Racik,Vol 8,ISBN 979-688-236-6. Roosita,J.Ethnopharmacol.,115,(2008),72",https://www.knapsackfamily.com/knapsack_core/result.php?sname=organism&word=Blumea%20balsamifera
75,Blumea lacera (Burm.f.) DC.,Asteraceae,,plants,medicinal,"de Padua et al.(1999), Plant Resources of South-East Asia 12,(1) Medicinal and poisonous plants 1, Bogor, Indonesia",https://www.knapsackfamily.com/knapsack_core/result.php?sname=organism&word=Blumea%20lacera
76,Boesenbergia pandurata,Zingiberaceae,,plants,medicinal,"Herbal Indonesia Berkhasiat by Bukti Ilmiah & Cara Racik,Vol 8,ISBN 979-688-236-6.",https://www.knapsackfamily.com/knapsack_core/result.php?sname=organism&word=Boesenbergia%20pandurata
77,Boesenbergia rotunda (L.) Mansf.,Zingiberaceae,,plants,medicinal,"Taksonomi Koleksi Tanaman Obat Kebun Tanaman Obat Citeureup,vol.kedua(2009),ISBN 978-979-3707-42-6.",https://www.knapsackfamily.com/knapsack_core/result.php?sname=organism&word=Boesenbergia%20rotunda
78,Borassus flabellifer L.,Arecaceae,,plants,medicinal,"Utami,Buku Pintar Tanaman Obat,431 jenis tanaman penggempur aneka penyakit,Redaksi AgroMedia,(2008)",https://www.knapsackfamily.com/knapsack_core/result.php?sname=organism&word=Borassus%20flabellifer
79,Bougainvillea glabra Choisy,Nyctaginaceae,,plants,medicinal,"Atlas Tumbuhan Obat by dr.Setiawan Dalimartha (2008),Vol 5,ISBN 978-979-1480-18-5. Tumbuhan Obat & Khasiatnya by Drs.H.Arief Hariana (2004),Vol.1,ISBN 979-489-816-3.",https://www.knapsackfamily.com/knapsack_core/result.php?sname=organism&word=Bougainvillea%20glabra
80,Brassica oleracea L.,Brassicaceae,,plants,medicinal,"Utami,Buku Pintar Tanaman Obat,431 jenis tanaman penggempur aneka penyakit,Redaksi AgroMedia,(2008)",https://www.knapsackfamily.com/knapsack_core/result.php?sname=organism&word=Brassica%20oleracea
81,Brucea javanica,Simaroubaceae,Kusam seeds,plants,medicinal,"Herbal Indonesia Berkhasiat by Bukti Ilmiah & Cara Racik,Vol 8,ISBN 979-688-236-6.",https://www.knapsackfamily.com/knapsack_core/result.php?sname=organism&word=Brucea%20javanica
82,Bryophyllum pinnatum (Lamk) Oken,Crassulaceae,,plants,medicinal,"de Padua et al.(1999), Plant Resources of South-East Asia 12,(1) Medicinal and poisonous plants 1, Bogor, Indonesia",https://www.knapsackfamily.com/knapsack_core/result.php?sname=organism&word=Bryophyllum%20pinnatum
83,Caesalpinia crista L.,Fabaceae,,plants,medicinal,"Awale,Chem.Pharm.Bull.,54,(2006),213 Utami,Buku Pintar Tanaman Obat,431 jenis tanaman penggempur aneka penyakit,Redaksi AgroMedia,(2008)",https://www.knapsackfamily.com/knapsack_core/result.php?sname=organism&word=Caesalpinia%20crista
84,Caesalpinia major,Fabaceae,,plants,medicinal,"Medicinal Plants From the East by Christophe Wiart,ISBN 978-1-904761-85-3. Shibuya,Yakugaku Zasshi,116,(1996),911",https://www.knapsackfamily.com/knapsack_core/result.php?sname=organism&word=Caesalpinia%20major
85,Caesalpinia pulcherrima,Fabaceae,,plants,medicinal,"Herbal Indonesia Berkhasiat by Bukti Ilmiah & Cara Racik,Vol 8,ISBN 979-688-236-6.",https://www.knapsackfamily.com/knapsack_core/result.php?sname=organism&word=Caesalpinia%20pulcherrima
86,Caesalpinia sappan,Fabaceae,,plants,medicinal,"Herbal Indonesia Berkhasiat by Bukti Ilmiah & Cara Racik,Vol 8,ISBN 979-688-236-6.",https://www.knapsackfamily.com/knapsack_core/result.php?sname=organism&word=Caesalpinia%20sappan
87,Cajanus cajan,Fabaceae,,plants,medicinal,"Medicinal Plants From the East by Christophe Wiart,ISBN 978-1-904761-85-3.",https://www.knapsackfamily.com/knapsack_core/result.php?sname=organism&word=Cajanus%20cajan
88,Callicarpa candicans,Verbenaceae,,plants,medicinal,"Medicinal Plants From the East by Christophe Wiart,ISBN 978-1-904761-85-3.",https://www.knapsackfamily.com/knapsack_core/result.php?sname=organism&word=Callicarpa%20candicans
89,Calophyllum inophyllum L.,Calophyllaceae,,plants,medicinal,"Taksonomi Koleksi Tanaman Obat Kebun Tanaman Obat Citeureup,vol.Pertama(2008),ISBN 978-979-3707-42-6. Utami,Buku Pintar Tanaman Obat,431 jenis tanaman penggempur aneka penyakit,Redaksi AgroMedia,(2008)",https://www.knapsackfamily.com/knapsack_core/result.php?sname=organism&word=Calophyllum%20inophyllum
90,Calotropis gigantea (L.) Aiton f.,Apocynaceae,,plants,medicinal,"Tumbuhan Obat & Khasiatnya by Drs.H.Arief Hariana (2006),Vol.3,ISBN 979-002-008-2.",https://www.knapsackfamily.com/knapsack_core/result.php?sname=organism&word=Calotropis%20gigantea
91,Camellia sinensis,Theaceae,Tea | Tea plant | Camellia sinensis (L.)O. Kuntze,plants,medicinal,"Herbal Indonesia Berkhasiat by Bukti Ilmiah & Cara Racik,Vol 8,ISBN 979-688-236-6.",https://www.knapsackfamily.com/knapsack_core/result.php?sname=organism&word=Camellia%20sinensis
92,Cananga odorata (Lam.) Hook. f. & Thoms.,Annonaceae,,plants,medicinal,"Taksonomi Koleksi Tanaman Obat Kebun Tanaman Obat Citeureup,vol.kedua(2009),ISBN 978-979-3707-42-6.",https://www.knapsackfamily.com/knapsack_core/result.php?sname=organism&word=Cananga%20odorata
93,Canarium commune L.,Burseraceae,,plants,medicinal,"Utami,Buku Pintar Tanaman Obat,431 jenis tanaman penggempur aneka penyakit,Redaksi AgroMedia,(2008)",https://www.knapsackfamily.com/knapsack_core/result.php?sname=organism&word=Canarium%20commune
94,Cannabis sativa L.,Cannabaceae,,plants,medicinal,"de Padua et al.(1999), Plant Resources of South-East Asia 12,(1) Medicinal and poisonous plants 1, Bogor, Indonesia",https://www.knapsackfamily.com/knapsack_core/result.php?sname=organism&word=Cannabis%20sativa
95,Canna edulis,Cannaceae,,plants(starch),medicinal,"Utami,Buku Pintar Tanaman Obat,431 jenis tanaman penggempur aneka penyakit,Redaksi AgroMedia,(2008)",https://www.knapsackfamily.com/knapsack_core/result.php?sname=organism&word=Canna%20edulis
96,Capsicum annuum,Solanaceae,red pepper | chilli pepper | chili pepper | Ornamental pepper,plants,medicinal,"Roosita,J.Ethnopharmacol.,115,(2008),72",https://www.knapsackfamily.com/knapsack_core/result.php?sname=organism&word=Capsicum%20annuum
97,Capsicum frutescens L.,Solanaceae,,plants,medicinal,"Atlas Tumbuhan Obat by dr.Setiawan Dalimartha (2000),Vol 2,ISBN 979-661-065-5. Taksonomi Koleksi Tanaman Obat Kebun Tanaman Obat Citeureup,vol.kedua(2009),ISBN 978-979-3707-42-6. Utami,Buku Pintar Tanaman Obat,431 jenis tanaman penggempur aneka penyakit,Redaksi AgroMedia,(2008)",https://www.knapsackfamily.com/knapsack_core/result.php?sname=organism&word=Capsicum%20frutescens
98,Carica papaya L.,Caricaceae,,plants,medicinal,"JAMU in Indonesian Daily Life and Industry by Suwidjiyo Pramono Joshi, S.G.,Medicinal Plants,Mohan Primlani for Oxfor & IBH Publishing Co.Pvt.Ltd.,New Delhi (2003) 高橋澄子,ジャムウ　インドネシアの伝統治療薬、平河出版社(1988)[Takahasi, S.,Traditional remedy of Indonesia,(1988), in Japanese] Roosita,J.Ethnopharmacol.,115,(2008),72 Utami,Buku Pintar Tanaman Obat,431 jenis tanaman penggempur aneka penyakit,Redaksi AgroMedia,(2008) Medicinal Plants of the World by Ivan A.Ross,Vol.1,ISBN 1-58829-281-9. Atlas Tumbuhan Obat by dr.Setiawan Dalimartha (2009),Vol 6,ISBN 978-979-1480-19-2.",https://www.knapsackfamily.com/knapsack_core/result.php?sname=organism&word=Carica%20papaya
99,Carthamus tinctorius L.,Asteraceae,,plants,medicinal,"Utami,Buku Pintar Tanaman Obat,431 jenis tanaman penggempur aneka penyakit,Redaksi AgroMedia,(2008)",https://www.knapsackfamily.com/knapsack_core/result.php?sname=organism&word=Carthamus%20tinctorius
100,Cassia alata,Fabaceae,,plants,medicinal,"Roosita,J.Ethnopharmacol.,115,(2008),72",https://www.knapsackfamily.com/knapsack_core/result.php?sname=organism&word=Cassia%20alata
101,Cassia angustifolia Vahl.,Fabaceae,,plants,medicinal,"Utami,Buku Pintar Tanaman Obat,431 jenis tanaman penggempur aneka penyakit,Redaksi AgroMedia,(2008)",https://www.knapsackfamily.com/knapsack_core/result.php?sname=organism&word=Cassia%20angustifolia
102,Cassia fistula,Fabaceae,,plants,medicinal,"Medicinal Plants From the East by Christophe Wiart,ISBN 978-1-904761-85-3.",https://www.knapsackfamily.com/knapsack_core/result.php?sname=organism&word=Cassia%20fistula
103,Cassia javanica L.,Fabaceae,,plants,medicinal,"de Padua et al.(1999), Plant Resources of South-East Asia 12,(1) Medicinal and poisonous plants 1, Bogor, Indonesia",https://www.knapsackfamily.com/knapsack_core/result.php?sname=organism&word=Cassia%20javanica
104,Cassia occidentalis L.,Fabaceae,,plants,medicinal,"Atlas Tumbuhan Obat by dr.Setiawan Dalimartha (2009),Vol 6,ISBN 978-979-1480-19-2.",https://www.knapsackfamily.com/knapsack_core/result.php?sname=organism&word=Cassia%20occidentalis
105,Cassia senna L.,Fabaceae,,plants,medicinal,JAMU in Indonesian Daily Life and Industry by Suwidjiyo Pramono,https://www.knapsackfamily.com/knapsack_core/result.php?sname=organism&word=Cassia%20senna
106,Cassia siamea,Fabaceae,,plants(vegetable),medicinal,"Herbal Indonesia Berkhasiat by Bukti Ilmiah & Cara Racik,Vol 8,ISBN 979-688-236-6. Medicinal Plants From the East by Christophe Wiart,ISBN 978-1-904761-85-3.",https://www.knapsackfamily.com/knapsack_core/result.php?sname=organism&word=Cassia%20siamea
107,Cassia tora L.,Fabaceae,,plants,medicinal,"Atlas Tumbuhan Obat by dr.Setiawan Dalimartha (2009),Vol 6,ISBN 978-979-1480-19-2. Hariana,Tubuhan Obat dan Khasiatnya Seri 2,Penebar Sadaya,(2002) Utami,Buku Pintar Tanaman Obat,431 jenis tanaman penggempur aneka penyakit,Redaksi AgroMedia,(2008) Taksonomi Koleksi Tanaman Obat Kebun Tanaman Obat Citeureup,vol.Pertama(2008),ISBN 978-979-3707-42-6. Tumbuhan Obat & Khasiatnya by Drs.H.Arief Hariana (2005),Vol.2,ISBN 979-489-957-7.",https://www.knapsackfamily.com/knapsack_core/result.php?sname=organism&word=Cassia%20tora
108,Cassytha filiformis L.,Lauraceae,,plants,medicinal,"Atlas Tumbuhan Obat by dr.Setiawan Dalimartha (2006),Vol 4,ISBN 979-1133-14-X. Tumbuhan Obat & Khasiatnya by Drs.H.Arief Hariana (2006),Vol.3,ISBN 979-002-008-2. Utami,Buku Pintar Tanaman Obat,431 jenis tanaman penggempur aneka penyakit,Redaksi AgroMedia,(2008)",https://www.knapsackfamily.com/knapsack_core/result.php?sname=organism&word=Cassytha%20filiformis
109,Casuarina equisetifolia,Casuarinaceae,Australian beefwood,plants,medicinal,"Medicinal Plants From the East by Christophe Wiart,ISBN 978-1-904761-85-3.",https://www.knapsackfamily.com/knapsack_core/result.php?sname=organism&word=Casuarina%20equisetifolia
110,Catharanthus roseus,Apocynaceae,Madagascar periwinkle | Rosy periwinkle | Cayenne jasmine,plants,medicinal,"Herbal Indonesia Berkhasiat by Bukti Ilmiah & Cara Racik,Vol 8,ISBN 979-688-236-6.",https://www.knapsackfamily.com/knapsack_core/result.php?sname=organism&word=Catharanthus%20roseus
111,Ceiba pentandra,Malvaceae Bombacaceae,Kapok | Silk-cotton tree,"plants(eaten,flavouring,colouring)",medicinal,"Roosita,J.Ethnopharmacol.,115,(2008),72",https://www.knapsackfamily.com/knapsack_core/result.php?sname=organism&word=Ceiba%20pentandra
112,Celosia argentea L.,Amaranthaceae,,plants,medicinal,"Atlas Tumbuhan Obat by dr.Setiawan Dalimartha (2003),Vol 3,ISBN 979-3235-73-X. Tumbuhan Obat & Khasiatnya by Drs.H.Arief Hariana (2004),Vol.1,ISBN 979-489-816-3. Utami,Buku Pintar Tanaman Obat,431 jenis tanaman penggempur aneka penyakit,Redaksi AgroMedia,(2008)",https://www.knapsackfamily.com/knapsack_core/result.php?sname=organism&word=Celosia%20argentea
113,Celosia cristata L.,Amaranthaceae,,plants,medicinal,"Atlas Tumbuhan Obat by dr.Setiawan Dalimartha (2003),Vol 3,ISBN 979-3235-73-X. Tumbuhan Obat & Khasiatnya by Drs.H.Arief Hariana (2004),Vol.1,ISBN 979-489-816-3.",https://www.knapsackfamily.com/knapsack_core/result.php?sname=organism&word=Celosia%20cristata
114,Centella asiatica,Apiaceae,Gotu kola | Indian pennywort | Tiger grass,plants,medicinal,"Roosita,J.Ethnopharmacol.,115,(2008),72 Herbal Indonesia Berkhasiat by Bukti Ilmiah & Cara Racik,Vol 8,ISBN 979-688-236-6. Tumbuhan Obat & Khasiatnya by Drs.H.Arief Hariana (2005),Vol.2,ISBN 979-489-957-7.",https://www.knapsackfamily.com/knapsack_core/result.php?sname=organism&word=Centella%20asiatica
115,Cephaelis ipecacuanha,Rubiaceae,Ipecacuanha | Ipecac,plants,medicinal,"Rao,Agroforestry Sys.,61,(2004),107",https://www.knapsackfamily.com/knapsack_core/result.php?sname=organism&word=Cephaelis%20ipecacuanha
116,Cerbera manghas L.,Apocynaceae,,plants,medicinal,"Utami,Buku Pintar Tanaman Obat,431 jenis tanaman penggempur aneka penyakit,Redaksi AgroMedia,(2008) JAMU in Indonesian Daily Life and Industry by Suwidjiyo Pramono",https://www.knapsackfamily.com/knapsack_core/result.php?sname=organism&word=Cerbera%20manghas
117,Cibotium barometz (L.) J.Sm.,Dicksoniaceae,,plants,medicinal,"Atlas Tumbuhan Obat by dr.Setiawan Dalimartha (2008),Vol 5,ISBN 978-979-1480-18-5. Tumbuhan Obat & Khasiatnya by Drs.H.Arief Hariana (2005),Vol.2,ISBN 979-489-957-7. Hariana,Tubuhan Obat dan Khasiatnya Seri 2,Penebar Sadaya,(2002)",https://www.knapsackfamily.com/knapsack_core/result.php?sname=organism&word=Cibotium%20barometz
118,Cinnamomum burmannii,Lauraceae,,plants,medicinal,"Herbal Indonesia Berkhasiat by Bukti Ilmiah & Cara Racik,Vol 8,ISBN 979-688-236-6.",https://www.knapsackfamily.com/knapsack_core/result.php?sname=organism&word=Cinnamomum%20burmannii
119,Cinnamomum camphora L.,Lauraceae,,plants,medicinal,JAMU in Indonesian Daily Life and Industry by Suwidjiyo Pramono,https://www.knapsackfamily.com/knapsack_core/result.php?sname=organism&word=Cinnamomum%20camphora
120,Cinnamomum cassia Blume,Lauraceae,,plants,medicinal,"Hariana,Tubuhan Obat dan Khasiatnya Seri 2,Penebar Sadaya,(2002) Takito,Medicinal plant,3rd edition (in JPN),Hirokawa Publishing CO.,(2007) Utami,Buku Pintar Tanaman Obat,431 jenis tanaman penggempur aneka penyakit,Redaksi AgroMedia,(2008)",https://www.knapsackfamily.com/knapsack_core/result.php?sname=organism&word=Cinnamomum%20cassia
121,Cinnamomum verum Presl.Syn.C.zeylanicum Bi.,Lauraceae,,plants,medicinal,"Abani,(2007),Medicinal Plants & Their Uses(2)Published(2007) by ABOSARBangladesh). ISBN 984-415-220-8",https://www.knapsackfamily.com/knapsack_core/result.php?sname=organism&word=Cinnamomum%20verum
122,Cinnamomum zeylanicum (Nees) Blume,Lauraceae,,plants,medicinal,"Joshi, S.G.,Medicinal Plants,Mohan Primlani for Oxfor & IBH Publishing Co.Pvt.Ltd.,New Delhi (2003) 高橋澄子,ジャムウ　インドネシアの伝統治療薬、平河出版社(1988)[Takahasi, S.,Traditional remedy of Indonesia,(1988), in Japanese]",https://www.knapsackfamily.com/knapsack_core/result.php?sname=organism&word=Cinnamomum%20zeylanicum
123,Cissampelos pareira L.,Menispermaceae,,plants,medicinal,"de Padua et al.(1999), Plant Resources of South-East Asia 12,(1) Medicinal and poisonous plants 1, Bogor, Indonesia",https://www.knapsackfamily.com/knapsack_core/result.php?sname=organism&word=Cissampelos%20pareira
124,Citrullus vulgaris Schrad.,Cucurbitaceae,,plants,medicinal,"Atlas Tumbuhan Obat by dr.Setiawan Dalimartha (2003),Vol 3,ISBN 979-3235-73-X. Tumbuhan Obat & Khasiatnya by Drs.H.Arief Hariana (2006),Vol.3,ISBN 979-002-008-2. Utami,Buku Pintar Tanaman Obat,431 jenis tanaman penggempur aneka penyakit,Redaksi AgroMedia,(2008)",https://www.knapsackfamily.com/knapsack_core/result.php?sname=organism&word=Citrullus%20vulgaris
125,Citrus aurantifolia,Rutaceae,lime,plants,medicinal,"Herbal Indonesia Berkhasiat by Bukti Ilmiah & Cara Racik,Vol 8,ISBN 979-688-236-6. Roosita,J.Ethnopharmacol.,115,(2008),72",https://www.knapsackfamily.com/knapsack_core/result.php?sname=organism&word=Citrus%20aurantifolia
126,Citrus aurantium L.Subsp.aurantifolia Swingle,Rutaceae,,plants,medicinal,"Taksonomi Koleksi Tanaman Obat Kebun Tanaman Obat Citeureup,vol.Pertama(2008),ISBN 978-979-3707-42-6.",https://www.knapsackfamily.com/knapsack_core/result.php?sname=organism&word=Citrus%20aurantium
127,Citrus hystrix,Rutaceae,Kaffir lime | Macrud lime,plants,medicinal,"Utami,Buku Pintar Tanaman Obat,431 jenis tanaman penggempur aneka penyakit,Redaksi AgroMedia,(2008) Herbal Indonesia Berkhasiat by Bukti Ilmiah & Cara Racik,Vol 8,ISBN 979-688-236-6.",https://www.knapsackfamily.com/knapsack_core/result.php?sname=organism&word=Citrus%20hystrix
128,Citrus maxima,Rutaceae,Pummelo,plants,medicinal,"Roosita,J.Ethnopharmacol.,115,(2008),72",https://www.knapsackfamily.com/knapsack_core/result.php?sname=organism&word=Citrus%20maxima
129,Citrus medica L.,Rutaceae,,plants,medicinal,"Utami,Buku Pintar Tanaman Obat,431 jenis tanaman penggempur aneka penyakit,Redaksi AgroMedia,(2008)",https://www.knapsackfamily.com/knapsack_core/result.php?sname=organism&word=Citrus%20medica
130,Citrus nobilis,Rutaceae,,plants,medicinal,"Herbal Indonesia Berkhasiat by Bukti Ilmiah & Cara Racik,Vol 8,ISBN 979-688-236-6.",https://www.knapsackfamily.com/knapsack_core/result.php?sname=organism&word=Citrus%20nobilis
131,Clausena excavata Burm. f.,Rutaceae,,plants,medicinal,"Taksonomi Koleksi Tanaman Obat Kebun Tanaman Obat Citeureup,vol.kedua(2009),ISBN 978-979-3707-42-6. Tumbuhan Obat & Khasiatnya by Drs.H.Arief Hariana (2006),Vol.3,ISBN 979-002-008-2. Takemura,Chem.Pharm.Bull.,48,(2000),582",https://www.knapsackfamily.com/knapsack_core/result.php?sname=organism&word=Clausena%20excavata
132,Cleome spinosa L.,Capparaceae Capparidaceae,,plants,medicinal,"Atlas Tumbuhan Obat by dr.Setiawan Dalimartha (2008),Vol 5,ISBN 978-979-1480-18-5. Utami,Buku Pintar Tanaman Obat,431 jenis tanaman penggempur aneka penyakit,Redaksi AgroMedia,(2008)",https://www.knapsackfamily.com/knapsack_core/result.php?sname=organism&word=Cleome%20spinosa
133,Clerodendron serratum,Verbenaceae,,plants,medicinal,"Roosita,J.Ethnopharmacol.,115,(2008),72 Herbal Indonesia Berkhasiat by Bukti Ilmiah & Cara Racik,Vol 8,ISBN 979-688-236-6.",https://www.knapsackfamily.com/knapsack_core/result.php?sname=organism&word=Clerodendron%20serratum
134,Clerodendrum serratum,Lamiaceae,,plants,medicinal,"Medicinal Plants From the East by Christophe Wiart,ISBN 978-1-904761-85-3.",https://www.knapsackfamily.com/knapsack_core/result.php?sname=organism&word=Clerodendrum%20serratum
135,Clinacanthus nutans,Acanthaceae,,plants,medicinal,"Roosita,J.Ethnopharmacol.,115,(2008),72",https://www.knapsackfamily.com/knapsack_core/result.php?sname=organism&word=Clinacanthus%20nutans
136,Clitoria ternatea,Fabaceae,,plants,medicinal,"Medicinal Plants From the East by Christophe Wiart,ISBN 978-1-904761-85-3. Herbal Indonesia Berkhasiat by Bukti Ilmiah & Cara Racik,Vol 8,ISBN 979-688-236-6.",https://www.knapsackfamily.com/knapsack_core/result.php?sname=organism&word=Clitoria%20ternatea
137,Cocos nucifera,Arecaceae,Coconut palm | Coco palm,plants,medicinal,"Herbal Indonesia Berkhasiat by Bukti Ilmiah & Cara Racik,Vol 8,ISBN 979-688-236-6. Roosita,J.Ethnopharmacol.,115,(2008),72 Medicinal Plants of the World by Ivan A.Ross,Vol.3,ISBN 978-1-58829-129-5.",https://www.knapsackfamily.com/knapsack_core/result.php?sname=organism&word=Cocos%20nucifera
138,Coffea arabica,Rubiaceae,Coffee | Arabian coffee,plants,medicinal,"Medicinal Plants From the East by Christophe Wiart,ISBN 978-1-904761-85-3.",https://www.knapsackfamily.com/knapsack_core/result.php?sname=organism&word=Coffea%20arabica
139,Coffea canephora Pierre ex A.Froehner,Rubiaceae,,plants,medicinal,"Taksonomi Koleksi Tanaman Obat Kebun Tanaman Obat Citeureup,vol.kedua(2009),ISBN 978-979-3707-42-6.",https://www.knapsackfamily.com/knapsack_core/result.php?sname=organism&word=Coffea%20canephora
140,Coffea robusta L. ex De Willd.,Rubiaceae,,plants,medicinal,"Utami,Buku Pintar Tanaman Obat,431 jenis tanaman penggempur aneka penyakit,Redaksi AgroMedia,(2008)",https://www.knapsackfamily.com/knapsack_core/result.php?sname=organism&word=Coffea%20robusta
141,Coix lacryma-jobi L.,Poaceae,,plants,medicinal,"Utami,Buku Pintar Tanaman Obat,431 jenis tanaman penggempur aneka penyakit,Redaksi AgroMedia,(2008)",https://www.knapsackfamily.com/knapsack_core/result.php?sname=organism&word=Coix%20lacryma-jobi
142,Cola acuminata Schott ET Endl.,Sterculiaceae Malvaceae,,plants,medicinal,"Taksonomi Koleksi Tanaman Obat Kebun Tanaman Obat Citeureup,vol.Pertama(2008),ISBN 978-979-3707-42-6.",https://www.knapsackfamily.com/knapsack_core/result.php?sname=organism&word=Cola%20acuminata
143,Coleus amboinicus,Lamiaceae,,plants,medicinal,"Herbal Indonesia Berkhasiat by Bukti Ilmiah & Cara Racik,Vol 8,ISBN 979-688-236-6.",https://www.knapsackfamily.com/knapsack_core/result.php?sname=organism&word=Coleus%20amboinicus
144,Coleus carnosus L.,Lamiaceae,,plants,medicinal,JAMU in Indonesian Daily Life and Industry by Suwidjiyo Pramono,https://www.knapsackfamily.com/knapsack_core/result.php?sname=organism&word=Coleus%20carnosus
145,Colocasia esculenta (L.) Schott,Araceae,,plants,medicinal,"Atlas Tumbuhan Obat by dr.Setiawan Dalimartha (2006),Vol 4,ISBN 979-1133-14-X.",https://www.knapsackfamily.com/knapsack_core/result.php?sname=organism&word=Colocasia%20esculenta
146,Coriandrum sativum,Apiaceae,Coriander | Cilantro,plants,medicinal,"Herbal Indonesia Berkhasiat by Bukti Ilmiah & Cara Racik,Vol 8,ISBN 979-688-236-6. Roosita,J.Ethnopharmacol.,115,(2008),72",https://www.knapsackfamily.com/knapsack_core/result.php?sname=organism&word=Coriandrum%20sativum
147,Costus speciosus (Koen.ex.Retz.) Sm.,Costaceae Zingiberaceae,,plants,medicinal,"Hariana,Tubuhan Obat dan Khasiatnya Seri 2,Penebar Sadaya,(2002) Utami,Buku Pintar Tanaman Obat,431 jenis tanaman penggempur aneka penyakit,Redaksi AgroMedia,(2008)",https://www.knapsackfamily.com/knapsack_core/result.php?sname=organism&word=Costus%20speciosus
148,Crinum asiaticum L.,Amaryllidaceae,,plants,medicinal,"Tumbuhan Obat & Khasiatnya by Drs.H.Arief Hariana (2004),Vol.1,ISBN 979-489-816-3. Utami,Buku Pintar Tanaman Obat,431 jenis tanaman penggempur aneka penyakit,Redaksi AgroMedia,(2008)",https://www.knapsackfamily.com/knapsack_core/result.php?sname=organism&word=Crinum%20asiaticum
149,Crocus sativus L.,Iridaceae,,plants(colouring and flavoring food and tea),medicinal,"Utami,Buku Pintar Tanaman Obat,431 jenis tanaman penggempur aneka penyakit,Redaksi AgroMedia,(2008)",https://www.knapsackfamily.com/knapsack_core/result.php?sname=organism&word=Crocus%20sativus
150,Croton tiglium L.,Euphorbiaceae,,plants,medicinal,"Taksonomi Koleksi Tanaman Obat Kebun Tanaman Obat Citeureup,vol.Pertama(2008),ISBN 978-979-3707-42-6.",https://www.knapsackfamily.com/knapsack_core/result.php?sname=organism&word=Croton%20tiglium
151,Cucumis sativus L.,Cucurbitaceae,,plants,medicinal,"Atlas Tumbuhan Obat by dr.Setiawan Dalimartha (2008),Vol 5,ISBN 978-979-1480-18-5. JAMU in Indonesian Daily Life and Industry by Suwidjiyo Pramono Utami,Buku Pintar Tanaman Obat,431 jenis tanaman penggempur aneka penyakit,Redaksi AgroMedia,(2008)",https://www.knapsackfamily.com/knapsack_core/result.php?sname=organism&word=Cucumis%20sativus
152,Cucurbita moschata Duch.,Cucurbitaceae,,plants,medicinal,"Utami,Buku Pintar Tanaman Obat,431 jenis tanaman penggempur aneka penyakit,Redaksi AgroMedia,(2008)",https://www.knapsackfamily.com/knapsack_core/result.php?sname=organism&word=Cucurbita%20moschata
153,Cuminum cyminum L.,Apiaceae,,plants,medicinal,"Joshi, S.G.,Medicinal Plants,Mohan Primlani for Oxfor & IBH Publishing Co.Pvt.Ltd.,New Delhi (2003) 高橋澄子,ジャムウ　インドネシアの伝統治療薬、平河出版社(1988)[Takahasi, S.,Traditional remedy of Indonesia,(1988), in Japanese] Utami,Buku Pintar Tanaman Obat,431 jenis tanaman penggempur aneka penyakit,Redaksi AgroMedia,(2008)",https://www.knapsackfamily.com/knapsack_core/result.php?sname=organism&word=Cuminum%20cyminum
154,Curcuma aeruginosa,Zingiberaceae,,plants,medicinal,"Herbal Indonesia Berkhasiat by Bukti Ilmiah & Cara Racik,Vol 8,ISBN 979-688-236-6.",https://www.knapsackfamily.com/knapsack_core/result.php?sname=organism&word=Curcuma%20aeruginosa
155,Curcuma domestica,Zingiberaceae,,plants(spice),medicinal,"Roosita,J.Ethnopharmacol.,115,(2008),72 Utami,Buku Pintar Tanaman Obat,431 jenis tanaman penggempur aneka penyakit,Redaksi AgroMedia,(2008) 高橋澄子,ジャムウ　インドネシアの伝統治療薬、平河出版社(1988)[Takahasi, S.,Traditional remedy of Indonesia,(1988), in Japanese]",https://www.knapsackfamily.com/knapsack_core/result.php?sname=organism&word=Curcuma%20domestica
156,Curcuma heyneana,Zingiberaceae,,plants,medicinal,"Utami,Buku Pintar Tanaman Obat,431 jenis tanaman penggempur aneka penyakit,Redaksi AgroMedia,(2008) 高橋澄子,ジャムウ　インドネシアの伝統治療薬、平河出版社(1988)[Takahasi, S.,Traditional remedy of Indonesia,(1988), in Japanese]",https://www.knapsackfamily.com/knapsack_core/result.php?sname=organism&word=Curcuma%20heyneana
157,Curcuma longa,Zingiberaceae,Turmeric | Haridra,plants,medicinal,"Herbal Indonesia Berkhasiat by Bukti Ilmiah & Cara Racik,Vol 8,ISBN 979-688-236-6.",https://www.knapsackfamily.com/knapsack_core/result.php?sname=organism&word=Curcuma%20longa
158,Curcuma mangga,Zingiberaceae,,plants,medicinal,"Utami,Buku Pintar Tanaman Obat,431 jenis tanaman penggempur aneka penyakit,Redaksi AgroMedia,(2008) 高橋澄子,ジャムウ　インドネシアの伝統治療薬、平河出版社(1988)[Takahasi, S.,Traditional remedy of Indonesia,(1988), in Japanese]",https://www.knapsackfamily.com/knapsack_core/result.php?sname=organism&word=Curcuma%20mangga
159,Curcuma soloensis Valeton,Zingiberaceae,,plants,medicinal,"de Padua et al.(1999), Plant Resources of South-East Asia 12,(1) Medicinal and poisonous plants 1, Bogor, Indonesia",https://www.knapsackfamily.com/knapsack_core/result.php?sname=organism&word=Curcuma%20soloensis
160,Curcuma xanthorrhiza,Zingiberaceae,,plants,medicinal,"Herbal Indonesia Berkhasiat by Bukti Ilmiah & Cara Racik,Vol 8,ISBN 979-688-236-6. Roosita,J.Ethnopharmacol.,115,(2008),72",https://www.knapsackfamily.com/knapsack_core/result.php?sname=organism&word=Curcuma%20xanthorrhiza
161,Curcuma zanthorrhiza Roxb.,Zingiberaceae,,plants,medicinal,"Taksonomi Koleksi Tanaman Obat Kebun Tanaman Obat Citeureup,vol.kedua(2009),ISBN 978-979-3707-42-6.",https://www.knapsackfamily.com/knapsack_core/result.php?sname=organism&word=Curcuma%20zanthorrhiza
162,Curcuma zedoaria,Zingiberaceae,,plants(spice),medicinal,"Roosita,J.Ethnopharmacol.,115,(2008),72 Herbal Indonesia Berkhasiat by Bukti Ilmiah & Cara Racik,Vol 8,ISBN 979-688-236-6.",https://www.knapsackfamily.com/knapsack_core/result.php?sname=organism&word=Curcuma%20zedoaria
163,Cycas revoluta Thunb.,Cycadaceae,,plants,medicinal,"Atlas Tumbuhan Obat by dr.Setiawan Dalimartha (2006),Vol 4,ISBN 979-1133-14-X. Hariana,Tubuhan Obat dan Khasiatnya Seri 2,Penebar Sadaya,(2002) Utami,Buku Pintar Tanaman Obat,431 jenis tanaman penggempur aneka penyakit,Redaksi AgroMedia,(2008) Tumbuhan Obat & Khasiatnya by Drs.H.Arief Hariana (2005),Vol.2,ISBN 979-489-957-7.",https://www.knapsackfamily.com/knapsack_core/result.php?sname=organism&word=Cycas%20revoluta
164,Cyclea barbata,Menispermaceae,,plants,medicinal,"Roosita,J.Ethnopharmacol.,115,(2008),72 Herbal Indonesia Berkhasiat by Bukti Ilmiah & Cara Racik,Vol 8,ISBN 979-688-236-6.",https://www.knapsackfamily.com/knapsack_core/result.php?sname=organism&word=Cyclea%20barbata
165,Cymbopogon citratus,Poaceae,Lemon grass,plants,medicinal,"Medicinal Plants of the World by Ivan A.Ross,Vol.1,ISBN 1-58829-281-9.",https://www.knapsackfamily.com/knapsack_core/result.php?sname=organism&word=Cymbopogon%20citratus
166,Cymbopogon nardus (L.) Rendle,Poaceae,,plants,medicinal,"Atlas Tumbuhan Obat by dr.Setiawan Dalimartha (2008),Vol 5,ISBN 978-979-1480-18-5. Taksonomi Koleksi Tanaman Obat Kebun Tanaman Obat Citeureup,vol.kedua(2009),ISBN 978-979-3707-42-6. Tumbuhan Obat & Khasiatnya by Drs.H.Arief Hariana (2006),Vol.3,ISBN 979-002-008-2. JAMU in Indonesian Daily Life and Industry by Suwidjiyo Pramono",https://www.knapsackfamily.com/knapsack_core/result.php?sname=organism&word=Cymbopogon%20nardus
167,Cyperus iria L.,Cyperaceae,,plants,medicinal,"de Padua et al.(1999), Plant Resources of South-East Asia 12,(1) Medicinal and poisonous plants 1, Bogor, Indonesia",https://www.knapsackfamily.com/knapsack_core/result.php?sname=organism&word=Cyperus%20iria
168,Cyperus rotundus,Cyperaceae,Nut grass | Sedge root | Coco grass,"plants(famine food,wheat flour)",medicinal,"Medicinal Plants of the World by Ivan A.Ross,Vol.1,ISBN 1-58829-281-9.",https://www.knapsackfamily.com/knapsack_core/result.php?sname=organism&word=Cyperus%20rotundus
169,Datura metel,Solanaceae,,plants,medicinal,"Herbal Indonesia Berkhasiat by Bukti Ilmiah & Cara Racik,Vol 8,ISBN 979-688-236-6.",https://www.knapsackfamily.com/knapsack_core/result.php?sname=organism&word=Datura%20metel
170,Datura stramonium L.,Solanaceae,,plants,medicinal,JAMU in Indonesian Daily Life and Industry by Suwidjiyo Pramono,https://www.knapsackfamily.com/knapsack_core/result.php?sname=organism&word=Datura%20stramonium
171,Datura tatula L.,Solanaceae,,plants,medicinal,JAMU in Indonesian Daily Life and Industry by Suwidjiyo Pramono,https://www.knapsackfamily.com/knapsack_core/result.php?sname=organism&word=Datura%20tatula
172,Daucus carota L.,Apiaceae,,plants,medicinal,"Atlas Tumbuhan Obat by dr.Setiawan Dalimartha (2000),Vol 2,ISBN 979-661-065-5. Tanaman Obat Tradisional by Thomas A.N.S. (1992),Vol.2,ISBN 979-413-809-6. Utami,Buku Pintar Tanaman Obat,431 jenis tanaman penggempur aneka penyakit,Redaksi AgroMedia,(2008)",https://www.knapsackfamily.com/knapsack_core/result.php?sname=organism&word=Daucus%20carota
173,Derris elliptica,Fabaceae,,plants,medicinal,"高橋澄子,ジャムウ　インドネシアの伝統治療薬、平河出版社(1988)[Takahasi, S.,Traditional remedy of Indonesia,(1988), in Japanese]",https://www.knapsackfamily.com/knapsack_core/result.php?sname=organism&word=Derris%20elliptica
174,Derris robusta (Roxb.ex DC.) Benth.,Fabaceae,,plants,medicinal,"de Padua et al.(1999), Plant Resources of South-East Asia 12,(1) Medicinal and poisonous plants 1, Bogor, Indonesia",https://www.knapsackfamily.com/knapsack_core/result.php?sname=organism&word=Derris%20robusta
175,Derris scandens (Roxb.) Benth.,Fabaceae,,plants,medicinal,"de Padua et al.(1999), Plant Resources of South-East Asia 12,(1) Medicinal and poisonous plants 1, Bogor, Indonesia",https://www.knapsackfamily.com/knapsack_core/result.php?sname=organism&word=Derris%20scandens
176,Derris trifoliata Lour.,Fabaceae,,plants,medicinal,"de Padua et al.(1999), Plant Resources of South-East Asia 12,(1) Medicinal and poisonous plants 1, Bogor, Indonesia",https://www.knapsackfamily.com/knapsack_core/result.php?sname=organism&word=Derris%20trifoliata
177,Desmodium gangeticum (L.) DC.,Fabaceae,,plants,medicinal,"de Padua et al.(1999), Plant Resources of South-East Asia 12,(1) Medicinal and poisonous plants 1, Bogor, Indonesia",https://www.knapsackfamily.com/knapsack_core/result.php?sname=organism&word=Desmodium%20gangeticum
178,Desmodium pulchellum,Fabaceae,,plants,medicinal,"Medicinal Plants From the East by Christophe Wiart,ISBN 978-1-904761-85-3.",https://www.knapsackfamily.com/knapsack_core/result.php?sname=organism&word=Desmodium%20pulchellum
179,Desmodium styracifolium Merr.,Fabaceae,,plants,medicinal,"de Padua et al.(1999), Plant Resources of South-East Asia 12,(1) Medicinal and poisonous plants 1, Bogor, Indonesia",https://www.knapsackfamily.com/knapsack_core/result.php?sname=organism&word=Desmodium%20styracifolium
180,Desmodium triflorum (L.) DC.,Fabaceae,,plants,medicinal,"de Padua et al.(1999), Plant Resources of South-East Asia 12,(1) Medicinal and poisonous plants 1, Bogor, Indonesia",https://www.knapsackfamily.com/knapsack_core/result.php?sname=organism&word=Desmodium%20triflorum
181,Digitalis purpurea L.,Scrophulariaceae,,plants,medicinal,"Atlas Tumbuhan Obat by dr.Setiawan Dalimartha (2006),Vol 4,ISBN 979-1133-14-X.",https://www.knapsackfamily.com/knapsack_core/result.php?sname=organism&word=Digitalis%20purpurea
182,Dioscorea hispida Dennst.,Dioscoreaceae,,plants,medicinal,"Taksonomi Koleksi Tanaman Obat Kebun Tanaman Obat Citeureup,vol.kedua(2009),ISBN 978-979-3707-42-6. Tumbuhan Obat & Khasiatnya by Drs.H.Arief Hariana (2004),Vol.1,ISBN 979-489-816-3. JAMU in Indonesian Daily Life and Industry by Suwidjiyo Pramono",https://www.knapsackfamily.com/knapsack_core/result.php?sname=organism&word=Dioscorea%20hispida
183,Drymaria cordata Willd.,Caryophyllaceae,,plants,medicinal,"Tumbuhan Obat & Khasiatnya by Drs.H.Arief Hariana (2004),Vol.1,ISBN 979-489-816-3.",https://www.knapsackfamily.com/knapsack_core/result.php?sname=organism&word=Drymaria%20cordata
184,Dryobalanops aromatica,Dipterocarpaceae,Borneo camphor | borneol,plants,medicinal,"Utami,Buku Pintar Tanaman Obat,431 jenis tanaman penggempur aneka penyakit,Redaksi AgroMedia,(2008)",https://www.knapsackfamily.com/knapsack_core/result.php?sname=organism&word=Dryobalanops%20aromatica
185,Duranta erecta L.,Verbenaceae,,plants,medicinal,"Taksonomi Koleksi Tanaman Obat Kebun Tanaman Obat Citeureup,vol.kedua(2009),ISBN 978-979-3707-42-6.",https://www.knapsackfamily.com/knapsack_core/result.php?sname=organism&word=Duranta%20erecta
186,Duranta repens L.,Verbenaceae,,plants,medicinal,"Tumbuhan Obat & Khasiatnya by Drs.H.Arief Hariana (2006),Vol.3,ISBN 979-002-008-2.",https://www.knapsackfamily.com/knapsack_core/result.php?sname=organism&word=Duranta%20repens
187,Durio zibethinus,Malvaceae,,plants(eaten),medicinal,"Roosita,J.Ethnopharmacol.,115,(2008),72",https://www.knapsackfamily.com/knapsack_core/result.php?sname=organism&word=Durio%20zibethinus
188,Dysoxylum acutangulum,Meliaceae,,plants,medicinal,"Medicinal Plants From the East by Christophe Wiart,ISBN 978-1-904761-85-3.",https://www.knapsackfamily.com/knapsack_core/result.php?sname=organism&word=Dysoxylum%20acutangulum
189,Echinacea purpurea,Asteraceae,Purple coneflower | purple echinacea,plants,medicinal,"Herbal Indonesia Berkhasiat by Bukti Ilmiah & Cara Racik,Vol 8,ISBN 979-688-236-6.",https://www.knapsackfamily.com/knapsack_core/result.php?sname=organism&word=Echinacea%20purpurea
190,Echinacea spp.,Asteraceae,,plants,medicinal,JAMU in Indonesian Daily Life and Industry by Suwidjiyo Pramono,https://www.knapsackfamily.com/knapsack_core/result.php?sname=organism&word=Echinacea%20spp.
191,Eclipta alba (L.) Hassk.,Asteraceae,,plants,medicinal,"Utami,Buku Pintar Tanaman Obat,431 jenis tanaman penggempur aneka penyakit,Redaksi AgroMedia,(2008)",https://www.knapsackfamily.com/knapsack_core/result.php?sname=organism&word=Eclipta%20alba
192,Eclipta prostrata (L) Hassk.,Asteraceae,,plants,medicinal,"高橋澄子,ジャムウ　インドネシアの伝統治療薬、平河出版社(1988)[Takahasi, S.,Traditional remedy of Indonesia,(1988), in Japanese]",https://www.knapsackfamily.com/knapsack_core/result.php?sname=organism&word=Eclipta%20prostrata
193,Eichhornia crassipes (Mart.) Solms,Pontederiaceae,,plants,medicinal,"Atlas Tumbuhan Obat by dr.Setiawan Dalimartha (2009),Vol 6,ISBN 978-979-1480-19-2. Taksonomi Koleksi Tanaman Obat Kebun Tanaman Obat Citeureup,vol.kedua(2009),ISBN 978-979-3707-42-6.",https://www.knapsackfamily.com/knapsack_core/result.php?sname=organism&word=Eichhornia%20crassipes
194,Elaeocarpus ganitrus,Elaeocarpaceae,,plants,medicinal,"高橋澄子,ジャムウ　インドネシアの伝統治療薬、平河出版社(1988)[Takahasi, S.,Traditional remedy of Indonesia,(1988), in Japanese]",https://www.knapsackfamily.com/knapsack_core/result.php?sname=organism&word=Elaeocarpus%20ganitrus
195,Elaeocarpus grandiflorus J. Sm.,Elaeocarpaceae,,plants,medicinal,"Utami,Buku Pintar Tanaman Obat,431 jenis tanaman penggempur aneka penyakit,Redaksi AgroMedia,(2008)",https://www.knapsackfamily.com/knapsack_core/result.php?sname=organism&word=Elaeocarpus%20grandiflorus
196,Elateriospermum tapos,Euphorbiaceae,,plants,medicinal,"Medicinal Plants From the East by Christophe Wiart,ISBN 978-1-904761-85-3.",https://www.knapsackfamily.com/knapsack_core/result.php?sname=organism&word=Elateriospermum%20tapos
197,Elephantopus scaber,Asteraceae,,plants,medicinal,"Herbal Indonesia Berkhasiat by Bukti Ilmiah & Cara Racik,Vol 8,ISBN 979-688-236-6.",https://www.knapsackfamily.com/knapsack_core/result.php?sname=organism&word=Elephantopus%20scaber
198,Elettaria cardamomum Maton,Zingiberaceae,,plants,medicinal,"Joshi, S.G.,Medicinal Plants,Mohan Primlani for Oxfor & IBH Publishing Co.Pvt.Ltd.,New Delhi (2003) 高橋澄子,ジャムウ　インドネシアの伝統治療薬、平河出版社(1988)[Takahasi, S.,Traditional remedy of Indonesia,(1988), in Japanese]",https://www.knapsackfamily.com/knapsack_core/result.php?sname=organism&word=Elettaria%20cardamomum
199,Eleutherine americana,Iridaceae,,plants,medicinal,"Herbal Indonesia Berkhasiat by Bukti Ilmiah & Cara Racik,Vol 8,ISBN 979-688-236-6.",https://www.knapsackfamily.com/knapsack_core/result.php?sname=organism&word=Eleutherine%20americana
200,Embelia ribes Burm.f.,Myrsinaceae,,plants,medicinal,"de Padua et al.(1999), Plant Resources of South-East Asia 12,(1) Medicinal and poisonous plants 1, Bogor, Indonesia",https://www.knapsackfamily.com/knapsack_core/result.php?sname=organism&word=Embelia%20ribes
201,Emilia sonchifolia (L.) DC.,Asteraceae,,plants,medicinal,"Atlas Tumbuhan Obat by dr.Setiawan Dalimartha (2009),Vol 6,ISBN 978-979-1480-19-2. Utami,Buku Pintar Tanaman Obat,431 jenis tanaman penggempur aneka penyakit,Redaksi AgroMedia,(2008)",https://www.knapsackfamily.com/knapsack_core/result.php?sname=organism&word=Emilia%20sonchifolia
202,Entada scandens,Fabaceae,,plants,medicinal,"Utami,Buku Pintar Tanaman Obat,431 jenis tanaman penggempur aneka penyakit,Redaksi AgroMedia,(2008)",https://www.knapsackfamily.com/knapsack_core/result.php?sname=organism&word=Entada%20scandens
203,Equisetum debile L.,Equisetaceae,,plants,medicinal,JAMU in Indonesian Daily Life and Industry by Suwidjiyo Pramono,https://www.knapsackfamily.com/knapsack_core/result.php?sname=organism&word=Equisetum%20debile
204,Erigeron sumatrensis,Asteraceae,,plants,medicinal,"Roosita,J.Ethnopharmacol.,115,(2008),72",https://www.knapsackfamily.com/knapsack_core/result.php?sname=organism&word=Erigeron%20sumatrensis
205,Ervatamia divaricata (L.) Burk.,Apocynaceae,,plants,medicinal,"Atlas Tumbuhan Obat by dr.Setiawan Dalimartha (2003),Vol 3,ISBN 979-3235-73-X. Tumbuhan Obat & Khasiatnya by Drs.H.Arief Hariana (2005),Vol.2,ISBN 979-489-957-7. Hariana,Tubuhan Obat dan Khasiatnya Seri 2,Penebar Sadaya,(2002) Utami,Buku Pintar Tanaman Obat,431 jenis tanaman penggempur aneka penyakit,Redaksi AgroMedia,(2008)",https://www.knapsackfamily.com/knapsack_core/result.php?sname=organism&word=Ervatamia%20divaricata
206,Eryngium foetidum,Apiaceae,Culantro | Fitweed | False coriander,plants,medicinal,"Roosita,J.Ethnopharmacol.,115,(2008),72",https://www.knapsackfamily.com/knapsack_core/result.php?sname=organism&word=Eryngium%20foetidum
207,Erythrina lithosperma,Fabaceae,,plants,medicinal,"Roosita,J.Ethnopharmacol.,115,(2008),72",https://www.knapsackfamily.com/knapsack_core/result.php?sname=organism&word=Erythrina%20lithosperma
208,Erythrina subumbrans (Hassk.) Merr.,Fabaceae,,plants,medicinal,"Taksonomi Koleksi Tanaman Obat Kebun Tanaman Obat Citeureup,vol.kedua(2009),ISBN 978-979-3707-42-6. Utami,Buku Pintar Tanaman Obat,431 jenis tanaman penggempur aneka penyakit,Redaksi AgroMedia,(2008)",https://www.knapsackfamily.com/knapsack_core/result.php?sname=organism&word=Erythrina%20subumbrans
209,Erythrina variegata L.,Fabaceae,,plants,medicinal,"Utami,Buku Pintar Tanaman Obat,431 jenis tanaman penggempur aneka penyakit,Redaksi AgroMedia,(2008)",https://www.knapsackfamily.com/knapsack_core/result.php?sname=organism&word=Erythrina%20variegata
210,Eucalyptus globulus L.,Myrtaceae,,plants,medicinal,JAMU in Indonesian Daily Life and Industry by Suwidjiyo Pramono,https://www.knapsackfamily.com/knapsack_core/result.php?sname=organism&word=Eucalyptus%20globulus
211,Euchresta horsfieldii,Fabaceae,,plants,medicinal,"Herbal Indonesia Berkhasiat by Bukti Ilmiah & Cara Racik,Vol 8,ISBN 979-688-236-6.",https://www.knapsackfamily.com/knapsack_core/result.php?sname=organism&word=Euchresta%20horsfieldii
212,Eugenia aromatica O.K.,Myrtaceae,,plants,medicinal,"Tanaman Obat Tradisional by Thomas A.N.S. (1992),Vol.2,ISBN 979-413-809-6.",https://www.knapsackfamily.com/knapsack_core/result.php?sname=organism&word=Eugenia%20aromatica
213,Eugenia caryophyllata L.,Myrtaceae,,plants,medicinal,JAMU in Indonesian Daily Life and Industry by Suwidjiyo Pramono,https://www.knapsackfamily.com/knapsack_core/result.php?sname=organism&word=Eugenia%20caryophyllata
214,Eupatorium riparium Regel.,Asteraceae,,plants,medicinal,"Taksonomi Koleksi Tanaman Obat Kebun Tanaman Obat Citeureup,vol.kedua(2009),ISBN 978-979-3707-42-6.",https://www.knapsackfamily.com/knapsack_core/result.php?sname=organism&word=Eupatorium%20riparium
215,Eupatorium triplinerve Vahl.,Asteraceae,,plants,medicinal,"Atlas Tumbuhan Obat by dr.Setiawan Dalimartha (1999),Vol 1,ISBN 979-661-050-7. Taksonomi Koleksi Tanaman Obat Kebun Tanaman Obat Citeureup,vol.kedua(2009),ISBN 978-979-3707-42-6. Tumbuhan Obat & Khasiatnya by Drs.H.Arief Hariana (2004),Vol.1,ISBN 979-489-816-3. Utami,Buku Pintar Tanaman Obat,431 jenis tanaman penggempur aneka penyakit,Redaksi AgroMedia,(2008)",https://www.knapsackfamily.com/knapsack_core/result.php?sname=organism&word=Eupatorium%20triplinerve
216,Euphorbia antiquorum L.,Euphorbiaceae,,plants,medicinal,"de Padua et al.(1999), Plant Resources of South-East Asia 12,(1) Medicinal and poisonous plants 1, Bogor, Indonesia",https://www.knapsackfamily.com/knapsack_core/result.php?sname=organism&word=Euphorbia%20antiquorum
217,Euphorbia heterophylla L.,Euphorbiaceae,,plants,medicinal,"Taksonomi Koleksi Tanaman Obat Kebun Tanaman Obat Citeureup,vol.kedua(2009),ISBN 978-979-3707-42-6.",https://www.knapsackfamily.com/knapsack_core/result.php?sname=organism&word=Euphorbia%20heterophylla
218,Euphorbia hirta,Euphorbiaceae,Asthma weed | pill-bearing spurge,plants,medicinal,"Roosita,J.Ethnopharmacol.,115,(2008),72",https://www.knapsackfamily.com/knapsack_core/result.php?sname=organism&word=Euphorbia%20hirta
219,Euphorbia milii Ch. Des Moulins,Euphorbiaceae,,plants,medicinal,"Utami,Buku Pintar Tanaman Obat,431 jenis tanaman penggempur aneka penyakit,Redaksi AgroMedia,(2008) Atlas Tumbuhan Obat by dr.Setiawan Dalimartha (2003),Vol 3,ISBN 979-3235-73-X.",https://www.knapsackfamily.com/knapsack_core/result.php?sname=organism&word=Euphorbia%20milii
220,Euphorbia neriifolia L.,Euphorbiaceae,,plants,medicinal,"de Padua et al.(1999), Plant Resources of South-East Asia 12,(1) Medicinal and poisonous plants 1, Bogor, Indonesia",https://www.knapsackfamily.com/knapsack_core/result.php?sname=organism&word=Euphorbia%20neriifolia
221,Euphorbia prostrata Aiton,Euphorbiaceae,,plants,medicinal,"de Padua et al.(1999), Plant Resources of South-East Asia 12,(1) Medicinal and poisonous plants 1, Bogor, Indonesia",https://www.knapsackfamily.com/knapsack_core/result.php?sname=organism&word=Euphorbia%20prostrata
222,Euphorbia pulcherrima Willd. ex Klotzsch,Euphorbiaceae,,plants,medicinal,"Utami,Buku Pintar Tanaman Obat,431 jenis tanaman penggempur aneka penyakit,Redaksi AgroMedia,(2008) Atlas Tumbuhan Obat by dr.Setiawan Dalimartha (2003),Vol 3,ISBN 979-3235-73-X. Tumbuhan Obat & Khasiatnya by Drs.H.Arief Hariana (2005),Vol.2,ISBN 979-489-957-7. Hariana,Tubuhan Obat dan Khasiatnya Seri 2,Penebar Sadaya,(2002)",https://www.knapsackfamily.com/knapsack_core/result.php?sname=organism&word=Euphorbia%20pulcherrima
223,Euphorbia tirucalli,Euphorbiaceae,,plants,medicinal,"Herbal Indonesia Berkhasiat by Bukti Ilmiah & Cara Racik,Vol 8,ISBN 979-688-236-6. 高橋澄子,ジャムウ　インドネシアの伝統治療薬、平河出版社(1988)[Takahasi, S.,Traditional remedy of Indonesia,(1988), in Japanese]",https://www.knapsackfamily.com/knapsack_core/result.php?sname=organism&word=Euphorbia%20tirucalli
224,Eurycoma longifolia,Simaroubaceae,,plants,medicinal,"Herbal Indonesia Berkhasiat by Bukti Ilmiah & Cara Racik,Vol 8,ISBN 979-688-236-6.",https://www.knapsackfamily.com/knapsack_core/result.php?sname=organism&word=Eurycoma%20longifolia
225,Excoecaria agallocha L.,Euphorbiaceae,,plants,medicinal,"Utami,Buku Pintar Tanaman Obat,431 jenis tanaman penggempur aneka penyakit,Redaksi AgroMedia,(2008)",https://www.knapsackfamily.com/knapsack_core/result.php?sname=organism&word=Excoecaria%20agallocha
226,Excoecaria cochinchinensis,Euphorbiaceae,Chinese croton | blindness tree | buta buta | jungle fire plant,plants,medicinal,"Herbal Indonesia Berkhasiat by Bukti Ilmiah & Cara Racik,Vol 8,ISBN 979-688-236-6. Medicinal Plants From the East by Christophe Wiart,ISBN 978-1-904761-85-3.",https://www.knapsackfamily.com/knapsack_core/result.php?sname=organism&word=Excoecaria%20cochinchinensis
227,Fagara rhetza,Rutaceae,,plants,medicinal,"Shibuya,Yakugaku Zasshi,116,(1996),911",https://www.knapsackfamily.com/knapsack_core/result.php?sname=organism&word=Fagara%20rhetza
228,Ficus carica,Moraceae,fig tree,plants,medicinal,"Herbal Indonesia Berkhasiat by Bukti Ilmiah & Cara Racik,Vol 8,ISBN 979-688-236-6.",https://www.knapsackfamily.com/knapsack_core/result.php?sname=organism&word=Ficus%20carica
229,Ficus microcarpa L.f.,Moraceae,,plants,medicinal,"de Padua et al.(1999), Plant Resources of South-East Asia 12,(1) Medicinal and poisonous plants 1, Bogor, Indonesia",https://www.knapsackfamily.com/knapsack_core/result.php?sname=organism&word=Ficus%20microcarpa
230,Ficus pumila L.,Moraceae,,plants,medicinal,"de Padua et al.(1999), Plant Resources of South-East Asia 12,(1) Medicinal and poisonous plants 1, Bogor, Indonesia",https://www.knapsackfamily.com/knapsack_core/result.php?sname=organism&word=Ficus%20pumila
231,Ficus septica Burm.f.,Moraceae,,plants,medicinal,"Taksonomi Koleksi Tanaman Obat Kebun Tanaman Obat Citeureup,vol.kedua(2009),ISBN 978-979-3707-42-6. de Padua et al.(1999), Plant Resources of South-East Asia 12,(1) Medicinal and poisonous plants 1, Bogor, Indonesia",https://www.knapsackfamily.com/knapsack_core/result.php?sname=organism&word=Ficus%20septica
232,Ficus variegata Bl.,Moraceae,,plants,medicinal,"Utami,Buku Pintar Tanaman Obat,431 jenis tanaman penggempur aneka penyakit,Redaksi AgroMedia,(2008)",https://www.knapsackfamily.com/knapsack_core/result.php?sname=organism&word=Ficus%20variegata
233,Foeniculum vulgare,Apiaceae,Fennel,plants,medicinal,"Herbal Indonesia Berkhasiat by Bukti Ilmiah & Cara Racik,Vol 8,ISBN 979-688-236-6.",https://www.knapsackfamily.com/knapsack_core/result.php?sname=organism&word=Foeniculum%20vulgare
234,Ganoderma lucidum,Polyporaceae Ganodermataceae,Lacquered braket fungus | Reishi,mushrooms,medicinal,"Herbal Indonesia Berkhasiat by Bukti Ilmiah & Cara Racik,Vol 8,ISBN 979-688-236-6.",https://www.knapsackfamily.com/knapsack_core/result.php?sname=organism&word=Ganoderma%20lucidum
235,Garcinia dulcis Kurz.,Clusiaceae,,plants,medicinal,"Deachathai,Phytochem.,66,(2005),2368 Hariana,Tubuhan Obat dan Khasiatnya Seri 2,Penebar Sadaya,(2002) Utami,Buku Pintar Tanaman Obat,431 jenis tanaman penggempur aneka penyakit,Redaksi AgroMedia,(2008) Tumbuhan Obat & Khasiatnya by Drs.H.Arief Hariana (2005),Vol.2,ISBN 979-489-957-7.",https://www.knapsackfamily.com/knapsack_core/result.php?sname=organism&word=Garcinia%20dulcis
236,Garcinia mangostana,Clusiaceae,Mangosteen,plants,medicinal,"Herbal Indonesia Berkhasiat by Bukti Ilmiah & Cara Racik,Vol 8,ISBN 979-688-236-6.",https://www.knapsackfamily.com/knapsack_core/result.php?sname=organism&word=Garcinia%20mangostana
237,Gardenia jasminoides Ellis,Rubiaceae,Gardenia | Cape jasmine,plants,medicinal,"Taksonomi Koleksi Tanaman Obat Kebun Tanaman Obat Citeureup,vol.kedua(2009),ISBN 978-979-3707-42-6. Tanaman Obat Tradisional by Thomas A.N.S. (1992),Vol.2,ISBN 979-413-809-6.",https://www.knapsackfamily.com/knapsack_core/result.php?sname=organism&word=Gardenia%20jasminoides
238,Gaultheria procumbens,Ericaceae,Wintergreen | Checkerberry | Teaberry,plants,medicinal,"高橋澄子,ジャムウ　インドネシアの伝統治療薬、平河出版社(1988)[Takahasi, S.,Traditional remedy of Indonesia,(1988), in Japanese]",https://www.knapsackfamily.com/knapsack_core/result.php?sname=organism&word=Gaultheria%20procumbens
239,Ginkgo biloba L.,Ginkgoaceae,,plants,medicinal,"Atlas Tumbuhan Obat by dr.Setiawan Dalimartha (2008),Vol 5,ISBN 978-979-1480-18-5.",https://www.knapsackfamily.com/knapsack_core/result.php?sname=organism&word=Ginkgo%20biloba
240,Glochidion rubrum Bl.,Phyllanthaceae,,plants,medicinal,"Utami,Buku Pintar Tanaman Obat,431 jenis tanaman penggempur aneka penyakit,Redaksi AgroMedia,(2008)",https://www.knapsackfamily.com/knapsack_core/result.php?sname=organism&word=Glochidion%20rubrum
241,Gloriosa superba L.,Liliaceae,,plants,medicinal,"Utami,Buku Pintar Tanaman Obat,431 jenis tanaman penggempur aneka penyakit,Redaksi AgroMedia,(2008) de Padua et al.(1999), Plant Resources of South-East Asia 12,(1) Medicinal and poisonous plants 1, Bogor, Indonesia",https://www.knapsackfamily.com/knapsack_core/result.php?sname=organism&word=Gloriosa%20superba
242,Glycine max,Fabaceae,soybean | edamame,plants,medicinal,"Roosita,J.Ethnopharmacol.,115,(2008),72",https://www.knapsackfamily.com/knapsack_core/result.php?sname=organism&word=Glycine%20max
243,Glycine soja (Linn.) Sieb dan Zucc.,Fabaceae,,plants,medicinal,"Tanaman Obat Tradisional by Thomas A.N.S. (1992),Vol.2,ISBN 979-413-809-6.",https://www.knapsackfamily.com/knapsack_core/result.php?sname=organism&word=Glycine%20soja
244,Glycyrrhiza glabra L.,Fabaceae,,plants,medicinal,"Joshi, S.G.,Medicinal Plants,Mohan Primlani for Oxfor & IBH Publishing Co.Pvt.Ltd.,New Delhi (2003) 高橋澄子,ジャムウ　インドネシアの伝統治療薬、平河出版社(1988)[Takahasi, S.,Traditional remedy of Indonesia,(1988), in Japanese] Utami,Buku Pintar Tanaman Obat,431 jenis tanaman penggempur aneka penyakit,Redaksi AgroMedia,(2008) JAMU in Indonesian Daily Life and Industry by Suwidjiyo Pramono",https://www.knapsackfamily.com/knapsack_core/result.php?sname=organism&word=Glycyrrhiza%20glabra
245,Gnetum gnemon L.,Gnetaceae,,plants,medicinal,"Hariana,Tubuhan Obat dan Khasiatnya Seri 2,Penebar Sadaya,(2002) Roosita,J.Ethnopharmacol.,115,(2008),72 Tanaka,Chem.Pharm.Bull.,49,(2001),858 Utami,Buku Pintar Tanaman Obat,431 jenis tanaman penggempur aneka penyakit,Redaksi AgroMedia,(2008) Tumbuhan Obat & Khasiatnya by Drs.H.Arief Hariana (2005),Vol.2,ISBN 979-489-957-7.",https://www.knapsackfamily.com/knapsack_core/result.php?sname=organism&word=Gnetum%20gnemon
246,Gomphrena globosa L.,Amaranthaceae,,plants,medicinal,"Atlas Tumbuhan Obat by dr.Setiawan Dalimartha (2000),Vol 2,ISBN 979-661-065-5. Taksonomi Koleksi Tanaman Obat Kebun Tanaman Obat Citeureup,vol.kedua(2009),ISBN 978-979-3707-42-6. Tumbuhan Obat & Khasiatnya by Drs.H.Arief Hariana (2004),Vol.1,ISBN 979-489-816-3. Utami,Buku Pintar Tanaman Obat,431 jenis tanaman penggempur aneka penyakit,Redaksi AgroMedia,(2008)",https://www.knapsackfamily.com/knapsack_core/result.php?sname=organism&word=Gomphrena%20globosa
247,Goniothalamus macrophyllus,Annonaceae,,plants,medicinal,"Roosita,J.Ethnopharmacol.,115,(2008),72",https://www.knapsackfamily.com/knapsack_core/result.php?sname=organism&word=Goniothalamus%20macrophyllus
248,Gossypium herbaceum L.,Malvaceae,,plants,medicinal,"Atlas Tumbuhan Obat by dr.Setiawan Dalimartha (2003),Vol 3,ISBN 979-3235-73-X. Utami,Buku Pintar Tanaman Obat,431 jenis tanaman penggempur aneka penyakit,Redaksi AgroMedia,(2008)",https://www.knapsackfamily.com/knapsack_core/result.php?sname=organism&word=Gossypium%20herbaceum
249,Guazuma ulmifolia,Sterculiaceae,,plants,medicinal,"Herbal Indonesia Berkhasiat by Bukti Ilmiah & Cara Racik,Vol 8,ISBN 979-688-236-6.",https://www.knapsackfamily.com/knapsack_core/result.php?sname=organism&word=Guazuma%20ulmifolia
250,Gynandropsis gynandra (L.) Briq.,Capparaceae Capparidaceae,,plants,medicinal,"Atlas Tumbuhan Obat by dr.Setiawan Dalimartha (2009),Vol 6,ISBN 978-979-1480-19-2.",https://www.knapsackfamily.com/knapsack_core/result.php?sname=organism&word=Gynandropsis%20gynandra
251,Gynura segetum (L.) Merr.,Asteraceae,,plants,medicinal,"Utami,Buku Pintar Tanaman Obat,431 jenis tanaman penggempur aneka penyakit,Redaksi AgroMedia,(2008)",https://www.knapsackfamily.com/knapsack_core/result.php?sname=organism&word=Gynura%20segetum
252,Hedychium coronarium J.Konig.,Zingiberaceae,,plants,medicinal,"Taksonomi Koleksi Tanaman Obat Kebun Tanaman Obat Citeureup,vol.kedua(2009),ISBN 978-979-3707-42-6.",https://www.knapsackfamily.com/knapsack_core/result.php?sname=organism&word=Hedychium%20coronarium
253,Hedyotis corymbosa (L.) Lamk.,Rubiaceae,,plants,medicinal,"Atlas Tumbuhan Obat by dr.Setiawan Dalimartha (2008),Vol 5,ISBN 978-979-1480-18-5. Tumbuhan Obat & Khasiatnya by Drs.H.Arief Hariana (2006),Vol.3,ISBN 979-002-008-2.",https://www.knapsackfamily.com/knapsack_core/result.php?sname=organism&word=Hedyotis%20corymbosa
254,Helianthus annuus,Asteraceae,Sunflower seeds | Common Sunflower,plants(tea),medicinal,JAMU in Indonesian Daily Life and Industry by Suwidjiyo Pramono,https://www.knapsackfamily.com/knapsack_core/result.php?sname=organism&word=Helianthus%20annuus
255,Helicteres isora L.,Malvaceae,,plants,medicinal,"Kamiya,Phytochem.,56,(2001),297 Utami,Buku Pintar Tanaman Obat,431 jenis tanaman penggempur aneka penyakit,Redaksi AgroMedia,(2008)",https://www.knapsackfamily.com/knapsack_core/result.php?sname=organism&word=Helicteres%20isora
256,Heliotropium indicum L.,Boraginaceae,,plants,medicinal,"Tumbuhan Obat & Khasiatnya by Drs.H.Arief Hariana (2006),Vol.3,ISBN 979-002-008-2. Utami,Buku Pintar Tanaman Obat,431 jenis tanaman penggempur aneka penyakit,Redaksi AgroMedia,(2008) de Padua et al.(1999), Plant Resources of South-East Asia 12,(1) Medicinal and poisonous plants 1, Bogor, Indonesia",https://www.knapsackfamily.com/knapsack_core/result.php?sname=organism&word=Heliotropium%20indicum
257,Hevea brasiliensis Muell.Arg,Euphorbiaceae,,plants,medicinal,"Taksonomi Koleksi Tanaman Obat Kebun Tanaman Obat Citeureup,vol.kedua(2009),ISBN 978-979-3707-42-6.",https://www.knapsackfamily.com/knapsack_core/result.php?sname=organism&word=Hevea%20brasiliensis
258,Hibiscus abelmoschus L.,Malvaceae,,plants,medicinal,"Utami,Buku Pintar Tanaman Obat,431 jenis tanaman penggempur aneka penyakit,Redaksi AgroMedia,(2008)",https://www.knapsackfamily.com/knapsack_core/result.php?sname=organism&word=Hibiscus%20abelmoschus
259,Hibiscus mutabilis L.,Malvaceae,,plants,medicinal,"Atlas Tumbuhan Obat by dr.Setiawan Dalimartha (2006),Vol 4,ISBN 979-1133-14-X. Taksonomi Koleksi Tanaman Obat Kebun Tanaman Obat Citeureup,vol.kedua(2009),ISBN 978-979-3707-42-6. Tumbuhan Obat & Khasiatnya by Drs.H.Arief Hariana (2006),Vol.3,ISBN 979-002-008-2.",https://www.knapsackfamily.com/knapsack_core/result.php?sname=organism&word=Hibiscus%20mutabilis
260,Hibiscus rosa-sinensis,Malvaceae,Chinese hibiscus,"plants(food,tea,food colouring)",medicinal,"Medicinal Plants of the World by Ivan A.Ross,Vol.1,ISBN 1-58829-281-9.",https://www.knapsackfamily.com/knapsack_core/result.php?sname=organism&word=Hibiscus%20rosa-sinensis
261,Hibiscus sabdariffa,Malvaceae,Hibiscus | Jamaica sorrel | Karkade,plants,medicinal,"Herbal Indonesia Berkhasiat by Bukti Ilmiah & Cara Racik,Vol 8,ISBN 979-688-236-6.",https://www.knapsackfamily.com/knapsack_core/result.php?sname=organism&word=Hibiscus%20sabdariffa
262,Hibiscus tiliaceus,Malvaceae,,plants,medicinal,"Herbal Indonesia Berkhasiat by Bukti Ilmiah & Cara Racik,Vol 8,ISBN 979-688-236-6.",https://www.knapsackfamily.com/knapsack_core/result.php?sname=organism&word=Hibiscus%20tiliaceus
263,Homalomena occulta (Lour.) Schott.,Araceae,,plants,medicinal,"Atlas Tumbuhan Obat by dr.Setiawan Dalimartha (2003),Vol 3,ISBN 979-3235-73-X.",https://www.knapsackfamily.com/knapsack_core/result.php?sname=organism&word=Homalomena%20occulta
264,Hura crepitans L.,Euphorbiaceae,,plants,medicinal,"Taksonomi Koleksi Tanaman Obat Kebun Tanaman Obat Citeureup,vol.kedua(2009),ISBN 978-979-3707-42-6. Utami,Buku Pintar Tanaman Obat,431 jenis tanaman penggempur aneka penyakit,Redaksi AgroMedia,(2008)",https://www.knapsackfamily.com/knapsack_core/result.php?sname=organism&word=Hura%20crepitans
265,Hydrangea macrophylla (Thunb.) Seringe,Hydrangeaceae,,plants,medicinal,"Atlas Tumbuhan Obat by dr.Setiawan Dalimartha (2003),Vol 3,ISBN 979-3235-73-X. Utami,Buku Pintar Tanaman Obat,431 jenis tanaman penggempur aneka penyakit,Redaksi AgroMedia,(2008)",https://www.knapsackfamily.com/knapsack_core/result.php?sname=organism&word=Hydrangea%20macrophylla
266,Hydrocotyle sibthorpioides L.,Apiaceae,,plants,medicinal,"Utami,Buku Pintar Tanaman Obat,431 jenis tanaman penggempur aneka penyakit,Redaksi AgroMedia,(2008)",https://www.knapsackfamily.com/knapsack_core/result.php?sname=organism&word=Hydrocotyle%20sibthorpioides
267,Hylocereus undatus (Haw.) Britt. et Rose,Cactaceae,,plants,medicinal,"Utami,Buku Pintar Tanaman Obat,431 jenis tanaman penggempur aneka penyakit,Redaksi AgroMedia,(2008)",https://www.knapsackfamily.com/knapsack_core/result.php?sname=organism&word=Hylocereus%20undatus
268,Hyptis brevipes,Lamiaceae,,plants,medicinal,"Medicinal Plants From the East by Christophe Wiart,ISBN 978-1-904761-85-3. Roosita,J.Ethnopharmacol.,115,(2008),72",https://www.knapsackfamily.com/knapsack_core/result.php?sname=organism&word=Hyptis%20brevipes
269,Hyptis pectinata,Lamiaceae,,plants,medicinal,"Taksonomi Koleksi Tanaman Obat Kebun Tanaman Obat Citeureup,vol.kedua(2009),ISBN 978-979-3707-42-6.",https://www.knapsackfamily.com/knapsack_core/result.php?sname=organism&word=Hyptis%20pectinata
270,Hyptis suaveolens,Lamiaceae,,plants,medicinal,"Roosita,J.Ethnopharmacol.,115,(2008),72",https://www.knapsackfamily.com/knapsack_core/result.php?sname=organism&word=Hyptis%20suaveolens
271,Impatiens balsamina L.,Balsaminaceae,,plants,medicinal,"Hariana,Tubuhan Obat dan Khasiatnya Seri 2,Penebar Sadaya,(2002) Utami,Buku Pintar Tanaman Obat,431 jenis tanaman penggempur aneka penyakit,Redaksi AgroMedia,(2008)",https://www.knapsackfamily.com/knapsack_core/result.php?sname=organism&word=Impatiens%20balsamina
272,Imperata cylindrica,Poaceae,Japanese blood grass,"plants(survival food,beer,sweet juice)",medicinal,"Roosita,J.Ethnopharmacol.,115,(2008),72",https://www.knapsackfamily.com/knapsack_core/result.php?sname=organism&word=Imperata%20cylindrica
273,Indigofera tinctoria L.,Fabaceae,,plants,medicinal,"Hariana,Tubuhan Obat dan Khasiatnya Seri 2,Penebar Sadaya,(2002) Tumbuhan Obat & Khasiatnya by Drs.H.Arief Hariana (2005),Vol.2,ISBN 979-489-957-7. Tumbuhan Obat & Khasiatnya by Drs.H.Arief Hariana (2006),Vol.3,ISBN 979-002-008-2.",https://www.knapsackfamily.com/knapsack_core/result.php?sname=organism&word=Indigofera%20tinctoria
274,Intsia bijuga,Fabaceae,,plants,medicinal,"Medicinal Plants From the East by Christophe Wiart,ISBN 978-1-904761-85-3.",https://www.knapsackfamily.com/knapsack_core/result.php?sname=organism&word=Intsia%20bijuga
275,Ipomoea aquatica,Convolvulaceae,water spinach | kang kong | water convolvulus,plants,medicinal,"高橋澄子,ジャムウ　インドネシアの伝統治療薬、平河出版社(1988)[Takahasi, S.,Traditional remedy of Indonesia,(1988), in Japanese]",https://www.knapsackfamily.com/knapsack_core/result.php?sname=organism&word=Ipomoea%20aquatica
276,Ipomoea batatas L.,Convolvulaceae,,plants,medicinal,"Joshi, S.G.,Medicinal Plants,Mohan Primlani for Oxfor & IBH Publishing Co.Pvt.Ltd.,New Delhi (2003) 高橋澄子,ジャムウ　インドネシアの伝統治療薬、平河出版社(1988)[Takahasi, S.,Traditional remedy of Indonesia,(1988), in Japanese]",https://www.knapsackfamily.com/knapsack_core/result.php?sname=organism&word=Ipomoea%20batatas
277,Ipomoea cairica (L.) Sweet,Convolvulaceae,,plants,medicinal,"Tumbuhan Obat & Khasiatnya by Drs.H.Arief Hariana (2006),Vol.3,ISBN 979-002-008-2.",https://www.knapsackfamily.com/knapsack_core/result.php?sname=organism&word=Ipomoea%20cairica
278,Ipomoea pes-caprae (L.) Sweet,Convolvulaceae,,plants,medicinal,"Atlas Tumbuhan Obat by dr.Setiawan Dalimartha (2006),Vol 4,ISBN 979-1133-14-X. Tumbuhan Obat & Khasiatnya by Drs.H.Arief Hariana (2006),Vol.3,ISBN 979-002-008-2. Utami,Buku Pintar Tanaman Obat,431 jenis tanaman penggempur aneka penyakit,Redaksi AgroMedia,(2008)",https://www.knapsackfamily.com/knapsack_core/result.php?sname=organism&word=Ipomoea%20pes-caprae
279,Ipomoea reptans Poir.,Convolvulaceae,,plants,medicinal,"Utami,Buku Pintar Tanaman Obat,431 jenis tanaman penggempur aneka penyakit,Redaksi AgroMedia,(2008)",https://www.knapsackfamily.com/knapsack_core/result.php?sname=organism&word=Ipomoea%20reptans
280,Ipomoea sp.,Convolvulaceae,,plants,medicinal,"Utami,Buku Pintar Tanaman Obat,431 jenis tanaman penggempur aneka penyakit,Redaksi AgroMedia,(2008)",https://www.knapsackfamily.com/knapsack_core/result.php?sname=organism&word=Ipomoea%20sp.
281,Isotoma longiflora,Campanulaceae,,plants,medicinal,"Herbal Indonesia Berkhasiat by Bukti Ilmiah & Cara Racik,Vol 8,ISBN 979-688-236-6.",https://www.knapsackfamily.com/knapsack_core/result.php?sname=organism&word=Isotoma%20longiflora
282,Ixora chinensis Lamk,Rubiaceae,,plants,medicinal,"de Padua et al.(1999), Plant Resources of South-East Asia 12,(1) Medicinal and poisonous plants 1, Bogor, Indonesia",https://www.knapsackfamily.com/knapsack_core/result.php?sname=organism&word=Ixora%20chinensis
283,Jasminum officinale,Oleaceae,Jasmine | Common jasmine | Jessamine,"plants(eaten,flavour,essential oil)",medicinal,JAMU in Indonesian Daily Life and Industry by Suwidjiyo Pramono,https://www.knapsackfamily.com/knapsack_core/result.php?sname=organism&word=Jasminum%20officinale
284,Jasminum sambac L.,Oleaceae,,plants,medicinal,JAMU in Indonesian Daily Life and Industry by Suwidjiyo Pramono,https://www.knapsackfamily.com/knapsack_core/result.php?sname=organism&word=Jasminum%20sambac
285,Jatropha curcas,Euphorbiaceae,,plants,medicinal,"Medicinal Plants of the World by Ivan A.Ross,Vol.1,ISBN 1-58829-281-9.",https://www.knapsackfamily.com/knapsack_core/result.php?sname=organism&word=Jatropha%20curcas
286,Jatropha gossypifolia L.,Euphorbiaceae,,plants,medicinal,"Atlas Tumbuhan Obat by dr.Setiawan Dalimartha (2009),Vol 6,ISBN 978-979-1480-19-2. Tumbuhan Obat & Khasiatnya by Drs.H.Arief Hariana (2004),Vol.1,ISBN 979-489-816-3. Utami,Buku Pintar Tanaman Obat,431 jenis tanaman penggempur aneka penyakit,Redaksi AgroMedia,(2008)",https://www.knapsackfamily.com/knapsack_core/result.php?sname=organism&word=Jatropha%20gossypifolia
287,Jatropha gossypiifolia,Euphorbiaceae,,plants,medicinal,"Medicinal Plants From the East by Christophe Wiart,ISBN 978-1-904761-85-3.",https://www.knapsackfamily.com/knapsack_core/result.php?sname=organism&word=Jatropha%20gossypiifolia
288,Jatropha multifida L.,Euphorbiaceae,,plants,medicinal,"de Padua et al.(1999), Plant Resources of South-East Asia 12,(1) Medicinal and poisonous plants 1, Bogor, Indonesia",https://www.knapsackfamily.com/knapsack_core/result.php?sname=organism&word=Jatropha%20multifida
289,Jatropha podagrica Hook.,Euphorbiaceae,,plants,medicinal,"Atlas Tumbuhan Obat by dr.Setiawan Dalimartha (2008),Vol 5,ISBN 978-979-1480-18-5. Utami,Buku Pintar Tanaman Obat,431 jenis tanaman penggempur aneka penyakit,Redaksi AgroMedia,(2008)",https://www.knapsackfamily.com/knapsack_core/result.php?sname=organism&word=Jatropha%20podagrica
290,Juniperus sp.,Cupressaceae,,plants,medicinal,"Utami,Buku Pintar Tanaman Obat,431 jenis tanaman penggempur aneka penyakit,Redaksi AgroMedia,(2008)",https://www.knapsackfamily.com/knapsack_core/result.php?sname=organism&word=Juniperus%20sp.
291,Kaempferia galanga L.,Zingiberaceae,,plants,medicinal,"JAMU in Indonesian Daily Life and Industry by Suwidjiyo Pramono Joshi, S.G.,Medicinal Plants,Mohan Primlani for Oxfor & IBH Publishing Co.Pvt.Ltd.,New Delhi (2003) 高橋澄子,ジャムウ　インドネシアの伝統治療薬、平河出版社(1988)[Takahasi, S.,Traditional remedy of Indonesia,(1988), in Japanese] Roosita,J.Ethnopharmacol.,115,(2008),72 Utami,Buku Pintar Tanaman Obat,431 jenis tanaman penggempur aneka penyakit,Redaksi AgroMedia,(2008) de Padua et al.(1999), Plant Resources of South-East Asia 12,(1) Medicinal and poisonous plants 1, Bogor, Indonesia",https://www.knapsackfamily.com/knapsack_core/result.php?sname=organism&word=Kaempferia%20galanga
292,Kaempferia rotunda,Zingiberaceae,,plants,medicinal,"Herbal Indonesia Berkhasiat by Bukti Ilmiah & Cara Racik,Vol 8,ISBN 979-688-236-6.",https://www.knapsackfamily.com/knapsack_core/result.php?sname=organism&word=Kaempferia%20rotunda
293,Kalanchoe daigremontiana DC.,Crassulaceae,,plants,medicinal,"Taksonomi Koleksi Tanaman Obat Kebun Tanaman Obat Citeureup,vol.kedua(2009),ISBN 978-979-3707-42-6.",https://www.knapsackfamily.com/knapsack_core/result.php?sname=organism&word=Kalanchoe%20daigremontiana
294,Kalanchoe pinnata,Crassulaceae,,plants,medicinal,"Roosita,J.Ethnopharmacol.,115,(2008),72",https://www.knapsackfamily.com/knapsack_core/result.php?sname=organism&word=Kalanchoe%20pinnata
295,Kyllinga brevifolia Rottb.,Cyperaceae,,plants,medicinal,"Atlas Tumbuhan Obat by dr.Setiawan Dalimartha (2006),Vol 4,ISBN 979-1133-14-X.",https://www.knapsackfamily.com/knapsack_core/result.php?sname=organism&word=Kyllinga%20brevifolia
296,Lactuca indica L.,Asteraceae,,plants,medicinal,"Tumbuhan Obat & Khasiatnya by Drs.H.Arief Hariana (2006),Vol.3,ISBN 979-002-008-2.",https://www.knapsackfamily.com/knapsack_core/result.php?sname=organism&word=Lactuca%20indica
297,Lagerstroemia indica L.,Lythraceae,,plants,medicinal,"Atlas Tumbuhan Obat by dr.Setiawan Dalimartha (2000),Vol 2,ISBN 979-661-065-5. Tumbuhan Obat & Khasiatnya by Drs.H.Arief Hariana (2004),Vol.1,ISBN 979-489-816-3. Utami,Buku Pintar Tanaman Obat,431 jenis tanaman penggempur aneka penyakit,Redaksi AgroMedia,(2008)",https://www.knapsackfamily.com/knapsack_core/result.php?sname=organism&word=Lagerstroemia%20indica
298,Lagerstroemia speciosa,Lythraceae,Banaba,plants,medicinal,"Herbal Indonesia Berkhasiat by Bukti Ilmiah & Cara Racik,Vol 8,ISBN 979-688-236-6.",https://www.knapsackfamily.com/knapsack_core/result.php?sname=organism&word=Lagerstroemia%20speciosa
299,Lansium domesticum,Meliaceae,,plants,medicinal,"Medicinal Plants From the East by Christophe Wiart,ISBN 978-1-904761-85-3.",https://www.knapsackfamily.com/knapsack_core/result.php?sname=organism&word=Lansium%20domesticum
300,Lantana camara L.,Verbenaceae,,plants,medicinal,"Medicinal Plants of the World by Ivan A.Ross,Vol.1,ISBN 1-58829-281-9. Roosita,J.Ethnopharmacol.,115,(2008),72 Utami,Buku Pintar Tanaman Obat,431 jenis tanaman penggempur aneka penyakit,Redaksi AgroMedia,(2008) de Padua et al.(1999), Plant Resources of South-East Asia 12,(1) Medicinal and poisonous plants 1, Bogor, Indonesia",https://www.knapsackfamily.com/knapsack_core/result.php?sname=organism&word=Lantana%20camara
301,Lantana trifolia L.,Verbenaceae,,plants,medicinal,"de Padua et al.(1999), Plant Resources of South-East Asia 12,(1) Medicinal and poisonous plants 1, Bogor, Indonesia",https://www.knapsackfamily.com/knapsack_core/result.php?sname=organism&word=Lantana%20trifolia
302,Laurentia longiflora (L.) Petermann,Campanulaceae,,plants,medicinal,"Taksonomi Koleksi Tanaman Obat Kebun Tanaman Obat Citeureup,vol.kedua(2009),ISBN 978-979-3707-42-6.",https://www.knapsackfamily.com/knapsack_core/result.php?sname=organism&word=Laurentia%20longiflora
303,Lawsonia inermis L.,Lythraceae,,plants,medicinal,"Taksonomi Koleksi Tanaman Obat Kebun Tanaman Obat Citeureup,vol.kedua(2009),ISBN 978-979-3707-42-6. Utami,Buku Pintar Tanaman Obat,431 jenis tanaman penggempur aneka penyakit,Redaksi AgroMedia,(2008)",https://www.knapsackfamily.com/knapsack_core/result.php?sname=organism&word=Lawsonia%20inermis
304,Leonurus heterophyllus Sweet.,Lamiaceae,,plants,medicinal,"Atlas Tumbuhan Obat by dr.Setiawan Dalimartha (2006),Vol 4,ISBN 979-1133-14-X.",https://www.knapsackfamily.com/knapsack_core/result.php?sname=organism&word=Leonurus%20heterophyllus
305,Leonurus sibiricus L.,Lamiaceae,Chinese motherwort,plants,medicinal,"Utami,Buku Pintar Tanaman Obat,431 jenis tanaman penggempur aneka penyakit,Redaksi AgroMedia,(2008)",https://www.knapsackfamily.com/knapsack_core/result.php?sname=organism&word=Leonurus%20sibiricus
306,Lepidium sativum L.,Brassicaceae,,plants,medicinal,"Utami,Buku Pintar Tanaman Obat,431 jenis tanaman penggempur aneka penyakit,Redaksi AgroMedia,(2008)",https://www.knapsackfamily.com/knapsack_core/result.php?sname=organism&word=Lepidium%20sativum
307,Leptospermum flavescens,Myrtaceae,,plants,medicinal,"Medicinal Plants From the East by Christophe Wiart,ISBN 978-1-904761-85-3.",https://www.knapsackfamily.com/knapsack_core/result.php?sname=organism&word=Leptospermum%20flavescens
308,Leucaena glauca (L.) Benth.,Fabaceae,,plants,medicinal,"Atlas Tumbuhan Obat by dr.Setiawan Dalimartha (2009),Vol 6,ISBN 978-979-1480-19-2. Hariana,Tubuhan Obat dan Khasiatnya Seri 2,Penebar Sadaya,(2002) 高橋澄子,ジャムウ　インドネシアの伝統治療薬、平河出版社(1988)[Takahasi, S.,Traditional remedy of Indonesia,(1988), in Japanese] Tanaman Obat Tradisional by Thomas A.N.S. (1992),Vol.2,ISBN 979-413-809-6. Tumbuhan Obat & Khasiatnya by Drs.H.Arief Hariana (2005),Vol.2,ISBN 979-489-957-7.",https://www.knapsackfamily.com/knapsack_core/result.php?sname=organism&word=Leucaena%20glauca
309,Leucaena leucocephala (Lamp.) de Wit.,Fabaceae,,plants,medicinal,"Tanaman Obat Tradisional by Thomas A.N.S. (1992),Vol.2,ISBN 979-413-809-6.",https://www.knapsackfamily.com/knapsack_core/result.php?sname=organism&word=Leucaena%20leucocephala
310,Litsea cubeba Pers.,Lauraceae,,plants,medicinal,"Utami,Buku Pintar Tanaman Obat,431 jenis tanaman penggempur aneka penyakit,Redaksi AgroMedia,(2008)",https://www.knapsackfamily.com/knapsack_core/result.php?sname=organism&word=Litsea%20cubeba
311,Litsea glutinosa (L.) C. D. Robins.,Lauraceae,,plants,medicinal,"Utami,Buku Pintar Tanaman Obat,431 jenis tanaman penggempur aneka penyakit,Redaksi AgroMedia,(2008)",https://www.knapsackfamily.com/knapsack_core/result.php?sname=organism&word=Litsea%20glutinosa
312,Ludwigia octovalvis,Onagraceae,,plants,medicinal,"Medicinal Plants From the East by Christophe Wiart,ISBN 978-1-904761-85-3.",https://www.knapsackfamily.com/knapsack_core/result.php?sname=organism&word=Ludwigia%20octovalvis
313,Luffa cylindrica (L.) Roem.,Cucurbitaceae,Luffa | Loofah | Loofa | Sponge gourd | Dishcloth gourd,plants(vegetables),medicinal,"Atlas Tumbuhan Obat by dr.Setiawan Dalimartha (2000),Vol 2,ISBN 979-661-065-5. Utami,Buku Pintar Tanaman Obat,431 jenis tanaman penggempur aneka penyakit,Redaksi AgroMedia,(2008)",https://www.knapsackfamily.com/knapsack_core/result.php?sname=organism&word=Luffa%20cylindrica
314,Luvunga sarmentosa (Bl.) Kurz,Rutaceae,,plants,medicinal,"Lien,Phytochem.,60,(2002),747",https://www.knapsackfamily.com/knapsack_core/result.php?sname=organism&word=Luvunga%20sarmentosa
315,Madhuca indica Gmel.,Sapotaceae,,plants,medicinal,"Abani,(2007),Medicinal Plants & Their Uses(2)Published(2007) by ABOSARBangladesh). ISBN 984-415-220-8",https://www.knapsackfamily.com/knapsack_core/result.php?sname=organism&word=Madhuca%20indica
316,Mallotus philippensis,Euphorbiaceae,,plants,medicinal,"Medicinal Plants From the East by Christophe Wiart,ISBN 978-1-904761-85-3.",https://www.knapsackfamily.com/knapsack_core/result.php?sname=organism&word=Mallotus%20philippensis
317,Malus sylvestris Mill.,Rosaceae,,plants,medicinal,"Tanaman Obat Tradisional by Thomas A.N.S. (1992),Vol.2,ISBN 979-413-809-6.",https://www.knapsackfamily.com/knapsack_core/result.php?sname=organism&word=Malus%20sylvestris
318,Manihot esculenta,Euphorbiaceae,,"plants(flour,condiment,alcholic beverage)",medicinal,"Roosita,J.Ethnopharmacol.,115,(2008),72",https://www.knapsackfamily.com/knapsack_core/result.php?sname=organism&word=Manihot%20esculenta
319,Manihot utilissima,Euphorbiaceae,,"plants(flour,condiment,alcholic beverage)",medicinal,"高橋澄子,ジャムウ　インドネシアの伝統治療薬、平河出版社(1988)[Takahasi, S.,Traditional remedy of Indonesia,(1988), in Japanese]",https://www.knapsackfamily.com/knapsack_core/result.php?sname=organism&word=Manihot%20utilissima
320,Manilkara zapota (L.) van Royen,Sapotaceae,,plants,medicinal,"Taksonomi Koleksi Tanaman Obat Kebun Tanaman Obat Citeureup,vol.kedua(2009),ISBN 978-979-3707-42-6.",https://www.knapsackfamily.com/knapsack_core/result.php?sname=organism&word=Manilkara%20zapota
321,Melaleuca leucadendra,Myrtaceae,,plants,medicinal,"Herbal Indonesia Berkhasiat by Bukti Ilmiah & Cara Racik,Vol 8,ISBN 979-688-236-6.",https://www.knapsackfamily.com/knapsack_core/result.php?sname=organism&word=Melaleuca%20leucadendra
322,Melaleuca leucadendron L.,Myrtaceae,,plants,medicinal,"JAMU in Indonesian Daily Life and Industry by Suwidjiyo Pramono Joshi, S.G.,Medicinal Plants,Mohan Primlani for Oxfor & IBH Publishing Co.Pvt.Ltd.,New Delhi (2003) 高橋澄子,ジャムウ　インドネシアの伝統治療薬、平河出版社(1988)[Takahasi, S.,Traditional remedy of Indonesia,(1988), in Japanese]",https://www.knapsackfamily.com/knapsack_core/result.php?sname=organism&word=Melaleuca%20leucadendron
323,Melastoma malabathricum,Melastomataceae,,plants(edible),medicinal,"Roosita,J.Ethnopharmacol.,115,(2008),72",https://www.knapsackfamily.com/knapsack_core/result.php?sname=organism&word=Melastoma%20malabathricum
324,Melia azedarach L.,Meliaceae,Chinabery | Bead tree | Persian lilac,plants(vegetables),medicinal,"Atlas Tumbuhan Obat by dr.Setiawan Dalimartha (2003),Vol 3,ISBN 979-3235-73-X. Hariana,Tubuhan Obat dan Khasiatnya Seri 2,Penebar Sadaya,(2002) Utami,Buku Pintar Tanaman Obat,431 jenis tanaman penggempur aneka penyakit,Redaksi AgroMedia,(2008) JAMU in Indonesian Daily Life and Industry by Suwidjiyo Pramono Taksonomi Koleksi Tanaman Obat Kebun Tanaman Obat Citeureup,vol.kedua(2009),ISBN 978-979-3707-42-6. Tumbuhan Obat & Khasiatnya by Drs.H.Arief Hariana (2005),Vol.2,ISBN 979-489-957-7.",https://www.knapsackfamily.com/knapsack_core/result.php?sname=organism&word=Melia%20azedarach
325,Melochia corchorifolia L.,Malvaceae,,plants,medicinal,"de Padua et al.(1999), Plant Resources of South-East Asia 12,(1) Medicinal and poisonous plants 1, Bogor, Indonesia",https://www.knapsackfamily.com/knapsack_core/result.php?sname=organism&word=Melochia%20corchorifolia
326,Mentha arvensis L.,Lamiaceae,,plants(edible),medicinal,"JAMU in Indonesian Daily Life and Industry by Suwidjiyo Pramono Taksonomi Koleksi Tanaman Obat Kebun Tanaman Obat Citeureup,vol.Pertama(2008),ISBN 978-979-3707-42-6. de Padua et al.(1999), Plant Resources of South-East Asia 12,(1) Medicinal and poisonous plants 1, Bogor, Indonesia",https://www.knapsackfamily.com/knapsack_core/result.php?sname=organism&word=Mentha%20arvensis
327,Mentha piperita L.,Lamiaceae,Peppermint,plants(flavouring),medicinal,JAMU in Indonesian Daily Life and Industry by Suwidjiyo Pramono,https://www.knapsackfamily.com/knapsack_core/result.php?sname=organism&word=Mentha%20piperita
328,Mesua ferrea L.,Calophyllaceae Hypericaceae,,plants,medicinal,"Hariana,Tubuhan Obat dan Khasiatnya Seri 2,Penebar Sadaya,(2002) Utami,Buku Pintar Tanaman Obat,431 jenis tanaman penggempur aneka penyakit,Redaksi AgroMedia,(2008) Tumbuhan Obat & Khasiatnya by Drs.H.Arief Hariana (2005),Vol.2,ISBN 979-489-957-7.",https://www.knapsackfamily.com/knapsack_core/result.php?sname=organism&word=Mesua%20ferrea
329,Metroxylon sagu,Arecaceae,,plants,medicinal,"Roosita,J.Ethnopharmacol.,115,(2008),72",https://www.knapsackfamily.com/knapsack_core/result.php?sname=organism&word=Metroxylon%20sagu
330,Michelia alba DC.,Magnoliaceae,,plants,medicinal,"Tumbuhan Obat & Khasiatnya by Drs.H.Arief Hariana (2004),Vol.1,ISBN 979-489-816-3. Utami,Buku Pintar Tanaman Obat,431 jenis tanaman penggempur aneka penyakit,Redaksi AgroMedia,(2008)",https://www.knapsackfamily.com/knapsack_core/result.php?sname=organism&word=Michelia%20alba
331,Michelia champaca L.,Magnoliaceae,,plants,medicinal,"Taksonomi Koleksi Tanaman Obat Kebun Tanaman Obat Citeureup,vol.kedua(2009),ISBN 978-979-3707-42-6. Utami,Buku Pintar Tanaman Obat,431 jenis tanaman penggempur aneka penyakit,Redaksi AgroMedia,(2008) Tumbuhan Obat & Khasiatnya by Drs.H.Arief Hariana (2004),Vol.1,ISBN 979-489-816-3.",https://www.knapsackfamily.com/knapsack_core/result.php?sname=organism&word=Michelia%20champaca
332,Mikania micrantha L.,Asteraceae,,plants,medicinal,"Roosita,J.Ethnopharmacol.,115,(2008),72",https://www.knapsackfamily.com/knapsack_core/result.php?sname=organism&word=Mikania%20micrantha
333,Millingtonia hortensis,Bignoniaceae,,plants,medicinal,"Medicinal Plants From the East by Christophe Wiart,ISBN 978-1-904761-85-3.",https://www.knapsackfamily.com/knapsack_core/result.php?sname=organism&word=Millingtonia%20hortensis
334,Mimosa pudica L.,Fabaceae,,plants,medicinal,"Atlas Tumbuhan Obat by dr.Setiawan Dalimartha (2000),Vol 2,ISBN 979-661-065-5. Utami,Buku Pintar Tanaman Obat,431 jenis tanaman penggempur aneka penyakit,Redaksi AgroMedia,(2008) de Padua et al.(1999), Plant Resources of South-East Asia 12,(1) Medicinal and poisonous plants 1, Bogor, Indonesia",https://www.knapsackfamily.com/knapsack_core/result.php?sname=organism&word=Mimosa%20pudica
335,Mimusops elengi L.,Sapotaceae,,plants,medicinal,"JAMU in Indonesian Daily Life and Industry by Suwidjiyo Pramono Taksonomi Koleksi Tanaman Obat Kebun Tanaman Obat Citeureup,vol.kedua(2009),ISBN 978-979-3707-42-6. Utami,Buku Pintar Tanaman Obat,431 jenis tanaman penggempur aneka penyakit,Redaksi AgroMedia,(2008)",https://www.knapsackfamily.com/knapsack_core/result.php?sname=organism&word=Mimusops%20elengi
336,Mirabilis jalapa L.,Nyctaginaceae,,plants,medicinal,"Atlas Tumbuhan Obat by dr.Setiawan Dalimartha (2006),Vol 4,ISBN 979-1133-14-X. Hariana,Tubuhan Obat dan Khasiatnya Seri 2,Penebar Sadaya,(2002) Joshi, S.G.,Medicinal Plants,Mohan Primlani for Oxfor & IBH Publishing Co.Pvt.Ltd.,New Delhi (2003) 高橋澄子,ジャムウ　インドネシアの伝統治療薬、平河出版社(1988)[Takahasi, S.,Traditional remedy of Indonesia,(1988), in Japanese] Utami,Buku Pintar Tanaman Obat,431 jenis tanaman penggempur aneka penyakit,Redaksi AgroMedia,(2008) Taksonomi Koleksi Tanaman Obat Kebun Tanaman Obat Citeureup,vol.Pertama(2008),ISBN 978-979-3707-42-6. Tumbuhan Obat & Khasiatnya by Drs.H.Arief Hariana (2005),Vol.2,ISBN 979-489-957-7.",https://www.knapsackfamily.com/knapsack_core/result.php?sname=organism&word=Mirabilis%20jalapa
337,Mollugo pentaphylla L.,Molluginaceae,,plants,medicinal,"Taksonomi Koleksi Tanaman Obat Kebun Tanaman Obat Citeureup,vol.kedua(2009),ISBN 978-979-3707-42-6.",https://www.knapsackfamily.com/knapsack_core/result.php?sname=organism&word=Mollugo%20pentaphylla
338,Momordica charantia L.,Cucurbitaceae,,plants,medicinal,"Atlas Tumbuhan Obat by dr.Setiawan Dalimartha (2008),Vol 5,ISBN 978-979-1480-18-5. JAMU in Indonesian Daily Life and Industry by Suwidjiyo Pramono Joshi, S.G.,Medicinal Plants,Mohan Primlani for Oxfor & IBH Publishing Co.Pvt.Ltd.,New Delhi (2003) 高橋澄子,ジャムウ　インドネシアの伝統治療薬、平河出版社(1988)[Takahasi, S.,Traditional remedy of Indonesia,(1988), in Japanese] Nakamura,Chem.Pharm.Bull.,54,(2006),1545 Utami,Buku Pintar Tanaman Obat,431 jenis tanaman penggempur aneka penyakit,Redaksi AgroMedia,(2008) de Padua et al.(1999), Plant Resources of South-East Asia 12,(1) Medicinal and poisonous plants 1, Bogor, Indonesia",https://www.knapsackfamily.com/knapsack_core/result.php?sname=organism&word=Momordica%20charantia
339,Momordica cochinchinensis (Lour.),Cucurbitaceae,,plants,medicinal,"de Padua et al.(1999), Plant Resources of South-East Asia 12,(1) Medicinal and poisonous plants 1, Bogor, Indonesia",https://www.knapsackfamily.com/knapsack_core/result.php?sname=organism&word=Momordica%20cochinchinensis
340,Morinda citrifolia,Rubiaceae,Indian mulberry | Awl tree | Cheese fruit,plants,medicinal,"Medicinal Plants of the World by Ivan A.Ross,Vol.2,ISBN 0-89603-877-7. Herbal Indonesia Berkhasiat by Bukti Ilmiah & Cara Racik,Vol 8,ISBN 979-688-236-6.",https://www.knapsackfamily.com/knapsack_core/result.php?sname=organism&word=Morinda%20citrifolia
341,Moringa oleifera,Moringaceae,Horseradish tree | Ben,plants,medicinal,"Roosita,J.Ethnopharmacol.,115,(2008),72",https://www.knapsackfamily.com/knapsack_core/result.php?sname=organism&word=Moringa%20oleifera
342,Moringa pterygosperma,Moringaceae,,"plants(eaten,vegetable)",medicinal,"Medicinal Plants of the World by Ivan A.Ross,Vol.1,ISBN 1-58829-281-9.",https://www.knapsackfamily.com/knapsack_core/result.php?sname=organism&word=Moringa%20pterygosperma
343,Morus alba L.,Moraceae,White mulberry,plants,medicinal,"Atlas Tumbuhan Obat by dr.Setiawan Dalimartha (1999),Vol 1,ISBN 979-661-050-7. Hariana,Tubuhan Obat dan Khasiatnya Seri 2,Penebar Sadaya,(2002) Utami,Buku Pintar Tanaman Obat,431 jenis tanaman penggempur aneka penyakit,Redaksi AgroMedia,(2008) de Padua et al.(1999), Plant Resources of South-East Asia 12,(1) Medicinal and poisonous plants 1, Bogor, Indonesia Taksonomi Koleksi Tanaman Obat Kebun Tanaman Obat Citeureup,vol.Pertama(2008),ISBN 978-979-3707-42-6. Tumbuhan Obat & Khasiatnya by Drs.H.Arief Hariana (2005),Vol.2,ISBN 979-489-957-7.",https://www.knapsackfamily.com/knapsack_core/result.php?sname=organism&word=Morus%20alba
344,Morus australis L.,Moraceae,,plants,medicinal,JAMU in Indonesian Daily Life and Industry by Suwidjiyo Pramono,https://www.knapsackfamily.com/knapsack_core/result.php?sname=organism&word=Morus%20australis
345,Murraya paniculata,Rutaceae,,plants,medicinal,"Herbal Indonesia Berkhasiat by Bukti Ilmiah & Cara Racik,Vol 8,ISBN 979-688-236-6.",https://www.knapsackfamily.com/knapsack_core/result.php?sname=organism&word=Murraya%20paniculata
346,Musa paradisiaca,Musaceae,,"plants(famine food,vegetable)",medicinal,"Roosita,J.Ethnopharmacol.,115,(2008),72",https://www.knapsackfamily.com/knapsack_core/result.php?sname=organism&word=Musa%20paradisiaca
347,Musa sapientum,Musaceae,Banana,plants,medicinal,"Medicinal Plants of the World by Ivan A.Ross,Vol.2,ISBN 0-89603-877-7.",https://www.knapsackfamily.com/knapsack_core/result.php?sname=organism&word=Musa%20sapientum
348,Mussaenda pubescens Ait. f.,Rubiaceae,,plants,medicinal,"Hariana,Tubuhan Obat dan Khasiatnya Seri 2,Penebar Sadaya,(2002) Atlas Tumbuhan Obat by dr.Setiawan Dalimartha (2009),Vol 6,ISBN 978-979-1480-19-2. Tumbuhan Obat & Khasiatnya by Drs.H.Arief Hariana (2005),Vol.2,ISBN 979-489-957-7.",https://www.knapsackfamily.com/knapsack_core/result.php?sname=organism&word=Mussaenda%20pubescens
349,Myristica fragrans,Myristicaceae,Nutmeg | Jatiphala,plants,medicinal,"Herbal Indonesia Berkhasiat by Bukti Ilmiah & Cara Racik,Vol 8,ISBN 979-688-236-6. Roosita,J.Ethnopharmacol.,115,(2008),72",https://www.knapsackfamily.com/knapsack_core/result.php?sname=organism&word=Myristica%20fragrans
350,Nelumbo nucifera Gaertn.,Nelumbonaceae,,"plants(flavouring tea,starch)",medicinal,"Atlas Tumbuhan Obat by dr.Setiawan Dalimartha (2006),Vol 4,ISBN 979-1133-14-X.",https://www.knapsackfamily.com/knapsack_core/result.php?sname=organism&word=Nelumbo%20nucifera
351,Nephelium lappaceum L.,Sapindaceae,,plants,medicinal,"Atlas Tumbuhan Obat by dr.Setiawan Dalimartha (2003),Vol 3,ISBN 979-3235-73-X. Tumbuhan Obat & Khasiatnya by Drs.H.Arief Hariana (2006),Vol.3,ISBN 979-002-008-2. Utami,Buku Pintar Tanaman Obat,431 jenis tanaman penggempur aneka penyakit,Redaksi AgroMedia,(2008)",https://www.knapsackfamily.com/knapsack_core/result.php?sname=organism&word=Nephelium%20lappaceum
352,Nerium oleander L.,Apocynaceae,,plants,medicinal,JAMU in Indonesian Daily Life and Industry by Suwidjiyo Pramono,https://www.knapsackfamily.com/knapsack_core/result.php?sname=organism&word=Nerium%20oleander
353,Nicotiana tabacum L.,Solanaceae,,plants,medicinal,"Tumbuhan Obat & Khasiatnya by Drs.H.Arief Hariana (2006),Vol.3,ISBN 979-002-008-2.",https://www.knapsackfamily.com/knapsack_core/result.php?sname=organism&word=Nicotiana%20tabacum
354,Nigella sativa L.,Ranunculaceae,,plants,medicinal,"Taksonomi Koleksi Tanaman Obat Kebun Tanaman Obat Citeureup,vol.Pertama(2008),ISBN 978-979-3707-42-6. Utami,Buku Pintar Tanaman Obat,431 jenis tanaman penggempur aneka penyakit,Redaksi AgroMedia,(2008)",https://www.knapsackfamily.com/knapsack_core/result.php?sname=organism&word=Nigella%20sativa
355,Nyctanthes arbor-tristis,Oleaceae,,plants,medicinal,"Roosita,J.Ethnopharmacol.,115,(2008),72",https://www.knapsackfamily.com/knapsack_core/result.php?sname=organism&word=Nyctanthes%20arbor-tristis
356,Nymphaea lotus L.,Nymphaeaceae,,plants,medicinal,"Tumbuhan Obat & Khasiatnya by Drs.H.Arief Hariana (2006),Vol.3,ISBN 979-002-008-2.",https://www.knapsackfamily.com/knapsack_core/result.php?sname=organism&word=Nymphaea%20lotus
357,Ocimum basilicum,Lamiaceae,Basil | Sweet basil,plants,medicinal,"Herbal Indonesia Berkhasiat by Bukti Ilmiah & Cara Racik,Vol 8,ISBN 979-688-236-6.",https://www.knapsackfamily.com/knapsack_core/result.php?sname=organism&word=Ocimum%20basilicum
358,Ocimum sanctum L.,Lamiaceae,,plants,medicinal,"Taksonomi Koleksi Tanaman Obat Kebun Tanaman Obat Citeureup,vol.Pertama(2008),ISBN 978-979-3707-42-6. Utami,Buku Pintar Tanaman Obat,431 jenis tanaman penggempur aneka penyakit,Redaksi AgroMedia,(2008) Hariana,Tubuhan Obat dan Khasiatnya Seri 2,Penebar Sadaya,(2002) Tumbuhan Obat & Khasiatnya by Drs.H.Arief Hariana (2005),Vol.2,ISBN 979-489-957-7.",https://www.knapsackfamily.com/knapsack_core/result.php?sname=organism&word=Ocimum%20sanctum
359,Oldenlandia corymbosa L.,Rubiaceae,,plants,medicinal,"Taksonomi Koleksi Tanaman Obat Kebun Tanaman Obat Citeureup,vol.kedua(2009),ISBN 978-979-3707-42-6.",https://www.knapsackfamily.com/knapsack_core/result.php?sname=organism&word=Oldenlandia%20corymbosa
360,Ophiopogon japonicus Ker-Gawler,Liliaceae,,plants,medicinal,"Hariana,Tubuhan Obat dan Khasiatnya Seri 2,Penebar Sadaya,(2002) Utami,Buku Pintar Tanaman Obat,431 jenis tanaman penggempur aneka penyakit,Redaksi AgroMedia,(2008)",https://www.knapsackfamily.com/knapsack_core/result.php?sname=organism&word=Ophiopogon%20japonicus
361,Oroxylum indicum (L.) Kurz,Bignoniaceae,,plants,medicinal,"Utami,Buku Pintar Tanaman Obat,431 jenis tanaman penggempur aneka penyakit,Redaksi AgroMedia,(2008)",https://www.knapsackfamily.com/knapsack_core/result.php?sname=organism&word=Oroxylum%20indicum
362,Orthosiphon aristatus,Lamiaceae,,plants,medicinal,"Roosita,J.Ethnopharmacol.,115,(2008),72 Herbal Indonesia Berkhasiat by Bukti Ilmiah & Cara Racik,Vol 8,ISBN 979-688-236-6.",https://www.knapsackfamily.com/knapsack_core/result.php?sname=organism&word=Orthosiphon%20aristatus
363,Orthosiphon spicatus B.B.S.,Lamiaceae,,plants,medicinal,"Atlas Tumbuhan Obat by dr.Setiawan Dalimartha (2000),Vol 2,ISBN 979-661-065-5. Taksonomi Koleksi Tanaman Obat Kebun Tanaman Obat Citeureup,vol.Pertama(2008),ISBN 978-979-3707-42-6.",https://www.knapsackfamily.com/knapsack_core/result.php?sname=organism&word=Orthosiphon%20spicatus
364,Orthosiphon stamineus,Lamiaceae,,plants,medicinal,"Herbal Indonesia Berkhasiat by Bukti Ilmiah & Cara Racik,Vol 8,ISBN 979-688-236-6. Mohamed,J.Ethnopharmacol.,133,(2011),647",https://www.knapsackfamily.com/knapsack_core/result.php?sname=organism&word=Orthosiphon%20stamineus
365,Oryza sativa,Poaceae,Rice | Sprouting brown rice,plants,medicinal,"Medicinal Plants of the World by Ivan A.Ross,Vol.3,ISBN 978-1-58829-129-5.",https://www.knapsackfamily.com/knapsack_core/result.php?sname=organism&word=Oryza%20sativa
366,Oxalis corniculata L.,Oxalidaceae,,plants,medicinal,"Atlas Tumbuhan Obat by dr.Setiawan Dalimartha (2006),Vol 4,ISBN 979-1133-14-X. Taksonomi Koleksi Tanaman Obat Kebun Tanaman Obat Citeureup,vol.kedua(2009),ISBN 978-979-3707-42-6. Utami,Buku Pintar Tanaman Obat,431 jenis tanaman penggempur aneka penyakit,Redaksi AgroMedia,(2008) 高橋澄子,ジャムウ　インドネシアの伝統治療薬、平河出版社(1988)[Takahasi, S.,Traditional remedy of Indonesia,(1988), in Japanese] de Padua et al.(1999), Plant Resources of South-East Asia 12,(1) Medicinal and poisonous plants 1, Bogor, Indonesia",https://www.knapsackfamily.com/knapsack_core/result.php?sname=organism&word=Oxalis%20corniculata
367,Pachyrrhizus erosus,Fabaceae,,plants,medicinal,"高橋澄子,ジャムウ　インドネシアの伝統治療薬、平河出版社(1988)[Takahasi, S.,Traditional remedy of Indonesia,(1988), in Japanese]",https://www.knapsackfamily.com/knapsack_core/result.php?sname=organism&word=Pachyrrhizus%20erosus
368,Paederia foetida,Rubiaceae,,plants(vegetables),medicinal,"Roosita,J.Ethnopharmacol.,115,(2008),72",https://www.knapsackfamily.com/knapsack_core/result.php?sname=organism&word=Paederia%20foetida
369,Paederia scandens (L.) Merr.,Rubiaceae,,plants,medicinal,"Utami,Buku Pintar Tanaman Obat,431 jenis tanaman penggempur aneka penyakit,Redaksi AgroMedia,(2008)",https://www.knapsackfamily.com/knapsack_core/result.php?sname=organism&word=Paederia%20scandens
370,Pandanus amaryllifolius,Pandanaceae,,plants,medicinal,"Roosita,J.Ethnopharmacol.,115,(2008),72",https://www.knapsackfamily.com/knapsack_core/result.php?sname=organism&word=Pandanus%20amaryllifolius
371,Pandanus conoideus,Pandanaceae,,plants,medicinal,"Herbal Indonesia Berkhasiat by Bukti Ilmiah & Cara Racik,Vol 8,ISBN 979-688-236-6.",https://www.knapsackfamily.com/knapsack_core/result.php?sname=organism&word=Pandanus%20conoideus
372,Pangium edule Reinw.,Flacourtiaceae,,plants,medicinal,"Utami,Buku Pintar Tanaman Obat,431 jenis tanaman penggempur aneka penyakit,Redaksi AgroMedia,(2008) 高橋澄子,ジャムウ　インドネシアの伝統治療薬、平河出版社(1988)[Takahasi, S.,Traditional remedy of Indonesia,(1988), in Japanese]",https://www.knapsackfamily.com/knapsack_core/result.php?sname=organism&word=Pangium%20edule
373,Papaver somniferum L.,Papaveraceae,,plants,medicinal,"Utami,Buku Pintar Tanaman Obat,431 jenis tanaman penggempur aneka penyakit,Redaksi AgroMedia,(2008)",https://www.knapsackfamily.com/knapsack_core/result.php?sname=organism&word=Papaver%20somniferum
374,Parameria laevigata,Apocynaceae,,plants,medicinal,"Herbal Indonesia Berkhasiat by Bukti Ilmiah & Cara Racik,Vol 8,ISBN 979-688-236-6.",https://www.knapsackfamily.com/knapsack_core/result.php?sname=organism&word=Parameria%20laevigata
375,Parkia speciosa,Fabaceae,,plants,medicinal,"Roosita,J.Ethnopharmacol.,115,(2008),72",https://www.knapsackfamily.com/knapsack_core/result.php?sname=organism&word=Parkia%20speciosa
376,Passiflora foetida L.,Passifloraceae,,plants,medicinal,"Atlas Tumbuhan Obat by dr.Setiawan Dalimartha (2003),Vol 3,ISBN 979-3235-73-X. Utami,Buku Pintar Tanaman Obat,431 jenis tanaman penggempur aneka penyakit,Redaksi AgroMedia,(2008)",https://www.knapsackfamily.com/knapsack_core/result.php?sname=organism&word=Passiflora%20foetida
377,Pedilanthus tithymaloides (L.) Poit.,Euphorbiaceae,,plants,medicinal,"Hariana,Tubuhan Obat dan Khasiatnya Seri 2,Penebar Sadaya,(2002) Atlas Tumbuhan Obat by dr.Setiawan Dalimartha (2009),Vol 6,ISBN 978-979-1480-19-2. Tumbuhan Obat & Khasiatnya by Drs.H.Arief Hariana (2005),Vol.2,ISBN 979-489-957-7.",https://www.knapsackfamily.com/knapsack_core/result.php?sname=organism&word=Pedilanthus%20tithymaloides
378,Peltophorum pterocarpum,Fabaceae,,plants,medicinal,"Medicinal Plants From the East by Christophe Wiart,ISBN 978-1-904761-85-3.",https://www.knapsackfamily.com/knapsack_core/result.php?sname=organism&word=Peltophorum%20pterocarpum
379,Peperomia pellucida L.,Piperaceae,,plants,medicinal,"Roosita,J.Ethnopharmacol.,115,(2008),72",https://www.knapsackfamily.com/knapsack_core/result.php?sname=organism&word=Peperomia%20pellucida
380,Persea americana,Lauraceae,avocado | alligator pear,plants,medicinal,"Medicinal Plants of the World by Ivan A.Ross,Vol.1,ISBN 1-58829-281-9. Roosita,J.Ethnopharmacol.,115,(2008),72 Herbal Indonesia Berkhasiat by Bukti Ilmiah & Cara Racik,Vol 8,ISBN 979-688-236-6.",https://www.knapsackfamily.com/knapsack_core/result.php?sname=organism&word=Persea%20americana
381,Persea gratissima Gaertn.,Lauraceae,,plants,medicinal,"Atlas Tumbuhan Obat by dr.Setiawan Dalimartha (2008),Vol 5,ISBN 978-979-1480-18-5. Utami,Buku Pintar Tanaman Obat,431 jenis tanaman penggempur aneka penyakit,Redaksi AgroMedia,(2008)",https://www.knapsackfamily.com/knapsack_core/result.php?sname=organism&word=Persea%20gratissima
382,Phaleria macrocarpa,Thymelaeaceae,,plants,medicinal,"Herbal Indonesia Berkhasiat by Bukti Ilmiah & Cara Racik,Vol 8,ISBN 979-688-236-6.",https://www.knapsackfamily.com/knapsack_core/result.php?sname=organism&word=Phaleria%20macrocarpa
383,Phaseolus mungo,Fabaceae,,plants,medicinal,"Medicinal Plants From the East by Christophe Wiart,ISBN 978-1-904761-85-3.",https://www.knapsackfamily.com/knapsack_core/result.php?sname=organism&word=Phaseolus%20mungo
384,Phaseolus radiatus,Fabaceae,,plants,medicinal,"Utami,Buku Pintar Tanaman Obat,431 jenis tanaman penggempur aneka penyakit,Redaksi AgroMedia,(2008)",https://www.knapsackfamily.com/knapsack_core/result.php?sname=organism&word=Phaseolus%20radiatus
385,Phaseolus vulgaris,Fabaceae,common bean | Kidney beans | sayaingen,plants,medicinal,"Roosita,J.Ethnopharmacol.,115,(2008),72",https://www.knapsackfamily.com/knapsack_core/result.php?sname=organism&word=Phaseolus%20vulgaris
386,Phyllanthus acidus (L.) Skeels.,Phyllanthaceae Euphorbiaceae,,plants,medicinal,"Atlas Tumbuhan Obat by dr.Setiawan Dalimartha (1999),Vol 1,ISBN 979-661-050-7. Tumbuhan Obat & Khasiatnya by Drs.H.Arief Hariana (2004),Vol.1,ISBN 979-489-816-3. Utami,Buku Pintar Tanaman Obat,431 jenis tanaman penggempur aneka penyakit,Redaksi AgroMedia,(2008) de Padua et al.(1999), Plant Resources of South-East Asia 12,(1) Medicinal and poisonous plants 1, Bogor, Indonesia",https://www.knapsackfamily.com/knapsack_core/result.php?sname=organism&word=Phyllanthus%20acidus
387,Phyllanthus amarus Schum.,Phyllanthaceae Euphorbiaceae,,plants,medicinal,"de Padua et al.(1999), Plant Resources of South-East Asia 12,(1) Medicinal and poisonous plants 1, Bogor, Indonesia",https://www.knapsackfamily.com/knapsack_core/result.php?sname=organism&word=Phyllanthus%20amarus
388,Phyllanthus emblica L.,Phyllanthaceae Euphorbiaceae,,plants,medicinal,"de Padua et al.(1999), Plant Resources of South-East Asia 12,(1) Medicinal and poisonous plants 1, Bogor, Indonesia",https://www.knapsackfamily.com/knapsack_core/result.php?sname=organism&word=Phyllanthus%20emblica
389,Phyllanthus niruri,Phyllanthaceae Euphorbiaceae,,plants,medicinal,"Herbal Indonesia Berkhasiat by Bukti Ilmiah & Cara Racik,Vol 8,ISBN 979-688-236-6.",https://www.knapsackfamily.com/knapsack_core/result.php?sname=organism&word=Phyllanthus%20niruri
390,Phyllanthus reticulatus Poir.,Phyllanthaceae Euphorbiaceae,,plants,medicinal,"Tumbuhan Obat & Khasiatnya by Drs.H.Arief Hariana (2006),Vol.3,ISBN 979-002-008-2.",https://www.knapsackfamily.com/knapsack_core/result.php?sname=organism&word=Phyllanthus%20reticulatus
391,Phyllanthus urinaria,Phyllanthaceae Euphorbiaceae,,plants,medicinal,"Roosita,J.Ethnopharmacol.,115,(2008),72",https://www.knapsackfamily.com/knapsack_core/result.php?sname=organism&word=Phyllanthus%20urinaria
392,Physalis angulata,Solanaceae,,plants,medicinal,"Roosita,J.Ethnopharmacol.,115,(2008),72",https://www.knapsackfamily.com/knapsack_core/result.php?sname=organism&word=Physalis%20angulata
393,Physalis minima,Solanaceae,,plants,medicinal,"Tanaman Obat Tradisional by Thomas A.N.S. (1992),Vol.2,ISBN 979-413-809-6.",https://www.knapsackfamily.com/knapsack_core/result.php?sname=organism&word=Physalis%20minima
394,Physalis peruviana,Solanaceae,,plants,medicinal,"Hariana,Tubuhan Obat dan Khasiatnya Seri 2,Penebar Sadaya,(2002) Herbal Indonesia Berkhasiat by Bukti Ilmiah & Cara Racik,Vol 8,ISBN 979-688-236-6.",https://www.knapsackfamily.com/knapsack_core/result.php?sname=organism&word=Physalis%20peruviana
395,Pimpinella anisum L.,Apiaceae,,plants,medicinal,"Utami,Buku Pintar Tanaman Obat,431 jenis tanaman penggempur aneka penyakit,Redaksi AgroMedia,(2008)",https://www.knapsackfamily.com/knapsack_core/result.php?sname=organism&word=Pimpinella%20anisum
396,Piper betle L.,Piperaceae,,plants,medicinal,"Atlas Tumbuhan Obat by dr.Setiawan Dalimartha (2006),Vol 4,ISBN 979-1133-14-X. JAMU in Indonesian Daily Life and Industry by Suwidjiyo Pramono Joshi, S.G.,Medicinal Plants,Mohan Primlani for Oxfor & IBH Publishing Co.Pvt.Ltd.,New Delhi (2003) 高橋澄子,ジャムウ　インドネシアの伝統治療薬、平河出版社(1988)[Takahasi, S.,Traditional remedy of Indonesia,(1988), in Japanese] Roosita,J.Ethnopharmacol.,115,(2008),72 Taksonomi Koleksi Tanaman Obat Kebun Tanaman Obat Citeureup,vol.kedua(2009),ISBN 978-979-3707-42-6. Tanaman Obat Tradisional by Thomas A.N.S. (1989),Vol.1,ISBN 978-979-413-091-9. Tumbuhan Obat & Khasiatnya by Drs.H.Arief Hariana (2006),Vol.3,ISBN 979-002-008-2. Utami,Buku Pintar Tanaman Obat,431 jenis tanaman penggempur aneka penyakit,Redaksi AgroMedia,(2008)",https://www.knapsackfamily.com/knapsack_core/result.php?sname=organism&word=Piper%20betle
397,Piper cubeba,Piperaceae,Cubeb | Tailed pepper,plants(spice),medicinal,"Herbal Indonesia Berkhasiat by Bukti Ilmiah & Cara Racik,Vol 8,ISBN 979-688-236-6.",https://www.knapsackfamily.com/knapsack_core/result.php?sname=organism&word=Piper%20cubeba
398,Piper methysticum L.,Piperaceae,,plants,medicinal,JAMU in Indonesian Daily Life and Industry by Suwidjiyo Pramono,https://www.knapsackfamily.com/knapsack_core/result.php?sname=organism&word=Piper%20methysticum
399,Piper nigrum L.,Piperaceae,,plants,medicinal,"Hariana,Tubuhan Obat dan Khasiatnya Seri 2,Penebar Sadaya,(2002) Joshi, S.G.,Medicinal Plants,Mohan Primlani for Oxfor & IBH Publishing Co.Pvt.Ltd.,New Delhi (2003) 高橋澄子,ジャムウ　インドネシアの伝統治療薬、平河出版社(1988)[Takahasi, S.,Traditional remedy of Indonesia,(1988), in Japanese] Roosita,J.Ethnopharmacol.,115,(2008),72 Utami,Buku Pintar Tanaman Obat,431 jenis tanaman penggempur aneka penyakit,Redaksi AgroMedia,(2008) JAMU in Indonesian Daily Life and Industry by Suwidjiyo Pramono",https://www.knapsackfamily.com/knapsack_core/result.php?sname=organism&word=Piper%20nigrum
400,Piper retrofractum,Piperaceae,,plants,medicinal,"Roosita,J.Ethnopharmacol.,115,(2008),72 Herbal Indonesia Berkhasiat by Bukti Ilmiah & Cara Racik,Vol 8,ISBN 979-688-236-6.",https://www.knapsackfamily.com/knapsack_core/result.php?sname=organism&word=Piper%20retrofractum
401,Plantago major,Plantaginaceae,Greater plantan | Rat-tail plantain | Common Plantain,plants,medicinal,"Herbal Indonesia Berkhasiat by Bukti Ilmiah & Cara Racik,Vol 8,ISBN 979-688-236-6.",https://www.knapsackfamily.com/knapsack_core/result.php?sname=organism&word=Plantago%20major
402,Platycladus orientalis (L.) Franco,Cupressaceae,,plants,medicinal,"Taksonomi Koleksi Tanaman Obat Kebun Tanaman Obat Citeureup,vol.Pertama(2008),ISBN 978-979-3707-42-6.",https://www.knapsackfamily.com/knapsack_core/result.php?sname=organism&word=Platycladus%20orientalis
403,Platycodon grandiflorum (Jacq.) A.DC.,Campanulaceae,,plants,medicinal,"Atlas Tumbuhan Obat by dr.Setiawan Dalimartha (2009),Vol 6,ISBN 978-979-1480-19-2.",https://www.knapsackfamily.com/knapsack_core/result.php?sname=organism&word=Platycodon%20grandiflorum
404,Pluchea indica,Asteraceae,,plants,medicinal,"Herbal Indonesia Berkhasiat by Bukti Ilmiah & Cara Racik,Vol 8,ISBN 979-688-236-6. Roosita,J.Ethnopharmacol.,115,(2008),72 高橋澄子,ジャムウ　インドネシアの伝統治療薬、平河出版社(1988)[Takahasi, S.,Traditional remedy of Indonesia,(1988), in Japanese]",https://www.knapsackfamily.com/knapsack_core/result.php?sname=organism&word=Pluchea%20indica
405,Plumbago indica L.,Plumbaginaceae,,plants,medicinal,"Utami,Buku Pintar Tanaman Obat,431 jenis tanaman penggempur aneka penyakit,Redaksi AgroMedia,(2008) de Padua et al.(1999), Plant Resources of South-East Asia 12,(1) Medicinal and poisonous plants 1, Bogor, Indonesia",https://www.knapsackfamily.com/knapsack_core/result.php?sname=organism&word=Plumbago%20indica
406,Plumbago zeylanica L.,Plumbaginaceae,,plants,medicinal,"Atlas Tumbuhan Obat by dr.Setiawan Dalimartha (1999),Vol 1,ISBN 979-661-050-7. Roosita,J.Ethnopharmacol.,115,(2008),72 Utami,Buku Pintar Tanaman Obat,431 jenis tanaman penggempur aneka penyakit,Redaksi AgroMedia,(2008) de Padua et al.(1999), Plant Resources of South-East Asia 12,(1) Medicinal and poisonous plants 1, Bogor, Indonesia Taksonomi Koleksi Tanaman Obat Kebun Tanaman Obat Citeureup,vol.Pertama(2008),ISBN 978-979-3707-42-6. Tumbuhan Obat & Khasiatnya by Drs.H.Arief Hariana (2004),Vol.1,ISBN 979-489-816-3.",https://www.knapsackfamily.com/knapsack_core/result.php?sname=organism&word=Plumbago%20zeylanica
407,Plumeria acutifolia Ait.,Apocynaceae,,plants,medicinal,JAMU in Indonesian Daily Life and Industry by Suwidjiyo Pramono,https://www.knapsackfamily.com/knapsack_core/result.php?sname=organism&word=Plumeria%20acutifolia
408,Plumeria rubra L. cv. Acutifolia.,Apocynaceae,,plants,medicinal,"Utami,Buku Pintar Tanaman Obat,431 jenis tanaman penggempur aneka penyakit,Redaksi AgroMedia,(2008)",https://www.knapsackfamily.com/knapsack_core/result.php?sname=organism&word=Plumeria%20rubra
409,Pogostemon cablin Bentham,Lamiaceae,,plants,medicinal,"Hariana,Tubuhan Obat dan Khasiatnya Seri 2,Penebar Sadaya,(2002) Takito,Medicinal plant,3rd edition (in JPN),Hirokawa Publishing CO.,(2007) 高橋澄子,ジャムウ　インドネシアの伝統治療薬、平河出版社(1988)[Takahasi, S.,Traditional remedy of Indonesia,(1988), in Japanese]",https://www.knapsackfamily.com/knapsack_core/result.php?sname=organism&word=Pogostemon%20cablin
410,Pongamia pinnata Mell.,Fabaceae,,plants,medicinal,"Shibuya,Yakugaku Zasshi,116,(1996),911",https://www.knapsackfamily.com/knapsack_core/result.php?sname=organism&word=Pongamia%20pinnata
411,Portulaca grandiflora Hook.,Portulacaceae,,plants,medicinal,"Atlas Tumbuhan Obat by dr.Setiawan Dalimartha (2003),Vol 3,ISBN 979-3235-73-X.",https://www.knapsackfamily.com/knapsack_core/result.php?sname=organism&word=Portulaca%20grandiflora
412,Portulaca oleracea L.,Portulacaceae,,plants,medicinal,"Atlas Tumbuhan Obat by dr.Setiawan Dalimartha (2009),Vol 6,ISBN 978-979-1480-19-2. Hariana,Tubuhan Obat dan Khasiatnya Seri 2,Penebar Sadaya,(2002) Utami,Buku Pintar Tanaman Obat,431 jenis tanaman penggempur aneka penyakit,Redaksi AgroMedia,(2008) Taksonomi Koleksi Tanaman Obat Kebun Tanaman Obat Citeureup,vol.kedua(2009),ISBN 978-979-3707-42-6. Tumbuhan Obat & Khasiatnya by Drs.H.Arief Hariana (2005),Vol.2,ISBN 979-489-957-7.",https://www.knapsackfamily.com/knapsack_core/result.php?sname=organism&word=Portulaca%20oleracea
413,Premna corymbosa,Lamiaceae,,plants,medicinal,"Medicinal Plants From the East by Christophe Wiart,ISBN 978-1-904761-85-3.",https://www.knapsackfamily.com/knapsack_core/result.php?sname=organism&word=Premna%20corymbosa
414,Psidium guajava,Myrtaceae,,plants,medicinal,"Medicinal Plants of the World by Ivan A.Ross,Vol.1,ISBN 1-58829-281-9. Roosita,J.Ethnopharmacol.,115,(2008),72 Herbal Indonesia Berkhasiat by Bukti Ilmiah & Cara Racik,Vol 8,ISBN 979-688-236-6.",https://www.knapsackfamily.com/knapsack_core/result.php?sname=organism&word=Psidium%20guajava
415,Psophocarpus tetragonolobus,Fabaceae,Winged bean,plants,medicinal,"Medicinal Plants From the East by Christophe Wiart,ISBN 978-1-904761-85-3. Roosita,J.Ethnopharmacol.,115,(2008),72",https://www.knapsackfamily.com/knapsack_core/result.php?sname=organism&word=Psophocarpus%20tetragonolobus
416,Pterocarpus indicus,Fabaceae,,plants,medicinal,"Roosita,J.Ethnopharmacol.,115,(2008),72 Medicinal Plants From the East by Christophe Wiart,ISBN 978-1-904761-85-3.",https://www.knapsackfamily.com/knapsack_core/result.php?sname=organism&word=Pterocarpus%20indicus
417,Pueraria montana (Lour.) Merr.,Fabaceae,,plants,medicinal,"de Padua et al.(1999), Plant Resources of South-East Asia 12,(1) Medicinal and poisonous plants 1, Bogor, Indonesia",https://www.knapsackfamily.com/knapsack_core/result.php?sname=organism&word=Pueraria%20montana
418,Punica granatum,Punicaceae,Pomegranate,plants,medicinal,"Medicinal Plants of the World by Ivan A.Ross,Vol.1,ISBN 1-58829-281-9. Herbal Indonesia Berkhasiat by Bukti Ilmiah & Cara Racik,Vol 8,ISBN 979-688-236-6.",https://www.knapsackfamily.com/knapsack_core/result.php?sname=organism&word=Punica%20granatum
419,Pycnoporus sanguineus (L.) Murrill.,Polyporaceae,,mushrooms,medicinal,"Utami,Buku Pintar Tanaman Obat,431 jenis tanaman penggempur aneka penyakit,Redaksi AgroMedia,(2008)",https://www.knapsackfamily.com/knapsack_core/result.php?sname=organism&word=Pycnoporus%20sanguineus
420,Pyrus malus Linn.,Rosaceae,,plants,medicinal,"Tanaman Obat Tradisional by Thomas A.N.S. (1992),Vol.2,ISBN 979-413-809-6.",https://www.knapsackfamily.com/knapsack_core/result.php?sname=organism&word=Pyrus%20malus
421,Quamoclit pennata (Desr.) Boj.,Convolvulaceae,,plants,medicinal,"Utami,Buku Pintar Tanaman Obat,431 jenis tanaman penggempur aneka penyakit,Redaksi AgroMedia,(2008) Atlas Tumbuhan Obat by dr.Setiawan Dalimartha (2009),Vol 6,ISBN 978-979-1480-19-2. Tumbuhan Obat & Khasiatnya by Drs.H.Arief Hariana (2006),Vol.3,ISBN 979-002-008-2.",https://www.knapsackfamily.com/knapsack_core/result.php?sname=organism&word=Quamoclit%20pennata
422,Quassia amara L.,Simaroubaceae,,plants,medicinal,"Tumbuhan Obat & Khasiatnya by Drs.H.Arief Hariana (2004),Vol.1,ISBN 979-489-816-3.",https://www.knapsackfamily.com/knapsack_core/result.php?sname=organism&word=Quassia%20amara
423,Quisqualis indica L.,Combretaceae,,plants,medicinal,"Atlas Tumbuhan Obat by dr.Setiawan Dalimartha (2006),Vol 4,ISBN 979-1133-14-X. Tumbuhan Obat & Khasiatnya by Drs.H.Arief Hariana (2004),Vol.1,ISBN 979-489-816-3. Utami,Buku Pintar Tanaman Obat,431 jenis tanaman penggempur aneka penyakit,Redaksi AgroMedia,(2008) de Padua et al.(1999), Plant Resources of South-East Asia 12,(1) Medicinal and poisonous plants 1, Bogor, Indonesia",https://www.knapsackfamily.com/knapsack_core/result.php?sname=organism&word=Quisqualis%20indica
424,Raphanus sativus L.,Brassicaceae,,plants(vegetable),medicinal,"Utami,Buku Pintar Tanaman Obat,431 jenis tanaman penggempur aneka penyakit,Redaksi AgroMedia,(2008)",https://www.knapsackfamily.com/knapsack_core/result.php?sname=organism&word=Raphanus%20sativus
425,Rauvolfia reflexa Teijsm.& Binnend.,Apocynaceae,,plants,medicinal,"de Padua et al.(1999), Plant Resources of South-East Asia 12,(1) Medicinal and poisonous plants 1, Bogor, Indonesia",https://www.knapsackfamily.com/knapsack_core/result.php?sname=organism&word=Rauvolfia%20reflexa
426,Rauvolfia serpentina (L.) Bentham ex. Ku.,Apocynaceae,,plants,medicinal,"Utami,Buku Pintar Tanaman Obat,431 jenis tanaman penggempur aneka penyakit,Redaksi AgroMedia,(2008)",https://www.knapsackfamily.com/knapsack_core/result.php?sname=organism&word=Rauvolfia%20serpentina
427,Rauvolfia sumatrana Jack,Apocynaceae,,plants,medicinal,"de Padua et al.(1999), Plant Resources of South-East Asia 12,(1) Medicinal and poisonous plants 1, Bogor, Indonesia",https://www.knapsackfamily.com/knapsack_core/result.php?sname=organism&word=Rauvolfia%20sumatrana
428,Rauvolfia verticillata (Lour.) Baillon,Apocynaceae,,plants,medicinal,"de Padua et al.(1999), Plant Resources of South-East Asia 12,(1) Medicinal and poisonous plants 1, Bogor, Indonesia",https://www.knapsackfamily.com/knapsack_core/result.php?sname=organism&word=Rauvolfia%20verticillata
429,Rauwolfia serpentina L.,Apocynaceae,,plants,medicinal,JAMU in Indonesian Daily Life and Industry by Suwidjiyo Pramono,https://www.knapsackfamily.com/knapsack_core/result.php?sname=organism&word=Rauwolfia%20serpentina
430,Rheum palmatum L.,Polygonaceae,,plants,medicinal,"JAMU in Indonesian Daily Life and Industry by Suwidjiyo Pramono Utami,Buku Pintar Tanaman Obat,431 jenis tanaman penggempur aneka penyakit,Redaksi AgroMedia,(2008)",https://www.knapsackfamily.com/knapsack_core/result.php?sname=organism&word=Rheum%20palmatum
431,Rhinacanthus nasutus (L.) Kurz,Acanthaceae,,plants,medicinal,"de Padua et al.(1999), Plant Resources of South-East Asia 12,(1) Medicinal and poisonous plants 1, Bogor, Indonesia",https://www.knapsackfamily.com/knapsack_core/result.php?sname=organism&word=Rhinacanthus%20nasutus
432,Rhodomyrtus tomentosa,Myrtaceae,,plants,medicinal,"Medicinal Plants From the East by Christophe Wiart,ISBN 978-1-904761-85-3.",https://www.knapsackfamily.com/knapsack_core/result.php?sname=organism&word=Rhodomyrtus%20tomentosa
433,Ricinus communis,Euphorbiaceae,Costor-oil plant | palma-chisti,plants,medicinal,"Herbal Indonesia Berkhasiat by Bukti Ilmiah & Cara Racik,Vol 8,ISBN 979-688-236-6.",https://www.knapsackfamily.com/knapsack_core/result.php?sname=organism&word=Ricinus%20communis
434,Rivina humilis L.,Phytolaccaceae,,plants,medicinal,"Taksonomi Koleksi Tanaman Obat Kebun Tanaman Obat Citeureup,vol.kedua(2009),ISBN 978-979-3707-42-6.",https://www.knapsackfamily.com/knapsack_core/result.php?sname=organism&word=Rivina%20humilis
435,Rollinia mucosa Baill.,Annonaceae,,plants,medicinal,"Kuo,Phytochem.,57,(2001),421",https://www.knapsackfamily.com/knapsack_core/result.php?sname=organism&word=Rollinia%20mucosa
436,Rosa chinensis Jacq.,Rosaceae,,plants,medicinal,"Tumbuhan Obat & Khasiatnya by Drs.H.Arief Hariana (2004),Vol.1,ISBN 979-489-816-3. Utami,Buku Pintar Tanaman Obat,431 jenis tanaman penggempur aneka penyakit,Redaksi AgroMedia,(2008)",https://www.knapsackfamily.com/knapsack_core/result.php?sname=organism&word=Rosa%20chinensis
437,Rosa damascena,Rosaceae,,plants,medicinal,"Roosita,J.Ethnopharmacol.,115,(2008),72",https://www.knapsackfamily.com/knapsack_core/result.php?sname=organism&word=Rosa%20damascena
438,Ruellia tuberosa L.,Acanthaceae,,plants,medicinal,"Hariana,Tubuhan Obat dan Khasiatnya Seri 2,Penebar Sadaya,(2002) Taksonomi Koleksi Tanaman Obat Kebun Tanaman Obat Citeureup,vol.kedua(2009),ISBN 978-979-3707-42-6. Tumbuhan Obat & Khasiatnya by Drs.H.Arief Hariana (2005),Vol.2,ISBN 979-489-957-7.",https://www.knapsackfamily.com/knapsack_core/result.php?sname=organism&word=Ruellia%20tuberosa
439,Rumex nepalensis Spreng.,Polygonaceae,,plants,medicinal,"Utami,Buku Pintar Tanaman Obat,431 jenis tanaman penggempur aneka penyakit,Redaksi AgroMedia,(2008)",https://www.knapsackfamily.com/knapsack_core/result.php?sname=organism&word=Rumex%20nepalensis
440,Ruta angustifolia,Rutaceae,,plants,medicinal,"Medicinal Plants From the East by Christophe Wiart,ISBN 978-1-904761-85-3. Herbal Indonesia Berkhasiat by Bukti Ilmiah & Cara Racik,Vol 8,ISBN 979-688-236-6.",https://www.knapsackfamily.com/knapsack_core/result.php?sname=organism&word=Ruta%20angustifolia
441,Saccharum officinarum,Poaceae,,plants,medicinal,"Medicinal Plants of the World by Ivan A.Ross,Vol.3,ISBN 978-1-58829-129-5.",https://www.knapsackfamily.com/knapsack_core/result.php?sname=organism&word=Saccharum%20officinarum
442,Salvia splendens Ker-Gawl.,Lamiaceae,,plants,medicinal,"Atlas Tumbuhan Obat by dr.Setiawan Dalimartha (2006),Vol 4,ISBN 979-1133-14-X. Tumbuhan Obat & Khasiatnya by Drs.H.Arief Hariana (2006),Vol.3,ISBN 979-002-008-2. Utami,Buku Pintar Tanaman Obat,431 jenis tanaman penggempur aneka penyakit,Redaksi AgroMedia,(2008)",https://www.knapsackfamily.com/knapsack_core/result.php?sname=organism&word=Salvia%20splendens
443,Sandoricum koetjape,Meliaceae,,plants,medicinal,"Roosita,J.Ethnopharmacol.,115,(2008),72",https://www.knapsackfamily.com/knapsack_core/result.php?sname=organism&word=Sandoricum%20koetjape
444,Santalum album,Santalaceae,Indian sandalwood | White sandalwood,plants,medicinal,"Herbal Indonesia Berkhasiat by Bukti Ilmiah & Cara Racik,Vol 8,ISBN 979-688-236-6.",https://www.knapsackfamily.com/knapsack_core/result.php?sname=organism&word=Santalum%20album
445,Sapindus rarak,Sapindaceae,,plants,medicinal,"Medicinal Plants From the East by Christophe Wiart,ISBN 978-1-904761-85-3.",https://www.knapsackfamily.com/knapsack_core/result.php?sname=organism&word=Sapindus%20rarak
446,Sauropus androgynus L.,Phyllanthaceae Euphorbiaceae,,plants,medicinal,JAMU in Indonesian Daily Life and Industry by Suwidjiyo Pramono,https://www.knapsackfamily.com/knapsack_core/result.php?sname=organism&word=Sauropus%20androgynus
447,Scaevola frutescens Krause,Goodeniaceae,,plants,medicinal,"Utami,Buku Pintar Tanaman Obat,431 jenis tanaman penggempur aneka penyakit,Redaksi AgroMedia,(2008)",https://www.knapsackfamily.com/knapsack_core/result.php?sname=organism&word=Scaevola%20frutescens
448,Scurrula fusca (BL.) G. Don.,Loranthaceae,,plants,medicinal,"Ishizu,Chem.Pharm.Bull.,50,(2002),489",https://www.knapsackfamily.com/knapsack_core/result.php?sname=organism&word=Scurrula%20fusca
449,Scutellaria discolor Wallich ex Benth.,Lamiaceae,,plants,medicinal,"de Padua et al.(1999), Plant Resources of South-East Asia 12,(1) Medicinal and poisonous plants 1, Bogor, Indonesia",https://www.knapsackfamily.com/knapsack_core/result.php?sname=organism&word=Scutellaria%20discolor
450,Scutellaria indica L.,Lamiaceae,,plants,medicinal,"de Padua et al.(1999), Plant Resources of South-East Asia 12,(1) Medicinal and poisonous plants 1, Bogor, Indonesia",https://www.knapsackfamily.com/knapsack_core/result.php?sname=organism&word=Scutellaria%20indica
451,Sechium edule,Cucurbitaceae,chayote | christophene | mirliton | vegetable pear,plants,medicinal,"Roosita,J.Ethnopharmacol.,115,(2008),72",https://www.knapsackfamily.com/knapsack_core/result.php?sname=organism&word=Sechium%20edule
452,Selaginella doederleinii Hieron.,Selaginellaceae,,plants,medicinal,"Atlas Tumbuhan Obat by dr.Setiawan Dalimartha (1999),Vol 1,ISBN 979-661-050-7. Utami,Buku Pintar Tanaman Obat,431 jenis tanaman penggempur aneka penyakit,Redaksi AgroMedia,(2008) Tumbuhan Obat & Khasiatnya by Drs.H.Arief Hariana (2004),Vol.1,ISBN 979-489-816-3.",https://www.knapsackfamily.com/knapsack_core/result.php?sname=organism&word=Selaginella%20doederleinii
453,Senna alata (L.) Roxb.,Fabaceae,,plants,medicinal,"de Padua et al.(1999), Plant Resources of South-East Asia 12,(1) Medicinal and poisonous plants 1, Bogor, Indonesia",https://www.knapsackfamily.com/knapsack_core/result.php?sname=organism&word=Senna%20alata
454,Senna sophera (L.) Roxb.,Fabaceae,,plants,medicinal,"de Padua et al.(1999), Plant Resources of South-East Asia 12,(1) Medicinal and poisonous plants 1, Bogor, Indonesia",https://www.knapsackfamily.com/knapsack_core/result.php?sname=organism&word=Senna%20sophera
455,Senna tora (L.) Roxb.,Fabaceae,,plants,medicinal,"de Padua et al.(1999), Plant Resources of South-East Asia 12,(1) Medicinal and poisonous plants 1, Bogor, Indonesia",https://www.knapsackfamily.com/knapsack_core/result.php?sname=organism&word=Senna%20tora
456,Sesamum indicum,Pedaliaceae,Sesame | Benne | Gingili,plants,medicinal,"Herbal Indonesia Berkhasiat by Bukti Ilmiah & Cara Racik,Vol 8,ISBN 979-688-236-6.",https://www.knapsackfamily.com/knapsack_core/result.php?sname=organism&word=Sesamum%20indicum
457,Sesbania grandiflora,Fabaceae,,plants(vegetable),medicinal,"Medicinal Plants From the East by Christophe Wiart,ISBN 978-1-904761-85-3.",https://www.knapsackfamily.com/knapsack_core/result.php?sname=organism&word=Sesbania%20grandiflora
458,Sesbania sesban Merr.,Fabaceae,,plants,medicinal,"Utami,Buku Pintar Tanaman Obat,431 jenis tanaman penggempur aneka penyakit,Redaksi AgroMedia,(2008)",https://www.knapsackfamily.com/knapsack_core/result.php?sname=organism&word=Sesbania%20sesban
459,Sida rhombifolia,Malvaceae,,plants,medicinal,"Roosita,J.Ethnopharmacol.,115,(2008),72 Herbal Indonesia Berkhasiat by Bukti Ilmiah & Cara Racik,Vol 8,ISBN 979-688-236-6.",https://www.knapsackfamily.com/knapsack_core/result.php?sname=organism&word=Sida%20rhombifolia
460,Smilax china L.,Liliaceae,,plants,medicinal,"Atlas Tumbuhan Obat by dr.Setiawan Dalimartha (2009),Vol 6,ISBN 978-979-1480-19-2. Utami,Buku Pintar Tanaman Obat,431 jenis tanaman penggempur aneka penyakit,Redaksi AgroMedia,(2008) de Padua et al.(1999), Plant Resources of South-East Asia 12,(1) Medicinal and poisonous plants 1, Bogor, Indonesia",https://www.knapsackfamily.com/knapsack_core/result.php?sname=organism&word=Smilax%20china
461,Smilax zeylanica L.,Liliaceae,,plants,medicinal,"de Padua et al.(1999), Plant Resources of South-East Asia 12,(1) Medicinal and poisonous plants 1, Bogor, Indonesia",https://www.knapsackfamily.com/knapsack_core/result.php?sname=organism&word=Smilax%20zeylanica
462,Solanum indicum Linn.,Solanaceae,,plants,medicinal,"Taksonomi Koleksi Tanaman Obat Kebun Tanaman Obat Citeureup,vol.kedua(2009),ISBN 978-979-3707-42-6. Tumbuhan Obat & Khasiatnya by Drs.H.Arief Hariana (2006),Vol.3,ISBN 979-002-008-2.",https://www.knapsackfamily.com/knapsack_core/result.php?sname=organism&word=Solanum%20indicum
463,Solanum lycopersicum Linn.,Solanaceae,,plants,medicinal,"Tumbuhan Obat & Khasiatnya by Drs.H.Arief Hariana (2006),Vol.3,ISBN 979-002-008-2.",https://www.knapsackfamily.com/knapsack_core/result.php?sname=organism&word=Solanum%20lycopersicum
464,Solanum melongena L.,Solanaceae,,plants,medicinal,"Taksonomi Koleksi Tanaman Obat Kebun Tanaman Obat Citeureup,vol.kedua(2009),ISBN 978-979-3707-42-6. Utami,Buku Pintar Tanaman Obat,431 jenis tanaman penggempur aneka penyakit,Redaksi AgroMedia,(2008)",https://www.knapsackfamily.com/knapsack_core/result.php?sname=organism&word=Solanum%20melongena
465,Solanum nigrum L.,Solanaceae,,plants,medicinal,"Atlas Tumbuhan Obat by dr.Setiawan Dalimartha (2008),Vol 5,ISBN 978-979-1480-18-5. Hariana,Tubuhan Obat dan Khasiatnya Seri 2,Penebar Sadaya,(2002) Utami,Buku Pintar Tanaman Obat,431 jenis tanaman penggempur aneka penyakit,Redaksi AgroMedia,(2008) de Padua et al.(1999), Plant Resources of South-East Asia 12,(1) Medicinal and poisonous plants 1, Bogor, Indonesia Taksonomi Koleksi Tanaman Obat Kebun Tanaman Obat Citeureup,vol.kedua(2009),ISBN 978-979-3707-42-6. Tumbuhan Obat & Khasiatnya by Drs.H.Arief Hariana (2005),Vol.2,ISBN 979-489-957-7.",https://www.knapsackfamily.com/knapsack_core/result.php?sname=organism&word=Solanum%20nigrum
466,Solanum torvum,Solanaceae,,plants,medicinal,"Roosita,J.Ethnopharmacol.,115,(2008),72",https://www.knapsackfamily.com/knapsack_core/result.php?sname=organism&word=Solanum%20torvum
467,Solanum tuberosum L.,Solanaceae,,plants,medicinal,"Roosita,J.Ethnopharmacol.,115,(2008),72",https://www.knapsackfamily.com/knapsack_core/result.php?sname=organism&word=Solanum%20tuberosum
468,Solidago virgaurea L.,Asteraceae,,plants,medicinal,"Taksonomi Koleksi Tanaman Obat Kebun Tanaman Obat Citeureup,vol.kedua(2009),ISBN 978-979-3707-42-6.",https://www.knapsackfamily.com/knapsack_core/result.php?sname=organism&word=Solidago%20virgaurea
469,Sonchus arvensis,Asteraceae,Field Sow-Thistles,plants,medicinal,"Roosita,J.Ethnopharmacol.,115,(2008),72 Herbal Indonesia Berkhasiat by Bukti Ilmiah & Cara Racik,Vol 8,ISBN 979-688-236-6.",https://www.knapsackfamily.com/knapsack_core/result.php?sname=organism&word=Sonchus%20arvensis
470,Sophora tomentosa,Fabaceae,,plants,medicinal,"Medicinal Plants From the East by Christophe Wiart,ISBN 978-1-904761-85-3.",https://www.knapsackfamily.com/knapsack_core/result.php?sname=organism&word=Sophora%20tomentosa
471,Spilanthes acmella L.,Asteraceae,,plants,medicinal,"Utami,Buku Pintar Tanaman Obat,431 jenis tanaman penggempur aneka penyakit,Redaksi AgroMedia,(2008)",https://www.knapsackfamily.com/knapsack_core/result.php?sname=organism&word=Spilanthes%20acmella
472,Stachytarpheta jamaicensis,Verbenaceae,,plants,medicinal,"Herbal Indonesia Berkhasiat by Bukti Ilmiah & Cara Racik,Vol 8,ISBN 979-688-236-6.",https://www.knapsackfamily.com/knapsack_core/result.php?sname=organism&word=Stachytarpheta%20jamaicensis
473,Stachytarpheta mutabilis Vahl.,Verbenaceae,,plants,medicinal,"Taksonomi Koleksi Tanaman Obat Kebun Tanaman Obat Citeureup,vol.Pertama(2008),ISBN 978-979-3707-42-6. Tanaman Obat Tradisional by Thomas A.N.S. (1989),Vol.1,ISBN 978-979-413-091-9. Utami,Buku Pintar Tanaman Obat,431 jenis tanaman penggempur aneka penyakit,Redaksi AgroMedia,(2008)",https://www.knapsackfamily.com/knapsack_core/result.php?sname=organism&word=Stachytarpheta%20mutabilis
474,Stephania japonica (Thunb.) Miers,Menispermaceae,,plants,medicinal,"de Padua et al.(1999), Plant Resources of South-East Asia 12,(1) Medicinal and poisonous plants 1, Bogor, Indonesia",https://www.knapsackfamily.com/knapsack_core/result.php?sname=organism&word=Stephania%20japonica
475,Stephania venosa (Blume) Spreng.,Menispermaceae,,plants,medicinal,"de Padua et al.(1999), Plant Resources of South-East Asia 12,(1) Medicinal and poisonous plants 1, Bogor, Indonesia",https://www.knapsackfamily.com/knapsack_core/result.php?sname=organism&word=Stephania%20venosa
476,Sterculia foetida L.,Malvaceae,,plants,medicinal,"Utami,Buku Pintar Tanaman Obat,431 jenis tanaman penggempur aneka penyakit,Redaksi AgroMedia,(2008)",https://www.knapsackfamily.com/knapsack_core/result.php?sname=organism&word=Sterculia%20foetida
477,Strobilanthes crispus,Acanthaceae,,plants,medicinal,"Herbal Indonesia Berkhasiat by Bukti Ilmiah & Cara Racik,Vol 8,ISBN 979-688-236-6.",https://www.knapsackfamily.com/knapsack_core/result.php?sname=organism&word=Strobilanthes%20crispus
478,Strychnos ignatii,Loganiaceae,,plants,medicinal,"高橋澄子,ジャムウ　インドネシアの伝統治療薬、平河出版社(1988)[Takahasi, S.,Traditional remedy of Indonesia,(1988), in Japanese]",https://www.knapsackfamily.com/knapsack_core/result.php?sname=organism&word=Strychnos%20ignatii
479,Strychnos ligustrina,Loganiaceae,,plants,medicinal,"Herbal Indonesia Berkhasiat by Bukti Ilmiah & Cara Racik,Vol 8,ISBN 979-688-236-6.",https://www.knapsackfamily.com/knapsack_core/result.php?sname=organism&word=Strychnos%20ligustrina
480,Strychnos lucida R.Br.,Loganiaceae,,plants,medicinal,"de Padua et al.(1999), Plant Resources of South-East Asia 12,(1) Medicinal and poisonous plants 1, Bogor, Indonesia 高橋澄子,ジャムウ　インドネシアの伝統治療薬、平河出版社(1988)[Takahasi, S.,Traditional remedy of Indonesia,(1988), in Japanese]",https://www.knapsackfamily.com/knapsack_core/result.php?sname=organism&word=Strychnos%20lucida
481,Strychnos nux-vomica L.,Loganiaceae,,plants,medicinal,"Takito,Medicinal plant,3rd edition (in JPN),Hirokawa Publishing CO.,(2007)",https://www.knapsackfamily.com/knapsack_core/result.php?sname=organism&word=Strychnos%20nux-vomica
482,Styphnolobium japonicum (L.) Schott,Fabaceae,,plants,medicinal,"de Padua et al.(1999), Plant Resources of South-East Asia 12,(1) Medicinal and poisonous plants 1, Bogor, Indonesia",https://www.knapsackfamily.com/knapsack_core/result.php?sname=organism&word=Styphnolobium%20japonicum
483,Styrax benzoin Dryand.,Styracaceae,,plants,medicinal,"Takito,Medicinal plant,3rd edition (in JPN),Hirokawa Publishing CO.,(2007)",https://www.knapsackfamily.com/knapsack_core/result.php?sname=organism&word=Styrax%20benzoin
484,Swietenia mahagoni Jacq.,Meliaceae,,plants,medicinal,"Hariana,Tubuhan Obat dan Khasiatnya Seri 2,Penebar Sadaya,(2002) Utami,Buku Pintar Tanaman Obat,431 jenis tanaman penggempur aneka penyakit,Redaksi AgroMedia,(2008) Atlas Tumbuhan Obat by dr.Setiawan Dalimartha (2000),Vol 2,ISBN 979-661-065-5. Tumbuhan Obat & Khasiatnya by Drs.H.Arief Hariana (2005),Vol.2,ISBN 979-489-957-7.",https://www.knapsackfamily.com/knapsack_core/result.php?sname=organism&word=Swietenia%20mahagoni
485,Symphytum officinale,Boraginaceae,Comfrey | Knitbone,plants(coffee substitute),medicinal,"Herbal Indonesia Berkhasiat by Bukti Ilmiah & Cara Racik,Vol 8,ISBN 979-688-236-6.",https://www.knapsackfamily.com/knapsack_core/result.php?sname=organism&word=Symphytum%20officinale
486,Syzygium aromatica,Myrtaceae,,plants,medicinal,"高橋澄子,ジャムウ　インドネシアの伝統治療薬、平河出版社(1988)[Takahasi, S.,Traditional remedy of Indonesia,(1988), in Japanese]",https://www.knapsackfamily.com/knapsack_core/result.php?sname=organism&word=Syzygium%20aromatica
487,Syzygium aromaticum,Myrtaceae,Clove,plants(spice),medicinal,"Herbal Indonesia Berkhasiat by Bukti Ilmiah & Cara Racik,Vol 8,ISBN 979-688-236-6.",https://www.knapsackfamily.com/knapsack_core/result.php?sname=organism&word=Syzygium%20aromaticum
488,Syzygium cumini,Myrtaceae,,plants,medicinal,"Herbal Indonesia Berkhasiat by Bukti Ilmiah & Cara Racik,Vol 8,ISBN 979-688-236-6.",https://www.knapsackfamily.com/knapsack_core/result.php?sname=organism&word=Syzygium%20cumini
489,Tabernaemontana corymbosa Roxb.,Apocynaceae,,plants,medicinal,"Utami,Buku Pintar Tanaman Obat,431 jenis tanaman penggempur aneka penyakit,Redaksi AgroMedia,(2008)",https://www.knapsackfamily.com/knapsack_core/result.php?sname=organism&word=Tabernaemontana%20corymbosa
490,Tabernaemontana divaricata (L.) R.Br.ex Roem.& Schult,Apocynaceae,,plants,medicinal,"Taksonomi Koleksi Tanaman Obat Kebun Tanaman Obat Citeureup,vol.Pertama(2008),ISBN 978-979-3707-42-6.",https://www.knapsackfamily.com/knapsack_core/result.php?sname=organism&word=Tabernaemontana%20divaricata
491,Tabernaemontana sphaerocarpa Bl.,Apocynaceae,,plants,medicinal,"Utami,Buku Pintar Tanaman Obat,431 jenis tanaman penggempur aneka penyakit,Redaksi AgroMedia,(2008)",https://www.knapsackfamily.com/knapsack_core/result.php?sname=organism&word=Tabernaemontana%20sphaerocarpa
492,Tagetes erecta Linn.,Asteraceae,,plants,medicinal,"Atlas Tumbuhan Obat by dr.Setiawan Dalimartha (2003),Vol 3,ISBN 979-3235-73-X. Tumbuhan Obat & Khasiatnya by Drs.H.Arief Hariana (2006),Vol.3,ISBN 979-002-008-2.",https://www.knapsackfamily.com/knapsack_core/result.php?sname=organism&word=Tagetes%20erecta
493,Talinum paniculatum,Portulacaceae Talinaceae,,plants,medicinal,"Herbal Indonesia Berkhasiat by Bukti Ilmiah & Cara Racik,Vol 8,ISBN 979-688-236-6. Utami,Buku Pintar Tanaman Obat,431 jenis tanaman penggempur aneka penyakit,Redaksi AgroMedia,(2008)",https://www.knapsackfamily.com/knapsack_core/result.php?sname=organism&word=Talinum%20paniculatum
494,Talinum triangulare (Jacq.) Willd.,Portulacaceae Talinaceae,,plants,medicinal,"Hariana,Tubuhan Obat dan Khasiatnya Seri 2,Penebar Sadaya,(2002) Utami,Buku Pintar Tanaman Obat,431 jenis tanaman penggempur aneka penyakit,Redaksi AgroMedia,(2008) Tumbuhan Obat & Khasiatnya by Drs.H.Arief Hariana (2005),Vol.2,ISBN 979-489-957-7.",https://www.knapsackfamily.com/knapsack_core/result.php?sname=organism&word=Talinum%20triangulare
495,Tamarindus indica,Fabaceae,,plants(vegetable),medicinal,"Herbal Indonesia Berkhasiat by Bukti Ilmiah & Cara Racik,Vol 8,ISBN 979-688-236-6.",https://www.knapsackfamily.com/knapsack_core/result.php?sname=organism&word=Tamarindus%20indica
496,Taraxacum mongolicum Hand.-Mazz.,Asteraceae,,plants,medicinal,"Tumbuhan Obat & Khasiatnya by Drs.H.Arief Hariana (2004),Vol.1,ISBN 979-489-816-3.",https://www.knapsackfamily.com/knapsack_core/result.php?sname=organism&word=Taraxacum%20mongolicum
497,Taraxacum officinale,Asteraceae,Dandelion | Common Dandelion,plants,medicinal,"Herbal Indonesia Berkhasiat by Bukti Ilmiah & Cara Racik,Vol 8,ISBN 979-688-236-6.",https://www.knapsackfamily.com/knapsack_core/result.php?sname=organism&word=Taraxacum%20officinale
498,Taxus sumatrana,Taxaceae,,plants,medicinal,"Shibuya,Yakugaku Zasshi,116,(1996),911",https://www.knapsackfamily.com/knapsack_core/result.php?sname=organism&word=Taxus%20sumatrana
499,Tectona grandis L.,Verbenaceae Lamiaceae,,plants,medicinal,"Taksonomi Koleksi Tanaman Obat Kebun Tanaman Obat Citeureup,vol.kedua(2009),ISBN 978-979-3707-42-6.",https://www.knapsackfamily.com/knapsack_core/result.php?sname=organism&word=Tectona%20grandis
500,Terminalia bellirica,Combretaceae,,plants,medicinal,"Medicinal Plants From the East by Christophe Wiart,ISBN 978-1-904761-85-3.",https://www.knapsackfamily.com/knapsack_core/result.php?sname=organism&word=Terminalia%20bellirica
501,Terminalia catappa L.,Combretaceae,,plants,medicinal,"Utami,Buku Pintar Tanaman Obat,431 jenis tanaman penggempur aneka penyakit,Redaksi AgroMedia,(2008)",https://www.knapsackfamily.com/knapsack_core/result.php?sname=organism&word=Terminalia%20catappa
502,Thea sinensis L.,Theaceae,,plants,medicinal,"Ohashi,Chem.Pharm.Bull.,51,(2003),343",https://www.knapsackfamily.com/knapsack_core/result.php?sname=organism&word=Thea%20sinensis
503,Thevetia peruviana (pers.) K.Schum.,Apocynaceae,,plants,medicinal,"Atlas Tumbuhan Obat by dr.Setiawan Dalimartha (2008),Vol 5,ISBN 978-979-1480-18-5. Taksonomi Koleksi Tanaman Obat Kebun Tanaman Obat Citeureup,vol.kedua(2009),ISBN 978-979-3707-42-6. Tumbuhan Obat & Khasiatnya by Drs.H.Arief Hariana (2004),Vol.1,ISBN 979-489-816-3.",https://www.knapsackfamily.com/knapsack_core/result.php?sname=organism&word=Thevetia%20peruviana
504,Thymus vulgaris L.,Lamiaceae,,plants,medicinal,JAMU in Indonesian Daily Life and Industry by Suwidjiyo Pramono,https://www.knapsackfamily.com/knapsack_core/result.php?sname=organism&word=Thymus%20vulgaris
505,Tinospora crispa,Menispermaceae,,plants,medicinal,"Herbal Indonesia Berkhasiat by Bukti Ilmiah & Cara Racik,Vol 8,ISBN 979-688-236-6.",https://www.knapsackfamily.com/knapsack_core/result.php?sname=organism&word=Tinospora%20crispa
506,Tinospora glabra (Brum.f.) Merr.,Menispermaceae,,plants,medicinal,"de Padua et al.(1999), Plant Resources of South-East Asia 12,(1) Medicinal and poisonous plants 1, Bogor, Indonesia",https://www.knapsackfamily.com/knapsack_core/result.php?sname=organism&word=Tinospora%20glabra
507,Tinospora tuberculata,Menispermaceae,,plants,medicinal,"Roosita,J.Ethnopharmacol.,115,(2008),72",https://www.knapsackfamily.com/knapsack_core/result.php?sname=organism&word=Tinospora%20tuberculata
508,Trema orientalis Bl.,Cannabaceae,,plants,medicinal,"Tumbuhan Obat & Khasiatnya by Drs.H.Arief Hariana (2004),Vol.1,ISBN 979-489-816-3.",https://www.knapsackfamily.com/knapsack_core/result.php?sname=organism&word=Trema%20orientalis
509,Trichosanthes tricuspidata Lour.,Cucurbitaceae,,plants,medicinal,"de Padua et al.(1999), Plant Resources of South-East Asia 12,(1) Medicinal and poisonous plants 1, Bogor, Indonesia",https://www.knapsackfamily.com/knapsack_core/result.php?sname=organism&word=Trichosanthes%20tricuspidata
510,Tridax procumbens,Asteraceae,,plants,medicinal,"Herbal Indonesia Berkhasiat by Bukti Ilmiah & Cara Racik,Vol 8,ISBN 979-688-236-6.",https://www.knapsackfamily.com/knapsack_core/result.php?sname=organism&word=Tridax%20procumbens
511,Trigonella foenum-graecum L.,Fabaceae,,plants,medicinal,"Utami,Buku Pintar Tanaman Obat,431 jenis tanaman penggempur aneka penyakit,Redaksi AgroMedia,(2008)",https://www.knapsackfamily.com/knapsack_core/result.php?sname=organism&word=Trigonella%20foenum-graecum
512,Triphasia trifolia,Rutaceae,,plants,medicinal,"高橋澄子,ジャムウ　インドネシアの伝統治療薬、平河出版社(1988)[Takahasi, S.,Traditional remedy of Indonesia,(1988), in Japanese]",https://www.knapsackfamily.com/knapsack_core/result.php?sname=organism&word=Triphasia%20trifolia
513,Turnera ulmifolia L.,Passifloraceae,,plants,medicinal,"Atlas Tumbuhan Obat by dr.Setiawan Dalimartha (2003),Vol 3,ISBN 979-3235-73-X. Utami,Buku Pintar Tanaman Obat,431 jenis tanaman penggempur aneka penyakit,Redaksi AgroMedia,(2008)",https://www.knapsackfamily.com/knapsack_core/result.php?sname=organism&word=Turnera%20ulmifolia
514,Uncaria ferrea,Rubiaceae,,plants,medicinal,"Medicinal Plants From the East by Christophe Wiart,ISBN 978-1-904761-85-3.",https://www.knapsackfamily.com/knapsack_core/result.php?sname=organism&word=Uncaria%20ferrea
515,Uncaria gambir,Rubiaceae,,plants,medicinal,"Herbal Indonesia Berkhasiat by Bukti Ilmiah & Cara Racik,Vol 8,ISBN 979-688-236-6. Medicinal Plants From the East by Christophe Wiart,ISBN 978-1-904761-85-3.",https://www.knapsackfamily.com/knapsack_core/result.php?sname=organism&word=Uncaria%20gambir
516,Urena lobata L.,Malvaceae,,plants,medicinal,"Atlas Tumbuhan Obat by dr.Setiawan Dalimartha (2008),Vol 5,ISBN 978-979-1480-18-5. Hariana,Tubuhan Obat dan Khasiatnya Seri 2,Penebar Sadaya,(2002) Utami,Buku Pintar Tanaman Obat,431 jenis tanaman penggempur aneka penyakit,Redaksi AgroMedia,(2008) Tumbuhan Obat & Khasiatnya by Drs.H.Arief Hariana (2005),Vol.2,ISBN 979-489-957-7.",https://www.knapsackfamily.com/knapsack_core/result.php?sname=organism&word=Urena%20lobata
517,Valeriana officinalis L.,Caprifoliaceae,Valerian,plants,medicinal,"Hariana,Tubuhan Obat dan Khasiatnya Seri 2,Penebar Sadaya,(2002) Utami,Buku Pintar Tanaman Obat,431 jenis tanaman penggempur aneka penyakit,Redaksi AgroMedia,(2008) JAMU in Indonesian Daily Life and Industry by Suwidjiyo Pramono Tumbuhan Obat & Khasiatnya by Drs.H.Arief Hariana (2005),Vol.2,ISBN 979-489-957-7.",https://www.knapsackfamily.com/knapsack_core/result.php?sname=organism&word=Valeriana%20officinalis
518,Vanilla planifolia Andrews,Orchidaceae,,plants,medicinal,"Hariana,Tubuhan Obat dan Khasiatnya Seri 2,Penebar Sadaya,(2002) Utami,Buku Pintar Tanaman Obat,431 jenis tanaman penggempur aneka penyakit,Redaksi AgroMedia,(2008) Tumbuhan Obat & Khasiatnya by Drs.H.Arief Hariana (2005),Vol.2,ISBN 979-489-957-7.",https://www.knapsackfamily.com/knapsack_core/result.php?sname=organism&word=Vanilla%20planifolia
519,Vernonia cinerea L.,Asteraceae,,plants,medicinal,"Utami,Buku Pintar Tanaman Obat,431 jenis tanaman penggempur aneka penyakit,Redaksi AgroMedia,(2008) de Padua et al.(1999), Plant Resources of South-East Asia 12,(1) Medicinal and poisonous plants 1, Bogor, Indonesia",https://www.knapsackfamily.com/knapsack_core/result.php?sname=organism&word=Vernonia%20cinerea
520,Vetiveria zizanioides,Poaceae,Vetiver | khus khus | Cuscus,"plants(flavouring,)",medicinal,"Herbal Indonesia Berkhasiat by Bukti Ilmiah & Cara Racik,Vol 8,ISBN 979-688-236-6.",https://www.knapsackfamily.com/knapsack_core/result.php?sname=organism&word=Vetiveria%20zizanioides
521,Vigna radiata,Fabaceae,Mung bean,plants,medicinal,"Roosita,J.Ethnopharmacol.,115,(2008),72",https://www.knapsackfamily.com/knapsack_core/result.php?sname=organism&word=Vigna%20radiata
522,Vinca rosea Linn.,Apocynaceae,,plants,medicinal,"Tanaman Obat Tradisional by Thomas A.N.S. (1989),Vol.1,ISBN 978-979-413-091-9.",https://www.knapsackfamily.com/knapsack_core/result.php?sname=organism&word=Vinca%20rosea
523,Viola odorata,Violaceae,Violet | Sweet violet,plants,medicinal,"Herbal Indonesia Berkhasiat by Bukti Ilmiah & Cara Racik,Vol 8,ISBN 979-688-236-6.",https://www.knapsackfamily.com/knapsack_core/result.php?sname=organism&word=Viola%20odorata
524,Vitex negundo L.,Lamiaceae,,plants,medicinal,"de Padua et al.(1999), Plant Resources of South-East Asia 12,(1) Medicinal and poisonous plants 1, Bogor, Indonesia",https://www.knapsackfamily.com/knapsack_core/result.php?sname=organism&word=Vitex%20negundo
525,Vitex trifolia,Lamiaceae,,plants,medicinal,"Herbal Indonesia Berkhasiat by Bukti Ilmiah & Cara Racik,Vol 8,ISBN 979-688-236-6.",https://www.knapsackfamily.com/knapsack_core/result.php?sname=organism&word=Vitex%20trifolia
526,Volvariella volvacea,Pluteaceae,,mushrooms,medicinal,"Utami,Buku Pintar Tanaman Obat,431 jenis tanaman penggempur aneka penyakit,Redaksi AgroMedia,(2008)",https://www.knapsackfamily.com/knapsack_core/result.php?sname=organism&word=Volvariella%20volvacea
527,Woodfordia fruticosa Kurz.,Lythraceae,,plants,medicinal,"Joshi, S.G.,Medicinal Plants,Mohan Primlani for Oxfor & IBH Publishing Co.Pvt.Ltd.,New Delhi (2003) 高橋澄子,ジャムウ　インドネシアの伝統治療薬、平河出版社(1988)[Takahasi, S.,Traditional remedy of Indonesia,(1988), in Japanese] Okuda,Phytochem.,66,(2005),2012",https://www.knapsackfamily.com/knapsack_core/result.php?sname=organism&word=Woodfordia%20fruticosa
528,Ximenia americana L.,Olacaceae,,plants,medicinal,"Utami,Buku Pintar Tanaman Obat,431 jenis tanaman penggempur aneka penyakit,Redaksi AgroMedia,(2008)",https://www.knapsackfamily.com/knapsack_core/result.php?sname=organism&word=Ximenia%20americana
529,Zea mays L.,Poaceae,,plants,medicinal,"Roosita,J.Ethnopharmacol.,115,(2008),72",https://www.knapsackfamily.com/knapsack_core/result.php?sname=organism&word=Zea%20mays
530,Zephyranthes candida Herb.,Amaryllidaceae,,plants,medicinal,"Hariana,Tubuhan Obat dan Khasiatnya Seri 2,Penebar Sadaya,(2002) Utami,Buku Pintar Tanaman Obat,431 jenis tanaman penggempur aneka penyakit,Redaksi AgroMedia,(2008) Tumbuhan Obat & Khasiatnya by Drs.H.Arief Hariana (2005),Vol.2,ISBN 979-489-957-7.",https://www.knapsackfamily.com/knapsack_core/result.php?sname=organism&word=Zephyranthes%20candida
531,Zingiber aromaticum,Zingiberaceae,,plants,medicinal,"Roosita,J.Ethnopharmacol.,115,(2008),72",https://www.knapsackfamily.com/knapsack_core/result.php?sname=organism&word=Zingiber%20aromaticum
532,Zingiber cassumunar,Zingiberaceae,,plants(condiment),medicinal,"Roosita,J.Ethnopharmacol.,115,(2008),72 Herbal Indonesia Berkhasiat by Bukti Ilmiah & Cara Racik,Vol 8,ISBN 979-688-236-6.",https://www.knapsackfamily.com/knapsack_core/result.php?sname=organism&word=Zingiber%20cassumunar
533,Zingiber officinale,Zingiberaceae,Ginger,plants,medicinal,"Medicinal Plants of the World by Ivan A.Ross,Vol.3,ISBN 978-1-58829-129-5. Roosita,J.Ethnopharmacol.,115,(2008),72",https://www.knapsackfamily.com/knapsack_core/result.php?sname=organism&word=Zingiber%20officinale
534,Zingiber zerumbet,Zingiberaceae,,"plants(vegetable,flavouring)",medicinal,"Cox,Island,Plants,and Polynesians:An Introduction to polynesian Ethnobotany,(1991)",https://www.knapsackfamily.com/knapsack_core/result.php?sname=organism&word=Zingiber%20zerumbet
535,Zinnia elegans Jacq.,Asteraceae,,plants,medicinal,"Atlas Tumbuhan Obat by dr.Setiawan Dalimartha (2006),Vol 4,ISBN 979-1133-14-X. Utami,Buku Pintar Tanaman Obat,431 jenis tanaman penggempur aneka penyakit,Redaksi AgroMedia,(2008)",https://www.knapsackfamily.com/knapsack_core/result.php?sname=organism&word=Zinnia%20elegans
